ISO-10303-21;
HEADER;
FILE_DESCRIPTION(('FreeCAD Model'),'2;1');
FILE_NAME('Open CASCADE Shape Model','2026-05-24T12:55:19',(''),(''),
  'Open CASCADE STEP processor 7.8','FreeCAD','Unknown');
FILE_SCHEMA(('AUTOMOTIVE_DESIGN { 1 0 10303 214 1 1 1 1 }'));
ENDSEC;
DATA;
#1 = APPLICATION_PROTOCOL_DEFINITION('international standard',
  'automotive_design',2000,#2);
#2 = APPLICATION_CONTEXT(
  'core data for automotive mechanical design processes');
#3 = SHAPE_DEFINITION_REPRESENTATION(#4,#10);
#4 = PRODUCT_DEFINITION_SHAPE('','',#5);
#5 = PRODUCT_DEFINITION('design','',#6,#9);
#6 = PRODUCT_DEFINITION_FORMATION('','',#7);
#7 = PRODUCT('Plastic001','Plastic001','',(#8));
#8 = PRODUCT_CONTEXT('',#2,'mechanical');
#9 = PRODUCT_DEFINITION_CONTEXT('part definition',#2,'design');
#10 = ADVANCED_BREP_SHAPE_REPRESENTATION('',(#11,#15),#7550);
#11 = AXIS2_PLACEMENT_3D('',#12,#13,#14);
#12 = CARTESIAN_POINT('',(0.,0.,0.));
#13 = DIRECTION('',(0.,0.,1.));
#14 = DIRECTION('',(1.,0.,-0.));
#15 = MANIFOLD_SOLID_BREP('',#16);
#16 = CLOSED_SHELL('',(#17,#93,#694,#753,#2169,#2249,#2301,#2328,#2377,
    #2480,#2624,#3119,#3274,#3380,#3498,#3642,#3741,#3768,#3802,#3829,
    #3836,#3885,#3934,#3961,#4226,#4275,#4324,#4351,#4400,#4449,#4549,
    #4598,#4647,#4863,#4912,#4961,#4988,#5037,#5086,#5113,#5140,#5147,
    #5154,#5183,#5210,#5237,#5264,#5291,#5298,#5348,#5398,#5452,#5502,
    #5556,#5583,#5610,#5664,#5723,#5733,#5804,#5863,#5917,#5954,#6031,
    #6080,#6134,#6167,#6198,#6247,#6333,#6359,#6408,#6418,#6428,#6438,
    #6556,#6583,#6632,#6703,#6713,#6723,#6770,#6868,#6961,#6988,#7106,
    #7111,#7138,#7143,#7148,#7175,#7180,#7187,#7244,#7251,#7258,#7339,
    #7388,#7508,#7536,#7543));
#17 = ADVANCED_FACE('',(#18,#58),#31,.F.);
#18 = FACE_BOUND('',#19,.T.);
#19 = EDGE_LOOP('',(#20));
#20 = ORIENTED_EDGE('',*,*,#21,.T.);
#21 = EDGE_CURVE('',#22,#22,#24,.T.);
#22 = VERTEX_POINT('',#23);
#23 = CARTESIAN_POINT('',(-20.925,1.733185587597E-13,72.));
#24 = SURFACE_CURVE('',#25,(#30,#46),.PCURVE_S1.);
#25 = CIRCLE('',#26,20.925000000002);
#26 = AXIS2_PLACEMENT_3D('',#27,#28,#29);
#27 = CARTESIAN_POINT('',(-4.716255293062E-13,-2.39780288865E-14,
    72.000000000001));
#28 = DIRECTION('',(3.351115123126E-16,6.548271240363E-15,1.));
#29 = DIRECTION('',(-1.,5.104981308351E-15,3.351115123126E-16));
#30 = PCURVE('',#31,#36);
#31 = PLANE('',#32);
#32 = AXIS2_PLACEMENT_3D('',#33,#34,#35);
#33 = CARTESIAN_POINT('',(-5.355743755246E-13,-8.792687510491E-14,
    72.000000000001));
#34 = DIRECTION('',(7.436449660064E-15,1.223289932013E-15,-1.));
#35 = DIRECTION('',(1.,-5.993159728051E-15,-1.223289932013E-15));
#36 = DEFINITIONAL_REPRESENTATION('',(#37),#45);
#37 = ( BOUNDED_CURVE() B_SPLINE_CURVE(2,(#38,#39,#40,#41,#42,#43,#44),
.UNSPECIFIED.,.T.,.F.) B_SPLINE_CURVE_WITH_KNOTS((1,2,2,2,2,1),(
    -2.094395102393,0.,2.094395102393,4.188790204786,6.28318530718,
8.377580409573),.UNSPECIFIED.) CURVE() GEOMETRIC_REPRESENTATION_ITEM() 
RATIONAL_B_SPLINE_CURVE((1.,0.5,1.,0.5,1.,0.5,1.)) REPRESENTATION_ITEM(
  '') );
#38 = CARTESIAN_POINT('',(-20.925,-1.208033673095E-13));
#39 = CARTESIAN_POINT('',(-20.925,36.243163148382));
#40 = CARTESIAN_POINT('',(10.462500000001,18.121581574191));
#41 = CARTESIAN_POINT('',(41.850000000004,2.467318814734E-13));
#42 = CARTESIAN_POINT('',(10.462500000001,-18.12158157419));
#43 = CARTESIAN_POINT('',(-20.925,-36.24316314838));
#44 = CARTESIAN_POINT('',(-20.925,-1.208033673095E-13));
#45 = ( GEOMETRIC_REPRESENTATION_CONTEXT(2) 
PARAMETRIC_REPRESENTATION_CONTEXT() REPRESENTATION_CONTEXT('2D SPACE',''
  ) );
#46 = PCURVE('',#47,#52);
#47 = CYLINDRICAL_SURFACE('',#48,20.925000000002);
#48 = AXIS2_PLACEMENT_3D('',#49,#50,#51);
#49 = CARTESIAN_POINT('',(-1.768633234898E-13,-8.988010832439E-15,27.));
#50 = DIRECTION('',(-6.548271240363E-15,-3.351115123126E-16,1.));
#51 = DIRECTION('',(-1.,5.104981308351E-15,3.351115123126E-16));
#52 = DEFINITIONAL_REPRESENTATION('',(#53),#57);
#53 = LINE('',#54,#55);
#54 = CARTESIAN_POINT('',(0.,45.));
#55 = VECTOR('',#56,1.);
#56 = DIRECTION('',(1.,0.));
#57 = ( GEOMETRIC_REPRESENTATION_CONTEXT(2) 
PARAMETRIC_REPRESENTATION_CONTEXT() REPRESENTATION_CONTEXT('2D SPACE',''
  ) );
#58 = FACE_BOUND('',#59,.T.);
#59 = EDGE_LOOP('',(#60));
#60 = ORIENTED_EDGE('',*,*,#61,.F.);
#61 = EDGE_CURVE('',#62,#62,#64,.T.);
#62 = VERTEX_POINT('',#63);
#63 = CARTESIAN_POINT('',(-12.925,1.412259198474E-13,72.));
#64 = SURFACE_CURVE('',#65,(#70,#81),.PCURVE_S1.);
#65 = CIRCLE('',#66,12.925);
#66 = AXIS2_PLACEMENT_3D('',#67,#68,#69);
#67 = CARTESIAN_POINT('',(-5.355743755246E-13,-8.792687510491E-14,
    72.000000000001));
#68 = DIRECTION('',(1.223289932013E-15,7.436449660064E-15,1.));
#69 = DIRECTION('',(-1.,5.993159728051E-15,1.223289932013E-15));
#70 = PCURVE('',#31,#71);
#71 = DEFINITIONAL_REPRESENTATION('',(#72),#80);
#72 = ( BOUNDED_CURVE() B_SPLINE_CURVE(2,(#73,#74,#75,#76,#77,#78,#79),
.UNSPECIFIED.,.T.,.F.) B_SPLINE_CURVE_WITH_KNOTS((1,2,2,2,2,1),(
    -2.094395102393,0.,2.094395102393,4.188790204786,6.28318530718,
8.377580409573),.UNSPECIFIED.) CURVE() GEOMETRIC_REPRESENTATION_ITEM() 
RATIONAL_B_SPLINE_CURVE((1.,0.5,1.,0.5,1.,0.5,1.)) REPRESENTATION_ITEM(
  '') );
#73 = CARTESIAN_POINT('',(-12.925,-7.461808948506E-14));
#74 = CARTESIAN_POINT('',(-12.925,22.386756687828));
#75 = CARTESIAN_POINT('',(6.4625,11.193378343914));
#76 = CARTESIAN_POINT('',(25.85,1.524018909459E-13));
#77 = CARTESIAN_POINT('',(6.4625,-11.19337834391));
#78 = CARTESIAN_POINT('',(-12.925,-22.38675668782));
#79 = CARTESIAN_POINT('',(-12.925,-7.461808948506E-14));
#80 = ( GEOMETRIC_REPRESENTATION_CONTEXT(2) 
PARAMETRIC_REPRESENTATION_CONTEXT() REPRESENTATION_CONTEXT('2D SPACE',''
  ) );
#81 = PCURVE('',#82,#87);
#82 = CYLINDRICAL_SURFACE('',#83,12.925);
#83 = AXIS2_PLACEMENT_3D('',#84,#85,#86);
#84 = CARTESIAN_POINT('',(-4.983821272243E-13,-8.182042544485E-14,
    67.000000000001));
#85 = DIRECTION('',(-7.436449660064E-15,-1.223289932013E-15,1.));
#86 = DIRECTION('',(-1.,5.993159728051E-15,1.223289932013E-15));
#87 = DEFINITIONAL_REPRESENTATION('',(#88),#92);
#88 = LINE('',#89,#90);
#89 = CARTESIAN_POINT('',(0.,5.));
#90 = VECTOR('',#91,1.);
#91 = DIRECTION('',(1.,0.));
#92 = ( GEOMETRIC_REPRESENTATION_CONTEXT(2) 
PARAMETRIC_REPRESENTATION_CONTEXT() REPRESENTATION_CONTEXT('2D SPACE',''
  ) );
#93 = ADVANCED_FACE('',(#94),#47,.T.);
#94 = FACE_BOUND('',#95,.T.);
#95 = EDGE_LOOP('',(#96,#131,#159,#188,#212,#238,#258,#259,#260,#289,
    #317,#346,#374,#398,#426,#455,#483,#511,#539,#567,#596,#620,#644,
    #668));
#96 = ORIENTED_EDGE('',*,*,#97,.T.);
#97 = EDGE_CURVE('',#98,#100,#102,.T.);
#98 = VERTEX_POINT('',#99);
#99 = CARTESIAN_POINT('',(-8.999999999999,18.890622673699,
    1.919315419134E-13));
#100 = VERTEX_POINT('',#101);
#101 = CARTESIAN_POINT('',(-14.58957247489,14.999999999999,
    1.510487353338E-13));
#102 = SURFACE_CURVE('',#103,(#108,#115),.PCURVE_S1.);
#103 = CIRCLE('',#104,20.925000000002);
#104 = AXIS2_PLACEMENT_3D('',#105,#106,#107);
#105 = CARTESIAN_POINT('',(-2.942646126769E-29,-2.581268532253E-30,
    4.65E-15));
#106 = DIRECTION('',(2.251115123126E-16,6.658271240363E-15,1.));
#107 = DIRECTION('',(1.998401444325E-15,-1.,6.658271240363E-15));
#108 = PCURVE('',#47,#109);
#109 = DEFINITIONAL_REPRESENTATION('',(#110),#114);
#110 = LINE('',#111,#112);
#111 = CARTESIAN_POINT('',(1.570796326795,-27.));
#112 = VECTOR('',#113,1.);
#113 = DIRECTION('',(1.,1.017777498068E-14));
#114 = ( GEOMETRIC_REPRESENTATION_CONTEXT(2) 
PARAMETRIC_REPRESENTATION_CONTEXT() REPRESENTATION_CONTEXT('2D SPACE',''
  ) );
#115 = PCURVE('',#116,#121);
#116 = PLANE('',#117);
#117 = AXIS2_PLACEMENT_3D('',#118,#119,#120);
#118 = CARTESIAN_POINT('',(1.015212567776E-13,-114.3452769106,
    5.267424504801E-13));
#119 = DIRECTION('',(2.203314080747E-15,-1.559410979065E-15,-1.));
#120 = DIRECTION('',(4.440892098501E-16,-1.,2.891678608615E-15));
#121 = DEFINITIONAL_REPRESENTATION('',(#122),#130);
#122 = ( BOUNDED_CURVE() B_SPLINE_CURVE(2,(#123,#124,#125,#126,#127,#128
,#129),.UNSPECIFIED.,.T.,.F.) B_SPLINE_CURVE_WITH_KNOTS((1,2,2,2,2,1),(
    -2.094395102393,0.,2.094395102393,4.188790204786,6.28318530718,
8.377580409573),.UNSPECIFIED.) CURVE() GEOMETRIC_REPRESENTATION_ITEM() 
RATIONAL_B_SPLINE_CURVE((1.,0.5,1.,0.5,1.,0.5,1.)) REPRESENTATION_ITEM(
  '') );
#123 = CARTESIAN_POINT('',(-93.42027691064,1.011916435123E-13));
#124 = CARTESIAN_POINT('',(-93.42027691064,-36.24316314838));
#125 = CARTESIAN_POINT('',(-124.8077769106,-18.12158157419));
#126 = CARTESIAN_POINT('',(-156.1952769106,2.493938474737E-13));
#127 = CARTESIAN_POINT('',(-124.8077769106,18.121581574191));
#128 = CARTESIAN_POINT('',(-93.42027691064,36.243163148382));
#129 = CARTESIAN_POINT('',(-93.42027691064,1.011916435123E-13));
#130 = ( GEOMETRIC_REPRESENTATION_CONTEXT(2) 
PARAMETRIC_REPRESENTATION_CONTEXT() REPRESENTATION_CONTEXT('2D SPACE',''
  ) );
#131 = ORIENTED_EDGE('',*,*,#132,.T.);
#132 = EDGE_CURVE('',#100,#133,#135,.T.);
#133 = VERTEX_POINT('',#134);
#134 = CARTESIAN_POINT('',(-14.58957247489,14.999999999999,5.));
#135 = SURFACE_CURVE('',#136,(#140,#147),.PCURVE_S1.);
#136 = LINE('',#137,#138);
#137 = CARTESIAN_POINT('',(-14.58957247489,14.999999999999,
    1.504108028101E-13));
#138 = VECTOR('',#139,1.);
#139 = DIRECTION('',(-1.000079590545E-15,-1.110223024625E-15,1.));
#140 = PCURVE('',#47,#141);
#141 = DEFINITIONAL_REPRESENTATION('',(#142),#146);
#142 = LINE('',#143,#144);
#143 = CARTESIAN_POINT('',(5.483917352085,-27.));
#144 = VECTOR('',#145,1.);
#145 = DIRECTION('',(0.,1.));
#146 = ( GEOMETRIC_REPRESENTATION_CONTEXT(2) 
PARAMETRIC_REPRESENTATION_CONTEXT() REPRESENTATION_CONTEXT('2D SPACE',''
  ) );
#147 = PCURVE('',#148,#153);
#148 = PLANE('',#149);
#149 = AXIS2_PLACEMENT_3D('',#150,#151,#152);
#150 = CARTESIAN_POINT('',(-27.29478623744,15.,2.5));
#151 = DIRECTION('',(1.805944770925E-14,1.,-3.330669073875E-15));
#152 = DIRECTION('',(1.,-2.20562505979E-14,-3.330669073875E-16));
#153 = DEFINITIONAL_REPRESENTATION('',(#154),#158);
#154 = LINE('',#155,#156);
#155 = CARTESIAN_POINT('',(12.705213762554,2.5));
#156 = VECTOR('',#157,1.);
#157 = DIRECTION('',(-8.788683826485E-19,-1.));
#158 = ( GEOMETRIC_REPRESENTATION_CONTEXT(2) 
PARAMETRIC_REPRESENTATION_CONTEXT() REPRESENTATION_CONTEXT('2D SPACE',''
  ) );
#159 = ORIENTED_EDGE('',*,*,#160,.T.);
#160 = EDGE_CURVE('',#133,#161,#163,.T.);
#161 = VERTEX_POINT('',#162);
#162 = CARTESIAN_POINT('',(-20.,6.152692500043,5.));
#163 = SURFACE_CURVE('',#164,(#169,#176),.PCURVE_S1.);
#164 = CIRCLE('',#165,20.925000000002);
#165 = AXIS2_PLACEMENT_3D('',#166,#167,#168);
#166 = CARTESIAN_POINT('',(2.771163219649E-15,-2.13162820728E-14,5.));
#167 = DIRECTION('',(3.21876790303E-15,3.996802888651E-15,1.));
#168 = DIRECTION('',(-1.221245327088E-15,1.,-3.996802888651E-15));
#169 = PCURVE('',#47,#170);
#170 = DEFINITIONAL_REPRESENTATION('',(#171),#175);
#171 = LINE('',#172,#173);
#172 = CARTESIAN_POINT('',(4.712388980385,-22.));
#173 = VECTOR('',#174,1.);
#174 = DIRECTION('',(1.,0.));
#175 = ( GEOMETRIC_REPRESENTATION_CONTEXT(2) 
PARAMETRIC_REPRESENTATION_CONTEXT() REPRESENTATION_CONTEXT('2D SPACE',''
  ) );
#176 = PCURVE('',#177,#182);
#177 = PLANE('',#178);
#178 = AXIS2_PLACEMENT_3D('',#179,#180,#181);
#179 = CARTESIAN_POINT('',(-41.98543149922,-110.1799104279,
    5.000000000001));
#180 = DIRECTION('',(-1.444168800395E-15,-1.554312234475E-15,1.));
#181 = DIRECTION('',(1.,-3.663735981263E-15,-3.21876790303E-15));
#182 = DEFINITIONAL_REPRESENTATION('',(#183),#187);
#183 = CIRCLE('',#184,20.925000000002);
#184 = AXIS2_PLACEMENT_2D('',#185,#186);
#185 = CARTESIAN_POINT('',(41.985431499221,110.17991042793));
#186 = DIRECTION('',(-3.330669073875E-15,1.));
#187 = ( GEOMETRIC_REPRESENTATION_CONTEXT(2) 
PARAMETRIC_REPRESENTATION_CONTEXT() REPRESENTATION_CONTEXT('2D SPACE',''
  ) );
#188 = ORIENTED_EDGE('',*,*,#189,.T.);
#189 = EDGE_CURVE('',#161,#190,#192,.T.);
#190 = VERTEX_POINT('',#191);
#191 = CARTESIAN_POINT('',(-20.925,7.337785553702E-14,5.));
#192 = SURFACE_CURVE('',#193,(#198,#205),.PCURVE_S1.);
#193 = CIRCLE('',#194,20.925000000002);
#194 = AXIS2_PLACEMENT_3D('',#195,#196,#197);
#195 = CARTESIAN_POINT('',(-2.836046410332E-14,2.825334536938E-15,5.));
#196 = DIRECTION('',(-2.329423746788E-15,3.883735981263E-15,1.));
#197 = DIRECTION('',(-1.,4.216802888651E-15,-2.329423746788E-15));
#198 = PCURVE('',#47,#199);
#199 = DEFINITIONAL_REPRESENTATION('',(#200),#204);
#200 = LINE('',#201,#202);
#201 = CARTESIAN_POINT('',(-1.7763568394E-15,-22.));
#202 = VECTOR('',#203,1.);
#203 = DIRECTION('',(1.,0.));
#204 = ( GEOMETRIC_REPRESENTATION_CONTEXT(2) 
PARAMETRIC_REPRESENTATION_CONTEXT() REPRESENTATION_CONTEXT('2D SPACE',''
  ) );
#205 = PCURVE('',#177,#206);
#206 = DEFINITIONAL_REPRESENTATION('',(#207),#211);
#207 = CIRCLE('',#208,20.925000000002);
#208 = AXIS2_PLACEMENT_2D('',#209,#210);
#209 = CARTESIAN_POINT('',(41.985431499221,110.17991042793));
#210 = DIRECTION('',(-1.,4.105780586188E-15));
#211 = ( GEOMETRIC_REPRESENTATION_CONTEXT(2) 
PARAMETRIC_REPRESENTATION_CONTEXT() REPRESENTATION_CONTEXT('2D SPACE',''
  ) );
#212 = ORIENTED_EDGE('',*,*,#213,.T.);
#213 = EDGE_CURVE('',#190,#214,#216,.T.);
#214 = VERTEX_POINT('',#215);
#215 = CARTESIAN_POINT('',(-20.925,1.355800271013E-13,47.));
#216 = SURFACE_CURVE('',#217,(#220,#227),.PCURVE_S1.);
#217 = B_SPLINE_CURVE_WITH_KNOTS('',1,(#218,#219),.UNSPECIFIED.,.F.,.F.,
  (2,2),(-27.,45.),.PIECEWISE_BEZIER_KNOTS.);
#218 = CARTESIAN_POINT('',(-20.925,1.068682338772E-13,1.516570839514E-14
    ));
#219 = CARTESIAN_POINT('',(-20.925,8.288020499074E-14,72.000000000001));
#220 = PCURVE('',#47,#221);
#221 = DEFINITIONAL_REPRESENTATION('',(#222),#226);
#222 = LINE('',#223,#224);
#223 = CARTESIAN_POINT('',(6.28318530718,-3.552713678801E-15));
#224 = VECTOR('',#225,1.);
#225 = DIRECTION('',(0.,1.));
#226 = ( GEOMETRIC_REPRESENTATION_CONTEXT(2) 
PARAMETRIC_REPRESENTATION_CONTEXT() REPRESENTATION_CONTEXT('2D SPACE',''
  ) );
#227 = PCURVE('',#228,#233);
#228 = PLANE('',#229);
#229 = AXIS2_PLACEMENT_3D('',#230,#231,#232);
#230 = CARTESIAN_POINT('',(-20.925,6.610227022024E-14,47.));
#231 = DIRECTION('',(-0.986521144524,0.16363383332,-1.224546610557E-16)
  );
#232 = DIRECTION('',(-0.16363383332,-0.986521144524,7.099965534555E-15)
  );
#233 = DEFINITIONAL_REPRESENTATION('',(#234),#237);
#234 = B_SPLINE_CURVE_WITH_KNOTS('',1,(#235,#236),.UNSPECIFIED.,.F.,.F.,
  (2,2),(-27.,45.),.PIECEWISE_BEZIER_KNOTS.);
#235 = CARTESIAN_POINT('',(-3.299582829186E-13,-47.));
#236 = CARTESIAN_POINT('',(1.172395514004E-13,25.));
#237 = ( GEOMETRIC_REPRESENTATION_CONTEXT(2) 
PARAMETRIC_REPRESENTATION_CONTEXT() REPRESENTATION_CONTEXT('2D SPACE',''
  ) );
#238 = ORIENTED_EDGE('',*,*,#239,.T.);
#239 = EDGE_CURVE('',#214,#22,#240,.T.);
#240 = SEAM_CURVE('',#241,(#244,#251),.PCURVE_S1.);
#241 = B_SPLINE_CURVE_WITH_KNOTS('',1,(#242,#243),.UNSPECIFIED.,.F.,.F.,
  (2,2),(20.,45.),.PIECEWISE_BEZIER_KNOTS.);
#242 = CARTESIAN_POINT('',(-20.925,9.113149279856E-14,47.));
#243 = CARTESIAN_POINT('',(-20.925,8.275370499074E-14,72.000000000001));
#244 = PCURVE('',#47,#245);
#245 = DEFINITIONAL_REPRESENTATION('',(#246),#250);
#246 = LINE('',#247,#248);
#247 = CARTESIAN_POINT('',(0.,0.));
#248 = VECTOR('',#249,1.);
#249 = DIRECTION('',(0.,1.));
#250 = ( GEOMETRIC_REPRESENTATION_CONTEXT(2) 
PARAMETRIC_REPRESENTATION_CONTEXT() REPRESENTATION_CONTEXT('2D SPACE',''
  ) );
#251 = PCURVE('',#47,#252);
#252 = DEFINITIONAL_REPRESENTATION('',(#253),#257);
#253 = LINE('',#254,#255);
#254 = CARTESIAN_POINT('',(6.28318530718,0.));
#255 = VECTOR('',#256,1.);
#256 = DIRECTION('',(0.,1.));
#257 = ( GEOMETRIC_REPRESENTATION_CONTEXT(2) 
PARAMETRIC_REPRESENTATION_CONTEXT() REPRESENTATION_CONTEXT('2D SPACE',''
  ) );
#258 = ORIENTED_EDGE('',*,*,#21,.F.);
#259 = ORIENTED_EDGE('',*,*,#239,.F.);
#260 = ORIENTED_EDGE('',*,*,#261,.T.);
#261 = EDGE_CURVE('',#214,#262,#264,.T.);
#262 = VERTEX_POINT('',#263);
#263 = CARTESIAN_POINT('',(-16.89881876819,-12.34040312307,47.));
#264 = SURFACE_CURVE('',#265,(#270,#277),.PCURVE_S1.);
#265 = CIRCLE('',#266,20.925000000002);
#266 = AXIS2_PLACEMENT_3D('',#267,#268,#269);
#267 = CARTESIAN_POINT('',(-4.349385072184E-13,-3.650828929443E-14,47.)
  );
#268 = DIRECTION('',(8.881784197001E-16,5.329070518201E-15,1.));
#269 = DIRECTION('',(2.22044604925E-15,-1.,5.329070518201E-15));
#270 = PCURVE('',#47,#271);
#271 = DEFINITIONAL_REPRESENTATION('',(#272),#276);
#272 = LINE('',#273,#274);
#273 = CARTESIAN_POINT('',(-4.712388980385,20.));
#274 = VECTOR('',#275,1.);
#275 = DIRECTION('',(1.,-2.253036222271E-14));
#276 = ( GEOMETRIC_REPRESENTATION_CONTEXT(2) 
PARAMETRIC_REPRESENTATION_CONTEXT() REPRESENTATION_CONTEXT('2D SPACE',''
  ) );
#277 = PCURVE('',#278,#283);
#278 = PLANE('',#279);
#279 = AXIS2_PLACEMENT_3D('',#280,#281,#282);
#280 = CARTESIAN_POINT('',(-3.896410363185E-14,-114.395956743,
    47.000000000001));
#281 = DIRECTION('',(-6.217248937901E-15,-1.110223024625E-15,1.));
#282 = DIRECTION('',(1.,-4.884981308351E-15,-1.110223024625E-15));
#283 = DEFINITIONAL_REPRESENTATION('',(#284),#288);
#284 = CIRCLE('',#285,20.925000000002);
#285 = AXIS2_PLACEMENT_2D('',#286,#287);
#286 = CARTESIAN_POINT('',(-6.962576516699E-13,114.39595674306));
#287 = DIRECTION('',(5.107025913276E-15,-1.));
#288 = ( GEOMETRIC_REPRESENTATION_CONTEXT(2) 
PARAMETRIC_REPRESENTATION_CONTEXT() REPRESENTATION_CONTEXT('2D SPACE',''
  ) );
#289 = ORIENTED_EDGE('',*,*,#290,.T.);
#290 = EDGE_CURVE('',#262,#291,#293,.T.);
#291 = VERTEX_POINT('',#292);
#292 = CARTESIAN_POINT('',(-16.89881876819,-12.34040312307,64.));
#293 = SURFACE_CURVE('',#294,(#298,#305),.PCURVE_S1.);
#294 = LINE('',#295,#296);
#295 = CARTESIAN_POINT('',(-16.89881876819,-12.34040312307,47.));
#296 = VECTOR('',#297,1.);
#297 = DIRECTION('',(-5.329070518201E-15,-8.881784197001E-16,1.));
#298 = PCURVE('',#47,#299);
#299 = DEFINITIONAL_REPRESENTATION('',(#300),#304);
#300 = LINE('',#301,#302);
#301 = CARTESIAN_POINT('',(0.630742398845,20.));
#302 = VECTOR('',#303,1.);
#303 = DIRECTION('',(6.530723674266E-17,1.));
#304 = ( GEOMETRIC_REPRESENTATION_CONTEXT(2) 
PARAMETRIC_REPRESENTATION_CONTEXT() REPRESENTATION_CONTEXT('2D SPACE',''
  ) );
#305 = PCURVE('',#306,#311);
#306 = PLANE('',#307);
#307 = AXIS2_PLACEMENT_3D('',#308,#309,#310);
#308 = CARTESIAN_POINT('',(-20.15187187848,-53.56366567776,
    28.051428394181));
#309 = DIRECTION('',(0.996900832806,-7.866847876273E-02,
    6.794104211084E-16));
#310 = DIRECTION('',(7.866847876273E-02,0.996900832806,
    -5.161070031254E-15));
#311 = DEFINITIONAL_REPRESENTATION('',(#312),#316);
#312 = LINE('',#313,#314);
#313 = CARTESIAN_POINT('',(41.35141751127,18.948571605819));
#314 = VECTOR('',#315,1.);
#315 = DIRECTION('',(-4.316306442708E-15,1.));
#316 = ( GEOMETRIC_REPRESENTATION_CONTEXT(2) 
PARAMETRIC_REPRESENTATION_CONTEXT() REPRESENTATION_CONTEXT('2D SPACE',''
  ) );
#317 = ORIENTED_EDGE('',*,*,#318,.T.);
#318 = EDGE_CURVE('',#291,#319,#321,.T.);
#319 = VERTEX_POINT('',#320);
#320 = CARTESIAN_POINT('',(16.89881876819,-12.34040312307,64.));
#321 = SURFACE_CURVE('',#322,(#327,#334),.PCURVE_S1.);
#322 = CIRCLE('',#323,20.925000000002);
#323 = AXIS2_PLACEMENT_3D('',#324,#325,#326);
#324 = CARTESIAN_POINT('',(-4.310093593833E-13,-2.9527136788E-14,64.));
#325 = DIRECTION('',(5.551115123126E-16,6.328271240363E-15,1.));
#326 = DIRECTION('',(1.998401444325E-15,-1.,6.328271240363E-15));
#327 = PCURVE('',#47,#328);
#328 = DEFINITIONAL_REPRESENTATION('',(#329),#333);
#329 = LINE('',#330,#331);
#330 = CARTESIAN_POINT('',(-4.712388980385,37.));
#331 = VECTOR('',#332,1.);
#332 = DIRECTION('',(1.,-3.023412655952E-14));
#333 = ( GEOMETRIC_REPRESENTATION_CONTEXT(2) 
PARAMETRIC_REPRESENTATION_CONTEXT() REPRESENTATION_CONTEXT('2D SPACE',''
  ) );
#334 = PCURVE('',#335,#340);
#335 = PLANE('',#336);
#336 = AXIS2_PLACEMENT_3D('',#337,#338,#339);
#337 = CARTESIAN_POINT('',(-3.518308963756E-13,-8.913117984433,
    64.000000000001));
#338 = DIRECTION('',(-7.216449660064E-15,-1.443289932013E-15,1.));
#339 = DIRECTION('',(1.,-5.773159728051E-15,-1.443289932013E-15));
#340 = DEFINITIONAL_REPRESENTATION('',(#341),#345);
#341 = CIRCLE('',#342,20.925000000002);
#342 = AXIS2_PLACEMENT_2D('',#343,#344);
#343 = CARTESIAN_POINT('',(-1.61750308768E-13,8.913117984433));
#344 = DIRECTION('',(5.773159728051E-15,-1.));
#345 = ( GEOMETRIC_REPRESENTATION_CONTEXT(2) 
PARAMETRIC_REPRESENTATION_CONTEXT() REPRESENTATION_CONTEXT('2D SPACE',''
  ) );
#346 = ORIENTED_EDGE('',*,*,#347,.F.);
#347 = EDGE_CURVE('',#348,#319,#350,.T.);
#348 = VERTEX_POINT('',#349);
#349 = CARTESIAN_POINT('',(16.89881876819,-12.34040312307,47.));
#350 = SURFACE_CURVE('',#351,(#355,#362),.PCURVE_S1.);
#351 = LINE('',#352,#353);
#352 = CARTESIAN_POINT('',(16.89881876819,-12.34040312307,47.));
#353 = VECTOR('',#354,1.);
#354 = DIRECTION('',(-5.329070518201E-15,-8.881784197001E-16,1.));
#355 = PCURVE('',#47,#356);
#356 = DEFINITIONAL_REPRESENTATION('',(#357),#361);
#357 = LINE('',#358,#359);
#358 = CARTESIAN_POINT('',(2.510850254745,20.));
#359 = VECTOR('',#360,1.);
#360 = DIRECTION('',(-2.612289469706E-17,1.));
#361 = ( GEOMETRIC_REPRESENTATION_CONTEXT(2) 
PARAMETRIC_REPRESENTATION_CONTEXT() REPRESENTATION_CONTEXT('2D SPACE',''
  ) );
#362 = PCURVE('',#363,#368);
#363 = PLANE('',#364);
#364 = AXIS2_PLACEMENT_3D('',#365,#366,#367);
#365 = CARTESIAN_POINT('',(20.151871878484,-53.56366567776,
    28.05142839418));
#366 = DIRECTION('',(-0.996900832806,-7.866847876272E-02,
    9.105922591854E-17));
#367 = DIRECTION('',(7.866847876273E-02,-0.996900832806,
    5.021326740958E-15));
#368 = DEFINITIONAL_REPRESENTATION('',(#369),#373);
#369 = LINE('',#370,#371);
#370 = CARTESIAN_POINT('',(-41.35141751127,18.94857160582));
#371 = VECTOR('',#372,1.);
#372 = DIRECTION('',(3.652525813805E-15,1.));
#373 = ( GEOMETRIC_REPRESENTATION_CONTEXT(2) 
PARAMETRIC_REPRESENTATION_CONTEXT() REPRESENTATION_CONTEXT('2D SPACE',''
  ) );
#374 = ORIENTED_EDGE('',*,*,#375,.T.);
#375 = EDGE_CURVE('',#348,#376,#378,.T.);
#376 = VERTEX_POINT('',#377);
#377 = CARTESIAN_POINT('',(20.925000000002,1.936922650792E-14,47.));
#378 = SURFACE_CURVE('',#379,(#384,#391),.PCURVE_S1.);
#379 = CIRCLE('',#380,20.925000000002);
#380 = AXIS2_PLACEMENT_3D('',#381,#382,#383);
#381 = CARTESIAN_POINT('',(-2.713385072184E-13,-3.130828929443E-14,47.)
  );
#382 = DIRECTION('',(8.881784197001E-16,5.329070518201E-15,1.));
#383 = DIRECTION('',(2.22044604925E-15,-1.,5.329070518201E-15));
#384 = PCURVE('',#47,#385);
#385 = DEFINITIONAL_REPRESENTATION('',(#386),#390);
#386 = LINE('',#387,#388);
#387 = CARTESIAN_POINT('',(1.570796326795,20.));
#388 = VECTOR('',#389,1.);
#389 = DIRECTION('',(1.,0.));
#390 = ( GEOMETRIC_REPRESENTATION_CONTEXT(2) 
PARAMETRIC_REPRESENTATION_CONTEXT() REPRESENTATION_CONTEXT('2D SPACE',''
  ) );
#391 = PCURVE('',#278,#392);
#392 = DEFINITIONAL_REPRESENTATION('',(#393),#397);
#393 = CIRCLE('',#394,20.925000000002);
#394 = AXIS2_PLACEMENT_2D('',#395,#396);
#395 = CARTESIAN_POINT('',(-5.326576516699E-13,114.39595674306));
#396 = DIRECTION('',(5.107025913276E-15,-1.));
#397 = ( GEOMETRIC_REPRESENTATION_CONTEXT(2) 
PARAMETRIC_REPRESENTATION_CONTEXT() REPRESENTATION_CONTEXT('2D SPACE',''
  ) );
#398 = ORIENTED_EDGE('',*,*,#399,.T.);
#399 = EDGE_CURVE('',#376,#400,#402,.T.);
#400 = VERTEX_POINT('',#401);
#401 = CARTESIAN_POINT('',(20.925000000002,-4.124895063662E-14,5.));
#402 = SURFACE_CURVE('',#403,(#407,#414),.PCURVE_S1.);
#403 = LINE('',#404,#405);
#404 = CARTESIAN_POINT('',(20.925000000002,-1.163721915979E-13,47.));
#405 = VECTOR('',#406,1.);
#406 = DIRECTION('',(6.328271240363E-15,5.551115123126E-16,-1.));
#407 = PCURVE('',#47,#408);
#408 = DEFINITIONAL_REPRESENTATION('',(#409),#413);
#409 = LINE('',#410,#411);
#410 = CARTESIAN_POINT('',(3.14159265359,20.));
#411 = VECTOR('',#412,1.);
#412 = DIRECTION('',(4.724353296277E-17,-1.));
#413 = ( GEOMETRIC_REPRESENTATION_CONTEXT(2) 
PARAMETRIC_REPRESENTATION_CONTEXT() REPRESENTATION_CONTEXT('2D SPACE',''
  ) );
#414 = PCURVE('',#415,#420);
#415 = PLANE('',#416);
#416 = AXIS2_PLACEMENT_3D('',#417,#418,#419);
#417 = CARTESIAN_POINT('',(20.925000000002,-1.616193309665E-13,47.));
#418 = DIRECTION('',(-0.986521144524,-0.16363383332,2.09391994113E-15));
#419 = DIRECTION('',(0.16363383332,-0.986521144524,6.700291425965E-15));
#420 = DEFINITIONAL_REPRESENTATION('',(#421),#425);
#421 = LINE('',#422,#423);
#422 = CARTESIAN_POINT('',(5.657780685188E-16,-7.105427357601E-15));
#423 = VECTOR('',#424,1.);
#424 = DIRECTION('',(-4.567942197853E-15,-1.));
#425 = ( GEOMETRIC_REPRESENTATION_CONTEXT(2) 
PARAMETRIC_REPRESENTATION_CONTEXT() REPRESENTATION_CONTEXT('2D SPACE',''
  ) );
#426 = ORIENTED_EDGE('',*,*,#427,.T.);
#427 = EDGE_CURVE('',#400,#428,#430,.T.);
#428 = VERTEX_POINT('',#429);
#429 = CARTESIAN_POINT('',(20.,6.152692500043,5.));
#430 = SURFACE_CURVE('',#431,(#436,#443),.PCURVE_S1.);
#431 = CIRCLE('',#432,20.925000000002);
#432 = AXIS2_PLACEMENT_3D('',#433,#434,#435);
#433 = CARTESIAN_POINT('',(-2.836046410332E-14,2.825334536938E-15,5.));
#434 = DIRECTION('',(-2.329423746788E-15,3.883735981263E-15,1.));
#435 = DIRECTION('',(-1.,4.216802888651E-15,-2.329423746788E-15));
#436 = PCURVE('',#47,#437);
#437 = DEFINITIONAL_REPRESENTATION('',(#438),#442);
#438 = LINE('',#439,#440);
#439 = CARTESIAN_POINT('',(-1.7763568394E-15,-22.));
#440 = VECTOR('',#441,1.);
#441 = DIRECTION('',(1.,0.));
#442 = ( GEOMETRIC_REPRESENTATION_CONTEXT(2) 
PARAMETRIC_REPRESENTATION_CONTEXT() REPRESENTATION_CONTEXT('2D SPACE',''
  ) );
#443 = PCURVE('',#444,#449);
#444 = PLANE('',#445);
#445 = AXIS2_PLACEMENT_3D('',#446,#447,#448);
#446 = CARTESIAN_POINT('',(41.985431499222,-110.1799104279,
    5.000000000001));
#447 = DIRECTION('',(-5.772280859668E-15,-6.661338147751E-16,1.));
#448 = DIRECTION('',(1.,-2.6645352591E-15,1.775477971018E-15));
#449 = DEFINITIONAL_REPRESENTATION('',(#450),#454);
#450 = CIRCLE('',#451,20.925000000002);
#451 = AXIS2_PLACEMENT_2D('',#452,#453);
#452 = CARTESIAN_POINT('',(-41.98543149922,110.17991042793));
#453 = DIRECTION('',(-1.,4.438847493576E-15));
#454 = ( GEOMETRIC_REPRESENTATION_CONTEXT(2) 
PARAMETRIC_REPRESENTATION_CONTEXT() REPRESENTATION_CONTEXT('2D SPACE',''
  ) );
#455 = ORIENTED_EDGE('',*,*,#456,.F.);
#456 = EDGE_CURVE('',#457,#428,#459,.T.);
#457 = VERTEX_POINT('',#458);
#458 = CARTESIAN_POINT('',(14.589572474892,14.999999999999,5.));
#459 = SURFACE_CURVE('',#460,(#465,#472),.PCURVE_S1.);
#460 = CIRCLE('',#461,20.925000000002);
#461 = AXIS2_PLACEMENT_3D('',#462,#463,#464);
#462 = CARTESIAN_POINT('',(-2.220006615059E-14,-1.7763568394E-14,5.));
#463 = DIRECTION('',(1.775477971018E-15,-3.330669073875E-15,-1.));
#464 = DIRECTION('',(-1.110223024625E-15,1.,-3.330669073875E-15));
#465 = PCURVE('',#47,#466);
#466 = DEFINITIONAL_REPRESENTATION('',(#467),#471);
#467 = LINE('',#468,#469);
#468 = CARTESIAN_POINT('',(4.712388980385,-22.));
#469 = VECTOR('',#470,1.);
#470 = DIRECTION('',(-1.,0.));
#471 = ( GEOMETRIC_REPRESENTATION_CONTEXT(2) 
PARAMETRIC_REPRESENTATION_CONTEXT() REPRESENTATION_CONTEXT('2D SPACE',''
  ) );
#472 = PCURVE('',#444,#473);
#473 = DEFINITIONAL_REPRESENTATION('',(#474),#482);
#474 = ( BOUNDED_CURVE() B_SPLINE_CURVE(2,(#475,#476,#477,#478,#479,#480
,#481),.UNSPECIFIED.,.T.,.F.) B_SPLINE_CURVE_WITH_KNOTS((1,2,2,2,2,1),(
    -2.094395102393,0.,2.094395102393,4.188790204786,6.28318530718,
8.377580409573),.UNSPECIFIED.) CURVE() GEOMETRIC_REPRESENTATION_ITEM() 
RATIONAL_B_SPLINE_CURVE((1.,0.5,1.,0.5,1.,0.5,1.)) REPRESENTATION_ITEM(
  '') );
#475 = CARTESIAN_POINT('',(-41.98543149922,131.10491042793));
#476 = CARTESIAN_POINT('',(-5.74226835084,131.10491042793));
#477 = CARTESIAN_POINT('',(-23.86384992503,99.717410427933));
#478 = CARTESIAN_POINT('',(-41.98543149922,68.32991042793));
#479 = CARTESIAN_POINT('',(-60.10701307341,99.717410427933));
#480 = CARTESIAN_POINT('',(-78.2285946476,131.10491042793));
#481 = CARTESIAN_POINT('',(-41.98543149922,131.10491042793));
#482 = ( GEOMETRIC_REPRESENTATION_CONTEXT(2) 
PARAMETRIC_REPRESENTATION_CONTEXT() REPRESENTATION_CONTEXT('2D SPACE',''
  ) );
#483 = ORIENTED_EDGE('',*,*,#484,.F.);
#484 = EDGE_CURVE('',#485,#457,#487,.T.);
#485 = VERTEX_POINT('',#486);
#486 = CARTESIAN_POINT('',(14.589572474892,14.999999999999,
    1.785847901116E-13));
#487 = SURFACE_CURVE('',#488,(#492,#499),.PCURVE_S1.);
#488 = LINE('',#489,#490);
#489 = CARTESIAN_POINT('',(14.589572474892,14.999999999999,
    1.457337654611E-13));
#490 = VECTOR('',#491,1.);
#491 = DIRECTION('',(-5.550236254743E-15,-4.440892098501E-16,1.));
#492 = PCURVE('',#47,#493);
#493 = DEFINITIONAL_REPRESENTATION('',(#494),#498);
#494 = LINE('',#495,#496);
#495 = CARTESIAN_POINT('',(3.940860608684,-27.));
#496 = VECTOR('',#497,1.);
#497 = DIRECTION('',(0.,1.));
#498 = ( GEOMETRIC_REPRESENTATION_CONTEXT(2) 
PARAMETRIC_REPRESENTATION_CONTEXT() REPRESENTATION_CONTEXT('2D SPACE',''
  ) );
#499 = PCURVE('',#500,#505);
#500 = PLANE('',#501);
#501 = AXIS2_PLACEMENT_3D('',#502,#503,#504);
#502 = CARTESIAN_POINT('',(27.294786237446,15.,2.5));
#503 = DIRECTION('',(-1.972478224619E-14,1.,-2.886579864025E-15));
#504 = DIRECTION('',(1.,1.639411317232E-14,-4.440892098501E-16));
#505 = DEFINITIONAL_REPRESENTATION('',(#506),#510);
#506 = LINE('',#507,#508);
#507 = CARTESIAN_POINT('',(-12.70521376255,2.5));
#508 = VECTOR('',#509,1.);
#509 = DIRECTION('',(-4.884102439968E-15,-1.));
#510 = ( GEOMETRIC_REPRESENTATION_CONTEXT(2) 
PARAMETRIC_REPRESENTATION_CONTEXT() REPRESENTATION_CONTEXT('2D SPACE',''
  ) );
#511 = ORIENTED_EDGE('',*,*,#512,.T.);
#512 = EDGE_CURVE('',#485,#513,#515,.T.);
#513 = VERTEX_POINT('',#514);
#514 = CARTESIAN_POINT('',(8.999999999999,18.890622673699,
    2.219075635783E-13));
#515 = SURFACE_CURVE('',#516,(#521,#528),.PCURVE_S1.);
#516 = CIRCLE('',#517,20.925000000002);
#517 = AXIS2_PLACEMENT_3D('',#518,#519,#520);
#518 = CARTESIAN_POINT('',(-2.942646126769E-29,-2.581268532253E-30,
    4.65E-15));
#519 = DIRECTION('',(2.251115123126E-16,6.658271240363E-15,1.));
#520 = DIRECTION('',(1.998401444325E-15,-1.,6.658271240363E-15));
#521 = PCURVE('',#47,#522);
#522 = DEFINITIONAL_REPRESENTATION('',(#523),#527);
#523 = LINE('',#524,#525);
#524 = CARTESIAN_POINT('',(1.570796326795,-27.));
#525 = VECTOR('',#526,1.);
#526 = DIRECTION('',(1.,1.017777498068E-14));
#527 = ( GEOMETRIC_REPRESENTATION_CONTEXT(2) 
PARAMETRIC_REPRESENTATION_CONTEXT() REPRESENTATION_CONTEXT('2D SPACE',''
  ) );
#528 = PCURVE('',#116,#529);
#529 = DEFINITIONAL_REPRESENTATION('',(#530),#538);
#530 = ( BOUNDED_CURVE() B_SPLINE_CURVE(2,(#531,#532,#533,#534,#535,#536
,#537),.UNSPECIFIED.,.T.,.F.) B_SPLINE_CURVE_WITH_KNOTS((1,2,2,2,2,1),(
    -2.094395102393,0.,2.094395102393,4.188790204786,6.28318530718,
8.377580409573),.UNSPECIFIED.) CURVE() GEOMETRIC_REPRESENTATION_ITEM() 
RATIONAL_B_SPLINE_CURVE((1.,0.5,1.,0.5,1.,0.5,1.)) REPRESENTATION_ITEM(
  '') );
#531 = CARTESIAN_POINT('',(-93.42027691064,1.011916435123E-13));
#532 = CARTESIAN_POINT('',(-93.42027691064,-36.24316314838));
#533 = CARTESIAN_POINT('',(-124.8077769106,-18.12158157419));
#534 = CARTESIAN_POINT('',(-156.1952769106,2.493938474737E-13));
#535 = CARTESIAN_POINT('',(-124.8077769106,18.121581574191));
#536 = CARTESIAN_POINT('',(-93.42027691064,36.243163148382));
#537 = CARTESIAN_POINT('',(-93.42027691064,1.011916435123E-13));
#538 = ( GEOMETRIC_REPRESENTATION_CONTEXT(2) 
PARAMETRIC_REPRESENTATION_CONTEXT() REPRESENTATION_CONTEXT('2D SPACE',''
  ) );
#539 = ORIENTED_EDGE('',*,*,#540,.F.);
#540 = EDGE_CURVE('',#541,#513,#543,.T.);
#541 = VERTEX_POINT('',#542);
#542 = CARTESIAN_POINT('',(8.999999999999,18.890622673699,14.5));
#543 = SURFACE_CURVE('',#544,(#548,#555),.PCURVE_S1.);
#544 = LINE('',#545,#546);
#545 = CARTESIAN_POINT('',(8.999999999999,18.890622673699,3.));
#546 = VECTOR('',#547,1.);
#547 = DIRECTION('',(3.281109985493E-15,-1.725894062186E-15,-1.));
#548 = PCURVE('',#47,#549);
#549 = DEFINITIONAL_REPRESENTATION('',(#550),#554);
#550 = LINE('',#551,#552);
#551 = CARTESIAN_POINT('',(4.267777100113,-24.));
#552 = VECTOR('',#553,1.);
#553 = DIRECTION('',(0.,-1.));
#554 = ( GEOMETRIC_REPRESENTATION_CONTEXT(2) 
PARAMETRIC_REPRESENTATION_CONTEXT() REPRESENTATION_CONTEXT('2D SPACE',''
  ) );
#555 = PCURVE('',#556,#561);
#556 = PLANE('',#557);
#557 = AXIS2_PLACEMENT_3D('',#558,#559,#560);
#558 = CARTESIAN_POINT('',(9.,27.390622673701,7.249999999999));
#559 = DIRECTION('',(1.,-6.044215859213E-14,2.052255122597E-14));
#560 = DIRECTION('',(5.977602477736E-14,1.,-6.661338147751E-16));
#561 = DEFINITIONAL_REPRESENTATION('',(#562),#566);
#562 = LINE('',#563,#564);
#563 = CARTESIAN_POINT('',(-8.500000000002,-4.249999999999));
#564 = VECTOR('',#565,1.);
#565 = DIRECTION('',(-1.281804852335E-15,-1.));
#566 = ( GEOMETRIC_REPRESENTATION_CONTEXT(2) 
PARAMETRIC_REPRESENTATION_CONTEXT() REPRESENTATION_CONTEXT('2D SPACE',''
  ) );
#567 = ORIENTED_EDGE('',*,*,#568,.T.);
#568 = EDGE_CURVE('',#541,#569,#571,.T.);
#569 = VERTEX_POINT('',#570);
#570 = CARTESIAN_POINT('',(4.,20.53912425105,14.5));
#571 = SURFACE_CURVE('',#572,(#577,#584),.PCURVE_S1.);
#572 = CIRCLE('',#573,20.925000000003);
#573 = AXIS2_PLACEMENT_3D('',#574,#575,#576);
#574 = CARTESIAN_POINT('',(-7.605923876125E-14,-1.12443387934E-12,14.5)
  );
#575 = DIRECTION('',(-2.8845352591E-15,1.7763568394E-15,1.));
#576 = DIRECTION('',(6.661338147751E-16,-1.,1.7763568394E-15));
#577 = PCURVE('',#47,#578);
#578 = DEFINITIONAL_REPRESENTATION('',(#579),#583);
#579 = LINE('',#580,#581);
#580 = CARTESIAN_POINT('',(1.570796326795,-12.5));
#581 = VECTOR('',#582,1.);
#582 = DIRECTION('',(1.,0.));
#583 = ( GEOMETRIC_REPRESENTATION_CONTEXT(2) 
PARAMETRIC_REPRESENTATION_CONTEXT() REPRESENTATION_CONTEXT('2D SPACE',''
  ) );
#584 = PCURVE('',#585,#590);
#585 = PLANE('',#586);
#586 = AXIS2_PLACEMENT_3D('',#587,#588,#589);
#587 = CARTESIAN_POINT('',(-1.210513566423E-07,27.67169631301,14.5));
#588 = DIRECTION('',(-4.619328117606E-15,-9.185770601145E-16,1.));
#589 = DIRECTION('',(1.,-8.881784197001E-16,3.287060488056E-15));
#590 = DEFINITIONAL_REPRESENTATION('',(#591),#595);
#591 = CIRCLE('',#592,20.925000000003);
#592 = AXIS2_PLACEMENT_2D('',#593,#594);
#593 = CARTESIAN_POINT('',(1.210512928718E-07,-27.67169631301));
#594 = DIRECTION('',(1.110223024625E-15,-1.));
#595 = ( GEOMETRIC_REPRESENTATION_CONTEXT(2) 
PARAMETRIC_REPRESENTATION_CONTEXT() REPRESENTATION_CONTEXT('2D SPACE',''
  ) );
#596 = ORIENTED_EDGE('',*,*,#597,.T.);
#597 = EDGE_CURVE('',#569,#598,#600,.T.);
#598 = VERTEX_POINT('',#599);
#599 = CARTESIAN_POINT('',(-2.073067280984E-03,20.924999897311,14.5));
#600 = SURFACE_CURVE('',#601,(#606,#613),.PCURVE_S1.);
#601 = CIRCLE('',#602,20.925000000002);
#602 = AXIS2_PLACEMENT_3D('',#603,#604,#605);
#603 = CARTESIAN_POINT('',(-6.515909266418E-14,-1.7763568394E-15,14.5));
#604 = DIRECTION('',(-3.217602166488E-15,2.995557561563E-15,1.));
#605 = DIRECTION('',(-1.,3.550669073875E-15,-3.217602166488E-15));
#606 = PCURVE('',#47,#607);
#607 = DEFINITIONAL_REPRESENTATION('',(#608),#612);
#608 = LINE('',#609,#610);
#609 = CARTESIAN_POINT('',(-1.998401444325E-15,-12.5));
#610 = VECTOR('',#611,1.);
#611 = DIRECTION('',(1.,0.));
#612 = ( GEOMETRIC_REPRESENTATION_CONTEXT(2) 
PARAMETRIC_REPRESENTATION_CONTEXT() REPRESENTATION_CONTEXT('2D SPACE',''
  ) );
#613 = PCURVE('',#585,#614);
#614 = DEFINITIONAL_REPRESENTATION('',(#615),#619);
#615 = CIRCLE('',#616,20.925000000002);
#616 = AXIS2_PLACEMENT_2D('',#617,#618);
#617 = CARTESIAN_POINT('',(1.21051303772E-07,-27.67169631301));
#618 = DIRECTION('',(-1.,3.550669073875E-15));
#619 = ( GEOMETRIC_REPRESENTATION_CONTEXT(2) 
PARAMETRIC_REPRESENTATION_CONTEXT() REPRESENTATION_CONTEXT('2D SPACE',''
  ) );
#620 = ORIENTED_EDGE('',*,*,#621,.T.);
#621 = EDGE_CURVE('',#598,#622,#624,.T.);
#622 = VERTEX_POINT('',#623);
#623 = CARTESIAN_POINT('',(-4.,20.53912425105,14.5));
#624 = SURFACE_CURVE('',#625,(#630,#637),.PCURVE_S1.);
#625 = CIRCLE('',#626,20.925000000002);
#626 = AXIS2_PLACEMENT_3D('',#627,#628,#629);
#627 = CARTESIAN_POINT('',(-6.515909266418E-14,-1.7763568394E-15,14.5));
#628 = DIRECTION('',(-3.217602166488E-15,2.995557561563E-15,1.));
#629 = DIRECTION('',(-1.,3.550669073875E-15,-3.217602166488E-15));
#630 = PCURVE('',#47,#631);
#631 = DEFINITIONAL_REPRESENTATION('',(#632),#636);
#632 = LINE('',#633,#634);
#633 = CARTESIAN_POINT('',(-1.998401444325E-15,-12.5));
#634 = VECTOR('',#635,1.);
#635 = DIRECTION('',(1.,0.));
#636 = ( GEOMETRIC_REPRESENTATION_CONTEXT(2) 
PARAMETRIC_REPRESENTATION_CONTEXT() REPRESENTATION_CONTEXT('2D SPACE',''
  ) );
#637 = PCURVE('',#585,#638);
#638 = DEFINITIONAL_REPRESENTATION('',(#639),#643);
#639 = CIRCLE('',#640,20.925000000002);
#640 = AXIS2_PLACEMENT_2D('',#641,#642);
#641 = CARTESIAN_POINT('',(1.21051303772E-07,-27.67169631301));
#642 = DIRECTION('',(-1.,3.550669073875E-15));
#643 = ( GEOMETRIC_REPRESENTATION_CONTEXT(2) 
PARAMETRIC_REPRESENTATION_CONTEXT() REPRESENTATION_CONTEXT('2D SPACE',''
  ) );
#644 = ORIENTED_EDGE('',*,*,#645,.T.);
#645 = EDGE_CURVE('',#622,#646,#648,.T.);
#646 = VERTEX_POINT('',#647);
#647 = CARTESIAN_POINT('',(-9.,18.890622673699,14.5));
#648 = SURFACE_CURVE('',#649,(#654,#661),.PCURVE_S1.);
#649 = CIRCLE('',#650,20.925000000003);
#650 = AXIS2_PLACEMENT_3D('',#651,#652,#653);
#651 = CARTESIAN_POINT('',(-7.605923876125E-14,-1.12443387934E-12,14.5)
  );
#652 = DIRECTION('',(-2.8845352591E-15,1.7763568394E-15,1.));
#653 = DIRECTION('',(6.661338147751E-16,-1.,1.7763568394E-15));
#654 = PCURVE('',#47,#655);
#655 = DEFINITIONAL_REPRESENTATION('',(#656),#660);
#656 = LINE('',#657,#658);
#657 = CARTESIAN_POINT('',(1.570796326795,-12.5));
#658 = VECTOR('',#659,1.);
#659 = DIRECTION('',(1.,0.));
#660 = ( GEOMETRIC_REPRESENTATION_CONTEXT(2) 
PARAMETRIC_REPRESENTATION_CONTEXT() REPRESENTATION_CONTEXT('2D SPACE',''
  ) );
#661 = PCURVE('',#585,#662);
#662 = DEFINITIONAL_REPRESENTATION('',(#663),#667);
#663 = CIRCLE('',#664,20.925000000003);
#664 = AXIS2_PLACEMENT_2D('',#665,#666);
#665 = CARTESIAN_POINT('',(1.210512928718E-07,-27.67169631301));
#666 = DIRECTION('',(1.110223024625E-15,-1.));
#667 = ( GEOMETRIC_REPRESENTATION_CONTEXT(2) 
PARAMETRIC_REPRESENTATION_CONTEXT() REPRESENTATION_CONTEXT('2D SPACE',''
  ) );
#668 = ORIENTED_EDGE('',*,*,#669,.F.);
#669 = EDGE_CURVE('',#98,#646,#670,.T.);
#670 = SURFACE_CURVE('',#671,(#675,#682),.PCURVE_S1.);
#671 = LINE('',#672,#673);
#672 = CARTESIAN_POINT('',(-9.,18.890622673699,11.5));
#673 = VECTOR('',#674,1.);
#674 = DIRECTION('',(-4.480574608173E-15,2.292627005799E-30,1.));
#675 = PCURVE('',#47,#676);
#676 = DEFINITIONAL_REPRESENTATION('',(#677),#681);
#677 = LINE('',#678,#679);
#678 = CARTESIAN_POINT('',(5.157000860656,-15.5));
#679 = VECTOR('',#680,1.);
#680 = DIRECTION('',(0.,1.));
#681 = ( GEOMETRIC_REPRESENTATION_CONTEXT(2) 
PARAMETRIC_REPRESENTATION_CONTEXT() REPRESENTATION_CONTEXT('2D SPACE',''
  ) );
#682 = PCURVE('',#683,#688);
#683 = PLANE('',#684);
#684 = AXIS2_PLACEMENT_3D('',#685,#686,#687);
#685 = CARTESIAN_POINT('',(-9.,27.390622673701,7.249999999999));
#686 = DIRECTION('',(-1.,4.440892098501E-16,-3.616297451482E-15));
#687 = DIRECTION('',(4.282431266257E-15,-1.81191489168E-30,-1.));
#688 = DEFINITIONAL_REPRESENTATION('',(#689),#693);
#689 = LINE('',#690,#691);
#690 = CARTESIAN_POINT('',(-4.250000000001,8.500000000001));
#691 = VECTOR('',#692,1.);
#692 = DIRECTION('',(-1.,4.440892098501E-16));
#693 = ( GEOMETRIC_REPRESENTATION_CONTEXT(2) 
PARAMETRIC_REPRESENTATION_CONTEXT() REPRESENTATION_CONTEXT('2D SPACE',''
  ) );
#694 = ADVANCED_FACE('',(#695),#82,.F.);
#695 = FACE_BOUND('',#696,.F.);
#696 = EDGE_LOOP('',(#697,#730,#751,#752));
#697 = ORIENTED_EDGE('',*,*,#698,.T.);
#698 = EDGE_CURVE('',#699,#699,#701,.T.);
#699 = VERTEX_POINT('',#700);
#700 = CARTESIAN_POINT('',(-12.925,1.340094701874E-13,67.));
#701 = SURFACE_CURVE('',#702,(#707,#714),.PCURVE_S1.);
#702 = CIRCLE('',#703,12.925);
#703 = AXIS2_PLACEMENT_3D('',#704,#705,#706);
#704 = CARTESIAN_POINT('',(-4.983821272243E-13,-8.182042544485E-14,
    67.000000000001));
#705 = DIRECTION('',(1.223289932013E-15,7.436449660064E-15,1.));
#706 = DIRECTION('',(-1.,5.993159728051E-15,1.223289932013E-15));
#707 = PCURVE('',#82,#708);
#708 = DEFINITIONAL_REPRESENTATION('',(#709),#713);
#709 = LINE('',#710,#711);
#710 = CARTESIAN_POINT('',(0.,0.));
#711 = VECTOR('',#712,1.);
#712 = DIRECTION('',(1.,0.));
#713 = ( GEOMETRIC_REPRESENTATION_CONTEXT(2) 
PARAMETRIC_REPRESENTATION_CONTEXT() REPRESENTATION_CONTEXT('2D SPACE',''
  ) );
#714 = PCURVE('',#715,#720);
#715 = PLANE('',#716);
#716 = AXIS2_PLACEMENT_3D('',#717,#718,#719);
#717 = CARTESIAN_POINT('',(-4.983821272243E-13,-8.182042544485E-14,
    67.000000000001));
#718 = DIRECTION('',(7.436449660064E-15,1.223289932013E-15,-1.));
#719 = DIRECTION('',(1.,-5.993159728051E-15,-1.223289932013E-15));
#720 = DEFINITIONAL_REPRESENTATION('',(#721),#729);
#721 = ( BOUNDED_CURVE() B_SPLINE_CURVE(2,(#722,#723,#724,#725,#726,#727
,#728),.UNSPECIFIED.,.T.,.F.) B_SPLINE_CURVE_WITH_KNOTS((1,2,2,2,2,1),(
    -2.094395102393,0.,2.094395102393,4.188790204786,6.28318530718,
8.377580409573),.UNSPECIFIED.) CURVE() GEOMETRIC_REPRESENTATION_ITEM() 
RATIONAL_B_SPLINE_CURVE((1.,0.5,1.,0.5,1.,0.5,1.)) REPRESENTATION_ITEM(
  '') );
#722 = CARTESIAN_POINT('',(-12.925,-7.461808948506E-14));
#723 = CARTESIAN_POINT('',(-12.925,22.386756687828));
#724 = CARTESIAN_POINT('',(6.4625,11.193378343914));
#725 = CARTESIAN_POINT('',(25.85,1.524018909459E-13));
#726 = CARTESIAN_POINT('',(6.4625,-11.19337834391));
#727 = CARTESIAN_POINT('',(-12.925,-22.38675668782));
#728 = CARTESIAN_POINT('',(-12.925,-7.461808948506E-14));
#729 = ( GEOMETRIC_REPRESENTATION_CONTEXT(2) 
PARAMETRIC_REPRESENTATION_CONTEXT() REPRESENTATION_CONTEXT('2D SPACE',''
  ) );
#730 = ORIENTED_EDGE('',*,*,#731,.T.);
#731 = EDGE_CURVE('',#699,#62,#732,.T.);
#732 = SEAM_CURVE('',#733,(#737,#744),.PCURVE_S1.);
#733 = LINE('',#734,#735);
#734 = CARTESIAN_POINT('',(-12.925,-2.208233595979E-14,67.000000000001)
  );
#735 = VECTOR('',#736,1.);
#736 = DIRECTION('',(-7.216449660064E-15,-1.443289932013E-15,1.));
#737 = PCURVE('',#82,#738);
#738 = DEFINITIONAL_REPRESENTATION('',(#739),#743);
#739 = LINE('',#740,#741);
#740 = CARTESIAN_POINT('',(0.,0.));
#741 = VECTOR('',#742,1.);
#742 = DIRECTION('',(0.,1.));
#743 = ( GEOMETRIC_REPRESENTATION_CONTEXT(2) 
PARAMETRIC_REPRESENTATION_CONTEXT() REPRESENTATION_CONTEXT('2D SPACE',''
  ) );
#744 = PCURVE('',#82,#745);
#745 = DEFINITIONAL_REPRESENTATION('',(#746),#750);
#746 = LINE('',#747,#748);
#747 = CARTESIAN_POINT('',(6.28318530718,0.));
#748 = VECTOR('',#749,1.);
#749 = DIRECTION('',(0.,1.));
#750 = ( GEOMETRIC_REPRESENTATION_CONTEXT(2) 
PARAMETRIC_REPRESENTATION_CONTEXT() REPRESENTATION_CONTEXT('2D SPACE',''
  ) );
#751 = ORIENTED_EDGE('',*,*,#61,.F.);
#752 = ORIENTED_EDGE('',*,*,#731,.F.);
#753 = ADVANCED_FACE('',(#754,#1656,#1905,#1940,#1975,#2006,#2041,#2072,
    #2103,#2138),#116,.T.);
#754 = FACE_BOUND('',#755,.T.);
#755 = EDGE_LOOP('',(#756,#757,#780,#808,#836,#859,#887,#915,#943,#966,
    #994,#1022,#1050,#1078,#1101,#1129,#1157,#1185,#1213,#1241,#1269,
    #1297,#1325,#1353,#1376,#1399,#1427,#1455,#1483,#1506,#1534,#1562,
    #1583,#1584,#1607,#1635));
#756 = ORIENTED_EDGE('',*,*,#512,.F.);
#757 = ORIENTED_EDGE('',*,*,#758,.T.);
#758 = EDGE_CURVE('',#485,#759,#761,.T.);
#759 = VERTEX_POINT('',#760);
#760 = CARTESIAN_POINT('',(40.,15.,2.575539344613E-13));
#761 = SURFACE_CURVE('',#762,(#766,#773),.PCURVE_S1.);
#762 = LINE('',#763,#764);
#763 = CARTESIAN_POINT('',(14.589572474892,14.999999999999,
    1.457337654611E-13));
#764 = VECTOR('',#765,1.);
#765 = DIRECTION('',(1.,1.854633833301E-13,1.997522575942E-15));
#766 = PCURVE('',#116,#767);
#767 = DEFINITIONAL_REPRESENTATION('',(#768),#772);
#768 = LINE('',#769,#770);
#769 = CARTESIAN_POINT('',(-129.3452769106,-14.58957247489));
#770 = VECTOR('',#771,1.);
#771 = DIRECTION('',(-1.854633833301E-13,-1.));
#772 = ( GEOMETRIC_REPRESENTATION_CONTEXT(2) 
PARAMETRIC_REPRESENTATION_CONTEXT() REPRESENTATION_CONTEXT('2D SPACE',''
  ) );
#773 = PCURVE('',#500,#774);
#774 = DEFINITIONAL_REPRESENTATION('',(#775),#779);
#775 = LINE('',#776,#777);
#776 = CARTESIAN_POINT('',(-12.70521376255,2.5));
#777 = VECTOR('',#778,1.);
#778 = DIRECTION('',(1.,-2.211657365422E-16));
#779 = ( GEOMETRIC_REPRESENTATION_CONTEXT(2) 
PARAMETRIC_REPRESENTATION_CONTEXT() REPRESENTATION_CONTEXT('2D SPACE',''
  ) );
#780 = ORIENTED_EDGE('',*,*,#781,.T.);
#781 = EDGE_CURVE('',#759,#782,#784,.T.);
#782 = VERTEX_POINT('',#783);
#783 = CARTESIAN_POINT('',(40.,-5.,2.975219633478E-13));
#784 = SURFACE_CURVE('',#785,(#789,#796),.PCURVE_S1.);
#785 = LINE('',#786,#787);
#786 = CARTESIAN_POINT('',(40.,15.,1.84279214836E-13));
#787 = VECTOR('',#788,1.);
#788 = DIRECTION('',(1.110223024625E-15,-1.,3.330669073875E-15));
#789 = PCURVE('',#116,#790);
#790 = DEFINITIONAL_REPRESENTATION('',(#791),#795);
#791 = LINE('',#792,#793);
#792 = CARTESIAN_POINT('',(-129.3452769106,-40.));
#793 = VECTOR('',#794,1.);
#794 = DIRECTION('',(1.,-1.554312234475E-15));
#795 = ( GEOMETRIC_REPRESENTATION_CONTEXT(2) 
PARAMETRIC_REPRESENTATION_CONTEXT() REPRESENTATION_CONTEXT('2D SPACE',''
  ) );
#796 = PCURVE('',#797,#802);
#797 = PLANE('',#798);
#798 = AXIS2_PLACEMENT_3D('',#799,#800,#801);
#799 = CARTESIAN_POINT('',(40.,15.,1.964916681069E-13));
#800 = DIRECTION('',(1.,-2.442490654175E-15,2.219567180868E-15));
#801 = DIRECTION('',(8.881784197001E-16,-1.,3.10862446895E-15));
#802 = DEFINITIONAL_REPRESENTATION('',(#803),#807);
#803 = LINE('',#804,#805);
#804 = CARTESIAN_POINT('',(3.5527136788E-15,1.221245327088E-14));
#805 = VECTOR('',#806,1.);
#806 = DIRECTION('',(1.,-2.442490654175E-15));
#807 = ( GEOMETRIC_REPRESENTATION_CONTEXT(2) 
PARAMETRIC_REPRESENTATION_CONTEXT() REPRESENTATION_CONTEXT('2D SPACE',''
  ) );
#808 = ORIENTED_EDGE('',*,*,#809,.T.);
#809 = EDGE_CURVE('',#782,#810,#812,.T.);
#810 = VERTEX_POINT('',#811);
#811 = CARTESIAN_POINT('',(21.754347826089,-5.,1.506501446576E-13));
#812 = SURFACE_CURVE('',#813,(#817,#824),.PCURVE_S1.);
#813 = LINE('',#814,#815);
#814 = CARTESIAN_POINT('',(40.,-5.,2.508925963135E-13));
#815 = VECTOR('',#816,1.);
#816 = DIRECTION('',(-1.,2.886579864025E-15,-1.775477971018E-15));
#817 = PCURVE('',#116,#818);
#818 = DEFINITIONAL_REPRESENTATION('',(#819),#823);
#819 = LINE('',#820,#821);
#820 = CARTESIAN_POINT('',(-109.3452769106,-40.));
#821 = VECTOR('',#822,1.);
#822 = DIRECTION('',(-2.886579864025E-15,1.));
#823 = ( GEOMETRIC_REPRESENTATION_CONTEXT(2) 
PARAMETRIC_REPRESENTATION_CONTEXT() REPRESENTATION_CONTEXT('2D SPACE',''
  ) );
#824 = PCURVE('',#825,#830);
#825 = PLANE('',#826);
#826 = AXIS2_PLACEMENT_3D('',#827,#828,#829);
#827 = CARTESIAN_POINT('',(40.,-5.,2.586641574859E-13));
#828 = DIRECTION('',(6.661338147751E-16,-1.,2.886579864025E-15));
#829 = DIRECTION('',(-1.,2.6645352591E-15,-1.997522575943E-15));
#830 = DEFINITIONAL_REPRESENTATION('',(#831),#835);
#831 = LINE('',#832,#833);
#832 = CARTESIAN_POINT('',(-1.42108547152E-14,7.771561172376E-15));
#833 = VECTOR('',#834,1.);
#834 = DIRECTION('',(1.,-2.442490654175E-15));
#835 = ( GEOMETRIC_REPRESENTATION_CONTEXT(2) 
PARAMETRIC_REPRESENTATION_CONTEXT() REPRESENTATION_CONTEXT('2D SPACE',''
  ) );
#836 = ORIENTED_EDGE('',*,*,#837,.T.);
#837 = EDGE_CURVE('',#810,#838,#840,.T.);
#838 = VERTEX_POINT('',#839);
#839 = CARTESIAN_POINT('',(30.047826086958,-55.,3.240108113312E-13));
#840 = SURFACE_CURVE('',#841,(#845,#852),.PCURVE_S1.);
#841 = LINE('',#842,#843);
#842 = CARTESIAN_POINT('',(20.644855771407,1.688942924692,
    -2.85967947921E-14));
#843 = VECTOR('',#844,1.);
#844 = DIRECTION('',(0.16363383332,-0.986521144524,6.553573181381E-15));
#845 = PCURVE('',#116,#846);
#846 = DEFINITIONAL_REPRESENTATION('',(#847),#851);
#847 = LINE('',#848,#849);
#848 = CARTESIAN_POINT('',(-116.0342198353,-20.6448557714));
#849 = VECTOR('',#850,1.);
#850 = DIRECTION('',(0.986521144524,-0.16363383332));
#851 = ( GEOMETRIC_REPRESENTATION_CONTEXT(2) 
PARAMETRIC_REPRESENTATION_CONTEXT() REPRESENTATION_CONTEXT('2D SPACE',''
  ) );
#852 = PCURVE('',#415,#853);
#853 = DEFINITIONAL_REPRESENTATION('',(#854),#858);
#854 = LINE('',#855,#856);
#855 = CARTESIAN_POINT('',(-1.71201898111,-47.));
#856 = VECTOR('',#857,1.);
#857 = DIRECTION('',(1.,4.238506265355E-15));
#858 = ( GEOMETRIC_REPRESENTATION_CONTEXT(2) 
PARAMETRIC_REPRESENTATION_CONTEXT() REPRESENTATION_CONTEXT('2D SPACE',''
  ) );
#859 = ORIENTED_EDGE('',*,*,#860,.T.);
#860 = EDGE_CURVE('',#838,#861,#863,.T.);
#861 = VERTEX_POINT('',#862);
#862 = CARTESIAN_POINT('',(50.,-55.,4.285194915697E-13));
#863 = SURFACE_CURVE('',#864,(#868,#875),.PCURVE_S1.);
#864 = LINE('',#865,#866);
#865 = CARTESIAN_POINT('',(30.,-55.,3.996712702971E-13));
#866 = VECTOR('',#867,1.);
#867 = DIRECTION('',(1.,-2.886579864025E-15,1.775477971018E-15));
#868 = PCURVE('',#116,#869);
#869 = DEFINITIONAL_REPRESENTATION('',(#870),#874);
#870 = LINE('',#871,#872);
#871 = CARTESIAN_POINT('',(-59.34527691065,-30.));
#872 = VECTOR('',#873,1.);
#873 = DIRECTION('',(2.886579864025E-15,-1.));
#874 = ( GEOMETRIC_REPRESENTATION_CONTEXT(2) 
PARAMETRIC_REPRESENTATION_CONTEXT() REPRESENTATION_CONTEXT('2D SPACE',''
  ) );
#875 = PCURVE('',#876,#881);
#876 = PLANE('',#877);
#877 = AXIS2_PLACEMENT_3D('',#878,#879,#880);
#878 = CARTESIAN_POINT('',(30.,-55.,3.94120155174E-13));
#879 = DIRECTION('',(-6.661338147751E-16,1.,-2.886579864025E-15));
#880 = DIRECTION('',(1.,-2.6645352591E-15,1.997522575943E-15));
#881 = DEFINITIONAL_REPRESENTATION('',(#882),#886);
#882 = LINE('',#883,#884);
#883 = CARTESIAN_POINT('',(2.13162820728E-14,-5.551115123126E-15));
#884 = VECTOR('',#885,1.);
#885 = DIRECTION('',(1.,2.442490654175E-15));
#886 = ( GEOMETRIC_REPRESENTATION_CONTEXT(2) 
PARAMETRIC_REPRESENTATION_CONTEXT() REPRESENTATION_CONTEXT('2D SPACE',''
  ) );
#887 = ORIENTED_EDGE('',*,*,#888,.T.);
#888 = EDGE_CURVE('',#861,#889,#891,.T.);
#889 = VERTEX_POINT('',#890);
#890 = CARTESIAN_POINT('',(50.,-75.,4.684875204562E-13));
#891 = SURFACE_CURVE('',#892,(#896,#903),.PCURVE_S1.);
#892 = LINE('',#893,#894);
#893 = CARTESIAN_POINT('',(50.,-55.,4.351808297175E-13));
#894 = VECTOR('',#895,1.);
#895 = DIRECTION('',(1.110223024625E-15,-1.,3.330669073875E-15));
#896 = PCURVE('',#116,#897);
#897 = DEFINITIONAL_REPRESENTATION('',(#898),#902);
#898 = LINE('',#899,#900);
#899 = CARTESIAN_POINT('',(-59.34527691065,-50.));
#900 = VECTOR('',#901,1.);
#901 = DIRECTION('',(1.,-1.554312234475E-15));
#902 = ( GEOMETRIC_REPRESENTATION_CONTEXT(2) 
PARAMETRIC_REPRESENTATION_CONTEXT() REPRESENTATION_CONTEXT('2D SPACE',''
  ) );
#903 = PCURVE('',#904,#909);
#904 = PLANE('',#905);
#905 = AXIS2_PLACEMENT_3D('',#906,#907,#908);
#906 = CARTESIAN_POINT('',(50.,-55.,4.340706066928E-13));
#907 = DIRECTION('',(1.,-2.442490654175E-15,2.219567180868E-15));
#908 = DIRECTION('',(8.881784197001E-16,-1.,3.10862446895E-15));
#909 = DEFINITIONAL_REPRESENTATION('',(#910),#914);
#910 = LINE('',#911,#912);
#911 = CARTESIAN_POINT('',(4.263256414561E-14,-1.110223024626E-15));
#912 = VECTOR('',#913,1.);
#913 = DIRECTION('',(1.,-2.442490654175E-15));
#914 = ( GEOMETRIC_REPRESENTATION_CONTEXT(2) 
PARAMETRIC_REPRESENTATION_CONTEXT() REPRESENTATION_CONTEXT('2D SPACE',''
  ) );
#915 = ORIENTED_EDGE('',*,*,#916,.T.);
#916 = EDGE_CURVE('',#889,#917,#919,.T.);
#917 = VERTEX_POINT('',#918);
#918 = CARTESIAN_POINT('',(33.365217391305,-75.,3.933550780006E-13));
#919 = SURFACE_CURVE('',#920,(#924,#931),.PCURVE_S1.);
#920 = LINE('',#921,#922);
#921 = CARTESIAN_POINT('',(50.,-75.,5.01794211195E-13));
#922 = VECTOR('',#923,1.);
#923 = DIRECTION('',(-1.,2.886579864025E-15,-1.775477971018E-15));
#924 = PCURVE('',#116,#925);
#925 = DEFINITIONAL_REPRESENTATION('',(#926),#930);
#926 = LINE('',#927,#928);
#927 = CARTESIAN_POINT('',(-39.34527691065,-50.));
#928 = VECTOR('',#929,1.);
#929 = DIRECTION('',(-2.886579864025E-15,1.));
#930 = ( GEOMETRIC_REPRESENTATION_CONTEXT(2) 
PARAMETRIC_REPRESENTATION_CONTEXT() REPRESENTATION_CONTEXT('2D SPACE',''
  ) );
#931 = PCURVE('',#932,#937);
#932 = PLANE('',#933);
#933 = AXIS2_PLACEMENT_3D('',#934,#935,#936);
#934 = CARTESIAN_POINT('',(50.,-75.,4.962430960718E-13));
#935 = DIRECTION('',(6.661338147751E-16,-1.,2.886579864025E-15));
#936 = DIRECTION('',(-1.,2.6645352591E-15,-1.997522575943E-15));
#937 = DEFINITIONAL_REPRESENTATION('',(#938),#942);
#938 = LINE('',#939,#940);
#939 = CARTESIAN_POINT('',(-3.552713678801E-14,-5.551115123126E-15));
#940 = VECTOR('',#941,1.);
#941 = DIRECTION('',(1.,-2.442490654175E-15));
#942 = ( GEOMETRIC_REPRESENTATION_CONTEXT(2) 
PARAMETRIC_REPRESENTATION_CONTEXT() REPRESENTATION_CONTEXT('2D SPACE',''
  ) );
#943 = ORIENTED_EDGE('',*,*,#944,.T.);
#944 = EDGE_CURVE('',#917,#945,#947,.T.);
#945 = VERTEX_POINT('',#946);
#946 = CARTESIAN_POINT('',(40.,-115.,5.442313266713E-13));
#947 = SURFACE_CURVE('',#948,(#952,#959),.PCURVE_S1.);
#948 = LINE('',#949,#950);
#949 = CARTESIAN_POINT('',(20.644855771407,1.688942924692,
    -2.85967947921E-14));
#950 = VECTOR('',#951,1.);
#951 = DIRECTION('',(0.16363383332,-0.986521144524,6.553573181381E-15));
#952 = PCURVE('',#116,#953);
#953 = DEFINITIONAL_REPRESENTATION('',(#954),#958);
#954 = LINE('',#955,#956);
#955 = CARTESIAN_POINT('',(-116.0342198353,-20.6448557714));
#956 = VECTOR('',#957,1.);
#957 = DIRECTION('',(0.986521144524,-0.16363383332));
#958 = ( GEOMETRIC_REPRESENTATION_CONTEXT(2) 
PARAMETRIC_REPRESENTATION_CONTEXT() REPRESENTATION_CONTEXT('2D SPACE',''
  ) );
#959 = PCURVE('',#415,#960);
#960 = DEFINITIONAL_REPRESENTATION('',(#961),#965);
#961 = LINE('',#962,#963);
#962 = CARTESIAN_POINT('',(-1.71201898111,-47.));
#963 = VECTOR('',#964,1.);
#964 = DIRECTION('',(1.,4.238506265355E-15));
#965 = ( GEOMETRIC_REPRESENTATION_CONTEXT(2) 
PARAMETRIC_REPRESENTATION_CONTEXT() REPRESENTATION_CONTEXT('2D SPACE',''
  ) );
#966 = ORIENTED_EDGE('',*,*,#967,.F.);
#967 = EDGE_CURVE('',#968,#945,#970,.T.);
#968 = VERTEX_POINT('',#969);
#969 = CARTESIAN_POINT('',(40.,-145.,5.772981655533E-13));
#970 = SURFACE_CURVE('',#971,(#975,#982),.PCURVE_S1.);
#971 = LINE('',#972,#973);
#972 = CARTESIAN_POINT('',(40.000000000001,-148.6876596183,
    9.389724367778E-13));
#973 = VECTOR('',#974,1.);
#974 = DIRECTION('',(-2.6645352591E-15,1.,-6.328271240363E-15));
#975 = PCURVE('',#116,#976);
#976 = DEFINITIONAL_REPRESENTATION('',(#977),#981);
#977 = LINE('',#978,#979);
#978 = CARTESIAN_POINT('',(34.342382707664,-40.));
#979 = VECTOR('',#980,1.);
#980 = DIRECTION('',(-1.,3.10862446895E-15));
#981 = ( GEOMETRIC_REPRESENTATION_CONTEXT(2) 
PARAMETRIC_REPRESENTATION_CONTEXT() REPRESENTATION_CONTEXT('2D SPACE',''
  ) );
#982 = PCURVE('',#983,#988);
#983 = PLANE('',#984);
#984 = AXIS2_PLACEMENT_3D('',#985,#986,#987);
#985 = CARTESIAN_POINT('',(40.000000000001,-245.,47.000000000002));
#986 = DIRECTION('',(1.,-4.662936703426E-15,-8.881784197001E-16));
#987 = DIRECTION('',(-2.6645352591E-15,1.,-6.439293542826E-15));
#988 = DEFINITIONAL_REPRESENTATION('',(#989),#993);
#989 = LINE('',#990,#991);
#990 = CARTESIAN_POINT('',(96.312340381687,-47.));
#991 = VECTOR('',#992,1.);
#992 = DIRECTION('',(1.,-4.773959005888E-15));
#993 = ( GEOMETRIC_REPRESENTATION_CONTEXT(2) 
PARAMETRIC_REPRESENTATION_CONTEXT() REPRESENTATION_CONTEXT('2D SPACE',''
  ) );
#994 = ORIENTED_EDGE('',*,*,#995,.T.);
#995 = EDGE_CURVE('',#968,#996,#998,.T.);
#996 = VERTEX_POINT('',#997);
#997 = CARTESIAN_POINT('',(60.,-145.,6.394530775647E-13));
#998 = SURFACE_CURVE('',#999,(#1003,#1010),.PCURVE_S1.);
#999 = LINE('',#1000,#1001);
#1000 = CARTESIAN_POINT('',(40.,-145.,7.171862666561E-13));
#1001 = VECTOR('',#1002,1.);
#1002 = DIRECTION('',(1.,-2.886579864025E-15,1.775477971018E-15));
#1003 = PCURVE('',#116,#1004);
#1004 = DEFINITIONAL_REPRESENTATION('',(#1005),#1009);
#1005 = LINE('',#1006,#1007);
#1006 = CARTESIAN_POINT('',(30.65472308935,-40.));
#1007 = VECTOR('',#1008,1.);
#1008 = DIRECTION('',(2.886579864025E-15,-1.));
#1009 = ( GEOMETRIC_REPRESENTATION_CONTEXT(2) 
PARAMETRIC_REPRESENTATION_CONTEXT() REPRESENTATION_CONTEXT('2D SPACE',''
  ) );
#1010 = PCURVE('',#1011,#1016);
#1011 = PLANE('',#1012);
#1012 = AXIS2_PLACEMENT_3D('',#1013,#1014,#1015);
#1013 = CARTESIAN_POINT('',(40.,-145.,6.93871583139E-13));
#1014 = DIRECTION('',(-6.661338147751E-16,1.,-2.886579864025E-15));
#1015 = DIRECTION('',(1.,-2.6645352591E-15,1.997522575943E-15));
#1016 = DEFINITIONAL_REPRESENTATION('',(#1017),#1021);
#1017 = LINE('',#1018,#1019);
#1018 = CARTESIAN_POINT('',(5.684341886081E-14,-2.331468351713E-14));
#1019 = VECTOR('',#1020,1.);
#1020 = DIRECTION('',(1.,2.442490654175E-15));
#1021 = ( GEOMETRIC_REPRESENTATION_CONTEXT(2) 
PARAMETRIC_REPRESENTATION_CONTEXT() REPRESENTATION_CONTEXT('2D SPACE',''
  ) );
#1022 = ORIENTED_EDGE('',*,*,#1023,.T.);
#1023 = EDGE_CURVE('',#996,#1024,#1026,.T.);
#1024 = VERTEX_POINT('',#1025);
#1025 = CARTESIAN_POINT('',(60.,-165.,6.794211064512E-13));
#1026 = SURFACE_CURVE('',#1027,(#1031,#1038),.PCURVE_S1.);
#1027 = LINE('',#1028,#1029);
#1028 = CARTESIAN_POINT('',(60.,-145.,7.526958260764E-13));
#1029 = VECTOR('',#1030,1.);
#1030 = DIRECTION('',(1.110223024625E-15,-1.,3.330669073875E-15));
#1031 = PCURVE('',#116,#1032);
#1032 = DEFINITIONAL_REPRESENTATION('',(#1033),#1037);
#1033 = LINE('',#1034,#1035);
#1034 = CARTESIAN_POINT('',(30.65472308935,-60.));
#1035 = VECTOR('',#1036,1.);
#1036 = DIRECTION('',(1.,-1.554312234475E-15));
#1037 = ( GEOMETRIC_REPRESENTATION_CONTEXT(2) 
PARAMETRIC_REPRESENTATION_CONTEXT() REPRESENTATION_CONTEXT('2D SPACE',''
  ) );
#1038 = PCURVE('',#1039,#1044);
#1039 = PLANE('',#1040);
#1040 = AXIS2_PLACEMENT_3D('',#1041,#1042,#1043);
#1041 = CARTESIAN_POINT('',(60.,-145.,7.338220346578E-13));
#1042 = DIRECTION('',(1.,-2.442490654175E-15,2.219567180868E-15));
#1043 = DIRECTION('',(8.881784197001E-16,-1.,3.10862446895E-15));
#1044 = DEFINITIONAL_REPRESENTATION('',(#1045),#1049);
#1045 = LINE('',#1046,#1047);
#1046 = CARTESIAN_POINT('',(8.526512829121E-14,-1.887379141863E-14));
#1047 = VECTOR('',#1048,1.);
#1048 = DIRECTION('',(1.,-2.442490654175E-15));
#1049 = ( GEOMETRIC_REPRESENTATION_CONTEXT(2) 
PARAMETRIC_REPRESENTATION_CONTEXT() REPRESENTATION_CONTEXT('2D SPACE',''
  ) );
#1050 = ORIENTED_EDGE('',*,*,#1051,.T.);
#1051 = EDGE_CURVE('',#1024,#1052,#1054,.T.);
#1052 = VERTEX_POINT('',#1053);
#1053 = CARTESIAN_POINT('',(40.,-165.,6.172661944398E-13));
#1054 = SURFACE_CURVE('',#1055,(#1059,#1066),.PCURVE_S1.);
#1055 = LINE('',#1056,#1057);
#1056 = CARTESIAN_POINT('',(60.,-165.,8.193092075539E-13));
#1057 = VECTOR('',#1058,1.);
#1058 = DIRECTION('',(-1.,2.886579864025E-15,-1.775477971018E-15));
#1059 = PCURVE('',#116,#1060);
#1060 = DEFINITIONAL_REPRESENTATION('',(#1061),#1065);
#1061 = LINE('',#1062,#1063);
#1062 = CARTESIAN_POINT('',(50.65472308935,-60.));
#1063 = VECTOR('',#1064,1.);
#1064 = DIRECTION('',(-2.886579864025E-15,1.));
#1065 = ( GEOMETRIC_REPRESENTATION_CONTEXT(2) 
PARAMETRIC_REPRESENTATION_CONTEXT() REPRESENTATION_CONTEXT('2D SPACE',''
  ) );
#1066 = PCURVE('',#1067,#1072);
#1067 = PLANE('',#1068);
#1068 = AXIS2_PLACEMENT_3D('',#1069,#1070,#1071);
#1069 = CARTESIAN_POINT('',(60.,-165.,7.959945240368E-13));
#1070 = DIRECTION('',(6.661338147751E-16,-1.,2.886579864025E-15));
#1071 = DIRECTION('',(-1.,2.6645352591E-15,-1.997522575943E-15));
#1072 = DEFINITIONAL_REPRESENTATION('',(#1073),#1077);
#1073 = LINE('',#1074,#1075);
#1074 = CARTESIAN_POINT('',(-6.394884621841E-14,-2.331468351713E-14));
#1075 = VECTOR('',#1076,1.);
#1076 = DIRECTION('',(1.,-2.442490654175E-15));
#1077 = ( GEOMETRIC_REPRESENTATION_CONTEXT(2) 
PARAMETRIC_REPRESENTATION_CONTEXT() REPRESENTATION_CONTEXT('2D SPACE',''
  ) );
#1078 = ORIENTED_EDGE('',*,*,#1079,.F.);
#1079 = EDGE_CURVE('',#1080,#1052,#1082,.T.);
#1080 = VERTEX_POINT('',#1081);
#1081 = CARTESIAN_POINT('',(40.,-225.,7.371702810993E-13));
#1082 = SURFACE_CURVE('',#1083,(#1087,#1094),.PCURVE_S1.);
#1083 = LINE('',#1084,#1085);
#1084 = CARTESIAN_POINT('',(40.000000000001,-148.6876596183,
    9.389724367778E-13));
#1085 = VECTOR('',#1086,1.);
#1086 = DIRECTION('',(-2.6645352591E-15,1.,-6.328271240363E-15));
#1087 = PCURVE('',#116,#1088);
#1088 = DEFINITIONAL_REPRESENTATION('',(#1089),#1093);
#1089 = LINE('',#1090,#1091);
#1090 = CARTESIAN_POINT('',(34.342382707664,-40.));
#1091 = VECTOR('',#1092,1.);
#1092 = DIRECTION('',(-1.,3.10862446895E-15));
#1093 = ( GEOMETRIC_REPRESENTATION_CONTEXT(2) 
PARAMETRIC_REPRESENTATION_CONTEXT() REPRESENTATION_CONTEXT('2D SPACE',''
  ) );
#1094 = PCURVE('',#983,#1095);
#1095 = DEFINITIONAL_REPRESENTATION('',(#1096),#1100);
#1096 = LINE('',#1097,#1098);
#1097 = CARTESIAN_POINT('',(96.312340381687,-47.));
#1098 = VECTOR('',#1099,1.);
#1099 = DIRECTION('',(1.,-4.773959005888E-15));
#1100 = ( GEOMETRIC_REPRESENTATION_CONTEXT(2) 
PARAMETRIC_REPRESENTATION_CONTEXT() REPRESENTATION_CONTEXT('2D SPACE',''
  ) );
#1101 = ORIENTED_EDGE('',*,*,#1102,.T.);
#1102 = EDGE_CURVE('',#1080,#1103,#1105,.T.);
#1103 = VERTEX_POINT('',#1104);
#1104 = CARTESIAN_POINT('',(60.,-225.,7.993251931107E-13));
#1105 = SURFACE_CURVE('',#1106,(#1110,#1117),.PCURVE_S1.);
#1106 = LINE('',#1107,#1108);
#1107 = CARTESIAN_POINT('',(40.,-225.,9.836397925661E-13));
#1108 = VECTOR('',#1109,1.);
#1109 = DIRECTION('',(1.,-2.886579864025E-15,1.775477971018E-15));
#1110 = PCURVE('',#116,#1111);
#1111 = DEFINITIONAL_REPRESENTATION('',(#1112),#1116);
#1112 = LINE('',#1113,#1114);
#1113 = CARTESIAN_POINT('',(110.65472308935,-40.));
#1114 = VECTOR('',#1115,1.);
#1115 = DIRECTION('',(2.886579864025E-15,-1.));
#1116 = ( GEOMETRIC_REPRESENTATION_CONTEXT(2) 
PARAMETRIC_REPRESENTATION_CONTEXT() REPRESENTATION_CONTEXT('2D SPACE',''
  ) );
#1117 = PCURVE('',#1118,#1123);
#1118 = PLANE('',#1119);
#1119 = AXIS2_PLACEMENT_3D('',#1120,#1121,#1122);
#1120 = CARTESIAN_POINT('',(40.,-225.,9.42561540655E-13));
#1121 = DIRECTION('',(-6.661338147751E-16,1.,-2.886579864025E-15));
#1122 = DIRECTION('',(1.,-2.6645352591E-15,1.997522575943E-15));
#1123 = DEFINITIONAL_REPRESENTATION('',(#1124),#1128);
#1124 = LINE('',#1125,#1126);
#1125 = CARTESIAN_POINT('',(7.105427357601E-14,-4.107825191113E-14));
#1126 = VECTOR('',#1127,1.);
#1127 = DIRECTION('',(1.,2.442490654175E-15));
#1128 = ( GEOMETRIC_REPRESENTATION_CONTEXT(2) 
PARAMETRIC_REPRESENTATION_CONTEXT() REPRESENTATION_CONTEXT('2D SPACE',''
  ) );
#1129 = ORIENTED_EDGE('',*,*,#1130,.T.);
#1130 = EDGE_CURVE('',#1103,#1131,#1133,.T.);
#1131 = VERTEX_POINT('',#1132);
#1132 = CARTESIAN_POINT('',(60.,-245.,8.392932219972E-13));
#1133 = SURFACE_CURVE('',#1134,(#1138,#1145),.PCURVE_S1.);
#1134 = LINE('',#1135,#1136);
#1135 = CARTESIAN_POINT('',(60.,-225.,1.019149351986E-12));
#1136 = VECTOR('',#1137,1.);
#1137 = DIRECTION('',(1.110223024625E-15,-1.,3.330669073875E-15));
#1138 = PCURVE('',#116,#1139);
#1139 = DEFINITIONAL_REPRESENTATION('',(#1140),#1144);
#1140 = LINE('',#1141,#1142);
#1141 = CARTESIAN_POINT('',(110.65472308935,-60.));
#1142 = VECTOR('',#1143,1.);
#1143 = DIRECTION('',(1.,-1.554312234475E-15));
#1144 = ( GEOMETRIC_REPRESENTATION_CONTEXT(2) 
PARAMETRIC_REPRESENTATION_CONTEXT() REPRESENTATION_CONTEXT('2D SPACE',''
  ) );
#1145 = PCURVE('',#1146,#1151);
#1146 = PLANE('',#1147);
#1147 = AXIS2_PLACEMENT_3D('',#1148,#1149,#1150);
#1148 = CARTESIAN_POINT('',(60.,-225.,9.825119921738E-13));
#1149 = DIRECTION('',(1.,-2.442490654175E-15,2.219567180868E-15));
#1150 = DIRECTION('',(8.881784197001E-16,-1.,3.10862446895E-15));
#1151 = DEFINITIONAL_REPRESENTATION('',(#1152),#1156);
#1152 = LINE('',#1153,#1154);
#1153 = CARTESIAN_POINT('',(8.526512829121E-14,-3.663735981263E-14));
#1154 = VECTOR('',#1155,1.);
#1155 = DIRECTION('',(1.,-2.442490654175E-15));
#1156 = ( GEOMETRIC_REPRESENTATION_CONTEXT(2) 
PARAMETRIC_REPRESENTATION_CONTEXT() REPRESENTATION_CONTEXT('2D SPACE',''
  ) );
#1157 = ORIENTED_EDGE('',*,*,#1158,.T.);
#1158 = EDGE_CURVE('',#1131,#1159,#1161,.T.);
#1159 = VERTEX_POINT('',#1160);
#1160 = CARTESIAN_POINT('',(-60.,-245.,7.260504734854E-13));
#1161 = SURFACE_CURVE('',#1162,(#1166,#1173),.PCURVE_S1.);
#1162 = LINE('',#1163,#1164);
#1163 = CARTESIAN_POINT('',(60.,-245.,1.044684481553E-12));
#1164 = VECTOR('',#1165,1.);
#1165 = DIRECTION('',(-1.,2.6645352591E-15,-1.997522575943E-15));
#1166 = PCURVE('',#116,#1167);
#1167 = DEFINITIONAL_REPRESENTATION('',(#1168),#1172);
#1168 = LINE('',#1169,#1170);
#1169 = CARTESIAN_POINT('',(130.65472308935,-60.));
#1170 = VECTOR('',#1171,1.);
#1171 = DIRECTION('',(-2.6645352591E-15,1.));
#1172 = ( GEOMETRIC_REPRESENTATION_CONTEXT(2) 
PARAMETRIC_REPRESENTATION_CONTEXT() REPRESENTATION_CONTEXT('2D SPACE',''
  ) );
#1173 = PCURVE('',#1174,#1179);
#1174 = PLANE('',#1175);
#1175 = AXIS2_PLACEMENT_3D('',#1176,#1177,#1178);
#1176 = CARTESIAN_POINT('',(1.271271843616E-13,-245.,18.470059880241));
#1177 = DIRECTION('',(1.110223024625E-15,-1.,-1.150601229569E-15));
#1178 = DIRECTION('',(2.886579864025E-15,4.481270303445E-15,-1.));
#1179 = DEFINITIONAL_REPRESENTATION('',(#1180),#1184);
#1180 = LINE('',#1181,#1182);
#1181 = CARTESIAN_POINT('',(18.47005988024,60.));
#1182 = VECTOR('',#1183,1.);
#1183 = DIRECTION('',(2.211657365423E-16,-1.));
#1184 = ( GEOMETRIC_REPRESENTATION_CONTEXT(2) 
PARAMETRIC_REPRESENTATION_CONTEXT() REPRESENTATION_CONTEXT('2D SPACE',''
  ) );
#1185 = ORIENTED_EDGE('',*,*,#1186,.F.);
#1186 = EDGE_CURVE('',#1187,#1159,#1189,.T.);
#1187 = VERTEX_POINT('',#1188);
#1188 = CARTESIAN_POINT('',(-60.,-225.,6.860824445989E-13));
#1189 = SURFACE_CURVE('',#1190,(#1194,#1201),.PCURVE_S1.);
#1190 = LINE('',#1191,#1192);
#1191 = CARTESIAN_POINT('',(-60.,-225.,1.255626856232E-12));
#1192 = VECTOR('',#1193,1.);
#1193 = DIRECTION('',(1.221245327088E-15,-1.,3.996802888651E-15));
#1194 = PCURVE('',#116,#1195);
#1195 = DEFINITIONAL_REPRESENTATION('',(#1196),#1200);
#1196 = LINE('',#1197,#1198);
#1197 = CARTESIAN_POINT('',(110.65472308935,60.));
#1198 = VECTOR('',#1199,1.);
#1199 = DIRECTION('',(1.,-1.665334536938E-15));
#1200 = ( GEOMETRIC_REPRESENTATION_CONTEXT(2) 
PARAMETRIC_REPRESENTATION_CONTEXT() REPRESENTATION_CONTEXT('2D SPACE',''
  ) );
#1201 = PCURVE('',#1202,#1207);
#1202 = PLANE('',#1203);
#1203 = AXIS2_PLACEMENT_3D('',#1204,#1205,#1206);
#1204 = CARTESIAN_POINT('',(-60.,-225.,1.129061431424E-12));
#1205 = DIRECTION('',(-1.,3.219646771413E-15,2.996723298105E-15));
#1206 = DIRECTION('',(-7.771561172376E-16,1.,-3.552713678801E-15));
#1207 = DEFINITIONAL_REPRESENTATION('',(#1208),#1212);
#1208 = LINE('',#1209,#1210);
#1209 = CARTESIAN_POINT('',(-1.705302565824E-13,-1.265654248073E-13));
#1210 = VECTOR('',#1211,1.);
#1211 = DIRECTION('',(-1.,-3.552713678801E-15));
#1212 = ( GEOMETRIC_REPRESENTATION_CONTEXT(2) 
PARAMETRIC_REPRESENTATION_CONTEXT() REPRESENTATION_CONTEXT('2D SPACE',''
  ) );
#1213 = ORIENTED_EDGE('',*,*,#1214,.F.);
#1214 = EDGE_CURVE('',#1215,#1187,#1217,.T.);
#1215 = VERTEX_POINT('',#1216);
#1216 = CARTESIAN_POINT('',(-40.,-225.,6.616751154248E-13));
#1217 = SURFACE_CURVE('',#1218,(#1222,#1229),.PCURVE_S1.);
#1218 = LINE('',#1219,#1220);
#1219 = CARTESIAN_POINT('',(-40.,-225.,1.191251498171E-12));
#1220 = VECTOR('',#1221,1.);
#1221 = DIRECTION('',(-1.,3.441691376338E-15,3.21876790303E-15));
#1222 = PCURVE('',#116,#1223);
#1223 = DEFINITIONAL_REPRESENTATION('',(#1224),#1228);
#1224 = LINE('',#1225,#1226);
#1225 = CARTESIAN_POINT('',(110.65472308935,40.));
#1226 = VECTOR('',#1227,1.);
#1227 = DIRECTION('',(-3.441691376338E-15,1.));
#1228 = ( GEOMETRIC_REPRESENTATION_CONTEXT(2) 
PARAMETRIC_REPRESENTATION_CONTEXT() REPRESENTATION_CONTEXT('2D SPACE',''
  ) );
#1229 = PCURVE('',#1230,#1235);
#1230 = PLANE('',#1231);
#1231 = AXIS2_PLACEMENT_3D('',#1232,#1233,#1234);
#1232 = CARTESIAN_POINT('',(-40.,-225.,1.073567857561E-12));
#1233 = DIRECTION('',(-9.992007221626E-16,1.,-3.330669073875E-15));
#1234 = DIRECTION('',(1.,-2.997602166488E-15,-2.77467869318E-15));
#1235 = DEFINITIONAL_REPRESENTATION('',(#1236),#1240);
#1236 = LINE('',#1237,#1238);
#1237 = CARTESIAN_POINT('',(5.684341886081E-14,-1.176836406103E-13));
#1238 = VECTOR('',#1239,1.);
#1239 = DIRECTION('',(-1.,-3.10862446895E-15));
#1240 = ( GEOMETRIC_REPRESENTATION_CONTEXT(2) 
PARAMETRIC_REPRESENTATION_CONTEXT() REPRESENTATION_CONTEXT('2D SPACE',''
  ) );
#1241 = ORIENTED_EDGE('',*,*,#1242,.F.);
#1242 = EDGE_CURVE('',#1243,#1215,#1245,.T.);
#1243 = VERTEX_POINT('',#1244);
#1244 = CARTESIAN_POINT('',(-40.,-165.,5.417710287653E-13));
#1245 = SURFACE_CURVE('',#1246,(#1250,#1257),.PCURVE_S1.);
#1246 = LINE('',#1247,#1248);
#1247 = CARTESIAN_POINT('',(-40.,-83.68765961831,5.581383442732E-13));
#1248 = VECTOR('',#1249,1.);
#1249 = DIRECTION('',(2.6645352591E-15,-1.,6.328271240363E-15));
#1250 = PCURVE('',#116,#1251);
#1251 = DEFINITIONAL_REPRESENTATION('',(#1252),#1256);
#1252 = LINE('',#1253,#1254);
#1253 = CARTESIAN_POINT('',(-30.65761729233,40.));
#1254 = VECTOR('',#1255,1.);
#1255 = DIRECTION('',(1.,-3.10862446895E-15));
#1256 = ( GEOMETRIC_REPRESENTATION_CONTEXT(2) 
PARAMETRIC_REPRESENTATION_CONTEXT() REPRESENTATION_CONTEXT('2D SPACE',''
  ) );
#1257 = PCURVE('',#1258,#1263);
#1258 = PLANE('',#1259);
#1259 = AXIS2_PLACEMENT_3D('',#1260,#1261,#1262);
#1260 = CARTESIAN_POINT('',(-40.,-115.,47.000000000001));
#1261 = DIRECTION('',(-1.,4.662936703426E-15,8.881784197001E-16));
#1262 = DIRECTION('',(2.6645352591E-15,-1.,6.439293542826E-15));
#1263 = DEFINITIONAL_REPRESENTATION('',(#1264),#1268);
#1264 = LINE('',#1265,#1266);
#1265 = CARTESIAN_POINT('',(-31.31234038168,-47.));
#1266 = VECTOR('',#1267,1.);
#1267 = DIRECTION('',(1.,4.773959005888E-15));
#1268 = ( GEOMETRIC_REPRESENTATION_CONTEXT(2) 
PARAMETRIC_REPRESENTATION_CONTEXT() REPRESENTATION_CONTEXT('2D SPACE',''
  ) );
#1269 = ORIENTED_EDGE('',*,*,#1270,.F.);
#1270 = EDGE_CURVE('',#1271,#1243,#1273,.T.);
#1271 = VERTEX_POINT('',#1272);
#1272 = CARTESIAN_POINT('',(-60.,-165.,5.661783579394E-13));
#1273 = SURFACE_CURVE('',#1274,(#1278,#1285),.PCURVE_S1.);
#1274 = LINE('',#1275,#1276);
#1275 = CARTESIAN_POINT('',(-60.,-165.,1.015818682913E-12));
#1276 = VECTOR('',#1277,1.);
#1277 = DIRECTION('',(1.,-3.441691376338E-15,-3.21876790303E-15));
#1278 = PCURVE('',#116,#1279);
#1279 = DEFINITIONAL_REPRESENTATION('',(#1280),#1284);
#1280 = LINE('',#1281,#1282);
#1281 = CARTESIAN_POINT('',(50.65472308935,60.));
#1282 = VECTOR('',#1283,1.);
#1283 = DIRECTION('',(3.441691376338E-15,-1.));
#1284 = ( GEOMETRIC_REPRESENTATION_CONTEXT(2) 
PARAMETRIC_REPRESENTATION_CONTEXT() REPRESENTATION_CONTEXT('2D SPACE',''
  ) );
#1285 = PCURVE('',#1286,#1291);
#1286 = PLANE('',#1287);
#1287 = AXIS2_PLACEMENT_3D('',#1288,#1289,#1290);
#1288 = CARTESIAN_POINT('',(-60.,-165.,9.158986106963E-13));
#1289 = DIRECTION('',(9.992007221626E-16,-1.,3.330669073875E-15));
#1290 = DIRECTION('',(-1.,2.997602166488E-15,2.77467869318E-15));
#1291 = DEFINITIONAL_REPRESENTATION('',(#1292),#1296);
#1292 = LINE('',#1293,#1294);
#1293 = CARTESIAN_POINT('',(-2.84217094304E-14,-9.992007221627E-14));
#1294 = VECTOR('',#1295,1.);
#1295 = DIRECTION('',(-1.,3.10862446895E-15));
#1296 = ( GEOMETRIC_REPRESENTATION_CONTEXT(2) 
PARAMETRIC_REPRESENTATION_CONTEXT() REPRESENTATION_CONTEXT('2D SPACE',''
  ) );
#1297 = ORIENTED_EDGE('',*,*,#1298,.F.);
#1298 = EDGE_CURVE('',#1299,#1271,#1301,.T.);
#1299 = VERTEX_POINT('',#1300);
#1300 = CARTESIAN_POINT('',(-60.,-145.,5.262103290529E-13));
#1301 = SURFACE_CURVE('',#1302,(#1306,#1313),.PCURVE_S1.);
#1302 = LINE('',#1303,#1304);
#1303 = CARTESIAN_POINT('',(-60.,-145.,9.358826251396E-13));
#1304 = VECTOR('',#1305,1.);
#1305 = DIRECTION('',(1.221245327088E-15,-1.,3.996802888651E-15));
#1306 = PCURVE('',#116,#1307);
#1307 = DEFINITIONAL_REPRESENTATION('',(#1308),#1312);
#1308 = LINE('',#1309,#1310);
#1309 = CARTESIAN_POINT('',(30.65472308935,60.));
#1310 = VECTOR('',#1311,1.);
#1311 = DIRECTION('',(1.,-1.665334536938E-15));
#1312 = ( GEOMETRIC_REPRESENTATION_CONTEXT(2) 
PARAMETRIC_REPRESENTATION_CONTEXT() REPRESENTATION_CONTEXT('2D SPACE',''
  ) );
#1313 = PCURVE('',#1314,#1319);
#1314 = PLANE('',#1315);
#1315 = AXIS2_PLACEMENT_3D('',#1316,#1317,#1318);
#1316 = CARTESIAN_POINT('',(-60.,-145.,8.448443371203E-13));
#1317 = DIRECTION('',(-1.,3.219646771413E-15,2.996723298105E-15));
#1318 = DIRECTION('',(-7.771561172376E-16,1.,-3.552713678801E-15));
#1319 = DEFINITIONAL_REPRESENTATION('',(#1320),#1324);
#1320 = LINE('',#1321,#1322);
#1321 = CARTESIAN_POINT('',(-1.136868377216E-13,-9.103828801926E-14));
#1322 = VECTOR('',#1323,1.);
#1323 = DIRECTION('',(-1.,-3.552713678801E-15));
#1324 = ( GEOMETRIC_REPRESENTATION_CONTEXT(2) 
PARAMETRIC_REPRESENTATION_CONTEXT() REPRESENTATION_CONTEXT('2D SPACE',''
  ) );
#1325 = ORIENTED_EDGE('',*,*,#1326,.F.);
#1326 = EDGE_CURVE('',#1327,#1299,#1329,.T.);
#1327 = VERTEX_POINT('',#1328);
#1328 = CARTESIAN_POINT('',(-40.,-145.,5.018029998788E-13));
#1329 = SURFACE_CURVE('',#1330,(#1334,#1341),.PCURVE_S1.);
#1330 = LINE('',#1331,#1332);
#1331 = CARTESIAN_POINT('',(-40.,-145.,8.71507267079E-13));
#1332 = VECTOR('',#1333,1.);
#1333 = DIRECTION('',(-1.,3.441691376338E-15,3.21876790303E-15));
#1334 = PCURVE('',#116,#1335);
#1335 = DEFINITIONAL_REPRESENTATION('',(#1336),#1340);
#1336 = LINE('',#1337,#1338);
#1337 = CARTESIAN_POINT('',(30.65472308935,40.));
#1338 = VECTOR('',#1339,1.);
#1339 = DIRECTION('',(-3.441691376338E-15,1.));
#1340 = ( GEOMETRIC_REPRESENTATION_CONTEXT(2) 
PARAMETRIC_REPRESENTATION_CONTEXT() REPRESENTATION_CONTEXT('2D SPACE',''
  ) );
#1341 = PCURVE('',#1342,#1347);
#1342 = PLANE('',#1343);
#1343 = AXIS2_PLACEMENT_3D('',#1344,#1345,#1346);
#1344 = CARTESIAN_POINT('',(-40.,-145.,7.893507632567E-13));
#1345 = DIRECTION('',(-9.992007221626E-16,1.,-3.330669073875E-15));
#1346 = DIRECTION('',(1.,-2.997602166488E-15,-2.77467869318E-15));
#1347 = DEFINITIONAL_REPRESENTATION('',(#1348),#1352);
#1348 = LINE('',#1349,#1350);
#1349 = CARTESIAN_POINT('',(2.13162820728E-14,-8.215650382226E-14));
#1350 = VECTOR('',#1351,1.);
#1351 = DIRECTION('',(-1.,-3.10862446895E-15));
#1352 = ( GEOMETRIC_REPRESENTATION_CONTEXT(2) 
PARAMETRIC_REPRESENTATION_CONTEXT() REPRESENTATION_CONTEXT('2D SPACE',''
  ) );
#1353 = ORIENTED_EDGE('',*,*,#1354,.F.);
#1354 = EDGE_CURVE('',#1355,#1327,#1357,.T.);
#1355 = VERTEX_POINT('',#1356);
#1356 = CARTESIAN_POINT('',(-40.,-115.,3.808064974464E-13));
#1357 = SURFACE_CURVE('',#1358,(#1362,#1369),.PCURVE_S1.);
#1358 = LINE('',#1359,#1360);
#1359 = CARTESIAN_POINT('',(-40.,-83.68765961831,5.581383442732E-13));
#1360 = VECTOR('',#1361,1.);
#1361 = DIRECTION('',(2.6645352591E-15,-1.,6.328271240363E-15));
#1362 = PCURVE('',#116,#1363);
#1363 = DEFINITIONAL_REPRESENTATION('',(#1364),#1368);
#1364 = LINE('',#1365,#1366);
#1365 = CARTESIAN_POINT('',(-30.65761729233,40.));
#1366 = VECTOR('',#1367,1.);
#1367 = DIRECTION('',(1.,-3.10862446895E-15));
#1368 = ( GEOMETRIC_REPRESENTATION_CONTEXT(2) 
PARAMETRIC_REPRESENTATION_CONTEXT() REPRESENTATION_CONTEXT('2D SPACE',''
  ) );
#1369 = PCURVE('',#1258,#1370);
#1370 = DEFINITIONAL_REPRESENTATION('',(#1371),#1375);
#1371 = LINE('',#1372,#1373);
#1372 = CARTESIAN_POINT('',(-31.31234038168,-47.));
#1373 = VECTOR('',#1374,1.);
#1374 = DIRECTION('',(1.,4.773959005888E-15));
#1375 = ( GEOMETRIC_REPRESENTATION_CONTEXT(2) 
PARAMETRIC_REPRESENTATION_CONTEXT() REPRESENTATION_CONTEXT('2D SPACE',''
  ) );
#1376 = ORIENTED_EDGE('',*,*,#1377,.F.);
#1377 = EDGE_CURVE('',#1378,#1355,#1380,.T.);
#1378 = VERTEX_POINT('',#1379);
#1379 = CARTESIAN_POINT('',(-33.3652173913,-75.,3.240981635198E-13));
#1380 = SURFACE_CURVE('',#1381,(#1385,#1392),.PCURVE_S1.);
#1381 = LINE('',#1382,#1383);
#1382 = CARTESIAN_POINT('',(-20.6448557714,1.688942924692,
    5.720534260402E-15));
#1383 = VECTOR('',#1384,1.);
#1384 = DIRECTION('',(-0.16363383332,-0.986521144524,6.808580383567E-15)
  );
#1385 = PCURVE('',#116,#1386);
#1386 = DEFINITIONAL_REPRESENTATION('',(#1387),#1391);
#1387 = LINE('',#1388,#1389);
#1388 = CARTESIAN_POINT('',(-116.0342198353,20.644855771407));
#1389 = VECTOR('',#1390,1.);
#1390 = DIRECTION('',(0.986521144524,0.16363383332));
#1391 = ( GEOMETRIC_REPRESENTATION_CONTEXT(2) 
PARAMETRIC_REPRESENTATION_CONTEXT() REPRESENTATION_CONTEXT('2D SPACE',''
  ) );
#1392 = PCURVE('',#228,#1393);
#1393 = DEFINITIONAL_REPRESENTATION('',(#1394),#1398);
#1394 = LINE('',#1395,#1396);
#1395 = CARTESIAN_POINT('',(-1.71201898111,-47.));
#1396 = VECTOR('',#1397,1.);
#1397 = DIRECTION('',(1.,5.837871832802E-15));
#1398 = ( GEOMETRIC_REPRESENTATION_CONTEXT(2) 
PARAMETRIC_REPRESENTATION_CONTEXT() REPRESENTATION_CONTEXT('2D SPACE',''
  ) );
#1399 = ORIENTED_EDGE('',*,*,#1400,.F.);
#1400 = EDGE_CURVE('',#1401,#1378,#1403,.T.);
#1401 = VERTEX_POINT('',#1402);
#1402 = CARTESIAN_POINT('',(-50.,-75.,3.741185633631E-13));
#1403 = SURFACE_CURVE('',#1404,(#1408,#1415),.PCURVE_S1.);
#1404 = LINE('',#1405,#1406);
#1405 = CARTESIAN_POINT('',(-50.,-75.,6.239187439037E-13));
#1406 = VECTOR('',#1407,1.);
#1407 = DIRECTION('',(1.,-3.441691376338E-15,-3.21876790303E-15));
#1408 = PCURVE('',#116,#1409);
#1409 = DEFINITIONAL_REPRESENTATION('',(#1410),#1414);
#1410 = LINE('',#1411,#1412);
#1411 = CARTESIAN_POINT('',(-39.34527691065,50.));
#1412 = VECTOR('',#1413,1.);
#1413 = DIRECTION('',(3.441691376338E-15,-1.));
#1414 = ( GEOMETRIC_REPRESENTATION_CONTEXT(2) 
PARAMETRIC_REPRESENTATION_CONTEXT() REPRESENTATION_CONTEXT('2D SPACE',''
  ) );
#1415 = PCURVE('',#1416,#1421);
#1416 = PLANE('',#1417);
#1417 = AXIS2_PLACEMENT_3D('',#1418,#1419,#1420);
#1418 = CARTESIAN_POINT('',(-50.,-75.,5.684075926725E-13));
#1419 = DIRECTION('',(9.992007221626E-16,-1.,3.330669073875E-15));
#1420 = DIRECTION('',(-1.,2.997602166488E-15,2.77467869318E-15));
#1421 = DEFINITIONAL_REPRESENTATION('',(#1422),#1426);
#1422 = LINE('',#1423,#1424);
#1423 = CARTESIAN_POINT('',(7.105427357601E-15,-5.551115123126E-14));
#1424 = VECTOR('',#1425,1.);
#1425 = DIRECTION('',(-1.,3.10862446895E-15));
#1426 = ( GEOMETRIC_REPRESENTATION_CONTEXT(2) 
PARAMETRIC_REPRESENTATION_CONTEXT() REPRESENTATION_CONTEXT('2D SPACE',''
  ) );
#1427 = ORIENTED_EDGE('',*,*,#1428,.F.);
#1428 = EDGE_CURVE('',#1429,#1401,#1431,.T.);
#1429 = VERTEX_POINT('',#1430);
#1430 = CARTESIAN_POINT('',(-50.,-55.,3.341505344766E-13));
#1431 = SURFACE_CURVE('',#1432,(#1436,#1443),.PCURVE_S1.);
#1432 = LINE('',#1433,#1434);
#1433 = CARTESIAN_POINT('',(-50.,-55.,5.439826861307E-13));
#1434 = VECTOR('',#1435,1.);
#1435 = DIRECTION('',(1.221245327088E-15,-1.,3.996802888651E-15));
#1436 = PCURVE('',#116,#1437);
#1437 = DEFINITIONAL_REPRESENTATION('',(#1438),#1442);
#1438 = LINE('',#1439,#1440);
#1439 = CARTESIAN_POINT('',(-59.34527691065,50.));
#1440 = VECTOR('',#1441,1.);
#1441 = DIRECTION('',(1.,-1.665334536938E-15));
#1442 = ( GEOMETRIC_REPRESENTATION_CONTEXT(2) 
PARAMETRIC_REPRESENTATION_CONTEXT() REPRESENTATION_CONTEXT('2D SPACE',''
  ) );
#1443 = PCURVE('',#1444,#1449);
#1444 = PLANE('',#1445);
#1445 = AXIS2_PLACEMENT_3D('',#1446,#1447,#1448);
#1446 = CARTESIAN_POINT('',(-50.,-55.,4.973533190965E-13));
#1447 = DIRECTION('',(-1.,3.219646771413E-15,2.996723298105E-15));
#1448 = DIRECTION('',(-7.771561172376E-16,1.,-3.552713678801E-15));
#1449 = DEFINITIONAL_REPRESENTATION('',(#1450),#1454);
#1450 = LINE('',#1451,#1452);
#1451 = CARTESIAN_POINT('',(-2.84217094304E-14,-4.662936703426E-14));
#1452 = VECTOR('',#1453,1.);
#1453 = DIRECTION('',(-1.,-3.552713678801E-15));
#1454 = ( GEOMETRIC_REPRESENTATION_CONTEXT(2) 
PARAMETRIC_REPRESENTATION_CONTEXT() REPRESENTATION_CONTEXT('2D SPACE',''
  ) );
#1455 = ORIENTED_EDGE('',*,*,#1456,.F.);
#1456 = EDGE_CURVE('',#1457,#1429,#1459,.T.);
#1457 = VERTEX_POINT('',#1458);
#1458 = CARTESIAN_POINT('',(-30.04782608695,-55.,2.589613758855E-13));
#1459 = SURFACE_CURVE('',#1460,(#1464,#1471),.PCURVE_S1.);
#1460 = LINE('',#1461,#1462);
#1461 = CARTESIAN_POINT('',(-30.,-55.,4.796073280701E-13));
#1462 = VECTOR('',#1463,1.);
#1463 = DIRECTION('',(-1.,3.441691376338E-15,3.21876790303E-15));
#1464 = PCURVE('',#116,#1465);
#1465 = DEFINITIONAL_REPRESENTATION('',(#1466),#1470);
#1466 = LINE('',#1467,#1468);
#1467 = CARTESIAN_POINT('',(-59.34527691065,30.));
#1468 = VECTOR('',#1469,1.);
#1469 = DIRECTION('',(-3.441691376338E-15,1.));
#1470 = ( GEOMETRIC_REPRESENTATION_CONTEXT(2) 
PARAMETRIC_REPRESENTATION_CONTEXT() REPRESENTATION_CONTEXT('2D SPACE',''
  ) );
#1471 = PCURVE('',#1472,#1477);
#1472 = PLANE('',#1473);
#1473 = AXIS2_PLACEMENT_3D('',#1474,#1475,#1476);
#1474 = CARTESIAN_POINT('',(-30.,-55.,4.418597452329E-13));
#1475 = DIRECTION('',(-9.992007221626E-16,1.,-3.330669073875E-15));
#1476 = DIRECTION('',(1.,-2.997602166488E-15,-2.77467869318E-15));
#1477 = DEFINITIONAL_REPRESENTATION('',(#1478),#1482);
#1478 = LINE('',#1479,#1480);
#1479 = CARTESIAN_POINT('',(-9.216494314063E-29,-3.774758283726E-14));
#1480 = VECTOR('',#1481,1.);
#1481 = DIRECTION('',(-1.,-3.10862446895E-15));
#1482 = ( GEOMETRIC_REPRESENTATION_CONTEXT(2) 
PARAMETRIC_REPRESENTATION_CONTEXT() REPRESENTATION_CONTEXT('2D SPACE',''
  ) );
#1483 = ORIENTED_EDGE('',*,*,#1484,.F.);
#1484 = EDGE_CURVE('',#1485,#1457,#1487,.T.);
#1485 = VERTEX_POINT('',#1486);
#1486 = CARTESIAN_POINT('',(-21.75434782608,-5.,9.611940679994E-14));
#1487 = SURFACE_CURVE('',#1488,(#1492,#1499),.PCURVE_S1.);
#1488 = LINE('',#1489,#1490);
#1489 = CARTESIAN_POINT('',(-20.6448557714,1.688942924692,
    5.720534260402E-15));
#1490 = VECTOR('',#1491,1.);
#1491 = DIRECTION('',(-0.16363383332,-0.986521144524,6.808580383567E-15)
  );
#1492 = PCURVE('',#116,#1493);
#1493 = DEFINITIONAL_REPRESENTATION('',(#1494),#1498);
#1494 = LINE('',#1495,#1496);
#1495 = CARTESIAN_POINT('',(-116.0342198353,20.644855771407));
#1496 = VECTOR('',#1497,1.);
#1497 = DIRECTION('',(0.986521144524,0.16363383332));
#1498 = ( GEOMETRIC_REPRESENTATION_CONTEXT(2) 
PARAMETRIC_REPRESENTATION_CONTEXT() REPRESENTATION_CONTEXT('2D SPACE',''
  ) );
#1499 = PCURVE('',#228,#1500);
#1500 = DEFINITIONAL_REPRESENTATION('',(#1501),#1505);
#1501 = LINE('',#1502,#1503);
#1502 = CARTESIAN_POINT('',(-1.71201898111,-47.));
#1503 = VECTOR('',#1504,1.);
#1504 = DIRECTION('',(1.,5.837871832802E-15));
#1505 = ( GEOMETRIC_REPRESENTATION_CONTEXT(2) 
PARAMETRIC_REPRESENTATION_CONTEXT() REPRESENTATION_CONTEXT('2D SPACE',''
  ) );
#1506 = ORIENTED_EDGE('',*,*,#1507,.F.);
#1507 = EDGE_CURVE('',#1508,#1485,#1510,.T.);
#1508 = VERTEX_POINT('',#1509);
#1509 = CARTESIAN_POINT('',(-40.,-5.,2.220267976733E-13));
#1510 = SURFACE_CURVE('',#1511,(#1515,#1522),.PCURVE_S1.);
#1511 = LINE('',#1512,#1513);
#1512 = CARTESIAN_POINT('',(-40.,-5.,3.119548626679E-13));
#1513 = VECTOR('',#1514,1.);
#1514 = DIRECTION('',(1.,-3.441691376338E-15,-3.21876790303E-15));
#1515 = PCURVE('',#116,#1516);
#1516 = DEFINITIONAL_REPRESENTATION('',(#1517),#1521);
#1517 = LINE('',#1518,#1519);
#1518 = CARTESIAN_POINT('',(-109.3452769106,40.));
#1519 = VECTOR('',#1520,1.);
#1520 = DIRECTION('',(3.441691376338E-15,-1.));
#1521 = ( GEOMETRIC_REPRESENTATION_CONTEXT(2) 
PARAMETRIC_REPRESENTATION_CONTEXT() REPRESENTATION_CONTEXT('2D SPACE',''
  ) );
#1522 = PCURVE('',#1523,#1528);
#1523 = PLANE('',#1524);
#1524 = AXIS2_PLACEMENT_3D('',#1525,#1526,#1527);
#1525 = CARTESIAN_POINT('',(-40.,-5.,2.919708482246E-13));
#1526 = DIRECTION('',(9.992007221626E-16,-1.,3.330669073875E-15));
#1527 = DIRECTION('',(-1.,2.997602166488E-15,2.77467869318E-15));
#1528 = DEFINITIONAL_REPRESENTATION('',(#1529),#1533);
#1529 = LINE('',#1530,#1531);
#1530 = CARTESIAN_POINT('',(2.84217094304E-14,-1.998401444325E-14));
#1531 = VECTOR('',#1532,1.);
#1532 = DIRECTION('',(-1.,3.10862446895E-15));
#1533 = ( GEOMETRIC_REPRESENTATION_CONTEXT(2) 
PARAMETRIC_REPRESENTATION_CONTEXT() REPRESENTATION_CONTEXT('2D SPACE',''
  ) );
#1534 = ORIENTED_EDGE('',*,*,#1535,.F.);
#1535 = EDGE_CURVE('',#1536,#1508,#1538,.T.);
#1536 = VERTEX_POINT('',#1537);
#1537 = CARTESIAN_POINT('',(-40.,15.,1.820587687868E-13));
#1538 = SURFACE_CURVE('',#1539,(#1543,#1550),.PCURVE_S1.);
#1539 = LINE('',#1540,#1541);
#1540 = CARTESIAN_POINT('',(-40.,15.,2.320188048949E-13));
#1541 = VECTOR('',#1542,1.);
#1542 = DIRECTION('',(1.221245327088E-15,-1.,3.996802888651E-15));
#1543 = PCURVE('',#116,#1544);
#1544 = DEFINITIONAL_REPRESENTATION('',(#1545),#1549);
#1545 = LINE('',#1546,#1547);
#1546 = CARTESIAN_POINT('',(-129.3452769106,40.));
#1547 = VECTOR('',#1548,1.);
#1548 = DIRECTION('',(1.,-1.665334536938E-15));
#1549 = ( GEOMETRIC_REPRESENTATION_CONTEXT(2) 
PARAMETRIC_REPRESENTATION_CONTEXT() REPRESENTATION_CONTEXT('2D SPACE',''
  ) );
#1550 = PCURVE('',#1551,#1556);
#1551 = PLANE('',#1552);
#1552 = AXIS2_PLACEMENT_3D('',#1553,#1554,#1555);
#1553 = CARTESIAN_POINT('',(-40.,15.,2.209165746486E-13));
#1554 = DIRECTION('',(-1.,3.219646771413E-15,2.996723298105E-15));
#1555 = DIRECTION('',(-7.771561172376E-16,1.,-3.552713678801E-15));
#1556 = DEFINITIONAL_REPRESENTATION('',(#1557),#1561);
#1557 = LINE('',#1558,#1559);
#1558 = CARTESIAN_POINT('',(3.01980662698E-14,-1.110223024625E-14));
#1559 = VECTOR('',#1560,1.);
#1560 = DIRECTION('',(-1.,-3.552713678801E-15));
#1561 = ( GEOMETRIC_REPRESENTATION_CONTEXT(2) 
PARAMETRIC_REPRESENTATION_CONTEXT() REPRESENTATION_CONTEXT('2D SPACE',''
  ) );
#1562 = ORIENTED_EDGE('',*,*,#1563,.F.);
#1563 = EDGE_CURVE('',#100,#1536,#1564,.T.);
#1564 = SURFACE_CURVE('',#1565,(#1569,#1576),.PCURVE_S1.);
#1565 = LINE('',#1566,#1567);
#1566 = CARTESIAN_POINT('',(-14.58957247489,14.999999999999,
    1.504108028101E-13));
#1567 = VECTOR('',#1568,1.);
#1568 = DIRECTION('',(-1.,1.911255207557E-13,2.77467869318E-15));
#1569 = PCURVE('',#116,#1570);
#1570 = DEFINITIONAL_REPRESENTATION('',(#1571),#1575);
#1571 = LINE('',#1572,#1573);
#1572 = CARTESIAN_POINT('',(-129.3452769106,14.589572474892));
#1573 = VECTOR('',#1574,1.);
#1574 = DIRECTION('',(-1.911255207557E-13,1.));
#1575 = ( GEOMETRIC_REPRESENTATION_CONTEXT(2) 
PARAMETRIC_REPRESENTATION_CONTEXT() REPRESENTATION_CONTEXT('2D SPACE',''
  ) );
#1576 = PCURVE('',#148,#1577);
#1577 = DEFINITIONAL_REPRESENTATION('',(#1578),#1582);
#1578 = LINE('',#1579,#1580);
#1579 = CARTESIAN_POINT('',(12.705213762554,2.5));
#1580 = VECTOR('',#1581,1.);
#1581 = DIRECTION('',(-1.,-5.106147044893E-15));
#1582 = ( GEOMETRIC_REPRESENTATION_CONTEXT(2) 
PARAMETRIC_REPRESENTATION_CONTEXT() REPRESENTATION_CONTEXT('2D SPACE',''
  ) );
#1583 = ORIENTED_EDGE('',*,*,#97,.F.);
#1584 = ORIENTED_EDGE('',*,*,#1585,.T.);
#1585 = EDGE_CURVE('',#98,#1586,#1588,.T.);
#1586 = VERTEX_POINT('',#1587);
#1587 = CARTESIAN_POINT('',(-8.999999999999,35.890622673702,
    1.574036058476E-13));
#1588 = SURFACE_CURVE('',#1589,(#1593,#1600),.PCURVE_S1.);
#1589 = LINE('',#1590,#1591);
#1590 = CARTESIAN_POINT('',(-8.999999999999,-50.38657293827,
    3.590918991242E-13));
#1591 = VECTOR('',#1592,1.);
#1592 = DIRECTION('',(-6.400109200779E-16,1.,-2.476010611009E-15));
#1593 = PCURVE('',#116,#1594);
#1594 = DEFINITIONAL_REPRESENTATION('',(#1595),#1599);
#1595 = LINE('',#1596,#1597);
#1596 = CARTESIAN_POINT('',(-63.95870397237,9.));
#1597 = VECTOR('',#1598,1.);
#1598 = DIRECTION('',(-1.,1.084100129928E-15));
#1599 = ( GEOMETRIC_REPRESENTATION_CONTEXT(2) 
PARAMETRIC_REPRESENTATION_CONTEXT() REPRESENTATION_CONTEXT('2D SPACE',''
  ) );
#1600 = PCURVE('',#683,#1601);
#1601 = DEFINITIONAL_REPRESENTATION('',(#1602),#1606);
#1602 = LINE('',#1603,#1604);
#1603 = CARTESIAN_POINT('',(7.249999999998,77.777195611976));
#1604 = VECTOR('',#1605,1.);
#1605 = DIRECTION('',(2.253966006084E-15,-1.));
#1606 = ( GEOMETRIC_REPRESENTATION_CONTEXT(2) 
PARAMETRIC_REPRESENTATION_CONTEXT() REPRESENTATION_CONTEXT('2D SPACE',''
  ) );
#1607 = ORIENTED_EDGE('',*,*,#1608,.T.);
#1608 = EDGE_CURVE('',#1586,#1609,#1611,.T.);
#1609 = VERTEX_POINT('',#1610);
#1610 = CARTESIAN_POINT('',(9.000000000002,35.890622673702,
    1.873796275125E-13));
#1611 = SURFACE_CURVE('',#1612,(#1616,#1623),.PCURVE_S1.);
#1612 = LINE('',#1613,#1614);
#1613 = CARTESIAN_POINT('',(-4.5,35.890622673699,1.509267551962E-13));
#1614 = VECTOR('',#1615,1.);
#1615 = DIRECTION('',(1.,-1.33226762955E-15,1.211276448542E-15));
#1616 = PCURVE('',#116,#1617);
#1617 = DEFINITIONAL_REPRESENTATION('',(#1618),#1622);
#1618 = LINE('',#1619,#1620);
#1619 = CARTESIAN_POINT('',(-150.2358995843,4.5));
#1620 = VECTOR('',#1621,1.);
#1621 = DIRECTION('',(1.33226762955E-15,-1.));
#1622 = ( GEOMETRIC_REPRESENTATION_CONTEXT(2) 
PARAMETRIC_REPRESENTATION_CONTEXT() REPRESENTATION_CONTEXT('2D SPACE',''
  ) );
#1623 = PCURVE('',#1624,#1629);
#1624 = PLANE('',#1625);
#1625 = AXIS2_PLACEMENT_3D('',#1626,#1627,#1628);
#1626 = CARTESIAN_POINT('',(2.036707074877E-12,35.8906226737,
    7.249999999999));
#1627 = DIRECTION('',(-5.521623044828E-14,1.,1.5195562888E-14));
#1628 = DIRECTION('',(1.,5.45500966335E-14,-3.642394562833E-29));
#1629 = DEFINITIONAL_REPRESENTATION('',(#1630),#1634);
#1630 = LINE('',#1631,#1632);
#1631 = CARTESIAN_POINT('',(-4.500000000002,7.249999999999));
#1632 = VECTOR('',#1633,1.);
#1633 = DIRECTION('',(1.,-7.671872386928E-16));
#1634 = ( GEOMETRIC_REPRESENTATION_CONTEXT(2) 
PARAMETRIC_REPRESENTATION_CONTEXT() REPRESENTATION_CONTEXT('2D SPACE',''
  ) );
#1635 = ORIENTED_EDGE('',*,*,#1636,.T.);
#1636 = EDGE_CURVE('',#1609,#513,#1637,.T.);
#1637 = SURFACE_CURVE('',#1638,(#1642,#1649),.PCURVE_S1.);
#1638 = LINE('',#1639,#1640);
#1639 = CARTESIAN_POINT('',(8.999999999999,-41.88657293827,
    3.599458687882E-13));
#1640 = VECTOR('',#1641,1.);
#1641 = DIRECTION('',(6.400109200779E-16,-1.,2.476010611009E-15));
#1642 = PCURVE('',#116,#1643);
#1643 = DEFINITIONAL_REPRESENTATION('',(#1644),#1648);
#1644 = LINE('',#1645,#1646);
#1645 = CARTESIAN_POINT('',(-72.45870397237,-8.999999999999));
#1646 = VECTOR('',#1647,1.);
#1647 = DIRECTION('',(1.,-1.084100129928E-15));
#1648 = ( GEOMETRIC_REPRESENTATION_CONTEXT(2) 
PARAMETRIC_REPRESENTATION_CONTEXT() REPRESENTATION_CONTEXT('2D SPACE',''
  ) );
#1649 = PCURVE('',#556,#1650);
#1650 = DEFINITIONAL_REPRESENTATION('',(#1651),#1655);
#1651 = LINE('',#1652,#1653);
#1652 = CARTESIAN_POINT('',(-69.27719561197,-7.249999999998));
#1653 = VECTOR('',#1654,1.);
#1654 = DIRECTION('',(-1.,2.253966006082E-15));
#1655 = ( GEOMETRIC_REPRESENTATION_CONTEXT(2) 
PARAMETRIC_REPRESENTATION_CONTEXT() REPRESENTATION_CONTEXT('2D SPACE',''
  ) );
#1656 = FACE_BOUND('',#1657,.T.);
#1657 = EDGE_LOOP('',(#1658,#1683,#1716,#1744,#1767,#1795,#1823,#1851,
    #1879));
#1658 = ORIENTED_EDGE('',*,*,#1659,.F.);
#1659 = EDGE_CURVE('',#1660,#1662,#1664,.T.);
#1660 = VERTEX_POINT('',#1661);
#1661 = CARTESIAN_POINT('',(16.898818768191,-12.34040312307,
    8.557677113827E-14));
#1662 = VERTEX_POINT('',#1663);
#1663 = CARTESIAN_POINT('',(25.,-115.,5.369038547087E-13));
#1664 = SURFACE_CURVE('',#1665,(#1669,#1676),.PCURVE_S1.);
#1665 = LINE('',#1666,#1667);
#1666 = CARTESIAN_POINT('',(15.875722240952,0.624456450753,
    -2.011919857168E-14));
#1667 = VECTOR('',#1668,1.);
#1668 = DIRECTION('',(7.866847876273E-02,-0.996900832806,
    6.690073237416E-15));
#1669 = PCURVE('',#116,#1670);
#1670 = DEFINITIONAL_REPRESENTATION('',(#1671),#1675);
#1671 = LINE('',#1672,#1673);
#1672 = CARTESIAN_POINT('',(-114.9697333614,-15.87572224095));
#1673 = VECTOR('',#1674,1.);
#1674 = DIRECTION('',(0.996900832806,-7.866847876273E-02));
#1675 = ( GEOMETRIC_REPRESENTATION_CONTEXT(2) 
PARAMETRIC_REPRESENTATION_CONTEXT() REPRESENTATION_CONTEXT('2D SPACE',''
  ) );
#1676 = PCURVE('',#363,#1677);
#1677 = DEFINITIONAL_REPRESENTATION('',(#1678),#1682);
#1678 = LINE('',#1679,#1680);
#1679 = CARTESIAN_POINT('',(-54.35658226505,-28.05142839418));
#1680 = VECTOR('',#1681,1.);
#1681 = DIRECTION('',(1.,5.33874022155E-15));
#1682 = ( GEOMETRIC_REPRESENTATION_CONTEXT(2) 
PARAMETRIC_REPRESENTATION_CONTEXT() REPRESENTATION_CONTEXT('2D SPACE',''
  ) );
#1683 = ORIENTED_EDGE('',*,*,#1684,.F.);
#1684 = EDGE_CURVE('',#1685,#1660,#1687,.T.);
#1685 = VERTEX_POINT('',#1686);
#1686 = CARTESIAN_POINT('',(5.E-15,-20.925,1.066025254821E-13));
#1687 = SURFACE_CURVE('',#1688,(#1693,#1704),.PCURVE_S1.);
#1688 = CIRCLE('',#1689,20.925000000002);
#1689 = AXIS2_PLACEMENT_3D('',#1690,#1691,#1692);
#1690 = CARTESIAN_POINT('',(-3.35564909193E-29,-6.711298183859E-30,
    4.65E-15));
#1691 = DIRECTION('',(1.113289932013E-15,7.546449660064E-15,1.));
#1692 = DIRECTION('',(2.886579864025E-15,-1.,7.546449660064E-15));
#1693 = PCURVE('',#116,#1694);
#1694 = DEFINITIONAL_REPRESENTATION('',(#1695),#1703);
#1695 = ( BOUNDED_CURVE() B_SPLINE_CURVE(2,(#1696,#1697,#1698,#1699,
#1700,#1701,#1702),.UNSPECIFIED.,.T.,.F.) B_SPLINE_CURVE_WITH_KNOTS((1,2
    ,2,2,2,1),(-2.094395102393,0.,2.094395102393,4.188790204786,
6.28318530718,8.377580409573),.UNSPECIFIED.) CURVE() 
GEOMETRIC_REPRESENTATION_ITEM() RATIONAL_B_SPLINE_CURVE((1.,0.5,1.,0.5,
1.,0.5,1.)) REPRESENTATION_ITEM('') );
#1696 = CARTESIAN_POINT('',(-93.42027691064,8.260651008007E-14));
#1697 = CARTESIAN_POINT('',(-93.42027691064,-36.24316314838));
#1698 = CARTESIAN_POINT('',(-124.8077769106,-18.12158157419));
#1699 = CARTESIAN_POINT('',(-156.1952769106,2.865641143382E-13));
#1700 = CARTESIAN_POINT('',(-124.8077769106,18.121581574191));
#1701 = CARTESIAN_POINT('',(-93.42027691064,36.243163148382));
#1702 = CARTESIAN_POINT('',(-93.42027691064,8.260651008007E-14));
#1703 = ( GEOMETRIC_REPRESENTATION_CONTEXT(2) 
PARAMETRIC_REPRESENTATION_CONTEXT() REPRESENTATION_CONTEXT('2D SPACE',''
  ) );
#1704 = PCURVE('',#1705,#1710);
#1705 = CYLINDRICAL_SURFACE('',#1706,20.925000000002);
#1706 = AXIS2_PLACEMENT_3D('',#1707,#1708,#1709);
#1707 = CARTESIAN_POINT('',(-2.008441408217E-13,-3.296882816434E-14,27.)
  );
#1708 = DIRECTION('',(-7.436449660064E-15,-1.223289932013E-15,1.));
#1709 = DIRECTION('',(-1.,5.993159728051E-15,1.223289932013E-15));
#1710 = DEFINITIONAL_REPRESENTATION('',(#1711),#1715);
#1711 = LINE('',#1712,#1713);
#1712 = CARTESIAN_POINT('',(1.570796326795,-27.));
#1713 = VECTOR('',#1714,1.);
#1714 = DIRECTION('',(1.,0.));
#1715 = ( GEOMETRIC_REPRESENTATION_CONTEXT(2) 
PARAMETRIC_REPRESENTATION_CONTEXT() REPRESENTATION_CONTEXT('2D SPACE',''
  ) );
#1716 = ORIENTED_EDGE('',*,*,#1717,.F.);
#1717 = EDGE_CURVE('',#1718,#1685,#1720,.T.);
#1718 = VERTEX_POINT('',#1719);
#1719 = CARTESIAN_POINT('',(-16.89881876819,-12.34040312307,
    2.371740578452E-14));
#1720 = SURFACE_CURVE('',#1721,(#1726,#1737),.PCURVE_S1.);
#1721 = CIRCLE('',#1722,20.925000000002);
#1722 = AXIS2_PLACEMENT_3D('',#1723,#1724,#1725);
#1723 = CARTESIAN_POINT('',(-3.35564909193E-29,-6.711298183859E-30,
    4.65E-15));
#1724 = DIRECTION('',(1.113289932013E-15,7.546449660064E-15,1.));
#1725 = DIRECTION('',(2.886579864025E-15,-1.,7.546449660064E-15));
#1726 = PCURVE('',#116,#1727);
#1727 = DEFINITIONAL_REPRESENTATION('',(#1728),#1736);
#1728 = ( BOUNDED_CURVE() B_SPLINE_CURVE(2,(#1729,#1730,#1731,#1732,
#1733,#1734,#1735),.UNSPECIFIED.,.T.,.F.) B_SPLINE_CURVE_WITH_KNOTS((1,2
    ,2,2,2,1),(-2.094395102393,0.,2.094395102393,4.188790204786,
6.28318530718,8.377580409573),.UNSPECIFIED.) CURVE() 
GEOMETRIC_REPRESENTATION_ITEM() RATIONAL_B_SPLINE_CURVE((1.,0.5,1.,0.5,
1.,0.5,1.)) REPRESENTATION_ITEM('') );
#1729 = CARTESIAN_POINT('',(-93.42027691064,8.260651008007E-14));
#1730 = CARTESIAN_POINT('',(-93.42027691064,-36.24316314838));
#1731 = CARTESIAN_POINT('',(-124.8077769106,-18.12158157419));
#1732 = CARTESIAN_POINT('',(-156.1952769106,2.865641143382E-13));
#1733 = CARTESIAN_POINT('',(-124.8077769106,18.121581574191));
#1734 = CARTESIAN_POINT('',(-93.42027691064,36.243163148382));
#1735 = CARTESIAN_POINT('',(-93.42027691064,8.260651008007E-14));
#1736 = ( GEOMETRIC_REPRESENTATION_CONTEXT(2) 
PARAMETRIC_REPRESENTATION_CONTEXT() REPRESENTATION_CONTEXT('2D SPACE',''
  ) );
#1737 = PCURVE('',#1705,#1738);
#1738 = DEFINITIONAL_REPRESENTATION('',(#1739),#1743);
#1739 = LINE('',#1740,#1741);
#1740 = CARTESIAN_POINT('',(-4.712388980385,-27.));
#1741 = VECTOR('',#1742,1.);
#1742 = DIRECTION('',(1.,0.));
#1743 = ( GEOMETRIC_REPRESENTATION_CONTEXT(2) 
PARAMETRIC_REPRESENTATION_CONTEXT() REPRESENTATION_CONTEXT('2D SPACE',''
  ) );
#1744 = ORIENTED_EDGE('',*,*,#1745,.T.);
#1745 = EDGE_CURVE('',#1718,#1746,#1748,.T.);
#1746 = VERTEX_POINT('',#1747);
#1747 = CARTESIAN_POINT('',(-25.,-115.,4.576339307505E-13));
#1748 = SURFACE_CURVE('',#1749,(#1753,#1760),.PCURVE_S1.);
#1749 = LINE('',#1750,#1751);
#1750 = CARTESIAN_POINT('',(-15.87572224095,0.624456450753,
    4.555682874155E-15));
#1751 = VECTOR('',#1752,1.);
#1752 = DIRECTION('',(-7.866847876273E-02,-0.996900832806,
    6.812670308343E-15));
#1753 = PCURVE('',#116,#1754);
#1754 = DEFINITIONAL_REPRESENTATION('',(#1755),#1759);
#1755 = LINE('',#1756,#1757);
#1756 = CARTESIAN_POINT('',(-114.9697333614,15.875722240952));
#1757 = VECTOR('',#1758,1.);
#1758 = DIRECTION('',(0.996900832806,7.866847876272E-02));
#1759 = ( GEOMETRIC_REPRESENTATION_CONTEXT(2) 
PARAMETRIC_REPRESENTATION_CONTEXT() REPRESENTATION_CONTEXT('2D SPACE',''
  ) );
#1760 = PCURVE('',#306,#1761);
#1761 = DEFINITIONAL_REPRESENTATION('',(#1762),#1766);
#1762 = LINE('',#1763,#1764);
#1763 = CARTESIAN_POINT('',(54.356582265054,-28.05142839418));
#1764 = VECTOR('',#1765,1.);
#1765 = DIRECTION('',(-1.,5.950438808511E-15));
#1766 = ( GEOMETRIC_REPRESENTATION_CONTEXT(2) 
PARAMETRIC_REPRESENTATION_CONTEXT() REPRESENTATION_CONTEXT('2D SPACE',''
  ) );
#1767 = ORIENTED_EDGE('',*,*,#1768,.F.);
#1768 = EDGE_CURVE('',#1769,#1746,#1771,.T.);
#1769 = VERTEX_POINT('',#1770);
#1770 = CARTESIAN_POINT('',(-20.,-115.,4.158863477623E-13));
#1771 = SURFACE_CURVE('',#1772,(#1776,#1783),.PCURVE_S1.);
#1772 = LINE('',#1773,#1774);
#1773 = CARTESIAN_POINT('',(20.,-115.,7.331014636935E-13));
#1774 = VECTOR('',#1775,1.);
#1775 = DIRECTION('',(-1.,4.884981308351E-15,3.601326065489E-16));
#1776 = PCURVE('',#116,#1777);
#1777 = DEFINITIONAL_REPRESENTATION('',(#1778),#1782);
#1778 = LINE('',#1779,#1780);
#1779 = CARTESIAN_POINT('',(0.65472308935,-20.));
#1780 = VECTOR('',#1781,1.);
#1781 = DIRECTION('',(-4.884981308351E-15,1.));
#1782 = ( GEOMETRIC_REPRESENTATION_CONTEXT(2) 
PARAMETRIC_REPRESENTATION_CONTEXT() REPRESENTATION_CONTEXT('2D SPACE',''
  ) );
#1783 = PCURVE('',#1784,#1789);
#1784 = PLANE('',#1785);
#1785 = AXIS2_PLACEMENT_3D('',#1786,#1787,#1788);
#1786 = CARTESIAN_POINT('',(40.,-115.,47.000000000001));
#1787 = DIRECTION('',(-2.442490654175E-15,1.,-6.217248937901E-15));
#1788 = DIRECTION('',(-1.,4.884981308351E-15,1.110223024625E-15));
#1789 = DEFINITIONAL_REPRESENTATION('',(#1790),#1794);
#1790 = LINE('',#1791,#1792);
#1791 = CARTESIAN_POINT('',(20.,-47.));
#1792 = VECTOR('',#1793,1.);
#1793 = DIRECTION('',(1.,4.134890890274E-15));
#1794 = ( GEOMETRIC_REPRESENTATION_CONTEXT(2) 
PARAMETRIC_REPRESENTATION_CONTEXT() REPRESENTATION_CONTEXT('2D SPACE',''
  ) );
#1795 = ORIENTED_EDGE('',*,*,#1796,.F.);
#1796 = EDGE_CURVE('',#1797,#1769,#1799,.T.);
#1797 = VERTEX_POINT('',#1798);
#1798 = CARTESIAN_POINT('',(-20.,-220.,8.251177519014E-13));
#1799 = SURFACE_CURVE('',#1800,(#1804,#1811),.PCURVE_S1.);
#1800 = LINE('',#1801,#1802);
#1801 = CARTESIAN_POINT('',(-20.,-119.6521706535,7.421122379174E-13));
#1802 = VECTOR('',#1803,1.);
#1803 = DIRECTION('',(-2.442490654175E-15,1.,-5.773159728051E-15));
#1804 = PCURVE('',#116,#1805);
#1805 = DEFINITIONAL_REPRESENTATION('',(#1806),#1810);
#1806 = LINE('',#1807,#1808);
#1807 = CARTESIAN_POINT('',(5.306893742909,20.));
#1808 = VECTOR('',#1809,1.);
#1809 = DIRECTION('',(-1.,2.886579864025E-15));
#1810 = ( GEOMETRIC_REPRESENTATION_CONTEXT(2) 
PARAMETRIC_REPRESENTATION_CONTEXT() REPRESENTATION_CONTEXT('2D SPACE',''
  ) );
#1811 = PCURVE('',#1812,#1817);
#1812 = PLANE('',#1813);
#1813 = AXIS2_PLACEMENT_3D('',#1814,#1815,#1816);
#1814 = CARTESIAN_POINT('',(-20.,-167.5,23.500000000001));
#1815 = DIRECTION('',(1.,-4.920973822906E-15,-5.329816468721E-16));
#1816 = DIRECTION('',(-1.740364324845E-15,1.,-5.662137425588E-15));
#1817 = DEFINITIONAL_REPRESENTATION('',(#1818),#1822);
#1818 = LINE('',#1819,#1820);
#1819 = CARTESIAN_POINT('',(47.847829346441,-23.5));
#1820 = VECTOR('',#1821,1.);
#1821 = DIRECTION('',(1.,-4.551914400963E-15));
#1822 = ( GEOMETRIC_REPRESENTATION_CONTEXT(2) 
PARAMETRIC_REPRESENTATION_CONTEXT() REPRESENTATION_CONTEXT('2D SPACE',''
  ) );
#1823 = ORIENTED_EDGE('',*,*,#1824,.T.);
#1824 = EDGE_CURVE('',#1797,#1825,#1827,.T.);
#1825 = VERTEX_POINT('',#1826);
#1826 = CARTESIAN_POINT('',(20.,-220.,9.068301665138E-13));
#1827 = SURFACE_CURVE('',#1828,(#1832,#1839),.PCURVE_S1.);
#1828 = LINE('',#1829,#1830);
#1829 = CARTESIAN_POINT('',(-10.,-220.,1.407284395397E-12));
#1830 = VECTOR('',#1831,1.);
#1831 = DIRECTION('',(1.,-4.884981308351E-15,-3.601326065489E-16));
#1832 = PCURVE('',#116,#1833);
#1833 = DEFINITIONAL_REPRESENTATION('',(#1834),#1838);
#1834 = LINE('',#1835,#1836);
#1835 = CARTESIAN_POINT('',(105.65472308935,10.));
#1836 = VECTOR('',#1837,1.);
#1837 = DIRECTION('',(4.884981308351E-15,-1.));
#1838 = ( GEOMETRIC_REPRESENTATION_CONTEXT(2) 
PARAMETRIC_REPRESENTATION_CONTEXT() REPRESENTATION_CONTEXT('2D SPACE',''
  ) );
#1839 = PCURVE('',#1840,#1845);
#1840 = PLANE('',#1841);
#1841 = AXIS2_PLACEMENT_3D('',#1842,#1843,#1844);
#1842 = CARTESIAN_POINT('',(-20.,-220.,47.000000000002));
#1843 = DIRECTION('',(2.442490654175E-15,-1.,6.217248937901E-15));
#1844 = DIRECTION('',(1.,-4.884981308351E-15,-1.110223024625E-15));
#1845 = DEFINITIONAL_REPRESENTATION('',(#1846),#1850);
#1846 = LINE('',#1847,#1848);
#1847 = CARTESIAN_POINT('',(10.,-47.));
#1848 = VECTOR('',#1849,1.);
#1849 = DIRECTION('',(1.,-4.134890890274E-15));
#1850 = ( GEOMETRIC_REPRESENTATION_CONTEXT(2) 
PARAMETRIC_REPRESENTATION_CONTEXT() REPRESENTATION_CONTEXT('2D SPACE',''
  ) );
#1851 = ORIENTED_EDGE('',*,*,#1852,.T.);
#1852 = EDGE_CURVE('',#1825,#1853,#1855,.T.);
#1853 = VERTEX_POINT('',#1854);
#1854 = CARTESIAN_POINT('',(20.,-115.,4.997219836506E-13));
#1855 = SURFACE_CURVE('',#1856,(#1860,#1867),.PCURVE_S1.);
#1856 = LINE('',#1857,#1858);
#1857 = CARTESIAN_POINT('',(20.,-136.1876596183,8.395033973523E-13));
#1858 = VECTOR('',#1859,1.);
#1859 = DIRECTION('',(-2.442490654175E-15,1.,-6.106226635438E-15));
#1860 = PCURVE('',#116,#1861);
#1861 = DEFINITIONAL_REPRESENTATION('',(#1862),#1866);
#1862 = LINE('',#1863,#1864);
#1863 = CARTESIAN_POINT('',(21.842382707664,-20.));
#1864 = VECTOR('',#1865,1.);
#1865 = DIRECTION('',(-1.,2.886579864025E-15));
#1866 = ( GEOMETRIC_REPRESENTATION_CONTEXT(2) 
PARAMETRIC_REPRESENTATION_CONTEXT() REPRESENTATION_CONTEXT('2D SPACE',''
  ) );
#1867 = PCURVE('',#1868,#1873);
#1868 = PLANE('',#1869);
#1869 = AXIS2_PLACEMENT_3D('',#1870,#1871,#1872);
#1870 = CARTESIAN_POINT('',(20.,-167.5,23.500000000001));
#1871 = DIRECTION('',(-1.,4.440892098501E-15,5.603331659558E-16));
#1872 = DIRECTION('',(6.101004981795E-15,9.992007221626E-16,-1.));
#1873 = DEFINITIONAL_REPRESENTATION('',(#1874),#1878);
#1874 = LINE('',#1875,#1876);
#1875 = CARTESIAN_POINT('',(23.5,-31.31234038168));
#1876 = VECTOR('',#1877,1.);
#1877 = DIRECTION('',(4.884981308351E-15,-1.));
#1878 = ( GEOMETRIC_REPRESENTATION_CONTEXT(2) 
PARAMETRIC_REPRESENTATION_CONTEXT() REPRESENTATION_CONTEXT('2D SPACE',''
  ) );
#1879 = ORIENTED_EDGE('',*,*,#1880,.F.);
#1880 = EDGE_CURVE('',#1662,#1853,#1881,.T.);
#1881 = SURFACE_CURVE('',#1882,(#1886,#1893),.PCURVE_S1.);
#1882 = LINE('',#1883,#1884);
#1883 = CARTESIAN_POINT('',(20.,-115.,7.331014636935E-13));
#1884 = VECTOR('',#1885,1.);
#1885 = DIRECTION('',(-1.,4.884981308351E-15,3.601326065489E-16));
#1886 = PCURVE('',#116,#1887);
#1887 = DEFINITIONAL_REPRESENTATION('',(#1888),#1892);
#1888 = LINE('',#1889,#1890);
#1889 = CARTESIAN_POINT('',(0.65472308935,-20.));
#1890 = VECTOR('',#1891,1.);
#1891 = DIRECTION('',(-4.884981308351E-15,1.));
#1892 = ( GEOMETRIC_REPRESENTATION_CONTEXT(2) 
PARAMETRIC_REPRESENTATION_CONTEXT() REPRESENTATION_CONTEXT('2D SPACE',''
  ) );
#1893 = PCURVE('',#1894,#1899);
#1894 = PLANE('',#1895);
#1895 = AXIS2_PLACEMENT_3D('',#1896,#1897,#1898);
#1896 = CARTESIAN_POINT('',(40.,-115.,47.000000000001));
#1897 = DIRECTION('',(-2.442490654175E-15,1.,-6.217248937901E-15));
#1898 = DIRECTION('',(-1.,4.884981308351E-15,1.110223024625E-15));
#1899 = DEFINITIONAL_REPRESENTATION('',(#1900),#1904);
#1900 = LINE('',#1901,#1902);
#1901 = CARTESIAN_POINT('',(20.,-47.));
#1902 = VECTOR('',#1903,1.);
#1903 = DIRECTION('',(1.,4.134890890274E-15));
#1904 = ( GEOMETRIC_REPRESENTATION_CONTEXT(2) 
PARAMETRIC_REPRESENTATION_CONTEXT() REPRESENTATION_CONTEXT('2D SPACE',''
  ) );
#1905 = FACE_BOUND('',#1906,.T.);
#1906 = EDGE_LOOP('',(#1907));
#1907 = ORIENTED_EDGE('',*,*,#1908,.T.);
#1908 = EDGE_CURVE('',#1909,#1909,#1911,.T.);
#1909 = VERTEX_POINT('',#1910);
#1910 = CARTESIAN_POINT('',(-50.,-232.25,6.883671904832E-13));
#1911 = SURFACE_CURVE('',#1912,(#1917,#1928),.PCURVE_S1.);
#1912 = CIRCLE('',#1913,2.75);
#1913 = AXIS2_PLACEMENT_3D('',#1914,#1915,#1916);
#1914 = CARTESIAN_POINT('',(-50.,-235.,1.263407206088E-12));
#1915 = DIRECTION('',(3.21876790303E-15,3.996802888651E-15,1.));
#1916 = DIRECTION('',(-1.221245327088E-15,1.,-3.996802888651E-15));
#1917 = PCURVE('',#116,#1918);
#1918 = DEFINITIONAL_REPRESENTATION('',(#1919),#1927);
#1919 = ( BOUNDED_CURVE() B_SPLINE_CURVE(2,(#1920,#1921,#1922,#1923,
#1924,#1925,#1926),.UNSPECIFIED.,.T.,.F.) B_SPLINE_CURVE_WITH_KNOTS((1,2
    ,2,2,2,1),(-2.094395102393,0.,2.094395102393,4.188790204786,
6.28318530718,8.377580409573),.UNSPECIFIED.) CURVE() 
GEOMETRIC_REPRESENTATION_ITEM() RATIONAL_B_SPLINE_CURVE((1.,0.5,1.,0.5,
1.,0.5,1.)) REPRESENTATION_ITEM('') );
#1920 = CARTESIAN_POINT('',(117.90472308935,50.));
#1921 = CARTESIAN_POINT('',(117.90472308935,54.763139720814));
#1922 = CARTESIAN_POINT('',(122.02972308935,52.381569860407));
#1923 = CARTESIAN_POINT('',(126.15472308935,50.));
#1924 = CARTESIAN_POINT('',(122.02972308935,47.618430139593));
#1925 = CARTESIAN_POINT('',(117.90472308935,45.236860279186));
#1926 = CARTESIAN_POINT('',(117.90472308935,50.));
#1927 = ( GEOMETRIC_REPRESENTATION_CONTEXT(2) 
PARAMETRIC_REPRESENTATION_CONTEXT() REPRESENTATION_CONTEXT('2D SPACE',''
  ) );
#1928 = PCURVE('',#1929,#1934);
#1929 = CYLINDRICAL_SURFACE('',#1930,2.75);
#1930 = AXIS2_PLACEMENT_3D('',#1931,#1932,#1933);
#1931 = CARTESIAN_POINT('',(-50.,-235.,1.136841781281E-12));
#1932 = DIRECTION('',(1.22212419547E-15,8.881784197001E-16,-1.));
#1933 = DIRECTION('',(-7.771561172376E-16,1.,-3.552713678801E-15));
#1934 = DEFINITIONAL_REPRESENTATION('',(#1935),#1939);
#1935 = LINE('',#1936,#1937);
#1936 = CARTESIAN_POINT('',(-0.,0.));
#1937 = VECTOR('',#1938,1.);
#1938 = DIRECTION('',(-1.,0.));
#1939 = ( GEOMETRIC_REPRESENTATION_CONTEXT(2) 
PARAMETRIC_REPRESENTATION_CONTEXT() REPRESENTATION_CONTEXT('2D SPACE',''
  ) );
#1940 = FACE_BOUND('',#1941,.T.);
#1941 = EDGE_LOOP('',(#1942));
#1942 = ORIENTED_EDGE('',*,*,#1943,.T.);
#1943 = EDGE_CURVE('',#1944,#1944,#1946,.T.);
#1944 = VERTEX_POINT('',#1945);
#1945 = CARTESIAN_POINT('',(-50.,-152.25,5.284950749372E-13));
#1946 = SURFACE_CURVE('',#1947,(#1952,#1963),.PCURVE_S1.);
#1947 = CIRCLE('',#1948,2.75);
#1948 = AXIS2_PLACEMENT_3D('',#1949,#1950,#1951);
#1949 = CARTESIAN_POINT('',(-50.,-155.,9.436629749958E-13));
#1950 = DIRECTION('',(3.21876790303E-15,3.996802888651E-15,1.));
#1951 = DIRECTION('',(-1.221245327088E-15,1.,-3.996802888651E-15));
#1952 = PCURVE('',#116,#1953);
#1953 = DEFINITIONAL_REPRESENTATION('',(#1954),#1962);
#1954 = ( BOUNDED_CURVE() B_SPLINE_CURVE(2,(#1955,#1956,#1957,#1958,
#1959,#1960,#1961),.UNSPECIFIED.,.T.,.F.) B_SPLINE_CURVE_WITH_KNOTS((1,2
    ,2,2,2,1),(-2.094395102393,0.,2.094395102393,4.188790204786,
6.28318530718,8.377580409573),.UNSPECIFIED.) CURVE() 
GEOMETRIC_REPRESENTATION_ITEM() RATIONAL_B_SPLINE_CURVE((1.,0.5,1.,0.5,
1.,0.5,1.)) REPRESENTATION_ITEM('') );
#1955 = CARTESIAN_POINT('',(37.90472308935,50.));
#1956 = CARTESIAN_POINT('',(37.90472308935,54.763139720815));
#1957 = CARTESIAN_POINT('',(42.02972308935,52.381569860407));
#1958 = CARTESIAN_POINT('',(46.15472308935,50.));
#1959 = CARTESIAN_POINT('',(42.02972308935,47.618430139593));
#1960 = CARTESIAN_POINT('',(37.90472308935,45.236860279186));
#1961 = CARTESIAN_POINT('',(37.90472308935,50.));
#1962 = ( GEOMETRIC_REPRESENTATION_CONTEXT(2) 
PARAMETRIC_REPRESENTATION_CONTEXT() REPRESENTATION_CONTEXT('2D SPACE',''
  ) );
#1963 = PCURVE('',#1964,#1969);
#1964 = CYLINDRICAL_SURFACE('',#1965,2.75);
#1965 = AXIS2_PLACEMENT_3D('',#1966,#1967,#1968);
#1966 = CARTESIAN_POINT('',(-50.,-155.,8.526246869765E-13));
#1967 = DIRECTION('',(1.22212419547E-15,8.881784197001E-16,-1.));
#1968 = DIRECTION('',(-7.771561172376E-16,1.,-3.552713678801E-15));
#1969 = DEFINITIONAL_REPRESENTATION('',(#1970),#1974);
#1970 = LINE('',#1971,#1972);
#1971 = CARTESIAN_POINT('',(-0.,0.));
#1972 = VECTOR('',#1973,1.);
#1973 = DIRECTION('',(-1.,0.));
#1974 = ( GEOMETRIC_REPRESENTATION_CONTEXT(2) 
PARAMETRIC_REPRESENTATION_CONTEXT() REPRESENTATION_CONTEXT('2D SPACE',''
  ) );
#1975 = FACE_BOUND('',#1976,.T.);
#1976 = EDGE_LOOP('',(#1977));
#1977 = ORIENTED_EDGE('',*,*,#1978,.F.);
#1978 = EDGE_CURVE('',#1979,#1979,#1981,.T.);
#1979 = VERTEX_POINT('',#1980);
#1980 = CARTESIAN_POINT('',(50.,-232.25,7.827361475764E-13));
#1981 = SURFACE_CURVE('',#1982,(#1987,#1994),.PCURVE_S1.);
#1982 = CIRCLE('',#1983,2.75);
#1983 = AXIS2_PLACEMENT_3D('',#1984,#1985,#1986);
#1984 = CARTESIAN_POINT('',(50.,-235.,1.034701263015E-12));
#1985 = DIRECTION('',(1.775477971018E-15,-3.330669073875E-15,-1.));
#1986 = DIRECTION('',(-1.110223024625E-15,1.,-3.330669073875E-15));
#1987 = PCURVE('',#116,#1988);
#1988 = DEFINITIONAL_REPRESENTATION('',(#1989),#1993);
#1989 = CIRCLE('',#1990,2.75);
#1990 = AXIS2_PLACEMENT_2D('',#1991,#1992);
#1991 = CARTESIAN_POINT('',(120.65472308935,-50.));
#1992 = DIRECTION('',(-1.,1.554312234475E-15));
#1993 = ( GEOMETRIC_REPRESENTATION_CONTEXT(2) 
PARAMETRIC_REPRESENTATION_CONTEXT() REPRESENTATION_CONTEXT('2D SPACE',''
  ) );
#1994 = PCURVE('',#1995,#2000);
#1995 = CYLINDRICAL_SURFACE('',#1996,2.75);
#1996 = AXIS2_PLACEMENT_3D('',#1997,#1998,#1999);
#1997 = CARTESIAN_POINT('',(50.,-235.,9.936230111039E-13));
#1998 = DIRECTION('',(5.328191649818E-15,2.22044604925E-16,-1.));
#1999 = DIRECTION('',(-8.881784197001E-16,1.,-3.10862446895E-15));
#2000 = DEFINITIONAL_REPRESENTATION('',(#2001),#2005);
#2001 = LINE('',#2002,#2003);
#2002 = CARTESIAN_POINT('',(0.,0.));
#2003 = VECTOR('',#2004,1.);
#2004 = DIRECTION('',(1.,0.));
#2005 = ( GEOMETRIC_REPRESENTATION_CONTEXT(2) 
PARAMETRIC_REPRESENTATION_CONTEXT() REPRESENTATION_CONTEXT('2D SPACE',''
  ) );
#2006 = FACE_BOUND('',#2007,.T.);
#2007 = EDGE_LOOP('',(#2008));
#2008 = ORIENTED_EDGE('',*,*,#2009,.T.);
#2009 = EDGE_CURVE('',#2010,#2010,#2012,.T.);
#2010 = VERTEX_POINT('',#2011);
#2011 = CARTESIAN_POINT('',(-40.,-62.25,3.364352803609E-13));
#2012 = SURFACE_CURVE('',#2013,(#2018,#2029),.PCURVE_S1.);
#2013 = CIRCLE('',#2014,2.75);
#2014 = AXIS2_PLACEMENT_3D('',#2015,#2016,#2017);
#2015 = CARTESIAN_POINT('',(-40.,-65.,5.517630359869E-13));
#2016 = DIRECTION('',(3.21876790303E-15,3.996802888651E-15,1.));
#2017 = DIRECTION('',(-1.221245327088E-15,1.,-3.996802888651E-15));
#2018 = PCURVE('',#116,#2019);
#2019 = DEFINITIONAL_REPRESENTATION('',(#2020),#2028);
#2020 = ( BOUNDED_CURVE() B_SPLINE_CURVE(2,(#2021,#2022,#2023,#2024,
#2025,#2026,#2027),.UNSPECIFIED.,.T.,.F.) B_SPLINE_CURVE_WITH_KNOTS((1,2
    ,2,2,2,1),(-2.094395102393,0.,2.094395102393,4.188790204786,
6.28318530718,8.377580409573),.UNSPECIFIED.) CURVE() 
GEOMETRIC_REPRESENTATION_ITEM() RATIONAL_B_SPLINE_CURVE((1.,0.5,1.,0.5,
1.,0.5,1.)) REPRESENTATION_ITEM('') );
#2021 = CARTESIAN_POINT('',(-52.09527691065,40.));
#2022 = CARTESIAN_POINT('',(-52.09527691065,44.763139720815));
#2023 = CARTESIAN_POINT('',(-47.97027691065,42.381569860407));
#2024 = CARTESIAN_POINT('',(-43.84527691065,40.));
#2025 = CARTESIAN_POINT('',(-47.97027691065,37.618430139593));
#2026 = CARTESIAN_POINT('',(-52.09527691065,35.236860279186));
#2027 = CARTESIAN_POINT('',(-52.09527691065,40.));
#2028 = ( GEOMETRIC_REPRESENTATION_CONTEXT(2) 
PARAMETRIC_REPRESENTATION_CONTEXT() REPRESENTATION_CONTEXT('2D SPACE',''
  ) );
#2029 = PCURVE('',#2030,#2035);
#2030 = CYLINDRICAL_SURFACE('',#2031,2.75);
#2031 = AXIS2_PLACEMENT_3D('',#2032,#2033,#2034);
#2032 = CARTESIAN_POINT('',(-40.,-65.,5.051336689527E-13));
#2033 = DIRECTION('',(1.22212419547E-15,8.881784197001E-16,-1.));
#2034 = DIRECTION('',(-7.771561172376E-16,1.,-3.552713678801E-15));
#2035 = DEFINITIONAL_REPRESENTATION('',(#2036),#2040);
#2036 = LINE('',#2037,#2038);
#2037 = CARTESIAN_POINT('',(-0.,0.));
#2038 = VECTOR('',#2039,1.);
#2039 = DIRECTION('',(-1.,0.));
#2040 = ( GEOMETRIC_REPRESENTATION_CONTEXT(2) 
PARAMETRIC_REPRESENTATION_CONTEXT() REPRESENTATION_CONTEXT('2D SPACE',''
  ) );
#2041 = FACE_BOUND('',#2042,.T.);
#2042 = EDGE_LOOP('',(#2043));
#2043 = ORIENTED_EDGE('',*,*,#2044,.F.);
#2044 = EDGE_CURVE('',#2045,#2045,#2047,.T.);
#2045 = VERTEX_POINT('',#2046);
#2046 = CARTESIAN_POINT('',(40.,-62.25,4.119304460354E-13));
#2047 = SURFACE_CURVE('',#2048,(#2053,#2060),.PCURVE_S1.);
#2048 = CIRCLE('',#2049,2.75);
#2049 = AXIS2_PLACEMENT_3D('',#2050,#2051,#2052);
#2050 = CARTESIAN_POINT('',(40.,-65.,4.50732740746E-13));
#2051 = DIRECTION('',(1.775477971018E-15,-3.330669073875E-15,-1.));
#2052 = DIRECTION('',(-1.110223024625E-15,1.,-3.330669073875E-15));
#2053 = PCURVE('',#116,#2054);
#2054 = DEFINITIONAL_REPRESENTATION('',(#2055),#2059);
#2055 = CIRCLE('',#2056,2.75);
#2056 = AXIS2_PLACEMENT_2D('',#2057,#2058);
#2057 = CARTESIAN_POINT('',(-49.34527691065,-40.));
#2058 = DIRECTION('',(-1.,1.554312234475E-15));
#2059 = ( GEOMETRIC_REPRESENTATION_CONTEXT(2) 
PARAMETRIC_REPRESENTATION_CONTEXT() REPRESENTATION_CONTEXT('2D SPACE',''
  ) );
#2060 = PCURVE('',#2061,#2066);
#2061 = CYLINDRICAL_SURFACE('',#2062,2.75);
#2062 = AXIS2_PLACEMENT_3D('',#2063,#2064,#2065);
#2063 = CARTESIAN_POINT('',(40.,-65.,4.451816256229E-13));
#2064 = DIRECTION('',(5.328191649818E-15,2.22044604925E-16,-1.));
#2065 = DIRECTION('',(-8.881784197001E-16,1.,-3.10862446895E-15));
#2066 = DEFINITIONAL_REPRESENTATION('',(#2067),#2071);
#2067 = LINE('',#2068,#2069);
#2068 = CARTESIAN_POINT('',(0.,0.));
#2069 = VECTOR('',#2070,1.);
#2070 = DIRECTION('',(1.,0.));
#2071 = ( GEOMETRIC_REPRESENTATION_CONTEXT(2) 
PARAMETRIC_REPRESENTATION_CONTEXT() REPRESENTATION_CONTEXT('2D SPACE',''
  ) );
#2072 = FACE_BOUND('',#2073,.T.);
#2073 = EDGE_LOOP('',(#2074));
#2074 = ORIENTED_EDGE('',*,*,#2075,.F.);
#2075 = EDGE_CURVE('',#2076,#2076,#2078,.T.);
#2076 = VERTEX_POINT('',#2077);
#2077 = CARTESIAN_POINT('',(30.,7.75,2.409648889269E-13));
#2078 = SURFACE_CURVE('',#2079,(#2084,#2091),.PCURVE_S1.);
#2079 = CIRCLE('',#2080,2.75);
#2080 = AXIS2_PLACEMENT_3D('',#2081,#2082,#2083);
#2081 = CARTESIAN_POINT('',(30.,5.,1.998311258646E-13));
#2082 = DIRECTION('',(1.775477971018E-15,-3.330669073875E-15,-1.));
#2083 = DIRECTION('',(-1.110223024625E-15,1.,-3.330669073875E-15));
#2084 = PCURVE('',#116,#2085);
#2085 = DEFINITIONAL_REPRESENTATION('',(#2086),#2090);
#2086 = CIRCLE('',#2087,2.75);
#2087 = AXIS2_PLACEMENT_2D('',#2088,#2089);
#2088 = CARTESIAN_POINT('',(-119.3452769106,-30.));
#2089 = DIRECTION('',(-1.,1.554312234475E-15));
#2090 = ( GEOMETRIC_REPRESENTATION_CONTEXT(2) 
PARAMETRIC_REPRESENTATION_CONTEXT() REPRESENTATION_CONTEXT('2D SPACE',''
  ) );
#2091 = PCURVE('',#2092,#2097);
#2092 = CYLINDRICAL_SURFACE('',#2093,2.75);
#2093 = AXIS2_PLACEMENT_3D('',#2094,#2095,#2096);
#2094 = CARTESIAN_POINT('',(30.,5.,2.07602687037E-13));
#2095 = DIRECTION('',(5.328191649818E-15,2.22044604925E-16,-1.));
#2096 = DIRECTION('',(-8.881784197001E-16,1.,-3.10862446895E-15));
#2097 = DEFINITIONAL_REPRESENTATION('',(#2098),#2102);
#2098 = LINE('',#2099,#2100);
#2099 = CARTESIAN_POINT('',(0.,0.));
#2100 = VECTOR('',#2101,1.);
#2101 = DIRECTION('',(1.,0.));
#2102 = ( GEOMETRIC_REPRESENTATION_CONTEXT(2) 
PARAMETRIC_REPRESENTATION_CONTEXT() REPRESENTATION_CONTEXT('2D SPACE',''
  ) );
#2103 = FACE_BOUND('',#2104,.T.);
#2104 = EDGE_LOOP('',(#2105));
#2105 = ORIENTED_EDGE('',*,*,#2106,.T.);
#2106 = EDGE_CURVE('',#2107,#2107,#2109,.T.);
#2107 = VERTEX_POINT('',#2108);
#2108 = CARTESIAN_POINT('',(-30.,7.75,1.843435146711E-13));
#2109 = SURFACE_CURVE('',#2110,(#2115,#2126),.PCURVE_S1.);
#2110 = CIRCLE('',#2111,2.75);
#2111 = AXIS2_PLACEMENT_3D('',#2112,#2113,#2114);
#2112 = CARTESIAN_POINT('',(-30.,5.,2.397991547511E-13));
#2113 = DIRECTION('',(3.21876790303E-15,3.996802888651E-15,1.));
#2114 = DIRECTION('',(-1.221245327088E-15,1.,-3.996802888651E-15));
#2115 = PCURVE('',#116,#2116);
#2116 = DEFINITIONAL_REPRESENTATION('',(#2117),#2125);
#2117 = ( BOUNDED_CURVE() B_SPLINE_CURVE(2,(#2118,#2119,#2120,#2121,
#2122,#2123,#2124),.UNSPECIFIED.,.T.,.F.) B_SPLINE_CURVE_WITH_KNOTS((1,2
    ,2,2,2,1),(-2.094395102393,0.,2.094395102393,4.188790204786,
6.28318530718,8.377580409573),.UNSPECIFIED.) CURVE() 
GEOMETRIC_REPRESENTATION_ITEM() RATIONAL_B_SPLINE_CURVE((1.,0.5,1.,0.5,
1.,0.5,1.)) REPRESENTATION_ITEM('') );
#2118 = CARTESIAN_POINT('',(-122.0952769106,30.));
#2119 = CARTESIAN_POINT('',(-122.0952769106,34.763139720815));
#2120 = CARTESIAN_POINT('',(-117.9702769106,32.381569860408));
#2121 = CARTESIAN_POINT('',(-113.8452769106,30.));
#2122 = CARTESIAN_POINT('',(-117.9702769106,27.618430139593));
#2123 = CARTESIAN_POINT('',(-122.0952769106,25.236860279186));
#2124 = CARTESIAN_POINT('',(-122.0952769106,30.));
#2125 = ( GEOMETRIC_REPRESENTATION_CONTEXT(2) 
PARAMETRIC_REPRESENTATION_CONTEXT() REPRESENTATION_CONTEXT('2D SPACE',''
  ) );
#2126 = PCURVE('',#2127,#2132);
#2127 = CYLINDRICAL_SURFACE('',#2128,2.75);
#2128 = AXIS2_PLACEMENT_3D('',#2129,#2130,#2131);
#2129 = CARTESIAN_POINT('',(-30.,5.,2.286969245048E-13));
#2130 = DIRECTION('',(1.22212419547E-15,8.881784197001E-16,-1.));
#2131 = DIRECTION('',(-7.771561172376E-16,1.,-3.552713678801E-15));
#2132 = DEFINITIONAL_REPRESENTATION('',(#2133),#2137);
#2133 = LINE('',#2134,#2135);
#2134 = CARTESIAN_POINT('',(-0.,0.));
#2135 = VECTOR('',#2136,1.);
#2136 = DIRECTION('',(-1.,0.));
#2137 = ( GEOMETRIC_REPRESENTATION_CONTEXT(2) 
PARAMETRIC_REPRESENTATION_CONTEXT() REPRESENTATION_CONTEXT('2D SPACE',''
  ) );
#2138 = FACE_BOUND('',#2139,.T.);
#2139 = EDGE_LOOP('',(#2140));
#2140 = ORIENTED_EDGE('',*,*,#2141,.F.);
#2141 = EDGE_CURVE('',#2142,#2142,#2144,.T.);
#2142 = VERTEX_POINT('',#2143);
#2143 = CARTESIAN_POINT('',(50.,-152.25,6.228640320303E-13));
#2144 = SURFACE_CURVE('',#2145,(#2150,#2157),.PCURVE_S1.);
#2145 = CIRCLE('',#2146,2.75);
#2146 = AXIS2_PLACEMENT_3D('',#2147,#2148,#2149);
#2147 = CARTESIAN_POINT('',(50.,-155.,7.68247737105E-13));
#2148 = DIRECTION('',(1.775477971018E-15,-3.330669073875E-15,-1.));
#2149 = DIRECTION('',(-1.110223024625E-15,1.,-3.330669073875E-15));
#2150 = PCURVE('',#116,#2151);
#2151 = DEFINITIONAL_REPRESENTATION('',(#2152),#2156);
#2152 = CIRCLE('',#2153,2.75);
#2153 = AXIS2_PLACEMENT_2D('',#2154,#2155);
#2154 = CARTESIAN_POINT('',(40.65472308935,-50.));
#2155 = DIRECTION('',(-1.,1.554312234475E-15));
#2156 = ( GEOMETRIC_REPRESENTATION_CONTEXT(2) 
PARAMETRIC_REPRESENTATION_CONTEXT() REPRESENTATION_CONTEXT('2D SPACE',''
  ) );
#2157 = PCURVE('',#2158,#2163);
#2158 = CYLINDRICAL_SURFACE('',#2159,2.75);
#2159 = AXIS2_PLACEMENT_3D('',#2160,#2161,#2162);
#2160 = CARTESIAN_POINT('',(50.,-155.,7.449330535879E-13));
#2161 = DIRECTION('',(5.328191649818E-15,2.22044604925E-16,-1.));
#2162 = DIRECTION('',(-8.881784197001E-16,1.,-3.10862446895E-15));
#2163 = DEFINITIONAL_REPRESENTATION('',(#2164),#2168);
#2164 = LINE('',#2165,#2166);
#2165 = CARTESIAN_POINT('',(0.,0.));
#2166 = VECTOR('',#2167,1.);
#2167 = DIRECTION('',(1.,0.));
#2168 = ( GEOMETRIC_REPRESENTATION_CONTEXT(2) 
PARAMETRIC_REPRESENTATION_CONTEXT() REPRESENTATION_CONTEXT('2D SPACE',''
  ) );
#2169 = ADVANCED_FACE('',(#2170,#2218),#683,.T.);
#2170 = FACE_BOUND('',#2171,.T.);
#2171 = EDGE_LOOP('',(#2172,#2173,#2174,#2197));
#2172 = ORIENTED_EDGE('',*,*,#1585,.F.);
#2173 = ORIENTED_EDGE('',*,*,#669,.T.);
#2174 = ORIENTED_EDGE('',*,*,#2175,.F.);
#2175 = EDGE_CURVE('',#2176,#646,#2178,.T.);
#2176 = VERTEX_POINT('',#2177);
#2177 = CARTESIAN_POINT('',(-9.,35.890622673699,14.5));
#2178 = SURFACE_CURVE('',#2179,(#2183,#2190),.PCURVE_S1.);
#2179 = LINE('',#2180,#2181);
#2180 = CARTESIAN_POINT('',(-9.,35.890622673699,14.5));
#2181 = VECTOR('',#2182,1.);
#2182 = DIRECTION('',(6.661338147751E-16,-1.,1.110223024625E-15));
#2183 = PCURVE('',#683,#2184);
#2184 = DEFINITIONAL_REPRESENTATION('',(#2185),#2189);
#2185 = LINE('',#2186,#2187);
#2186 = CARTESIAN_POINT('',(-7.250000000001,-8.499999999998));
#2187 = VECTOR('',#2188,1.);
#2188 = DIRECTION('',(-8.881784197001E-16,1.));
#2189 = ( GEOMETRIC_REPRESENTATION_CONTEXT(2) 
PARAMETRIC_REPRESENTATION_CONTEXT() REPRESENTATION_CONTEXT('2D SPACE',''
  ) );
#2190 = PCURVE('',#585,#2191);
#2191 = DEFINITIONAL_REPRESENTATION('',(#2192),#2196);
#2192 = LINE('',#2193,#2194);
#2193 = CARTESIAN_POINT('',(-8.999999878948,8.21892636069));
#2194 = VECTOR('',#2195,1.);
#2195 = DIRECTION('',(1.110223024625E-15,-1.));
#2196 = ( GEOMETRIC_REPRESENTATION_CONTEXT(2) 
PARAMETRIC_REPRESENTATION_CONTEXT() REPRESENTATION_CONTEXT('2D SPACE',''
  ) );
#2197 = ORIENTED_EDGE('',*,*,#2198,.F.);
#2198 = EDGE_CURVE('',#1586,#2176,#2199,.T.);
#2199 = SURFACE_CURVE('',#2200,(#2204,#2211),.PCURVE_S1.);
#2200 = LINE('',#2201,#2202);
#2201 = CARTESIAN_POINT('',(-9.,35.890622673699,11.5));
#2202 = VECTOR('',#2203,1.);
#2203 = DIRECTION('',(-4.480574608173E-15,2.292627005799E-30,1.));
#2204 = PCURVE('',#683,#2205);
#2205 = DEFINITIONAL_REPRESENTATION('',(#2206),#2210);
#2206 = LINE('',#2207,#2208);
#2207 = CARTESIAN_POINT('',(-4.250000000001,-8.499999999998));
#2208 = VECTOR('',#2209,1.);
#2209 = DIRECTION('',(-1.,4.440892098501E-16));
#2210 = ( GEOMETRIC_REPRESENTATION_CONTEXT(2) 
PARAMETRIC_REPRESENTATION_CONTEXT() REPRESENTATION_CONTEXT('2D SPACE',''
  ) );
#2211 = PCURVE('',#1624,#2212);
#2212 = DEFINITIONAL_REPRESENTATION('',(#2213),#2217);
#2213 = LINE('',#2214,#2215);
#2214 = CARTESIAN_POINT('',(-9.000000000002,-4.250000000001));
#2215 = VECTOR('',#2216,1.);
#2216 = DIRECTION('',(-4.258530003248E-15,-1.));
#2217 = ( GEOMETRIC_REPRESENTATION_CONTEXT(2) 
PARAMETRIC_REPRESENTATION_CONTEXT() REPRESENTATION_CONTEXT('2D SPACE',''
  ) );
#2218 = FACE_BOUND('',#2219,.T.);
#2219 = EDGE_LOOP('',(#2220));
#2220 = ORIENTED_EDGE('',*,*,#2221,.F.);
#2221 = EDGE_CURVE('',#2222,#2222,#2224,.T.);
#2222 = VERTEX_POINT('',#2223);
#2223 = CARTESIAN_POINT('',(-9.,30.520622673699,7.25));
#2224 = SURFACE_CURVE('',#2225,(#2230,#2237),.PCURVE_S1.);
#2225 = CIRCLE('',#2226,3.13);
#2226 = AXIS2_PLACEMENT_3D('',#2227,#2228,#2229);
#2227 = CARTESIAN_POINT('',(-9.,27.390622673699,7.25));
#2228 = DIRECTION('',(-1.,-4.440892098501E-16,-4.218847493576E-15));
#2229 = DIRECTION('',(-4.440892098501E-16,1.,-4.440892098501E-16));
#2230 = PCURVE('',#683,#2231);
#2231 = DEFINITIONAL_REPRESENTATION('',(#2232),#2236);
#2232 = CIRCLE('',#2233,3.13);
#2233 = AXIS2_PLACEMENT_2D('',#2234,#2235);
#2234 = CARTESIAN_POINT('',(-1.318056774835E-12,1.59872115546E-12));
#2235 = DIRECTION('',(2.22044604925E-16,-1.));
#2236 = ( GEOMETRIC_REPRESENTATION_CONTEXT(2) 
PARAMETRIC_REPRESENTATION_CONTEXT() REPRESENTATION_CONTEXT('2D SPACE',''
  ) );
#2237 = PCURVE('',#2238,#2243);
#2238 = CYLINDRICAL_SURFACE('',#2239,3.13);
#2239 = AXIS2_PLACEMENT_3D('',#2240,#2241,#2242);
#2240 = CARTESIAN_POINT('',(-9.,27.390622673699,7.25));
#2241 = DIRECTION('',(-1.,-2.22044604925E-16,-3.996802888651E-15));
#2242 = DIRECTION('',(-2.22044604925E-16,1.,-2.22044604925E-16));
#2243 = DEFINITIONAL_REPRESENTATION('',(#2244),#2248);
#2244 = LINE('',#2245,#2246);
#2245 = CARTESIAN_POINT('',(0.,0.));
#2246 = VECTOR('',#2247,1.);
#2247 = DIRECTION('',(1.,0.));
#2248 = ( GEOMETRIC_REPRESENTATION_CONTEXT(2) 
PARAMETRIC_REPRESENTATION_CONTEXT() REPRESENTATION_CONTEXT('2D SPACE',''
  ) );
#2249 = ADVANCED_FACE('',(#2250),#585,.T.);
#2250 = FACE_BOUND('',#2251,.F.);
#2251 = EDGE_LOOP('',(#2252,#2253,#2254,#2255,#2256,#2279,#2300));
#2252 = ORIENTED_EDGE('',*,*,#597,.T.);
#2253 = ORIENTED_EDGE('',*,*,#621,.T.);
#2254 = ORIENTED_EDGE('',*,*,#645,.T.);
#2255 = ORIENTED_EDGE('',*,*,#2175,.F.);
#2256 = ORIENTED_EDGE('',*,*,#2257,.F.);
#2257 = EDGE_CURVE('',#2258,#2176,#2260,.T.);
#2258 = VERTEX_POINT('',#2259);
#2259 = CARTESIAN_POINT('',(8.999999999999,35.890622673699,14.5));
#2260 = SURFACE_CURVE('',#2261,(#2265,#2272),.PCURVE_S1.);
#2261 = LINE('',#2262,#2263);
#2262 = CARTESIAN_POINT('',(8.999999999999,35.890622673699,14.5));
#2263 = VECTOR('',#2264,1.);
#2264 = DIRECTION('',(-1.,6.661338147751E-16,-3.370351583548E-15));
#2265 = PCURVE('',#585,#2266);
#2266 = DEFINITIONAL_REPRESENTATION('',(#2267),#2271);
#2267 = LINE('',#2268,#2269);
#2268 = CARTESIAN_POINT('',(9.000000121051,8.21892636069));
#2269 = VECTOR('',#2270,1.);
#2270 = DIRECTION('',(-1.,6.661338147751E-16));
#2271 = ( GEOMETRIC_REPRESENTATION_CONTEXT(2) 
PARAMETRIC_REPRESENTATION_CONTEXT() REPRESENTATION_CONTEXT('2D SPACE',''
  ) );
#2272 = PCURVE('',#1624,#2273);
#2273 = DEFINITIONAL_REPRESENTATION('',(#2274),#2278);
#2274 = LINE('',#2275,#2276);
#2275 = CARTESIAN_POINT('',(8.999999999997,-7.250000000001));
#2276 = VECTOR('',#2277,1.);
#2277 = DIRECTION('',(-1.,2.926262373699E-15));
#2278 = ( GEOMETRIC_REPRESENTATION_CONTEXT(2) 
PARAMETRIC_REPRESENTATION_CONTEXT() REPRESENTATION_CONTEXT('2D SPACE',''
  ) );
#2279 = ORIENTED_EDGE('',*,*,#2280,.F.);
#2280 = EDGE_CURVE('',#541,#2258,#2281,.T.);
#2281 = SURFACE_CURVE('',#2282,(#2286,#2293),.PCURVE_S1.);
#2282 = LINE('',#2283,#2284);
#2283 = CARTESIAN_POINT('',(8.999999999999,18.890622673699,14.5));
#2284 = VECTOR('',#2285,1.);
#2285 = DIRECTION('',(-6.661338147751E-16,1.,-1.110223024625E-15));
#2286 = PCURVE('',#585,#2287);
#2287 = DEFINITIONAL_REPRESENTATION('',(#2288),#2292);
#2288 = LINE('',#2289,#2290);
#2289 = CARTESIAN_POINT('',(9.000000121051,-8.78107363931));
#2290 = VECTOR('',#2291,1.);
#2291 = DIRECTION('',(-1.110223024625E-15,1.));
#2292 = ( GEOMETRIC_REPRESENTATION_CONTEXT(2) 
PARAMETRIC_REPRESENTATION_CONTEXT() REPRESENTATION_CONTEXT('2D SPACE',''
  ) );
#2293 = PCURVE('',#556,#2294);
#2294 = DEFINITIONAL_REPRESENTATION('',(#2295),#2299);
#2295 = LINE('',#2296,#2297);
#2296 = CARTESIAN_POINT('',(-8.500000000002,7.250000000001));
#2297 = VECTOR('',#2298,1.);
#2298 = DIRECTION('',(1.,-8.881784196989E-16));
#2299 = ( GEOMETRIC_REPRESENTATION_CONTEXT(2) 
PARAMETRIC_REPRESENTATION_CONTEXT() REPRESENTATION_CONTEXT('2D SPACE',''
  ) );
#2300 = ORIENTED_EDGE('',*,*,#568,.T.);
#2301 = ADVANCED_FACE('',(#2302),#556,.T.);
#2302 = FACE_BOUND('',#2303,.T.);
#2303 = EDGE_LOOP('',(#2304,#2305,#2306,#2327));
#2304 = ORIENTED_EDGE('',*,*,#540,.T.);
#2305 = ORIENTED_EDGE('',*,*,#1636,.F.);
#2306 = ORIENTED_EDGE('',*,*,#2307,.F.);
#2307 = EDGE_CURVE('',#2258,#1609,#2308,.T.);
#2308 = SURFACE_CURVE('',#2309,(#2313,#2320),.PCURVE_S1.);
#2309 = LINE('',#2310,#2311);
#2310 = CARTESIAN_POINT('',(9.000000000002,35.890622673702,3.));
#2311 = VECTOR('',#2312,1.);
#2312 = DIRECTION('',(3.281109985493E-15,-1.725894062186E-15,-1.));
#2313 = PCURVE('',#556,#2314);
#2314 = DEFINITIONAL_REPRESENTATION('',(#2315),#2319);
#2315 = LINE('',#2316,#2317);
#2316 = CARTESIAN_POINT('',(8.500000000001,-4.249999999999));
#2317 = VECTOR('',#2318,1.);
#2318 = DIRECTION('',(-1.281804852335E-15,-1.));
#2319 = ( GEOMETRIC_REPRESENTATION_CONTEXT(2) 
PARAMETRIC_REPRESENTATION_CONTEXT() REPRESENTATION_CONTEXT('2D SPACE',''
  ) );
#2320 = PCURVE('',#1624,#2321);
#2321 = DEFINITIONAL_REPRESENTATION('',(#2322),#2326);
#2322 = LINE('',#2323,#2324);
#2323 = CARTESIAN_POINT('',(9.,4.249999999999));
#2324 = VECTOR('',#2325,1.);
#2325 = DIRECTION('',(3.059065380568E-15,1.));
#2326 = ( GEOMETRIC_REPRESENTATION_CONTEXT(2) 
PARAMETRIC_REPRESENTATION_CONTEXT() REPRESENTATION_CONTEXT('2D SPACE',''
  ) );
#2327 = ORIENTED_EDGE('',*,*,#2280,.F.);
#2328 = ADVANCED_FACE('',(#2329),#500,.T.);
#2329 = FACE_BOUND('',#2330,.T.);
#2330 = EDGE_LOOP('',(#2331,#2332,#2355,#2376));
#2331 = ORIENTED_EDGE('',*,*,#484,.T.);
#2332 = ORIENTED_EDGE('',*,*,#2333,.T.);
#2333 = EDGE_CURVE('',#457,#2334,#2336,.T.);
#2334 = VERTEX_POINT('',#2335);
#2335 = CARTESIAN_POINT('',(40.,15.,5.));
#2336 = SURFACE_CURVE('',#2337,(#2341,#2348),.PCURVE_S1.);
#2337 = LINE('',#2338,#2339);
#2338 = CARTESIAN_POINT('',(20.,15.,5.));
#2339 = VECTOR('',#2340,1.);
#2340 = DIRECTION('',(1.,-2.6645352591E-15,1.997522575943E-15));
#2341 = PCURVE('',#500,#2342);
#2342 = DEFINITIONAL_REPRESENTATION('',(#2343),#2347);
#2343 = LINE('',#2344,#2345);
#2344 = CARTESIAN_POINT('',(-7.294786237446,-2.5));
#2345 = VECTOR('',#2346,1.);
#2346 = DIRECTION('',(1.,-2.211657365423E-16));
#2347 = ( GEOMETRIC_REPRESENTATION_CONTEXT(2) 
PARAMETRIC_REPRESENTATION_CONTEXT() REPRESENTATION_CONTEXT('2D SPACE',''
  ) );
#2348 = PCURVE('',#444,#2349);
#2349 = DEFINITIONAL_REPRESENTATION('',(#2350),#2354);
#2350 = LINE('',#2351,#2352);
#2351 = CARTESIAN_POINT('',(-21.98543149922,125.17991042793));
#2352 = VECTOR('',#2353,1.);
#2353 = DIRECTION('',(1.,-2.886579864025E-15));
#2354 = ( GEOMETRIC_REPRESENTATION_CONTEXT(2) 
PARAMETRIC_REPRESENTATION_CONTEXT() REPRESENTATION_CONTEXT('2D SPACE',''
  ) );
#2355 = ORIENTED_EDGE('',*,*,#2356,.F.);
#2356 = EDGE_CURVE('',#759,#2334,#2357,.T.);
#2357 = SURFACE_CURVE('',#2358,(#2362,#2369),.PCURVE_S1.);
#2358 = LINE('',#2359,#2360);
#2359 = CARTESIAN_POINT('',(40.,15.,1.964916681069E-13));
#2360 = VECTOR('',#2361,1.);
#2361 = DIRECTION('',(-5.550236254743E-15,-4.440892098501E-16,1.));
#2362 = PCURVE('',#500,#2363);
#2363 = DEFINITIONAL_REPRESENTATION('',(#2364),#2368);
#2364 = LINE('',#2365,#2366);
#2365 = CARTESIAN_POINT('',(12.705213762554,2.5));
#2366 = VECTOR('',#2367,1.);
#2367 = DIRECTION('',(-4.884102439968E-15,-1.));
#2368 = ( GEOMETRIC_REPRESENTATION_CONTEXT(2) 
PARAMETRIC_REPRESENTATION_CONTEXT() REPRESENTATION_CONTEXT('2D SPACE',''
  ) );
#2369 = PCURVE('',#797,#2370);
#2370 = DEFINITIONAL_REPRESENTATION('',(#2371),#2375);
#2371 = LINE('',#2372,#2373);
#2372 = CARTESIAN_POINT('',(0.,0.));
#2373 = VECTOR('',#2374,1.);
#2374 = DIRECTION('',(2.442490654175E-15,-1.));
#2375 = ( GEOMETRIC_REPRESENTATION_CONTEXT(2) 
PARAMETRIC_REPRESENTATION_CONTEXT() REPRESENTATION_CONTEXT('2D SPACE',''
  ) );
#2376 = ORIENTED_EDGE('',*,*,#758,.F.);
#2377 = ADVANCED_FACE('',(#2378,#2450),#444,.T.);
#2378 = FACE_BOUND('',#2379,.T.);
#2379 = EDGE_LOOP('',(#2380,#2381,#2382,#2383,#2406,#2429));
#2380 = ORIENTED_EDGE('',*,*,#2333,.F.);
#2381 = ORIENTED_EDGE('',*,*,#456,.T.);
#2382 = ORIENTED_EDGE('',*,*,#427,.F.);
#2383 = ORIENTED_EDGE('',*,*,#2384,.F.);
#2384 = EDGE_CURVE('',#2385,#400,#2387,.T.);
#2385 = VERTEX_POINT('',#2386);
#2386 = CARTESIAN_POINT('',(21.754347826089,-5.,5.));
#2387 = SURFACE_CURVE('',#2388,(#2392,#2399),.PCURVE_S1.);
#2388 = LINE('',#2389,#2390);
#2389 = CARTESIAN_POINT('',(30.100031708324,-55.31473900168,5.));
#2390 = VECTOR('',#2391,1.);
#2391 = DIRECTION('',(-0.16363383332,0.986521144524,-3.210868357335E-15)
  );
#2392 = PCURVE('',#444,#2393);
#2393 = DEFINITIONAL_REPRESENTATION('',(#2394),#2398);
#2394 = LINE('',#2395,#2396);
#2395 = CARTESIAN_POINT('',(-11.88539979089,54.865171426249));
#2396 = VECTOR('',#2397,1.);
#2397 = DIRECTION('',(-0.16363383332,0.986521144524));
#2398 = ( GEOMETRIC_REPRESENTATION_CONTEXT(2) 
PARAMETRIC_REPRESENTATION_CONTEXT() REPRESENTATION_CONTEXT('2D SPACE',''
  ) );
#2399 = PCURVE('',#415,#2400);
#2400 = DEFINITIONAL_REPRESENTATION('',(#2401),#2405);
#2401 = LINE('',#2402,#2403);
#2402 = CARTESIAN_POINT('',(56.070505238255,-42.));
#2403 = VECTOR('',#2404,1.);
#2404 = DIRECTION('',(-1.,-2.174825256709E-15));
#2405 = ( GEOMETRIC_REPRESENTATION_CONTEXT(2) 
PARAMETRIC_REPRESENTATION_CONTEXT() REPRESENTATION_CONTEXT('2D SPACE',''
  ) );
#2406 = ORIENTED_EDGE('',*,*,#2407,.F.);
#2407 = EDGE_CURVE('',#2408,#2385,#2410,.T.);
#2408 = VERTEX_POINT('',#2409);
#2409 = CARTESIAN_POINT('',(40.,-5.,5.));
#2410 = SURFACE_CURVE('',#2411,(#2415,#2422),.PCURVE_S1.);
#2411 = LINE('',#2412,#2413);
#2412 = CARTESIAN_POINT('',(40.,-5.,5.));
#2413 = VECTOR('',#2414,1.);
#2414 = DIRECTION('',(-1.,2.886579864025E-15,-1.775477971018E-15));
#2415 = PCURVE('',#444,#2416);
#2416 = DEFINITIONAL_REPRESENTATION('',(#2417),#2421);
#2417 = LINE('',#2418,#2419);
#2418 = CARTESIAN_POINT('',(-1.985431499222,105.17991042793));
#2419 = VECTOR('',#2420,1.);
#2420 = DIRECTION('',(-1.,2.886579864025E-15));
#2421 = ( GEOMETRIC_REPRESENTATION_CONTEXT(2) 
PARAMETRIC_REPRESENTATION_CONTEXT() REPRESENTATION_CONTEXT('2D SPACE',''
  ) );
#2422 = PCURVE('',#825,#2423);
#2423 = DEFINITIONAL_REPRESENTATION('',(#2424),#2428);
#2424 = LINE('',#2425,#2426);
#2425 = CARTESIAN_POINT('',(-9.987612879713E-15,-5.));
#2426 = VECTOR('',#2427,1.);
#2427 = DIRECTION('',(1.,-2.442490654175E-15));
#2428 = ( GEOMETRIC_REPRESENTATION_CONTEXT(2) 
PARAMETRIC_REPRESENTATION_CONTEXT() REPRESENTATION_CONTEXT('2D SPACE',''
  ) );
#2429 = ORIENTED_EDGE('',*,*,#2430,.F.);
#2430 = EDGE_CURVE('',#2334,#2408,#2431,.T.);
#2431 = SURFACE_CURVE('',#2432,(#2436,#2443),.PCURVE_S1.);
#2432 = LINE('',#2433,#2434);
#2433 = CARTESIAN_POINT('',(40.,15.,5.));
#2434 = VECTOR('',#2435,1.);
#2435 = DIRECTION('',(1.110223024625E-15,-1.,3.330669073875E-15));
#2436 = PCURVE('',#444,#2437);
#2437 = DEFINITIONAL_REPRESENTATION('',(#2438),#2442);
#2438 = LINE('',#2439,#2440);
#2439 = CARTESIAN_POINT('',(-1.985431499222,125.17991042793));
#2440 = VECTOR('',#2441,1.);
#2441 = DIRECTION('',(2.442490654175E-15,-1.));
#2442 = ( GEOMETRIC_REPRESENTATION_CONTEXT(2) 
PARAMETRIC_REPRESENTATION_CONTEXT() REPRESENTATION_CONTEXT('2D SPACE',''
  ) );
#2443 = PCURVE('',#797,#2444);
#2444 = DEFINITIONAL_REPRESENTATION('',(#2445),#2449);
#2445 = LINE('',#2446,#2447);
#2446 = CARTESIAN_POINT('',(3.208544541167E-14,-5.));
#2447 = VECTOR('',#2448,1.);
#2448 = DIRECTION('',(1.,-2.442490654175E-15));
#2449 = ( GEOMETRIC_REPRESENTATION_CONTEXT(2) 
PARAMETRIC_REPRESENTATION_CONTEXT() REPRESENTATION_CONTEXT('2D SPACE',''
  ) );
#2450 = FACE_BOUND('',#2451,.T.);
#2451 = EDGE_LOOP('',(#2452));
#2452 = ORIENTED_EDGE('',*,*,#2453,.T.);
#2453 = EDGE_CURVE('',#2454,#2454,#2456,.T.);
#2454 = VERTEX_POINT('',#2455);
#2455 = CARTESIAN_POINT('',(30.,7.75,5.));
#2456 = SURFACE_CURVE('',#2457,(#2462,#2473),.PCURVE_S1.);
#2457 = CIRCLE('',#2458,2.75);
#2458 = AXIS2_PLACEMENT_3D('',#2459,#2460,#2461);
#2459 = CARTESIAN_POINT('',(30.,5.,5.));
#2460 = DIRECTION('',(1.775477971018E-15,-3.330669073875E-15,-1.));
#2461 = DIRECTION('',(-1.110223024625E-15,1.,-3.330669073875E-15));
#2462 = PCURVE('',#444,#2463);
#2463 = DEFINITIONAL_REPRESENTATION('',(#2464),#2472);
#2464 = ( BOUNDED_CURVE() B_SPLINE_CURVE(2,(#2465,#2466,#2467,#2468,
#2469,#2470,#2471),.UNSPECIFIED.,.T.,.F.) B_SPLINE_CURVE_WITH_KNOTS((1,2
    ,2,2,2,1),(-2.094395102393,0.,2.094395102393,4.188790204786,
6.28318530718,8.377580409573),.UNSPECIFIED.) CURVE() 
GEOMETRIC_REPRESENTATION_ITEM() RATIONAL_B_SPLINE_CURVE((1.,0.5,1.,0.5,
1.,0.5,1.)) REPRESENTATION_ITEM('') );
#2465 = CARTESIAN_POINT('',(-11.98543149922,117.92991042793));
#2466 = CARTESIAN_POINT('',(-7.222291778407,117.92991042793));
#2467 = CARTESIAN_POINT('',(-9.603861638815,113.80491042793));
#2468 = CARTESIAN_POINT('',(-11.98543149922,109.67991042793));
#2469 = CARTESIAN_POINT('',(-14.36700135962,113.80491042793));
#2470 = CARTESIAN_POINT('',(-16.74857122003,117.92991042793));
#2471 = CARTESIAN_POINT('',(-11.98543149922,117.92991042793));
#2472 = ( GEOMETRIC_REPRESENTATION_CONTEXT(2) 
PARAMETRIC_REPRESENTATION_CONTEXT() REPRESENTATION_CONTEXT('2D SPACE',''
  ) );
#2473 = PCURVE('',#2092,#2474);
#2474 = DEFINITIONAL_REPRESENTATION('',(#2475),#2479);
#2475 = LINE('',#2476,#2477);
#2476 = CARTESIAN_POINT('',(0.,-5.));
#2477 = VECTOR('',#2478,1.);
#2478 = DIRECTION('',(1.,0.));
#2479 = ( GEOMETRIC_REPRESENTATION_CONTEXT(2) 
PARAMETRIC_REPRESENTATION_CONTEXT() REPRESENTATION_CONTEXT('2D SPACE',''
  ) );
#2480 = ADVANCED_FACE('',(#2481),#415,.F.);
#2481 = FACE_BOUND('',#2482,.F.);
#2482 = EDGE_LOOP('',(#2483,#2506,#2507,#2508,#2529,#2530,#2553,#2581,
    #2602,#2603));
#2483 = ORIENTED_EDGE('',*,*,#2484,.F.);
#2484 = EDGE_CURVE('',#376,#2485,#2487,.T.);
#2485 = VERTEX_POINT('',#2486);
#2486 = CARTESIAN_POINT('',(40.,-115.,47.000000000001));
#2487 = SURFACE_CURVE('',#2488,(#2492,#2499),.PCURVE_S1.);
#2488 = LINE('',#2489,#2490);
#2489 = CARTESIAN_POINT('',(20.925000000002,-4.476419235289E-13,
    47.000000000001));
#2490 = VECTOR('',#2491,1.);
#2491 = DIRECTION('',(0.16363383332,-0.986521144524,6.883009113879E-15)
  );
#2492 = PCURVE('',#415,#2493);
#2493 = DEFINITIONAL_REPRESENTATION('',(#2494),#2498);
#2494 = LINE('',#2495,#2496);
#2495 = CARTESIAN_POINT('',(3.039625971658E-13,1.492139745096E-13));
#2496 = VECTOR('',#2497,1.);
#2497 = DIRECTION('',(1.,4.567942197853E-15));
#2498 = ( GEOMETRIC_REPRESENTATION_CONTEXT(2) 
PARAMETRIC_REPRESENTATION_CONTEXT() REPRESENTATION_CONTEXT('2D SPACE',''
  ) );
#2499 = PCURVE('',#278,#2500);
#2500 = DEFINITIONAL_REPRESENTATION('',(#2501),#2505);
#2501 = LINE('',#2502,#2503);
#2502 = CARTESIAN_POINT('',(20.925000000002,114.39595674306));
#2503 = VECTOR('',#2504,1.);
#2504 = DIRECTION('',(0.16363383332,-0.986521144524));
#2505 = ( GEOMETRIC_REPRESENTATION_CONTEXT(2) 
PARAMETRIC_REPRESENTATION_CONTEXT() REPRESENTATION_CONTEXT('2D SPACE',''
  ) );
#2506 = ORIENTED_EDGE('',*,*,#399,.T.);
#2507 = ORIENTED_EDGE('',*,*,#2384,.F.);
#2508 = ORIENTED_EDGE('',*,*,#2509,.F.);
#2509 = EDGE_CURVE('',#810,#2385,#2510,.T.);
#2510 = SURFACE_CURVE('',#2511,(#2515,#2522),.PCURVE_S1.);
#2511 = LINE('',#2512,#2513);
#2512 = CARTESIAN_POINT('',(21.754347826089,-5.,23.5));
#2513 = VECTOR('',#2514,1.);
#2514 = DIRECTION('',(-3.499060944371E-15,-4.440892098501E-16,1.));
#2515 = PCURVE('',#415,#2516);
#2516 = DEFINITIONAL_REPRESENTATION('',(#2517),#2521);
#2517 = LINE('',#2518,#2519);
#2518 = CARTESIAN_POINT('',(5.068315086558,-23.5));
#2519 = VECTOR('',#2520,1.);
#2520 = DIRECTION('',(5.652241626618E-15,1.));
#2521 = ( GEOMETRIC_REPRESENTATION_CONTEXT(2) 
PARAMETRIC_REPRESENTATION_CONTEXT() REPRESENTATION_CONTEXT('2D SPACE',''
  ) );
#2522 = PCURVE('',#825,#2523);
#2523 = DEFINITIONAL_REPRESENTATION('',(#2524),#2528);
#2524 = LINE('',#2525,#2526);
#2525 = CARTESIAN_POINT('',(18.245652173911,-23.5));
#2526 = VECTOR('',#2527,1.);
#2527 = DIRECTION('',(3.913153438036E-16,-1.));
#2528 = ( GEOMETRIC_REPRESENTATION_CONTEXT(2) 
PARAMETRIC_REPRESENTATION_CONTEXT() REPRESENTATION_CONTEXT('2D SPACE',''
  ) );
#2529 = ORIENTED_EDGE('',*,*,#837,.T.);
#2530 = ORIENTED_EDGE('',*,*,#2531,.F.);
#2531 = EDGE_CURVE('',#2532,#838,#2534,.T.);
#2532 = VERTEX_POINT('',#2533);
#2533 = CARTESIAN_POINT('',(30.047826086958,-55.,5.));
#2534 = SURFACE_CURVE('',#2535,(#2539,#2546),.PCURVE_S1.);
#2535 = LINE('',#2536,#2537);
#2536 = CARTESIAN_POINT('',(30.047826086957,-55.,23.5));
#2537 = VECTOR('',#2538,1.);
#2538 = DIRECTION('',(3.499060944371E-15,4.440892098501E-16,-1.));
#2539 = PCURVE('',#415,#2540);
#2540 = DEFINITIONAL_REPRESENTATION('',(#2541),#2545);
#2541 = LINE('',#2542,#2543);
#2542 = CARTESIAN_POINT('',(55.751465952142,-23.5));
#2543 = VECTOR('',#2544,1.);
#2544 = DIRECTION('',(-5.652241626618E-15,-1.));
#2545 = ( GEOMETRIC_REPRESENTATION_CONTEXT(2) 
PARAMETRIC_REPRESENTATION_CONTEXT() REPRESENTATION_CONTEXT('2D SPACE',''
  ) );
#2546 = PCURVE('',#876,#2547);
#2547 = DEFINITIONAL_REPRESENTATION('',(#2548),#2552);
#2548 = LINE('',#2549,#2550);
#2549 = CARTESIAN_POINT('',(4.782608695742E-02,-23.5));
#2550 = VECTOR('',#2551,1.);
#2551 = DIRECTION('',(3.913153438036E-16,1.));
#2552 = ( GEOMETRIC_REPRESENTATION_CONTEXT(2) 
PARAMETRIC_REPRESENTATION_CONTEXT() REPRESENTATION_CONTEXT('2D SPACE',''
  ) );
#2553 = ORIENTED_EDGE('',*,*,#2554,.F.);
#2554 = EDGE_CURVE('',#2555,#2532,#2557,.T.);
#2555 = VERTEX_POINT('',#2556);
#2556 = CARTESIAN_POINT('',(33.365217391305,-75.,5.));
#2557 = SURFACE_CURVE('',#2558,(#2562,#2569),.PCURVE_S1.);
#2558 = LINE('',#2559,#2560);
#2559 = CARTESIAN_POINT('',(30.100031708324,-55.31473900168,5.));
#2560 = VECTOR('',#2561,1.);
#2561 = DIRECTION('',(-0.16363383332,0.986521144524,-3.210868357335E-15)
  );
#2562 = PCURVE('',#415,#2563);
#2563 = DEFINITIONAL_REPRESENTATION('',(#2564),#2568);
#2564 = LINE('',#2565,#2566);
#2565 = CARTESIAN_POINT('',(56.070505238255,-42.));
#2566 = VECTOR('',#2567,1.);
#2567 = DIRECTION('',(-1.,-2.174825256709E-15));
#2568 = ( GEOMETRIC_REPRESENTATION_CONTEXT(2) 
PARAMETRIC_REPRESENTATION_CONTEXT() REPRESENTATION_CONTEXT('2D SPACE',''
  ) );
#2569 = PCURVE('',#2570,#2575);
#2570 = PLANE('',#2571);
#2571 = AXIS2_PLACEMENT_3D('',#2572,#2573,#2574);
#2572 = CARTESIAN_POINT('',(41.985431499222,-110.1799104279,
    5.000000000001));
#2573 = DIRECTION('',(-5.772280859668E-15,-6.661338147751E-16,1.));
#2574 = DIRECTION('',(1.,-2.6645352591E-15,1.775477971018E-15));
#2575 = DEFINITIONAL_REPRESENTATION('',(#2576),#2580);
#2576 = LINE('',#2577,#2578);
#2577 = CARTESIAN_POINT('',(-11.88539979089,54.865171426249));
#2578 = VECTOR('',#2579,1.);
#2579 = DIRECTION('',(-0.16363383332,0.986521144524));
#2580 = ( GEOMETRIC_REPRESENTATION_CONTEXT(2) 
PARAMETRIC_REPRESENTATION_CONTEXT() REPRESENTATION_CONTEXT('2D SPACE',''
  ) );
#2581 = ORIENTED_EDGE('',*,*,#2582,.F.);
#2582 = EDGE_CURVE('',#917,#2555,#2583,.T.);
#2583 = SURFACE_CURVE('',#2584,(#2588,#2595),.PCURVE_S1.);
#2584 = LINE('',#2585,#2586);
#2585 = CARTESIAN_POINT('',(33.365217391305,-75.,23.5));
#2586 = VECTOR('',#2587,1.);
#2587 = DIRECTION('',(-3.499060944371E-15,-4.440892098501E-16,1.));
#2588 = PCURVE('',#415,#2589);
#2589 = DEFINITIONAL_REPRESENTATION('',(#2590),#2594);
#2590 = LINE('',#2591,#2592);
#2591 = CARTESIAN_POINT('',(76.024726298376,-23.5));
#2592 = VECTOR('',#2593,1.);
#2593 = DIRECTION('',(5.652241626618E-15,1.));
#2594 = ( GEOMETRIC_REPRESENTATION_CONTEXT(2) 
PARAMETRIC_REPRESENTATION_CONTEXT() REPRESENTATION_CONTEXT('2D SPACE',''
  ) );
#2595 = PCURVE('',#932,#2596);
#2596 = DEFINITIONAL_REPRESENTATION('',(#2597),#2601);
#2597 = LINE('',#2598,#2599);
#2598 = CARTESIAN_POINT('',(16.634782608695,-23.5));
#2599 = VECTOR('',#2600,1.);
#2600 = DIRECTION('',(3.913153438036E-16,-1.));
#2601 = ( GEOMETRIC_REPRESENTATION_CONTEXT(2) 
PARAMETRIC_REPRESENTATION_CONTEXT() REPRESENTATION_CONTEXT('2D SPACE',''
  ) );
#2602 = ORIENTED_EDGE('',*,*,#944,.T.);
#2603 = ORIENTED_EDGE('',*,*,#2604,.F.);
#2604 = EDGE_CURVE('',#2485,#945,#2605,.T.);
#2605 = SURFACE_CURVE('',#2606,(#2610,#2617),.PCURVE_S1.);
#2606 = LINE('',#2607,#2608);
#2607 = CARTESIAN_POINT('',(40.,-115.,47.000000000001));
#2608 = VECTOR('',#2609,1.);
#2609 = DIRECTION('',(6.994405055138E-15,1.221245327088E-15,-1.));
#2610 = PCURVE('',#415,#2611);
#2611 = DEFINITIONAL_REPRESENTATION('',(#2612),#2616);
#2612 = LINE('',#2613,#2614);
#2613 = CARTESIAN_POINT('',(116.57124699084,5.166117533761E-13));
#2614 = VECTOR('',#2615,1.);
#2615 = DIRECTION('',(-4.567942197853E-15,-1.));
#2616 = ( GEOMETRIC_REPRESENTATION_CONTEXT(2) 
PARAMETRIC_REPRESENTATION_CONTEXT() REPRESENTATION_CONTEXT('2D SPACE',''
  ) );
#2617 = PCURVE('',#983,#2618);
#2618 = DEFINITIONAL_REPRESENTATION('',(#2619),#2623);
#2619 = LINE('',#2620,#2621);
#2620 = CARTESIAN_POINT('',(130.,-5.513367540289E-13));
#2621 = VECTOR('',#2622,1.);
#2622 = DIRECTION('',(5.218048215738E-15,-1.));
#2623 = ( GEOMETRIC_REPRESENTATION_CONTEXT(2) 
PARAMETRIC_REPRESENTATION_CONTEXT() REPRESENTATION_CONTEXT('2D SPACE',''
  ) );
#2624 = ADVANCED_FACE('',(#2625,#2879,#3003),#278,.T.);
#2625 = FACE_BOUND('',#2626,.T.);
#2626 = EDGE_LOOP('',(#2627,#2628,#2651,#2674,#2697,#2718,#2719,#2720,
    #2743,#2766,#2789,#2812,#2835,#2858));
#2627 = ORIENTED_EDGE('',*,*,#261,.F.);
#2628 = ORIENTED_EDGE('',*,*,#2629,.T.);
#2629 = EDGE_CURVE('',#214,#2630,#2632,.T.);
#2630 = VERTEX_POINT('',#2631);
#2631 = CARTESIAN_POINT('',(-40.,-115.,47.000000000001));
#2632 = SURFACE_CURVE('',#2633,(#2637,#2644),.PCURVE_S1.);
#2633 = LINE('',#2634,#2635);
#2634 = CARTESIAN_POINT('',(-20.925,-2.060573933704E-13,47.000000000001)
  );
#2635 = VECTOR('',#2636,1.);
#2636 = DIRECTION('',(-0.16363383332,-0.986521144524,7.355351242213E-15)
  );
#2637 = PCURVE('',#278,#2638);
#2638 = DEFINITIONAL_REPRESENTATION('',(#2639),#2643);
#2639 = LINE('',#2640,#2641);
#2640 = CARTESIAN_POINT('',(-20.925,114.39595674306));
#2641 = VECTOR('',#2642,1.);
#2642 = DIRECTION('',(-0.16363383332,-0.986521144524));
#2643 = ( GEOMETRIC_REPRESENTATION_CONTEXT(2) 
PARAMETRIC_REPRESENTATION_CONTEXT() REPRESENTATION_CONTEXT('2D SPACE',''
  ) );
#2644 = PCURVE('',#228,#2645);
#2645 = DEFINITIONAL_REPRESENTATION('',(#2646),#2650);
#2646 = LINE('',#2647,#2648);
#2647 = CARTESIAN_POINT('',(2.456160942145E-13,1.634248292248E-13));
#2648 = VECTOR('',#2649,1.);
#2649 = DIRECTION('',(1.,6.384642691448E-15));
#2650 = ( GEOMETRIC_REPRESENTATION_CONTEXT(2) 
PARAMETRIC_REPRESENTATION_CONTEXT() REPRESENTATION_CONTEXT('2D SPACE',''
  ) );
#2651 = ORIENTED_EDGE('',*,*,#2652,.T.);
#2652 = EDGE_CURVE('',#2630,#2653,#2655,.T.);
#2653 = VERTEX_POINT('',#2654);
#2654 = CARTESIAN_POINT('',(-40.,-245.,47.000000000001));
#2655 = SURFACE_CURVE('',#2656,(#2660,#2667),.PCURVE_S1.);
#2656 = LINE('',#2657,#2658);
#2657 = CARTESIAN_POINT('',(-40.,-115.,47.000000000001));
#2658 = VECTOR('',#2659,1.);
#2659 = DIRECTION('',(2.886579864025E-15,-1.,6.661338147751E-15));
#2660 = PCURVE('',#278,#2661);
#2661 = DEFINITIONAL_REPRESENTATION('',(#2662),#2666);
#2662 = LINE('',#2663,#2664);
#2663 = CARTESIAN_POINT('',(-40.,-0.604043256938));
#2664 = VECTOR('',#2665,1.);
#2665 = DIRECTION('',(5.329070518201E-15,-1.));
#2666 = ( GEOMETRIC_REPRESENTATION_CONTEXT(2) 
PARAMETRIC_REPRESENTATION_CONTEXT() REPRESENTATION_CONTEXT('2D SPACE',''
  ) );
#2667 = PCURVE('',#1258,#2668);
#2668 = DEFINITIONAL_REPRESENTATION('',(#2669),#2673);
#2669 = LINE('',#2670,#2671);
#2670 = CARTESIAN_POINT('',(3.126388037344E-13,1.918465386552E-13));
#2671 = VECTOR('',#2672,1.);
#2672 = DIRECTION('',(1.,5.107025913276E-15));
#2673 = ( GEOMETRIC_REPRESENTATION_CONTEXT(2) 
PARAMETRIC_REPRESENTATION_CONTEXT() REPRESENTATION_CONTEXT('2D SPACE',''
  ) );
#2674 = ORIENTED_EDGE('',*,*,#2675,.T.);
#2675 = EDGE_CURVE('',#2653,#2676,#2678,.T.);
#2676 = VERTEX_POINT('',#2677);
#2677 = CARTESIAN_POINT('',(40.,-245.,47.000000000001));
#2678 = SURFACE_CURVE('',#2679,(#2683,#2690),.PCURVE_S1.);
#2679 = LINE('',#2680,#2681);
#2680 = CARTESIAN_POINT('',(-40.,-245.,47.000000000002));
#2681 = VECTOR('',#2682,1.);
#2682 = DIRECTION('',(1.,-5.107025913276E-15,-1.33226762955E-15));
#2683 = PCURVE('',#278,#2684);
#2684 = DEFINITIONAL_REPRESENTATION('',(#2685),#2689);
#2685 = LINE('',#2686,#2687);
#2686 = CARTESIAN_POINT('',(-39.99999999999,-130.6040432569));
#2687 = VECTOR('',#2688,1.);
#2688 = DIRECTION('',(1.,-5.107025913276E-15));
#2689 = ( GEOMETRIC_REPRESENTATION_CONTEXT(2) 
PARAMETRIC_REPRESENTATION_CONTEXT() REPRESENTATION_CONTEXT('2D SPACE',''
  ) );
#2690 = PCURVE('',#1174,#2691);
#2691 = DEFINITIONAL_REPRESENTATION('',(#2692),#2696);
#2692 = LINE('',#2693,#2694);
#2693 = CARTESIAN_POINT('',(-28.52994011976,-40.));
#2694 = VECTOR('',#2695,1.);
#2695 = DIRECTION('',(3.10862446895E-15,1.));
#2696 = ( GEOMETRIC_REPRESENTATION_CONTEXT(2) 
PARAMETRIC_REPRESENTATION_CONTEXT() REPRESENTATION_CONTEXT('2D SPACE',''
  ) );
#2697 = ORIENTED_EDGE('',*,*,#2698,.T.);
#2698 = EDGE_CURVE('',#2676,#2485,#2699,.T.);
#2699 = SURFACE_CURVE('',#2700,(#2704,#2711),.PCURVE_S1.);
#2700 = LINE('',#2701,#2702);
#2701 = CARTESIAN_POINT('',(40.000000000001,-245.,47.000000000002));
#2702 = VECTOR('',#2703,1.);
#2703 = DIRECTION('',(-2.886579864025E-15,1.,-6.661338147751E-15));
#2704 = PCURVE('',#278,#2705);
#2705 = DEFINITIONAL_REPRESENTATION('',(#2706),#2710);
#2706 = LINE('',#2707,#2708);
#2707 = CARTESIAN_POINT('',(40.000000000001,-130.6040432569));
#2708 = VECTOR('',#2709,1.);
#2709 = DIRECTION('',(-5.329070518201E-15,1.));
#2710 = ( GEOMETRIC_REPRESENTATION_CONTEXT(2) 
PARAMETRIC_REPRESENTATION_CONTEXT() REPRESENTATION_CONTEXT('2D SPACE',''
  ) );
#2711 = PCURVE('',#983,#2712);
#2712 = DEFINITIONAL_REPRESENTATION('',(#2713),#2717);
#2713 = LINE('',#2714,#2715);
#2714 = CARTESIAN_POINT('',(-3.694822225953E-13,1.989519660128E-13));
#2715 = VECTOR('',#2716,1.);
#2716 = DIRECTION('',(1.,-5.107025913276E-15));
#2717 = ( GEOMETRIC_REPRESENTATION_CONTEXT(2) 
PARAMETRIC_REPRESENTATION_CONTEXT() REPRESENTATION_CONTEXT('2D SPACE',''
  ) );
#2718 = ORIENTED_EDGE('',*,*,#2484,.F.);
#2719 = ORIENTED_EDGE('',*,*,#375,.F.);
#2720 = ORIENTED_EDGE('',*,*,#2721,.T.);
#2721 = EDGE_CURVE('',#348,#2722,#2724,.T.);
#2722 = VERTEX_POINT('',#2723);
#2723 = CARTESIAN_POINT('',(25.,-115.,47.000000000001));
#2724 = SURFACE_CURVE('',#2725,(#2729,#2736),.PCURVE_S1.);
#2725 = LINE('',#2726,#2727);
#2726 = CARTESIAN_POINT('',(15.925,-4.192202140985E-13,47.000000000001)
  );
#2727 = VECTOR('',#2728,1.);
#2728 = DIRECTION('',(7.866847876273E-02,-0.996900832806,
    7.080543252654E-15));
#2729 = PCURVE('',#278,#2730);
#2730 = DEFINITIONAL_REPRESENTATION('',(#2731),#2735);
#2731 = LINE('',#2732,#2733);
#2732 = CARTESIAN_POINT('',(15.925,114.39595674306));
#2733 = VECTOR('',#2734,1.);
#2734 = DIRECTION('',(7.866847876273E-02,-0.996900832806));
#2735 = ( GEOMETRIC_REPRESENTATION_CONTEXT(2) 
PARAMETRIC_REPRESENTATION_CONTEXT() REPRESENTATION_CONTEXT('2D SPACE',''
  ) );
#2736 = PCURVE('',#363,#2737);
#2737 = DEFINITIONAL_REPRESENTATION('',(#2738),#2742);
#2738 = LINE('',#2739,#2740);
#2739 = CARTESIAN_POINT('',(-53.7301845029,18.94857160582));
#2740 = VECTOR('',#2741,1.);
#2741 = DIRECTION('',(1.,5.729210236788E-15));
#2742 = ( GEOMETRIC_REPRESENTATION_CONTEXT(2) 
PARAMETRIC_REPRESENTATION_CONTEXT() REPRESENTATION_CONTEXT('2D SPACE',''
  ) );
#2743 = ORIENTED_EDGE('',*,*,#2744,.T.);
#2744 = EDGE_CURVE('',#2722,#2745,#2747,.T.);
#2745 = VERTEX_POINT('',#2746);
#2746 = CARTESIAN_POINT('',(20.,-115.,47.000000000001));
#2747 = SURFACE_CURVE('',#2748,(#2752,#2759),.PCURVE_S1.);
#2748 = LINE('',#2749,#2750);
#2749 = CARTESIAN_POINT('',(40.,-115.,47.000000000001));
#2750 = VECTOR('',#2751,1.);
#2751 = DIRECTION('',(-1.,5.107025913276E-15,1.33226762955E-15));
#2752 = PCURVE('',#278,#2753);
#2753 = DEFINITIONAL_REPRESENTATION('',(#2754),#2758);
#2754 = LINE('',#2755,#2756);
#2755 = CARTESIAN_POINT('',(40.,-0.604043256938));
#2756 = VECTOR('',#2757,1.);
#2757 = DIRECTION('',(-1.,5.107025913276E-15));
#2758 = ( GEOMETRIC_REPRESENTATION_CONTEXT(2) 
PARAMETRIC_REPRESENTATION_CONTEXT() REPRESENTATION_CONTEXT('2D SPACE',''
  ) );
#2759 = PCURVE('',#1894,#2760);
#2760 = DEFINITIONAL_REPRESENTATION('',(#2761),#2765);
#2761 = LINE('',#2762,#2763);
#2762 = CARTESIAN_POINT('',(-1.563194018672E-13,1.7763568394E-13));
#2763 = VECTOR('',#2764,1.);
#2764 = DIRECTION('',(1.,5.107025913276E-15));
#2765 = ( GEOMETRIC_REPRESENTATION_CONTEXT(2) 
PARAMETRIC_REPRESENTATION_CONTEXT() REPRESENTATION_CONTEXT('2D SPACE',''
  ) );
#2766 = ORIENTED_EDGE('',*,*,#2767,.F.);
#2767 = EDGE_CURVE('',#2768,#2745,#2770,.T.);
#2768 = VERTEX_POINT('',#2769);
#2769 = CARTESIAN_POINT('',(20.,-220.,47.000000000001));
#2770 = SURFACE_CURVE('',#2771,(#2775,#2782),.PCURVE_S1.);
#2771 = LINE('',#2772,#2773);
#2772 = CARTESIAN_POINT('',(20.,-140.,47.000000000001));
#2773 = VECTOR('',#2774,1.);
#2774 = DIRECTION('',(-2.442490654175E-15,1.,-5.884182030513E-15));
#2775 = PCURVE('',#278,#2776);
#2776 = DEFINITIONAL_REPRESENTATION('',(#2777),#2781);
#2777 = LINE('',#2778,#2779);
#2778 = CARTESIAN_POINT('',(20.,-25.60404325693));
#2779 = VECTOR('',#2780,1.);
#2780 = DIRECTION('',(-5.107025913276E-15,1.));
#2781 = ( GEOMETRIC_REPRESENTATION_CONTEXT(2) 
PARAMETRIC_REPRESENTATION_CONTEXT() REPRESENTATION_CONTEXT('2D SPACE',''
  ) );
#2782 = PCURVE('',#1868,#2783);
#2783 = DEFINITIONAL_REPRESENTATION('',(#2784),#2788);
#2784 = LINE('',#2785,#2786);
#2785 = CARTESIAN_POINT('',(-23.5,-27.5));
#2786 = VECTOR('',#2787,1.);
#2787 = DIRECTION('',(4.662936703426E-15,-1.));
#2788 = ( GEOMETRIC_REPRESENTATION_CONTEXT(2) 
PARAMETRIC_REPRESENTATION_CONTEXT() REPRESENTATION_CONTEXT('2D SPACE',''
  ) );
#2789 = ORIENTED_EDGE('',*,*,#2790,.F.);
#2790 = EDGE_CURVE('',#2791,#2768,#2793,.T.);
#2791 = VERTEX_POINT('',#2792);
#2792 = CARTESIAN_POINT('',(-20.,-220.,47.000000000001));
#2793 = SURFACE_CURVE('',#2794,(#2798,#2805),.PCURVE_S1.);
#2794 = LINE('',#2795,#2796);
#2795 = CARTESIAN_POINT('',(-20.,-220.,47.000000000002));
#2796 = VECTOR('',#2797,1.);
#2797 = DIRECTION('',(1.,-5.107025913276E-15,-1.33226762955E-15));
#2798 = PCURVE('',#278,#2799);
#2799 = DEFINITIONAL_REPRESENTATION('',(#2800),#2804);
#2800 = LINE('',#2801,#2802);
#2801 = CARTESIAN_POINT('',(-19.99999999999,-105.6040432569));
#2802 = VECTOR('',#2803,1.);
#2803 = DIRECTION('',(1.,-5.107025913276E-15));
#2804 = ( GEOMETRIC_REPRESENTATION_CONTEXT(2) 
PARAMETRIC_REPRESENTATION_CONTEXT() REPRESENTATION_CONTEXT('2D SPACE',''
  ) );
#2805 = PCURVE('',#1840,#2806);
#2806 = DEFINITIONAL_REPRESENTATION('',(#2807),#2811);
#2807 = LINE('',#2808,#2809);
#2808 = CARTESIAN_POINT('',(1.527666881884E-13,2.13162820728E-13));
#2809 = VECTOR('',#2810,1.);
#2810 = DIRECTION('',(1.,-5.107025913276E-15));
#2811 = ( GEOMETRIC_REPRESENTATION_CONTEXT(2) 
PARAMETRIC_REPRESENTATION_CONTEXT() REPRESENTATION_CONTEXT('2D SPACE',''
  ) );
#2812 = ORIENTED_EDGE('',*,*,#2813,.F.);
#2813 = EDGE_CURVE('',#2814,#2791,#2816,.T.);
#2814 = VERTEX_POINT('',#2815);
#2815 = CARTESIAN_POINT('',(-20.,-115.,47.000000000001));
#2816 = SURFACE_CURVE('',#2817,(#2821,#2828),.PCURVE_S1.);
#2817 = LINE('',#2818,#2819);
#2818 = CARTESIAN_POINT('',(-20.,-140.,47.000000000001));
#2819 = VECTOR('',#2820,1.);
#2820 = DIRECTION('',(2.442490654175E-15,-1.,6.217248937901E-15));
#2821 = PCURVE('',#278,#2822);
#2822 = DEFINITIONAL_REPRESENTATION('',(#2823),#2827);
#2823 = LINE('',#2824,#2825);
#2824 = CARTESIAN_POINT('',(-20.,-25.60404325693));
#2825 = VECTOR('',#2826,1.);
#2826 = DIRECTION('',(5.107025913276E-15,-1.));
#2827 = ( GEOMETRIC_REPRESENTATION_CONTEXT(2) 
PARAMETRIC_REPRESENTATION_CONTEXT() REPRESENTATION_CONTEXT('2D SPACE',''
  ) );
#2828 = PCURVE('',#1812,#2829);
#2829 = DEFINITIONAL_REPRESENTATION('',(#2830),#2834);
#2830 = LINE('',#2831,#2832);
#2831 = CARTESIAN_POINT('',(27.5,23.5));
#2832 = VECTOR('',#2833,1.);
#2833 = DIRECTION('',(-1.,4.996003610813E-15));
#2834 = ( GEOMETRIC_REPRESENTATION_CONTEXT(2) 
PARAMETRIC_REPRESENTATION_CONTEXT() REPRESENTATION_CONTEXT('2D SPACE',''
  ) );
#2835 = ORIENTED_EDGE('',*,*,#2836,.T.);
#2836 = EDGE_CURVE('',#2814,#2837,#2839,.T.);
#2837 = VERTEX_POINT('',#2838);
#2838 = CARTESIAN_POINT('',(-25.,-115.,47.000000000001));
#2839 = SURFACE_CURVE('',#2840,(#2844,#2851),.PCURVE_S1.);
#2840 = LINE('',#2841,#2842);
#2841 = CARTESIAN_POINT('',(40.,-115.,47.000000000001));
#2842 = VECTOR('',#2843,1.);
#2843 = DIRECTION('',(-1.,5.107025913276E-15,1.33226762955E-15));
#2844 = PCURVE('',#278,#2845);
#2845 = DEFINITIONAL_REPRESENTATION('',(#2846),#2850);
#2846 = LINE('',#2847,#2848);
#2847 = CARTESIAN_POINT('',(40.,-0.604043256938));
#2848 = VECTOR('',#2849,1.);
#2849 = DIRECTION('',(-1.,5.107025913276E-15));
#2850 = ( GEOMETRIC_REPRESENTATION_CONTEXT(2) 
PARAMETRIC_REPRESENTATION_CONTEXT() REPRESENTATION_CONTEXT('2D SPACE',''
  ) );
#2851 = PCURVE('',#1784,#2852);
#2852 = DEFINITIONAL_REPRESENTATION('',(#2853),#2857);
#2853 = LINE('',#2854,#2855);
#2854 = CARTESIAN_POINT('',(-1.563194018672E-13,1.7763568394E-13));
#2855 = VECTOR('',#2856,1.);
#2856 = DIRECTION('',(1.,5.107025913276E-15));
#2857 = ( GEOMETRIC_REPRESENTATION_CONTEXT(2) 
PARAMETRIC_REPRESENTATION_CONTEXT() REPRESENTATION_CONTEXT('2D SPACE',''
  ) );
#2858 = ORIENTED_EDGE('',*,*,#2859,.F.);
#2859 = EDGE_CURVE('',#262,#2837,#2860,.T.);
#2860 = SURFACE_CURVE('',#2861,(#2865,#2872),.PCURVE_S1.);
#2861 = LINE('',#2862,#2863);
#2862 = CARTESIAN_POINT('',(-15.925,-2.344791028008E-13,47.000000000001)
  );
#2863 = VECTOR('',#2864,1.);
#2864 = DIRECTION('',(-7.866847876273E-02,-0.996900832806,
    7.307626099384E-15));
#2865 = PCURVE('',#278,#2866);
#2866 = DEFINITIONAL_REPRESENTATION('',(#2867),#2871);
#2867 = LINE('',#2868,#2869);
#2868 = CARTESIAN_POINT('',(-15.925,114.39595674306));
#2869 = VECTOR('',#2870,1.);
#2870 = DIRECTION('',(-7.866847876272E-02,-0.996900832806));
#2871 = ( GEOMETRIC_REPRESENTATION_CONTEXT(2) 
PARAMETRIC_REPRESENTATION_CONTEXT() REPRESENTATION_CONTEXT('2D SPACE',''
  ) );
#2872 = PCURVE('',#306,#2873);
#2873 = DEFINITIONAL_REPRESENTATION('',(#2874),#2878);
#2874 = LINE('',#2875,#2876);
#2875 = CARTESIAN_POINT('',(53.730184502906,18.94857160582));
#2876 = VECTOR('',#2877,1.);
#2877 = DIRECTION('',(-1.,6.445394599552E-15));
#2878 = ( GEOMETRIC_REPRESENTATION_CONTEXT(2) 
PARAMETRIC_REPRESENTATION_CONTEXT() REPRESENTATION_CONTEXT('2D SPACE',''
  ) );
#2879 = FACE_BOUND('',#2880,.T.);
#2880 = EDGE_LOOP('',(#2881,#2911,#2944,#2972));
#2881 = ORIENTED_EDGE('',*,*,#2882,.F.);
#2882 = EDGE_CURVE('',#2883,#2885,#2887,.T.);
#2883 = VERTEX_POINT('',#2884);
#2884 = CARTESIAN_POINT('',(-32.75,-130.,47.000000000001));
#2885 = VERTEX_POINT('',#2886);
#2886 = CARTESIAN_POINT('',(-32.75,-230.,47.000000000001));
#2887 = SURFACE_CURVE('',#2888,(#2892,#2899),.PCURVE_S1.);
#2888 = LINE('',#2889,#2890);
#2889 = CARTESIAN_POINT('',(-32.75,-130.,47.000000000001));
#2890 = VECTOR('',#2891,1.);
#2891 = DIRECTION('',(9.992007221626E-16,-1.,4.551914400963E-15));
#2892 = PCURVE('',#278,#2893);
#2893 = DEFINITIONAL_REPRESENTATION('',(#2894),#2898);
#2894 = LINE('',#2895,#2896);
#2895 = CARTESIAN_POINT('',(-32.75,-15.60404325693));
#2896 = VECTOR('',#2897,1.);
#2897 = DIRECTION('',(4.551914400963E-15,-1.));
#2898 = ( GEOMETRIC_REPRESENTATION_CONTEXT(2) 
PARAMETRIC_REPRESENTATION_CONTEXT() REPRESENTATION_CONTEXT('2D SPACE',''
  ) );
#2899 = PCURVE('',#2900,#2905);
#2900 = PLANE('',#2901);
#2901 = AXIS2_PLACEMENT_3D('',#2902,#2903,#2904);
#2902 = CARTESIAN_POINT('',(-32.75,-130.,47.000000000001));
#2903 = DIRECTION('',(1.,-4.107825191113E-15,-2.109423746788E-15));
#2904 = DIRECTION('',(-5.551115123126E-16,1.,-4.107825191113E-15));
#2905 = DEFINITIONAL_REPRESENTATION('',(#2906),#2910);
#2906 = LINE('',#2907,#2908);
#2907 = CARTESIAN_POINT('',(-2.273736754432E-13,1.42108547152E-13));
#2908 = VECTOR('',#2909,1.);
#2909 = DIRECTION('',(-1.,3.996802888651E-15));
#2910 = ( GEOMETRIC_REPRESENTATION_CONTEXT(2) 
PARAMETRIC_REPRESENTATION_CONTEXT() REPRESENTATION_CONTEXT('2D SPACE',''
  ) );
#2911 = ORIENTED_EDGE('',*,*,#2912,.T.);
#2912 = EDGE_CURVE('',#2883,#2913,#2915,.T.);
#2913 = VERTEX_POINT('',#2914);
#2914 = CARTESIAN_POINT('',(-27.25,-130.,47.000000000001));
#2915 = SURFACE_CURVE('',#2916,(#2921,#2932),.PCURVE_S1.);
#2916 = CIRCLE('',#2917,2.75);
#2917 = AXIS2_PLACEMENT_3D('',#2918,#2919,#2920);
#2918 = CARTESIAN_POINT('',(-30.,-130.,47.000000000001));
#2919 = DIRECTION('',(-2.331468351713E-15,-4.551914400963E-15,-1.));
#2920 = DIRECTION('',(9.992007221626E-16,-1.,4.551914400963E-15));
#2921 = PCURVE('',#278,#2922);
#2922 = DEFINITIONAL_REPRESENTATION('',(#2923),#2931);
#2923 = ( BOUNDED_CURVE() B_SPLINE_CURVE(2,(#2924,#2925,#2926,#2927,
#2928,#2929,#2930),.UNSPECIFIED.,.T.,.F.) B_SPLINE_CURVE_WITH_KNOTS((1,2
    ,2,2,2,1),(-2.094395102393,0.,2.094395102393,4.188790204786,
6.28318530718,8.377580409573),.UNSPECIFIED.) CURVE() 
GEOMETRIC_REPRESENTATION_ITEM() RATIONAL_B_SPLINE_CURVE((1.,0.5,1.,0.5,
1.,0.5,1.)) REPRESENTATION_ITEM('') );
#2924 = CARTESIAN_POINT('',(-30.,-18.35404325693));
#2925 = CARTESIAN_POINT('',(-34.76313972081,-18.35404325693));
#2926 = CARTESIAN_POINT('',(-32.3815698604,-14.22904325693));
#2927 = CARTESIAN_POINT('',(-30.,-10.10404325693));
#2928 = CARTESIAN_POINT('',(-27.61843013959,-14.22904325693));
#2929 = CARTESIAN_POINT('',(-25.23686027918,-18.35404325693));
#2930 = CARTESIAN_POINT('',(-30.,-18.35404325693));
#2931 = ( GEOMETRIC_REPRESENTATION_CONTEXT(2) 
PARAMETRIC_REPRESENTATION_CONTEXT() REPRESENTATION_CONTEXT('2D SPACE',''
  ) );
#2932 = PCURVE('',#2933,#2938);
#2933 = CYLINDRICAL_SURFACE('',#2934,2.75);
#2934 = AXIS2_PLACEMENT_3D('',#2935,#2936,#2937);
#2935 = CARTESIAN_POINT('',(-30.,-130.,47.000000000001));
#2936 = DIRECTION('',(-2.775557561563E-15,-9.992007221626E-16,1.));
#2937 = DIRECTION('',(5.551115123126E-16,-1.,4.107825191113E-15));
#2938 = DEFINITIONAL_REPRESENTATION('',(#2939),#2943);
#2939 = LINE('',#2940,#2941);
#2940 = CARTESIAN_POINT('',(-0.,0.));
#2941 = VECTOR('',#2942,1.);
#2942 = DIRECTION('',(-1.,0.));
#2943 = ( GEOMETRIC_REPRESENTATION_CONTEXT(2) 
PARAMETRIC_REPRESENTATION_CONTEXT() REPRESENTATION_CONTEXT('2D SPACE',''
  ) );
#2944 = ORIENTED_EDGE('',*,*,#2945,.T.);
#2945 = EDGE_CURVE('',#2913,#2946,#2948,.T.);
#2946 = VERTEX_POINT('',#2947);
#2947 = CARTESIAN_POINT('',(-27.25,-230.,47.000000000001));
#2948 = SURFACE_CURVE('',#2949,(#2953,#2960),.PCURVE_S1.);
#2949 = LINE('',#2950,#2951);
#2950 = CARTESIAN_POINT('',(-27.25,-130.,47.000000000001));
#2951 = VECTOR('',#2952,1.);
#2952 = DIRECTION('',(1.034727858951E-15,-1.,4.551914400963E-15));
#2953 = PCURVE('',#278,#2954);
#2954 = DEFINITIONAL_REPRESENTATION('',(#2955),#2959);
#2955 = LINE('',#2956,#2957);
#2956 = CARTESIAN_POINT('',(-27.25,-15.60404325693));
#2957 = VECTOR('',#2958,1.);
#2958 = DIRECTION('',(4.587441537751E-15,-1.));
#2959 = ( GEOMETRIC_REPRESENTATION_CONTEXT(2) 
PARAMETRIC_REPRESENTATION_CONTEXT() REPRESENTATION_CONTEXT('2D SPACE',''
  ) );
#2960 = PCURVE('',#2961,#2966);
#2961 = PLANE('',#2962);
#2962 = AXIS2_PLACEMENT_3D('',#2963,#2964,#2965);
#2963 = CARTESIAN_POINT('',(-27.25,-130.,47.000000000001));
#2964 = DIRECTION('',(1.,-4.072298054325E-15,-2.109423746788E-15));
#2965 = DIRECTION('',(-5.906386491006E-16,1.,-4.107825191113E-15));
#2966 = DEFINITIONAL_REPRESENTATION('',(#2967),#2971);
#2967 = LINE('',#2968,#2969);
#2968 = CARTESIAN_POINT('',(-2.84217094304E-13,1.492139745096E-13));
#2969 = VECTOR('',#2970,1.);
#2970 = DIRECTION('',(-1.,3.996802888651E-15));
#2971 = ( GEOMETRIC_REPRESENTATION_CONTEXT(2) 
PARAMETRIC_REPRESENTATION_CONTEXT() REPRESENTATION_CONTEXT('2D SPACE',''
  ) );
#2972 = ORIENTED_EDGE('',*,*,#2973,.T.);
#2973 = EDGE_CURVE('',#2946,#2885,#2974,.T.);
#2974 = SURFACE_CURVE('',#2975,(#2980,#2991),.PCURVE_S1.);
#2975 = CIRCLE('',#2976,2.75);
#2976 = AXIS2_PLACEMENT_3D('',#2977,#2978,#2979);
#2977 = CARTESIAN_POINT('',(-30.,-230.,47.000000000002));
#2978 = DIRECTION('',(-2.331468351713E-15,-4.551914400963E-15,-1.));
#2979 = DIRECTION('',(9.992007221626E-16,-1.,4.551914400963E-15));
#2980 = PCURVE('',#278,#2981);
#2981 = DEFINITIONAL_REPRESENTATION('',(#2982),#2990);
#2982 = ( BOUNDED_CURVE() B_SPLINE_CURVE(2,(#2983,#2984,#2985,#2986,
#2987,#2988,#2989),.UNSPECIFIED.,.T.,.F.) B_SPLINE_CURVE_WITH_KNOTS((1,2
    ,2,2,2,1),(-2.094395102393,0.,2.094395102393,4.188790204786,
6.28318530718,8.377580409573),.UNSPECIFIED.) CURVE() 
GEOMETRIC_REPRESENTATION_ITEM() RATIONAL_B_SPLINE_CURVE((1.,0.5,1.,0.5,
1.,0.5,1.)) REPRESENTATION_ITEM('') );
#2983 = CARTESIAN_POINT('',(-30.,-118.3540432569));
#2984 = CARTESIAN_POINT('',(-34.76313972081,-118.3540432569));
#2985 = CARTESIAN_POINT('',(-32.3815698604,-114.2290432569));
#2986 = CARTESIAN_POINT('',(-30.,-110.1040432569));
#2987 = CARTESIAN_POINT('',(-27.61843013959,-114.2290432569));
#2988 = CARTESIAN_POINT('',(-25.23686027918,-118.3540432569));
#2989 = CARTESIAN_POINT('',(-30.,-118.3540432569));
#2990 = ( GEOMETRIC_REPRESENTATION_CONTEXT(2) 
PARAMETRIC_REPRESENTATION_CONTEXT() REPRESENTATION_CONTEXT('2D SPACE',''
  ) );
#2991 = PCURVE('',#2992,#2997);
#2992 = CYLINDRICAL_SURFACE('',#2993,2.75);
#2993 = AXIS2_PLACEMENT_3D('',#2994,#2995,#2996);
#2994 = CARTESIAN_POINT('',(-30.,-230.,47.000000000001));
#2995 = DIRECTION('',(-2.775557561563E-15,-9.992007221626E-16,1.));
#2996 = DIRECTION('',(5.551115123126E-16,-1.,4.107825191113E-15));
#2997 = DEFINITIONAL_REPRESENTATION('',(#2998),#3002);
#2998 = LINE('',#2999,#3000);
#2999 = CARTESIAN_POINT('',(-0.,0.));
#3000 = VECTOR('',#3001,1.);
#3001 = DIRECTION('',(-1.,0.));
#3002 = ( GEOMETRIC_REPRESENTATION_CONTEXT(2) 
PARAMETRIC_REPRESENTATION_CONTEXT() REPRESENTATION_CONTEXT('2D SPACE',''
  ) );
#3003 = FACE_BOUND('',#3004,.T.);
#3004 = EDGE_LOOP('',(#3005,#3036,#3064,#3093));
#3005 = ORIENTED_EDGE('',*,*,#3006,.F.);
#3006 = EDGE_CURVE('',#3007,#3009,#3011,.T.);
#3007 = VERTEX_POINT('',#3008);
#3008 = CARTESIAN_POINT('',(32.75,-130.,47.000000000001));
#3009 = VERTEX_POINT('',#3010);
#3010 = CARTESIAN_POINT('',(27.25,-130.,47.000000000001));
#3011 = SURFACE_CURVE('',#3012,(#3017,#3024),.PCURVE_S1.);
#3012 = CIRCLE('',#3013,2.75);
#3013 = AXIS2_PLACEMENT_3D('',#3014,#3015,#3016);
#3014 = CARTESIAN_POINT('',(30.,-130.,47.000000000001));
#3015 = DIRECTION('',(-6.661338147751E-16,3.885780586188E-15,1.));
#3016 = DIRECTION('',(1.7763568394E-15,-1.,3.885780586188E-15));
#3017 = PCURVE('',#278,#3018);
#3018 = DEFINITIONAL_REPRESENTATION('',(#3019),#3023);
#3019 = CIRCLE('',#3020,2.75);
#3020 = AXIS2_PLACEMENT_2D('',#3021,#3022);
#3021 = CARTESIAN_POINT('',(30.000000000001,-15.60404325693));
#3022 = DIRECTION('',(5.107025913276E-15,-1.));
#3023 = ( GEOMETRIC_REPRESENTATION_CONTEXT(2) 
PARAMETRIC_REPRESENTATION_CONTEXT() REPRESENTATION_CONTEXT('2D SPACE',''
  ) );
#3024 = PCURVE('',#3025,#3030);
#3025 = CYLINDRICAL_SURFACE('',#3026,2.75);
#3026 = AXIS2_PLACEMENT_3D('',#3027,#3028,#3029);
#3027 = CARTESIAN_POINT('',(30.,-130.,47.000000000001));
#3028 = DIRECTION('',(-4.884981308351E-15,-3.330669073875E-16,1.));
#3029 = DIRECTION('',(1.554312234475E-15,-1.,3.663735981263E-15));
#3030 = DEFINITIONAL_REPRESENTATION('',(#3031),#3035);
#3031 = LINE('',#3032,#3033);
#3032 = CARTESIAN_POINT('',(0.,0.));
#3033 = VECTOR('',#3034,1.);
#3034 = DIRECTION('',(1.,0.));
#3035 = ( GEOMETRIC_REPRESENTATION_CONTEXT(2) 
PARAMETRIC_REPRESENTATION_CONTEXT() REPRESENTATION_CONTEXT('2D SPACE',''
  ) );
#3036 = ORIENTED_EDGE('',*,*,#3037,.T.);
#3037 = EDGE_CURVE('',#3007,#3038,#3040,.T.);
#3038 = VERTEX_POINT('',#3039);
#3039 = CARTESIAN_POINT('',(32.75,-230.,47.000000000001));
#3040 = SURFACE_CURVE('',#3041,(#3045,#3052),.PCURVE_S1.);
#3041 = LINE('',#3042,#3043);
#3042 = CARTESIAN_POINT('',(32.75,-130.,47.000000000001));
#3043 = VECTOR('',#3044,1.);
#3044 = DIRECTION('',(1.7763568394E-15,-1.,3.885780586188E-15));
#3045 = PCURVE('',#278,#3046);
#3046 = DEFINITIONAL_REPRESENTATION('',(#3047),#3051);
#3047 = LINE('',#3048,#3049);
#3048 = CARTESIAN_POINT('',(32.750000000001,-15.60404325693));
#3049 = VECTOR('',#3050,1.);
#3050 = DIRECTION('',(5.107025913276E-15,-1.));
#3051 = ( GEOMETRIC_REPRESENTATION_CONTEXT(2) 
PARAMETRIC_REPRESENTATION_CONTEXT() REPRESENTATION_CONTEXT('2D SPACE',''
  ) );
#3052 = PCURVE('',#3053,#3058);
#3053 = PLANE('',#3054);
#3054 = AXIS2_PLACEMENT_3D('',#3055,#3056,#3057);
#3055 = CARTESIAN_POINT('',(32.75,-130.,47.000000000001));
#3056 = DIRECTION('',(-1.,2.442490654175E-15,-1.110223024625E-15));
#3057 = DIRECTION('',(1.554312234475E-15,-1.,3.663735981263E-15));
#3058 = DEFINITIONAL_REPRESENTATION('',(#3059),#3063);
#3059 = LINE('',#3060,#3061);
#3060 = CARTESIAN_POINT('',(1.989519660128E-13,1.06581410364E-13));
#3061 = VECTOR('',#3062,1.);
#3062 = DIRECTION('',(1.,2.886579864025E-15));
#3063 = ( GEOMETRIC_REPRESENTATION_CONTEXT(2) 
PARAMETRIC_REPRESENTATION_CONTEXT() REPRESENTATION_CONTEXT('2D SPACE',''
  ) );
#3064 = ORIENTED_EDGE('',*,*,#3065,.F.);
#3065 = EDGE_CURVE('',#3066,#3038,#3068,.T.);
#3066 = VERTEX_POINT('',#3067);
#3067 = CARTESIAN_POINT('',(27.25,-230.,47.000000000001));
#3068 = SURFACE_CURVE('',#3069,(#3074,#3081),.PCURVE_S1.);
#3069 = CIRCLE('',#3070,2.75);
#3070 = AXIS2_PLACEMENT_3D('',#3071,#3072,#3073);
#3071 = CARTESIAN_POINT('',(30.000000000001,-230.,47.000000000001));
#3072 = DIRECTION('',(-6.661338147751E-16,3.885780586188E-15,1.));
#3073 = DIRECTION('',(1.7763568394E-15,-1.,3.885780586188E-15));
#3074 = PCURVE('',#278,#3075);
#3075 = DEFINITIONAL_REPRESENTATION('',(#3076),#3080);
#3076 = CIRCLE('',#3077,2.75);
#3077 = AXIS2_PLACEMENT_2D('',#3078,#3079);
#3078 = CARTESIAN_POINT('',(30.000000000001,-115.6040432569));
#3079 = DIRECTION('',(5.107025913276E-15,-1.));
#3080 = ( GEOMETRIC_REPRESENTATION_CONTEXT(2) 
PARAMETRIC_REPRESENTATION_CONTEXT() REPRESENTATION_CONTEXT('2D SPACE',''
  ) );
#3081 = PCURVE('',#3082,#3087);
#3082 = CYLINDRICAL_SURFACE('',#3083,2.75);
#3083 = AXIS2_PLACEMENT_3D('',#3084,#3085,#3086);
#3084 = CARTESIAN_POINT('',(30.,-230.,47.000000000001));
#3085 = DIRECTION('',(-4.884981308351E-15,-3.330669073875E-16,1.));
#3086 = DIRECTION('',(1.554312234475E-15,-1.,3.663735981263E-15));
#3087 = DEFINITIONAL_REPRESENTATION('',(#3088),#3092);
#3088 = LINE('',#3089,#3090);
#3089 = CARTESIAN_POINT('',(0.,0.));
#3090 = VECTOR('',#3091,1.);
#3091 = DIRECTION('',(1.,0.));
#3092 = ( GEOMETRIC_REPRESENTATION_CONTEXT(2) 
PARAMETRIC_REPRESENTATION_CONTEXT() REPRESENTATION_CONTEXT('2D SPACE',''
  ) );
#3093 = ORIENTED_EDGE('',*,*,#3094,.F.);
#3094 = EDGE_CURVE('',#3009,#3066,#3095,.T.);
#3095 = SURFACE_CURVE('',#3096,(#3100,#3107),.PCURVE_S1.);
#3096 = LINE('',#3097,#3098);
#3097 = CARTESIAN_POINT('',(27.25,-130.,47.000000000001));
#3098 = VECTOR('',#3099,1.);
#3099 = DIRECTION('',(1.740829702612E-15,-1.,3.885780586188E-15));
#3100 = PCURVE('',#278,#3101);
#3101 = DEFINITIONAL_REPRESENTATION('',(#3102),#3106);
#3102 = LINE('',#3103,#3104);
#3103 = CARTESIAN_POINT('',(27.25,-15.60404325693));
#3104 = VECTOR('',#3105,1.);
#3105 = DIRECTION('',(5.071498776488E-15,-1.));
#3106 = ( GEOMETRIC_REPRESENTATION_CONTEXT(2) 
PARAMETRIC_REPRESENTATION_CONTEXT() REPRESENTATION_CONTEXT('2D SPACE',''
  ) );
#3107 = PCURVE('',#3108,#3113);
#3108 = PLANE('',#3109);
#3109 = AXIS2_PLACEMENT_3D('',#3110,#3111,#3112);
#3110 = CARTESIAN_POINT('',(27.25,-130.,47.000000000001));
#3111 = DIRECTION('',(-1.,2.478017790963E-15,-1.110223024625E-15));
#3112 = DIRECTION('',(1.518785097687E-15,-1.,3.663735981263E-15));
#3113 = DEFINITIONAL_REPRESENTATION('',(#3114),#3118);
#3114 = LINE('',#3115,#3116);
#3115 = CARTESIAN_POINT('',(1.989519660128E-13,9.947598300641E-14));
#3116 = VECTOR('',#3117,1.);
#3117 = DIRECTION('',(1.,2.886579864025E-15));
#3118 = ( GEOMETRIC_REPRESENTATION_CONTEXT(2) 
PARAMETRIC_REPRESENTATION_CONTEXT() REPRESENTATION_CONTEXT('2D SPACE',''
  ) );
#3119 = ADVANCED_FACE('',(#3120),#363,.T.);
#3120 = FACE_BOUND('',#3121,.T.);
#3121 = EDGE_LOOP('',(#3122,#3123,#3124,#3147,#3175,#3203,#3231,#3252,
    #3253));
#3122 = ORIENTED_EDGE('',*,*,#2721,.F.);
#3123 = ORIENTED_EDGE('',*,*,#347,.T.);
#3124 = ORIENTED_EDGE('',*,*,#3125,.F.);
#3125 = EDGE_CURVE('',#3126,#319,#3128,.T.);
#3126 = VERTEX_POINT('',#3127);
#3127 = CARTESIAN_POINT('',(15.925,5.526582700661E-14,64.));
#3128 = SURFACE_CURVE('',#3129,(#3133,#3140),.PCURVE_S1.);
#3129 = LINE('',#3130,#3131);
#3130 = CARTESIAN_POINT('',(16.225226418138,-3.804522103133,
    64.000000000001));
#3131 = VECTOR('',#3132,1.);
#3132 = DIRECTION('',(7.866847876273E-02,-0.996900832806,
    5.449434930391E-15));
#3133 = PCURVE('',#363,#3134);
#3134 = DEFINITIONAL_REPRESENTATION('',(#3135),#3139);
#3135 = LINE('',#3136,#3137);
#3136 = CARTESIAN_POINT('',(-49.91383489426,35.94857160582));
#3137 = VECTOR('',#3138,1.);
#3138 = DIRECTION('',(1.,4.098101914525E-15));
#3139 = ( GEOMETRIC_REPRESENTATION_CONTEXT(2) 
PARAMETRIC_REPRESENTATION_CONTEXT() REPRESENTATION_CONTEXT('2D SPACE',''
  ) );
#3140 = PCURVE('',#335,#3141);
#3141 = DEFINITIONAL_REPRESENTATION('',(#3142),#3146);
#3142 = LINE('',#3143,#3144);
#3143 = CARTESIAN_POINT('',(16.225226418139,5.1085958813));
#3144 = VECTOR('',#3145,1.);
#3145 = DIRECTION('',(7.866847876273E-02,-0.996900832806));
#3146 = ( GEOMETRIC_REPRESENTATION_CONTEXT(2) 
PARAMETRIC_REPRESENTATION_CONTEXT() REPRESENTATION_CONTEXT('2D SPACE',''
  ) );
#3147 = ORIENTED_EDGE('',*,*,#3148,.F.);
#3148 = EDGE_CURVE('',#3149,#3126,#3151,.T.);
#3149 = VERTEX_POINT('',#3150);
#3150 = CARTESIAN_POINT('',(15.925,5.307190151817E-14,61.));
#3151 = SURFACE_CURVE('',#3152,(#3156,#3163),.PCURVE_S1.);
#3152 = LINE('',#3153,#3154);
#3153 = CARTESIAN_POINT('',(15.925,-8.935737529619E-14,47.));
#3154 = VECTOR('',#3155,1.);
#3155 = DIRECTION('',(-5.329070518201E-15,-8.881784197001E-16,1.));
#3156 = PCURVE('',#363,#3157);
#3157 = DEFINITIONAL_REPRESENTATION('',(#3158),#3162);
#3158 = LINE('',#3159,#3160);
#3159 = CARTESIAN_POINT('',(-53.7301845029,18.94857160582));
#3160 = VECTOR('',#3161,1.);
#3161 = DIRECTION('',(3.652525813805E-15,1.));
#3162 = ( GEOMETRIC_REPRESENTATION_CONTEXT(2) 
PARAMETRIC_REPRESENTATION_CONTEXT() REPRESENTATION_CONTEXT('2D SPACE',''
  ) );
#3163 = PCURVE('',#3164,#3169);
#3164 = PLANE('',#3165);
#3165 = AXIS2_PLACEMENT_3D('',#3166,#3167,#3168);
#3166 = CARTESIAN_POINT('',(12.925000000001,-1.000669176494E-13,27.));
#3167 = DIRECTION('',(-2.886579864025E-15,1.,-7.216449660064E-15));
#3168 = DIRECTION('',(1.,-5.773159728051E-15,-1.443289932013E-15));
#3169 = DEFINITIONAL_REPRESENTATION('',(#3170),#3174);
#3170 = LINE('',#3171,#3172);
#3171 = CARTESIAN_POINT('',(2.999999999998,-20.));
#3172 = VECTOR('',#3173,1.);
#3173 = DIRECTION('',(-4.773959005888E-15,-1.));
#3174 = ( GEOMETRIC_REPRESENTATION_CONTEXT(2) 
PARAMETRIC_REPRESENTATION_CONTEXT() REPRESENTATION_CONTEXT('2D SPACE',''
  ) );
#3175 = ORIENTED_EDGE('',*,*,#3176,.T.);
#3176 = EDGE_CURVE('',#3149,#3177,#3179,.T.);
#3177 = VERTEX_POINT('',#3178);
#3178 = CARTESIAN_POINT('',(15.925,3.360000438297E-13,27.));
#3179 = SURFACE_CURVE('',#3180,(#3184,#3191),.PCURVE_S1.);
#3180 = LINE('',#3181,#3182);
#3181 = CARTESIAN_POINT('',(15.925,-9.813512958655E-14,61.));
#3182 = VECTOR('',#3183,1.);
#3183 = DIRECTION('',(6.888271240363E-15,2.251115123126E-16,-1.));
#3184 = PCURVE('',#363,#3185);
#3185 = DEFINITIONAL_REPRESENTATION('',(#3186),#3190);
#3186 = LINE('',#3187,#3188);
#3187 = CARTESIAN_POINT('',(-53.7301845029,32.94857160582));
#3188 = VECTOR('',#3189,1.);
#3189 = DIRECTION('',(-2.868853912726E-15,-1.));
#3190 = ( GEOMETRIC_REPRESENTATION_CONTEXT(2) 
PARAMETRIC_REPRESENTATION_CONTEXT() REPRESENTATION_CONTEXT('2D SPACE',''
  ) );
#3191 = PCURVE('',#3192,#3197);
#3192 = CYLINDRICAL_SURFACE('',#3193,15.925);
#3193 = AXIS2_PLACEMENT_3D('',#3194,#3195,#3196);
#3194 = CARTESIAN_POINT('',(-4.537434292639E-13,-7.450068585277E-14,
    61.000000000001));
#3195 = DIRECTION('',(7.436449660064E-15,1.223289932013E-15,-1.));
#3196 = DIRECTION('',(-1.,5.993159728051E-15,1.223289932013E-15));
#3197 = DEFINITIONAL_REPRESENTATION('',(#3198),#3202);
#3198 = LINE('',#3199,#3200);
#3199 = CARTESIAN_POINT('',(-3.14159265359,1.73E-15));
#3200 = VECTOR('',#3201,1.);
#3201 = DIRECTION('',(-0.,1.));
#3202 = ( GEOMETRIC_REPRESENTATION_CONTEXT(2) 
PARAMETRIC_REPRESENTATION_CONTEXT() REPRESENTATION_CONTEXT('2D SPACE',''
  ) );
#3203 = ORIENTED_EDGE('',*,*,#3204,.T.);
#3204 = EDGE_CURVE('',#3177,#3205,#3207,.T.);
#3205 = VERTEX_POINT('',#3206);
#3206 = CARTESIAN_POINT('',(16.89881876819,-12.34040312307,27.));
#3207 = SURFACE_CURVE('',#3208,(#3212,#3219),.PCURVE_S1.);
#3208 = LINE('',#3209,#3210);
#3209 = CARTESIAN_POINT('',(15.979528520121,-0.690995020824,27.));
#3210 = VECTOR('',#3211,1.);
#3211 = DIRECTION('',(7.866847876273E-02,-0.996900832806,
    6.941929396946E-15));
#3212 = PCURVE('',#363,#3213);
#3213 = DEFINITIONAL_REPRESENTATION('',(#3214),#3218);
#3214 = LINE('',#3215,#3216);
#3215 = CARTESIAN_POINT('',(-53.03704131545,-1.05142839418));
#3216 = VECTOR('',#3217,1.);
#3217 = DIRECTION('',(1.,5.59059638108E-15));
#3218 = ( GEOMETRIC_REPRESENTATION_CONTEXT(2) 
PARAMETRIC_REPRESENTATION_CONTEXT() REPRESENTATION_CONTEXT('2D SPACE',''
  ) );
#3219 = PCURVE('',#3220,#3225);
#3220 = PLANE('',#3221);
#3221 = AXIS2_PLACEMENT_3D('',#3222,#3223,#3224);
#3222 = CARTESIAN_POINT('',(-2.058325375458E-13,-2.647286281997,27.));
#3223 = DIRECTION('',(-7.216449660064E-15,-1.173289932013E-15,1.));
#3224 = DIRECTION('',(-2.886579864025E-15,1.,-7.486449660064E-15));
#3225 = DEFINITIONAL_REPRESENTATION('',(#3226),#3230);
#3226 = LINE('',#3227,#3228);
#3227 = CARTESIAN_POINT('',(1.956291261173,-15.97952852012));
#3228 = VECTOR('',#3229,1.);
#3229 = DIRECTION('',(-0.996900832806,-7.866847876273E-02));
#3230 = ( GEOMETRIC_REPRESENTATION_CONTEXT(2) 
PARAMETRIC_REPRESENTATION_CONTEXT() REPRESENTATION_CONTEXT('2D SPACE',''
  ) );
#3231 = ORIENTED_EDGE('',*,*,#3232,.F.);
#3232 = EDGE_CURVE('',#1660,#3205,#3233,.T.);
#3233 = SURFACE_CURVE('',#3234,(#3238,#3245),.PCURVE_S1.);
#3234 = LINE('',#3235,#3236);
#3235 = CARTESIAN_POINT('',(16.89881876819,-12.34040312307,27.));
#3236 = VECTOR('',#3237,1.);
#3237 = DIRECTION('',(-7.214405055138E-15,-1.001245327088E-15,1.));
#3238 = PCURVE('',#363,#3239);
#3239 = DEFINITIONAL_REPRESENTATION('',(#3240),#3244);
#3240 = LINE('',#3241,#3242);
#3241 = CARTESIAN_POINT('',(-41.35141751127,-1.05142839418));
#3242 = VECTOR('',#3243,1.);
#3243 = DIRECTION('',(3.616925907963E-15,1.));
#3244 = ( GEOMETRIC_REPRESENTATION_CONTEXT(2) 
PARAMETRIC_REPRESENTATION_CONTEXT() REPRESENTATION_CONTEXT('2D SPACE',''
  ) );
#3245 = PCURVE('',#1705,#3246);
#3246 = DEFINITIONAL_REPRESENTATION('',(#3247),#3251);
#3247 = LINE('',#3248,#3249);
#3248 = CARTESIAN_POINT('',(2.510850254745,-3.079492995559E-15));
#3249 = VECTOR('',#3250,1.);
#3250 = DIRECTION('',(0.,1.));
#3251 = ( GEOMETRIC_REPRESENTATION_CONTEXT(2) 
PARAMETRIC_REPRESENTATION_CONTEXT() REPRESENTATION_CONTEXT('2D SPACE',''
  ) );
#3252 = ORIENTED_EDGE('',*,*,#1659,.T.);
#3253 = ORIENTED_EDGE('',*,*,#3254,.F.);
#3254 = EDGE_CURVE('',#2722,#1662,#3255,.T.);
#3255 = SURFACE_CURVE('',#3256,(#3260,#3267),.PCURVE_S1.);
#3256 = LINE('',#3257,#3258);
#3257 = CARTESIAN_POINT('',(25.,-115.,47.000000000001));
#3258 = VECTOR('',#3259,1.);
#3259 = DIRECTION('',(6.994405055138E-15,1.221245327088E-15,-1.));
#3260 = PCURVE('',#363,#3261);
#3261 = DEFINITIONAL_REPRESENTATION('',(#3262),#3266);
#3262 = LINE('',#3263,#3264);
#3263 = CARTESIAN_POINT('',(61.627327714548,18.948571605821));
#3264 = VECTOR('',#3265,1.);
#3265 = DIRECTION('',(-3.853551156508E-15,-1.));
#3266 = ( GEOMETRIC_REPRESENTATION_CONTEXT(2) 
PARAMETRIC_REPRESENTATION_CONTEXT() REPRESENTATION_CONTEXT('2D SPACE',''
  ) );
#3267 = PCURVE('',#1894,#3268);
#3268 = DEFINITIONAL_REPRESENTATION('',(#3269),#3273);
#3269 = LINE('',#3270,#3271);
#3270 = CARTESIAN_POINT('',(15.,1.632027846199E-13));
#3271 = VECTOR('',#3272,1.);
#3272 = DIRECTION('',(-5.662137425588E-15,-1.));
#3273 = ( GEOMETRIC_REPRESENTATION_CONTEXT(2) 
PARAMETRIC_REPRESENTATION_CONTEXT() REPRESENTATION_CONTEXT('2D SPACE',''
  ) );
#3274 = ADVANCED_FACE('',(#3275),#335,.F.);
#3275 = FACE_BOUND('',#3276,.F.);
#3276 = EDGE_LOOP('',(#3277,#3307,#3328,#3329,#3330,#3353));
#3277 = ORIENTED_EDGE('',*,*,#3278,.F.);
#3278 = EDGE_CURVE('',#3279,#3281,#3283,.T.);
#3279 = VERTEX_POINT('',#3280);
#3280 = CARTESIAN_POINT('',(-15.925,1.435149130084E-13,64.));
#3281 = VERTEX_POINT('',#3282);
#3282 = CARTESIAN_POINT('',(-12.925,1.486796003913E-13,64.));
#3283 = SURFACE_CURVE('',#3284,(#3288,#3295),.PCURVE_S1.);
#3284 = LINE('',#3285,#3286);
#3285 = CARTESIAN_POINT('',(-20.925,-3.268496584496E-13,64.000000000001)
  );
#3286 = VECTOR('',#3287,1.);
#3287 = DIRECTION('',(1.,-5.313159728051E-15,-1.443289932013E-15));
#3288 = PCURVE('',#335,#3289);
#3289 = DEFINITIONAL_REPRESENTATION('',(#3290),#3294);
#3290 = LINE('',#3291,#3292);
#3291 = CARTESIAN_POINT('',(-20.925,8.913117984433));
#3292 = VECTOR('',#3293,1.);
#3293 = DIRECTION('',(1.,-5.313159728051E-15));
#3294 = ( GEOMETRIC_REPRESENTATION_CONTEXT(2) 
PARAMETRIC_REPRESENTATION_CONTEXT() REPRESENTATION_CONTEXT('2D SPACE',''
  ) );
#3295 = PCURVE('',#3296,#3301);
#3296 = PLANE('',#3297);
#3297 = AXIS2_PLACEMENT_3D('',#3298,#3299,#3300);
#3298 = CARTESIAN_POINT('',(-20.925,9.167453914513E-14,27.));
#3299 = DIRECTION('',(-3.346579864025E-15,1.,-7.216449660064E-15));
#3300 = DIRECTION('',(1.,-5.313159728051E-15,-1.443289932013E-15));
#3301 = DEFINITIONAL_REPRESENTATION('',(#3302),#3306);
#3302 = LINE('',#3303,#3304);
#3303 = CARTESIAN_POINT('',(-2.498001805407E-14,-37.));
#3304 = VECTOR('',#3305,1.);
#3305 = DIRECTION('',(1.,5.773159728051E-15));
#3306 = ( GEOMETRIC_REPRESENTATION_CONTEXT(2) 
PARAMETRIC_REPRESENTATION_CONTEXT() REPRESENTATION_CONTEXT('2D SPACE',''
  ) );
#3307 = ORIENTED_EDGE('',*,*,#3308,.T.);
#3308 = EDGE_CURVE('',#3279,#291,#3309,.T.);
#3309 = SURFACE_CURVE('',#3310,(#3314,#3321),.PCURVE_S1.);
#3310 = LINE('',#3311,#3312);
#3311 = CARTESIAN_POINT('',(-16.22522641813,-3.804522103133,
    64.000000000001));
#3312 = VECTOR('',#3313,1.);
#3313 = DIRECTION('',(-7.866847876273E-02,-0.996900832806,
    5.39703119653E-15));
#3314 = PCURVE('',#335,#3315);
#3315 = DEFINITIONAL_REPRESENTATION('',(#3316),#3320);
#3316 = LINE('',#3317,#3318);
#3317 = CARTESIAN_POINT('',(-16.22522641813,5.1085958813));
#3318 = VECTOR('',#3319,1.);
#3319 = DIRECTION('',(-7.866847876272E-02,-0.996900832806));
#3320 = ( GEOMETRIC_REPRESENTATION_CONTEXT(2) 
PARAMETRIC_REPRESENTATION_CONTEXT() REPRESENTATION_CONTEXT('2D SPACE',''
  ) );
#3321 = PCURVE('',#306,#3322);
#3322 = DEFINITIONAL_REPRESENTATION('',(#3323),#3327);
#3323 = LINE('',#3324,#3325);
#3324 = CARTESIAN_POINT('',(49.913834894265,35.948571605819));
#3325 = VECTOR('',#3326,1.);
#3326 = DIRECTION('',(-1.,4.534799696698E-15));
#3327 = ( GEOMETRIC_REPRESENTATION_CONTEXT(2) 
PARAMETRIC_REPRESENTATION_CONTEXT() REPRESENTATION_CONTEXT('2D SPACE',''
  ) );
#3328 = ORIENTED_EDGE('',*,*,#318,.T.);
#3329 = ORIENTED_EDGE('',*,*,#3125,.F.);
#3330 = ORIENTED_EDGE('',*,*,#3331,.F.);
#3331 = EDGE_CURVE('',#3332,#3126,#3334,.T.);
#3332 = VERTEX_POINT('',#3333);
#3333 = CARTESIAN_POINT('',(12.925000000001,6.906151090628E-14,64.));
#3334 = SURFACE_CURVE('',#3335,(#3339,#3346),.PCURVE_S1.);
#3335 = LINE('',#3336,#3337);
#3336 = CARTESIAN_POINT('',(12.925000000001,-5.258016244625E-13,
    64.000000000001));
#3337 = VECTOR('',#3338,1.);
#3338 = DIRECTION('',(1.,-5.773159728051E-15,-1.443289932013E-15));
#3339 = PCURVE('',#335,#3340);
#3340 = DEFINITIONAL_REPRESENTATION('',(#3341),#3345);
#3341 = LINE('',#3342,#3343);
#3342 = CARTESIAN_POINT('',(12.925000000002,8.913117984433));
#3343 = VECTOR('',#3344,1.);
#3344 = DIRECTION('',(1.,-5.773159728051E-15));
#3345 = ( GEOMETRIC_REPRESENTATION_CONTEXT(2) 
PARAMETRIC_REPRESENTATION_CONTEXT() REPRESENTATION_CONTEXT('2D SPACE',''
  ) );
#3346 = PCURVE('',#3164,#3347);
#3347 = DEFINITIONAL_REPRESENTATION('',(#3348),#3352);
#3348 = LINE('',#3349,#3350);
#3349 = CARTESIAN_POINT('',(-3.386180225107E-14,-37.));
#3350 = VECTOR('',#3351,1.);
#3351 = DIRECTION('',(1.,5.773159728051E-15));
#3352 = ( GEOMETRIC_REPRESENTATION_CONTEXT(2) 
PARAMETRIC_REPRESENTATION_CONTEXT() REPRESENTATION_CONTEXT('2D SPACE',''
  ) );
#3353 = ORIENTED_EDGE('',*,*,#3354,.F.);
#3354 = EDGE_CURVE('',#3281,#3332,#3355,.T.);
#3355 = SURFACE_CURVE('',#3356,(#3361,#3368),.PCURVE_S1.);
#3356 = CIRCLE('',#3357,12.925);
#3357 = AXIS2_PLACEMENT_3D('',#3358,#3359,#3360);
#3358 = CARTESIAN_POINT('',(-4.760627782441E-13,-7.816055564881E-14,
    64.000000000001));
#3359 = DIRECTION('',(1.223289932013E-15,7.436449660064E-15,1.));
#3360 = DIRECTION('',(-1.,5.993159728051E-15,1.223289932013E-15));
#3361 = PCURVE('',#335,#3362);
#3362 = DEFINITIONAL_REPRESENTATION('',(#3363),#3367);
#3363 = CIRCLE('',#3364,12.925);
#3364 = AXIS2_PLACEMENT_2D('',#3365,#3366);
#3365 = CARTESIAN_POINT('',(-1.49960308768E-13,8.913117984433));
#3366 = DIRECTION('',(-1.,5.993159728051E-15));
#3367 = ( GEOMETRIC_REPRESENTATION_CONTEXT(2) 
PARAMETRIC_REPRESENTATION_CONTEXT() REPRESENTATION_CONTEXT('2D SPACE',''
  ) );
#3368 = PCURVE('',#3369,#3374);
#3369 = CONICAL_SURFACE('',#3370,9.925,0.785398163397);
#3370 = AXIS2_PLACEMENT_3D('',#3371,#3372,#3373);
#3371 = CARTESIAN_POINT('',(-4.983821272243E-13,-8.182042544485E-14,
    67.000000000001));
#3372 = DIRECTION('',(7.436449660064E-15,1.223289932013E-15,-1.));
#3373 = DIRECTION('',(-1.,5.993159728051E-15,1.223289932013E-15));
#3374 = DEFINITIONAL_REPRESENTATION('',(#3375),#3379);
#3375 = LINE('',#3376,#3377);
#3376 = CARTESIAN_POINT('',(-0.,3.));
#3377 = VECTOR('',#3378,1.);
#3378 = DIRECTION('',(-1.,0.));
#3379 = ( GEOMETRIC_REPRESENTATION_CONTEXT(2) 
PARAMETRIC_REPRESENTATION_CONTEXT() REPRESENTATION_CONTEXT('2D SPACE',''
  ) );
#3380 = ADVANCED_FACE('',(#3381),#306,.T.);
#3381 = FACE_BOUND('',#3382,.T.);
#3382 = EDGE_LOOP('',(#3383,#3384,#3405,#3406,#3429,#3452,#3475,#3496,
    #3497));
#3383 = ORIENTED_EDGE('',*,*,#2859,.T.);
#3384 = ORIENTED_EDGE('',*,*,#3385,.T.);
#3385 = EDGE_CURVE('',#2837,#1746,#3386,.T.);
#3386 = SURFACE_CURVE('',#3387,(#3391,#3398),.PCURVE_S1.);
#3387 = LINE('',#3388,#3389);
#3388 = CARTESIAN_POINT('',(-25.,-115.,47.000000000001));
#3389 = VECTOR('',#3390,1.);
#3390 = DIRECTION('',(6.994405055138E-15,1.221245327088E-15,-1.));
#3391 = PCURVE('',#306,#3392);
#3392 = DEFINITIONAL_REPRESENTATION('',(#3393),#3397);
#3393 = LINE('',#3394,#3395);
#3394 = CARTESIAN_POINT('',(-61.62732771454,18.94857160582));
#3395 = VECTOR('',#3396,1.);
#3396 = DIRECTION('',(4.779350454715E-15,-1.));
#3397 = ( GEOMETRIC_REPRESENTATION_CONTEXT(2) 
PARAMETRIC_REPRESENTATION_CONTEXT() REPRESENTATION_CONTEXT('2D SPACE',''
  ) );
#3398 = PCURVE('',#1784,#3399);
#3399 = DEFINITIONAL_REPRESENTATION('',(#3400),#3404);
#3400 = LINE('',#3401,#3402);
#3401 = CARTESIAN_POINT('',(65.,4.08784117667E-13));
#3402 = VECTOR('',#3403,1.);
#3403 = DIRECTION('',(-5.662137425588E-15,-1.));
#3404 = ( GEOMETRIC_REPRESENTATION_CONTEXT(2) 
PARAMETRIC_REPRESENTATION_CONTEXT() REPRESENTATION_CONTEXT('2D SPACE',''
  ) );
#3405 = ORIENTED_EDGE('',*,*,#1745,.F.);
#3406 = ORIENTED_EDGE('',*,*,#3407,.T.);
#3407 = EDGE_CURVE('',#1718,#3408,#3410,.T.);
#3408 = VERTEX_POINT('',#3409);
#3409 = CARTESIAN_POINT('',(-16.89881876819,-12.34040312307,27.));
#3410 = SURFACE_CURVE('',#3411,(#3415,#3422),.PCURVE_S1.);
#3411 = LINE('',#3412,#3413);
#3412 = CARTESIAN_POINT('',(-16.89881876819,-12.34040312307,27.));
#3413 = VECTOR('',#3414,1.);
#3414 = DIRECTION('',(-7.214405055138E-15,-1.001245327088E-15,1.));
#3415 = PCURVE('',#306,#3416);
#3416 = DEFINITIONAL_REPRESENTATION('',(#3417),#3421);
#3417 = LINE('',#3418,#3419);
#3418 = CARTESIAN_POINT('',(41.35141751127,-1.051428394181));
#3419 = VECTOR('',#3420,1.);
#3420 = DIRECTION('',(-4.577339336826E-15,1.));
#3421 = ( GEOMETRIC_REPRESENTATION_CONTEXT(2) 
PARAMETRIC_REPRESENTATION_CONTEXT() REPRESENTATION_CONTEXT('2D SPACE',''
  ) );
#3422 = PCURVE('',#1705,#3423);
#3423 = DEFINITIONAL_REPRESENTATION('',(#3424),#3428);
#3424 = LINE('',#3425,#3426);
#3425 = CARTESIAN_POINT('',(0.630742398845,4.755142979008E-15));
#3426 = VECTOR('',#3427,1.);
#3427 = DIRECTION('',(0.,1.));
#3428 = ( GEOMETRIC_REPRESENTATION_CONTEXT(2) 
PARAMETRIC_REPRESENTATION_CONTEXT() REPRESENTATION_CONTEXT('2D SPACE',''
  ) );
#3429 = ORIENTED_EDGE('',*,*,#3430,.F.);
#3430 = EDGE_CURVE('',#3431,#3408,#3433,.T.);
#3431 = VERTEX_POINT('',#3432);
#3432 = CARTESIAN_POINT('',(-15.925,1.009376124989E-13,27.));
#3433 = SURFACE_CURVE('',#3434,(#3438,#3445),.PCURVE_S1.);
#3434 = LINE('',#3435,#3436);
#3435 = CARTESIAN_POINT('',(-15.97952852012,-0.690995020823,27.));
#3436 = VECTOR('',#3437,1.);
#3437 = DIRECTION('',(-7.866847876273E-02,-0.996900832806,
    7.099140598528E-15));
#3438 = PCURVE('',#306,#3439);
#3439 = DEFINITIONAL_REPRESENTATION('',(#3440),#3444);
#3440 = LINE('',#3441,#3442);
#3441 = CARTESIAN_POINT('',(53.037041315455,-1.051428394181));
#3442 = VECTOR('',#3443,1.);
#3443 = DIRECTION('',(-1.,6.236909098696E-15));
#3444 = ( GEOMETRIC_REPRESENTATION_CONTEXT(2) 
PARAMETRIC_REPRESENTATION_CONTEXT() REPRESENTATION_CONTEXT('2D SPACE',''
  ) );
#3445 = PCURVE('',#3220,#3446);
#3446 = DEFINITIONAL_REPRESENTATION('',(#3447),#3451);
#3447 = LINE('',#3448,#3449);
#3448 = CARTESIAN_POINT('',(1.956291261173,15.979528520122));
#3449 = VECTOR('',#3450,1.);
#3450 = DIRECTION('',(-0.996900832806,7.866847876272E-02));
#3451 = ( GEOMETRIC_REPRESENTATION_CONTEXT(2) 
PARAMETRIC_REPRESENTATION_CONTEXT() REPRESENTATION_CONTEXT('2D SPACE',''
  ) );
#3452 = ORIENTED_EDGE('',*,*,#3453,.F.);
#3453 = EDGE_CURVE('',#3454,#3431,#3456,.T.);
#3454 = VERTEX_POINT('',#3455);
#3455 = CARTESIAN_POINT('',(-15.925,1.610094701874E-13,61.));
#3456 = SURFACE_CURVE('',#3457,(#3461,#3468),.PCURVE_S1.);
#3457 = LINE('',#3458,#3459);
#3458 = CARTESIAN_POINT('',(-15.925,4.393152508442E-14,61.));
#3459 = VECTOR('',#3460,1.);
#3460 = DIRECTION('',(6.328271240363E-15,5.551115123126E-16,-1.));
#3461 = PCURVE('',#306,#3462);
#3462 = DEFINITIONAL_REPRESENTATION('',(#3463),#3467);
#3463 = LINE('',#3464,#3465);
#3464 = CARTESIAN_POINT('',(53.730184502906,32.948571605819));
#3465 = VECTOR('',#3466,1.);
#3466 = DIRECTION('',(4.062877366145E-15,-1.));
#3467 = ( GEOMETRIC_REPRESENTATION_CONTEXT(2) 
PARAMETRIC_REPRESENTATION_CONTEXT() REPRESENTATION_CONTEXT('2D SPACE',''
  ) );
#3468 = PCURVE('',#3192,#3469);
#3469 = DEFINITIONAL_REPRESENTATION('',(#3470),#3474);
#3470 = LINE('',#3471,#3472);
#3471 = CARTESIAN_POINT('',(-6.28318530718,0.));
#3472 = VECTOR('',#3473,1.);
#3473 = DIRECTION('',(-0.,1.));
#3474 = ( GEOMETRIC_REPRESENTATION_CONTEXT(2) 
PARAMETRIC_REPRESENTATION_CONTEXT() REPRESENTATION_CONTEXT('2D SPACE',''
  ) );
#3475 = ORIENTED_EDGE('',*,*,#3476,.T.);
#3476 = EDGE_CURVE('',#3454,#3279,#3477,.T.);
#3477 = SURFACE_CURVE('',#3478,(#3482,#3489),.PCURVE_S1.);
#3478 = LINE('',#3479,#3480);
#3479 = CARTESIAN_POINT('',(-15.925,6.254079670733E-14,47.));
#3480 = VECTOR('',#3481,1.);
#3481 = DIRECTION('',(-5.329070518201E-15,-8.881784197001E-16,1.));
#3482 = PCURVE('',#306,#3483);
#3483 = DEFINITIONAL_REPRESENTATION('',(#3484),#3488);
#3484 = LINE('',#3485,#3486);
#3485 = CARTESIAN_POINT('',(53.730184502906,18.948571605819));
#3486 = VECTOR('',#3487,1.);
#3487 = DIRECTION('',(-4.316306442708E-15,1.));
#3488 = ( GEOMETRIC_REPRESENTATION_CONTEXT(2) 
PARAMETRIC_REPRESENTATION_CONTEXT() REPRESENTATION_CONTEXT('2D SPACE',''
  ) );
#3489 = PCURVE('',#3296,#3490);
#3490 = DEFINITIONAL_REPRESENTATION('',(#3491),#3495);
#3491 = LINE('',#3492,#3493);
#3492 = CARTESIAN_POINT('',(5.000000000002,-20.));
#3493 = VECTOR('',#3494,1.);
#3494 = DIRECTION('',(-4.773959005888E-15,-1.));
#3495 = ( GEOMETRIC_REPRESENTATION_CONTEXT(2) 
PARAMETRIC_REPRESENTATION_CONTEXT() REPRESENTATION_CONTEXT('2D SPACE',''
  ) );
#3496 = ORIENTED_EDGE('',*,*,#3308,.T.);
#3497 = ORIENTED_EDGE('',*,*,#290,.F.);
#3498 = ADVANCED_FACE('',(#3499),#228,.T.);
#3499 = FACE_BOUND('',#3500,.T.);
#3500 = EDGE_LOOP('',(#3501,#3502,#3503,#3526,#3547,#3548,#3571,#3599,
    #3620,#3621));
#3501 = ORIENTED_EDGE('',*,*,#2629,.F.);
#3502 = ORIENTED_EDGE('',*,*,#213,.F.);
#3503 = ORIENTED_EDGE('',*,*,#3504,.T.);
#3504 = EDGE_CURVE('',#190,#3505,#3507,.T.);
#3505 = VERTEX_POINT('',#3506);
#3506 = CARTESIAN_POINT('',(-21.75434782608,-5.,5.));
#3507 = SURFACE_CURVE('',#3508,(#3512,#3519),.PCURVE_S1.);
#3508 = LINE('',#3509,#3510);
#3509 = CARTESIAN_POINT('',(-30.10003170832,-55.31473900168,
    5.000000000001));
#3510 = VECTOR('',#3511,1.);
#3511 = DIRECTION('',(-0.16363383332,-0.986521144524,2.571880268913E-15)
  );
#3512 = PCURVE('',#228,#3513);
#3513 = DEFINITIONAL_REPRESENTATION('',(#3514),#3518);
#3514 = LINE('',#3515,#3516);
#3515 = CARTESIAN_POINT('',(56.070505238255,-42.));
#3516 = VECTOR('',#3517,1.);
#3517 = DIRECTION('',(1.,3.388871671753E-15));
#3518 = ( GEOMETRIC_REPRESENTATION_CONTEXT(2) 
PARAMETRIC_REPRESENTATION_CONTEXT() REPRESENTATION_CONTEXT('2D SPACE',''
  ) );
#3519 = PCURVE('',#177,#3520);
#3520 = DEFINITIONAL_REPRESENTATION('',(#3521),#3525);
#3521 = LINE('',#3522,#3523);
#3522 = CARTESIAN_POINT('',(11.885399790897,54.865171426249));
#3523 = VECTOR('',#3524,1.);
#3524 = DIRECTION('',(-0.16363383332,-0.986521144524));
#3525 = ( GEOMETRIC_REPRESENTATION_CONTEXT(2) 
PARAMETRIC_REPRESENTATION_CONTEXT() REPRESENTATION_CONTEXT('2D SPACE',''
  ) );
#3526 = ORIENTED_EDGE('',*,*,#3527,.T.);
#3527 = EDGE_CURVE('',#3505,#1485,#3528,.T.);
#3528 = SURFACE_CURVE('',#3529,(#3533,#3540),.PCURVE_S1.);
#3529 = LINE('',#3530,#3531);
#3530 = CARTESIAN_POINT('',(-21.75434782608,-5.,23.5));
#3531 = VECTOR('',#3532,1.);
#3532 = DIRECTION('',(4.235669785927E-15,2.22044604925E-16,-1.));
#3533 = PCURVE('',#228,#3534);
#3534 = DEFINITIONAL_REPRESENTATION('',(#3535),#3539);
#3535 = LINE('',#3536,#3537);
#3536 = CARTESIAN_POINT('',(5.068315086558,-23.5));
#3537 = VECTOR('',#3538,1.);
#3538 = DIRECTION('',(-6.7351875778E-15,-1.));
#3539 = ( GEOMETRIC_REPRESENTATION_CONTEXT(2) 
PARAMETRIC_REPRESENTATION_CONTEXT() REPRESENTATION_CONTEXT('2D SPACE',''
  ) );
#3540 = PCURVE('',#1523,#3541);
#3541 = DEFINITIONAL_REPRESENTATION('',(#3542),#3546);
#3542 = LINE('',#3543,#3544);
#3543 = CARTESIAN_POINT('',(-18.24565217391,-23.5));
#3544 = VECTOR('',#3545,1.);
#3545 = DIRECTION('',(-5.900125454482E-15,1.));
#3546 = ( GEOMETRIC_REPRESENTATION_CONTEXT(2) 
PARAMETRIC_REPRESENTATION_CONTEXT() REPRESENTATION_CONTEXT('2D SPACE',''
  ) );
#3547 = ORIENTED_EDGE('',*,*,#1484,.T.);
#3548 = ORIENTED_EDGE('',*,*,#3549,.T.);
#3549 = EDGE_CURVE('',#1457,#3550,#3552,.T.);
#3550 = VERTEX_POINT('',#3551);
#3551 = CARTESIAN_POINT('',(-30.04782608695,-55.,5.));
#3552 = SURFACE_CURVE('',#3553,(#3557,#3564),.PCURVE_S1.);
#3553 = LINE('',#3554,#3555);
#3554 = CARTESIAN_POINT('',(-30.04782608695,-55.,23.5));
#3555 = VECTOR('',#3556,1.);
#3556 = DIRECTION('',(-4.235669785927E-15,-2.22044604925E-16,1.));
#3557 = PCURVE('',#228,#3558);
#3558 = DEFINITIONAL_REPRESENTATION('',(#3559),#3563);
#3559 = LINE('',#3560,#3561);
#3560 = CARTESIAN_POINT('',(55.751465952142,-23.5));
#3561 = VECTOR('',#3562,1.);
#3562 = DIRECTION('',(6.7351875778E-15,1.));
#3563 = ( GEOMETRIC_REPRESENTATION_CONTEXT(2) 
PARAMETRIC_REPRESENTATION_CONTEXT() REPRESENTATION_CONTEXT('2D SPACE',''
  ) );
#3564 = PCURVE('',#1472,#3565);
#3565 = DEFINITIONAL_REPRESENTATION('',(#3566),#3570);
#3566 = LINE('',#3567,#3568);
#3567 = CARTESIAN_POINT('',(-4.782608695783E-02,-23.5));
#3568 = VECTOR('',#3569,1.);
#3569 = DIRECTION('',(-5.900125454482E-15,-1.));
#3570 = ( GEOMETRIC_REPRESENTATION_CONTEXT(2) 
PARAMETRIC_REPRESENTATION_CONTEXT() REPRESENTATION_CONTEXT('2D SPACE',''
  ) );
#3571 = ORIENTED_EDGE('',*,*,#3572,.T.);
#3572 = EDGE_CURVE('',#3550,#3573,#3575,.T.);
#3573 = VERTEX_POINT('',#3574);
#3574 = CARTESIAN_POINT('',(-33.3652173913,-75.,5.));
#3575 = SURFACE_CURVE('',#3576,(#3580,#3587),.PCURVE_S1.);
#3576 = LINE('',#3577,#3578);
#3577 = CARTESIAN_POINT('',(-30.10003170832,-55.31473900168,
    5.000000000001));
#3578 = VECTOR('',#3579,1.);
#3579 = DIRECTION('',(-0.16363383332,-0.986521144524,2.571880268913E-15)
  );
#3580 = PCURVE('',#228,#3581);
#3581 = DEFINITIONAL_REPRESENTATION('',(#3582),#3586);
#3582 = LINE('',#3583,#3584);
#3583 = CARTESIAN_POINT('',(56.070505238255,-42.));
#3584 = VECTOR('',#3585,1.);
#3585 = DIRECTION('',(1.,3.388871671753E-15));
#3586 = ( GEOMETRIC_REPRESENTATION_CONTEXT(2) 
PARAMETRIC_REPRESENTATION_CONTEXT() REPRESENTATION_CONTEXT('2D SPACE',''
  ) );
#3587 = PCURVE('',#3588,#3593);
#3588 = PLANE('',#3589);
#3589 = AXIS2_PLACEMENT_3D('',#3590,#3591,#3592);
#3590 = CARTESIAN_POINT('',(-41.98543149922,-110.1799104279,
    5.000000000001));
#3591 = DIRECTION('',(-1.444168800395E-15,-1.554312234475E-15,1.));
#3592 = DIRECTION('',(1.,-3.663735981263E-15,-3.21876790303E-15));
#3593 = DEFINITIONAL_REPRESENTATION('',(#3594),#3598);
#3594 = LINE('',#3595,#3596);
#3595 = CARTESIAN_POINT('',(11.885399790897,54.865171426249));
#3596 = VECTOR('',#3597,1.);
#3597 = DIRECTION('',(-0.16363383332,-0.986521144524));
#3598 = ( GEOMETRIC_REPRESENTATION_CONTEXT(2) 
PARAMETRIC_REPRESENTATION_CONTEXT() REPRESENTATION_CONTEXT('2D SPACE',''
  ) );
#3599 = ORIENTED_EDGE('',*,*,#3600,.T.);
#3600 = EDGE_CURVE('',#3573,#1378,#3601,.T.);
#3601 = SURFACE_CURVE('',#3602,(#3606,#3613),.PCURVE_S1.);
#3602 = LINE('',#3603,#3604);
#3603 = CARTESIAN_POINT('',(-33.3652173913,-75.,23.500000000001));
#3604 = VECTOR('',#3605,1.);
#3605 = DIRECTION('',(4.235669785927E-15,2.22044604925E-16,-1.));
#3606 = PCURVE('',#228,#3607);
#3607 = DEFINITIONAL_REPRESENTATION('',(#3608),#3612);
#3608 = LINE('',#3609,#3610);
#3609 = CARTESIAN_POINT('',(76.024726298376,-23.5));
#3610 = VECTOR('',#3611,1.);
#3611 = DIRECTION('',(-6.7351875778E-15,-1.));
#3612 = ( GEOMETRIC_REPRESENTATION_CONTEXT(2) 
PARAMETRIC_REPRESENTATION_CONTEXT() REPRESENTATION_CONTEXT('2D SPACE',''
  ) );
#3613 = PCURVE('',#1416,#3614);
#3614 = DEFINITIONAL_REPRESENTATION('',(#3615),#3619);
#3615 = LINE('',#3616,#3617);
#3616 = CARTESIAN_POINT('',(-16.63478260869,-23.5));
#3617 = VECTOR('',#3618,1.);
#3618 = DIRECTION('',(-5.900125454482E-15,1.));
#3619 = ( GEOMETRIC_REPRESENTATION_CONTEXT(2) 
PARAMETRIC_REPRESENTATION_CONTEXT() REPRESENTATION_CONTEXT('2D SPACE',''
  ) );
#3620 = ORIENTED_EDGE('',*,*,#1377,.T.);
#3621 = ORIENTED_EDGE('',*,*,#3622,.F.);
#3622 = EDGE_CURVE('',#2630,#1355,#3623,.T.);
#3623 = SURFACE_CURVE('',#3624,(#3628,#3635),.PCURVE_S1.);
#3624 = LINE('',#3625,#3626);
#3625 = CARTESIAN_POINT('',(-40.,-115.,47.000000000001));
#3626 = VECTOR('',#3627,1.);
#3627 = DIRECTION('',(6.994405055138E-15,1.221245327088E-15,-1.));
#3628 = PCURVE('',#228,#3629);
#3629 = DEFINITIONAL_REPRESENTATION('',(#3630),#3634);
#3630 = LINE('',#3631,#3632);
#3631 = CARTESIAN_POINT('',(116.57124699084,7.159578485627E-13));
#3632 = VECTOR('',#3633,1.);
#3633 = DIRECTION('',(-6.384642691448E-15,-1.));
#3634 = ( GEOMETRIC_REPRESENTATION_CONTEXT(2) 
PARAMETRIC_REPRESENTATION_CONTEXT() REPRESENTATION_CONTEXT('2D SPACE',''
  ) );
#3635 = PCURVE('',#1258,#3636);
#3636 = DEFINITIONAL_REPRESENTATION('',(#3637),#3641);
#3637 = LINE('',#3638,#3639);
#3638 = CARTESIAN_POINT('',(4.263256414561E-14,9.947598300641E-14));
#3639 = VECTOR('',#3640,1.);
#3640 = DIRECTION('',(-5.218048215738E-15,-1.));
#3641 = ( GEOMETRIC_REPRESENTATION_CONTEXT(2) 
PARAMETRIC_REPRESENTATION_CONTEXT() REPRESENTATION_CONTEXT('2D SPACE',''
  ) );
#3642 = ADVANCED_FACE('',(#3643,#3715),#177,.T.);
#3643 = FACE_BOUND('',#3644,.F.);
#3644 = EDGE_LOOP('',(#3645,#3668,#3669,#3670,#3671,#3694));
#3645 = ORIENTED_EDGE('',*,*,#3646,.F.);
#3646 = EDGE_CURVE('',#133,#3647,#3649,.T.);
#3647 = VERTEX_POINT('',#3648);
#3648 = CARTESIAN_POINT('',(-40.,15.,5.));
#3649 = SURFACE_CURVE('',#3650,(#3654,#3661),.PCURVE_S1.);
#3650 = LINE('',#3651,#3652);
#3651 = CARTESIAN_POINT('',(-20.,15.,5.));
#3652 = VECTOR('',#3653,1.);
#3653 = DIRECTION('',(-1.,2.997602166488E-15,2.77467869318E-15));
#3654 = PCURVE('',#177,#3655);
#3655 = DEFINITIONAL_REPRESENTATION('',(#3656),#3660);
#3656 = LINE('',#3657,#3658);
#3657 = CARTESIAN_POINT('',(21.985431499221,125.17991042793));
#3658 = VECTOR('',#3659,1.);
#3659 = DIRECTION('',(-1.,2.6645352591E-15));
#3660 = ( GEOMETRIC_REPRESENTATION_CONTEXT(2) 
PARAMETRIC_REPRESENTATION_CONTEXT() REPRESENTATION_CONTEXT('2D SPACE',''
  ) );
#3661 = PCURVE('',#148,#3662);
#3662 = DEFINITIONAL_REPRESENTATION('',(#3663),#3667);
#3663 = LINE('',#3664,#3665);
#3664 = CARTESIAN_POINT('',(7.294786237446,-2.5));
#3665 = VECTOR('',#3666,1.);
#3666 = DIRECTION('',(-1.,-5.106147044893E-15));
#3667 = ( GEOMETRIC_REPRESENTATION_CONTEXT(2) 
PARAMETRIC_REPRESENTATION_CONTEXT() REPRESENTATION_CONTEXT('2D SPACE',''
  ) );
#3668 = ORIENTED_EDGE('',*,*,#160,.T.);
#3669 = ORIENTED_EDGE('',*,*,#189,.T.);
#3670 = ORIENTED_EDGE('',*,*,#3504,.T.);
#3671 = ORIENTED_EDGE('',*,*,#3672,.F.);
#3672 = EDGE_CURVE('',#3673,#3505,#3675,.T.);
#3673 = VERTEX_POINT('',#3674);
#3674 = CARTESIAN_POINT('',(-40.,-5.,5.));
#3675 = SURFACE_CURVE('',#3676,(#3680,#3687),.PCURVE_S1.);
#3676 = LINE('',#3677,#3678);
#3677 = CARTESIAN_POINT('',(-40.,-5.,5.));
#3678 = VECTOR('',#3679,1.);
#3679 = DIRECTION('',(1.,-3.441691376338E-15,-3.21876790303E-15));
#3680 = PCURVE('',#177,#3681);
#3681 = DEFINITIONAL_REPRESENTATION('',(#3682),#3686);
#3682 = LINE('',#3683,#3684);
#3683 = CARTESIAN_POINT('',(1.985431499221,105.17991042793));
#3684 = VECTOR('',#3685,1.);
#3685 = DIRECTION('',(1.,-2.886579864025E-15));
#3686 = ( GEOMETRIC_REPRESENTATION_CONTEXT(2) 
PARAMETRIC_REPRESENTATION_CONTEXT() REPRESENTATION_CONTEXT('2D SPACE',''
  ) );
#3687 = PCURVE('',#1523,#3688);
#3688 = DEFINITIONAL_REPRESENTATION('',(#3689),#3693);
#3689 = LINE('',#3690,#3691);
#3690 = CARTESIAN_POINT('',(3.352434100177E-14,-5.));
#3691 = VECTOR('',#3692,1.);
#3692 = DIRECTION('',(-1.,3.10862446895E-15));
#3693 = ( GEOMETRIC_REPRESENTATION_CONTEXT(2) 
PARAMETRIC_REPRESENTATION_CONTEXT() REPRESENTATION_CONTEXT('2D SPACE',''
  ) );
#3694 = ORIENTED_EDGE('',*,*,#3695,.F.);
#3695 = EDGE_CURVE('',#3647,#3673,#3696,.T.);
#3696 = SURFACE_CURVE('',#3697,(#3701,#3708),.PCURVE_S1.);
#3697 = LINE('',#3698,#3699);
#3698 = CARTESIAN_POINT('',(-40.,15.,5.));
#3699 = VECTOR('',#3700,1.);
#3700 = DIRECTION('',(1.221245327088E-15,-1.,3.996802888651E-15));
#3701 = PCURVE('',#177,#3702);
#3702 = DEFINITIONAL_REPRESENTATION('',(#3703),#3707);
#3703 = LINE('',#3704,#3705);
#3704 = CARTESIAN_POINT('',(1.985431499221,125.17991042793));
#3705 = VECTOR('',#3706,1.);
#3706 = DIRECTION('',(3.330669073875E-15,-1.));
#3707 = ( GEOMETRIC_REPRESENTATION_CONTEXT(2) 
PARAMETRIC_REPRESENTATION_CONTEXT() REPRESENTATION_CONTEXT('2D SPACE',''
  ) );
#3708 = PCURVE('',#1551,#3709);
#3709 = DEFINITIONAL_REPRESENTATION('',(#3710),#3714);
#3710 = LINE('',#3711,#3712);
#3711 = CARTESIAN_POINT('',(-2.886579864025E-15,-5.));
#3712 = VECTOR('',#3713,1.);
#3713 = DIRECTION('',(-1.,-3.552713678801E-15));
#3714 = ( GEOMETRIC_REPRESENTATION_CONTEXT(2) 
PARAMETRIC_REPRESENTATION_CONTEXT() REPRESENTATION_CONTEXT('2D SPACE',''
  ) );
#3715 = FACE_BOUND('',#3716,.F.);
#3716 = EDGE_LOOP('',(#3717));
#3717 = ORIENTED_EDGE('',*,*,#3718,.T.);
#3718 = EDGE_CURVE('',#3719,#3719,#3721,.T.);
#3719 = VERTEX_POINT('',#3720);
#3720 = CARTESIAN_POINT('',(-30.,7.75,5.));
#3721 = SURFACE_CURVE('',#3722,(#3727,#3734),.PCURVE_S1.);
#3722 = CIRCLE('',#3723,2.75);
#3723 = AXIS2_PLACEMENT_3D('',#3724,#3725,#3726);
#3724 = CARTESIAN_POINT('',(-30.,5.,5.));
#3725 = DIRECTION('',(3.21876790303E-15,3.996802888651E-15,1.));
#3726 = DIRECTION('',(-1.221245327088E-15,1.,-3.996802888651E-15));
#3727 = PCURVE('',#177,#3728);
#3728 = DEFINITIONAL_REPRESENTATION('',(#3729),#3733);
#3729 = CIRCLE('',#3730,2.75);
#3730 = AXIS2_PLACEMENT_2D('',#3731,#3732);
#3731 = CARTESIAN_POINT('',(11.985431499221,115.17991042793));
#3732 = DIRECTION('',(-3.330669073875E-15,1.));
#3733 = ( GEOMETRIC_REPRESENTATION_CONTEXT(2) 
PARAMETRIC_REPRESENTATION_CONTEXT() REPRESENTATION_CONTEXT('2D SPACE',''
  ) );
#3734 = PCURVE('',#2127,#3735);
#3735 = DEFINITIONAL_REPRESENTATION('',(#3736),#3740);
#3736 = LINE('',#3737,#3738);
#3737 = CARTESIAN_POINT('',(-0.,-5.));
#3738 = VECTOR('',#3739,1.);
#3739 = DIRECTION('',(-1.,0.));
#3740 = ( GEOMETRIC_REPRESENTATION_CONTEXT(2) 
PARAMETRIC_REPRESENTATION_CONTEXT() REPRESENTATION_CONTEXT('2D SPACE',''
  ) );
#3741 = ADVANCED_FACE('',(#3742),#148,.T.);
#3742 = FACE_BOUND('',#3743,.F.);
#3743 = EDGE_LOOP('',(#3744,#3745,#3746,#3767));
#3744 = ORIENTED_EDGE('',*,*,#132,.T.);
#3745 = ORIENTED_EDGE('',*,*,#3646,.T.);
#3746 = ORIENTED_EDGE('',*,*,#3747,.F.);
#3747 = EDGE_CURVE('',#1536,#3647,#3748,.T.);
#3748 = SURFACE_CURVE('',#3749,(#3753,#3760),.PCURVE_S1.);
#3749 = LINE('',#3750,#3751);
#3750 = CARTESIAN_POINT('',(-40.,15.,2.209165746486E-13));
#3751 = VECTOR('',#3752,1.);
#3752 = DIRECTION('',(-1.000079590545E-15,-1.110223024625E-15,1.));
#3753 = PCURVE('',#148,#3754);
#3754 = DEFINITIONAL_REPRESENTATION('',(#3755),#3759);
#3755 = LINE('',#3756,#3757);
#3756 = CARTESIAN_POINT('',(-12.70521376255,2.5));
#3757 = VECTOR('',#3758,1.);
#3758 = DIRECTION('',(-8.788683826485E-19,-1.));
#3759 = ( GEOMETRIC_REPRESENTATION_CONTEXT(2) 
PARAMETRIC_REPRESENTATION_CONTEXT() REPRESENTATION_CONTEXT('2D SPACE',''
  ) );
#3760 = PCURVE('',#1551,#3761);
#3761 = DEFINITIONAL_REPRESENTATION('',(#3762),#3766);
#3762 = LINE('',#3763,#3764);
#3763 = CARTESIAN_POINT('',(-0.,0.));
#3764 = VECTOR('',#3765,1.);
#3765 = DIRECTION('',(-3.330669073875E-15,-1.));
#3766 = ( GEOMETRIC_REPRESENTATION_CONTEXT(2) 
PARAMETRIC_REPRESENTATION_CONTEXT() REPRESENTATION_CONTEXT('2D SPACE',''
  ) );
#3767 = ORIENTED_EDGE('',*,*,#1563,.F.);
#3768 = ADVANCED_FACE('',(#3769,#3772),#715,.F.);
#3769 = FACE_BOUND('',#3770,.T.);
#3770 = EDGE_LOOP('',(#3771));
#3771 = ORIENTED_EDGE('',*,*,#698,.T.);
#3772 = FACE_BOUND('',#3773,.T.);
#3773 = EDGE_LOOP('',(#3774));
#3774 = ORIENTED_EDGE('',*,*,#3775,.F.);
#3775 = EDGE_CURVE('',#3776,#3776,#3778,.T.);
#3776 = VERTEX_POINT('',#3777);
#3777 = CARTESIAN_POINT('',(-9.925,1.253497305953E-13,67.));
#3778 = SURFACE_CURVE('',#3779,(#3784,#3795),.PCURVE_S1.);
#3779 = CIRCLE('',#3780,9.925);
#3780 = AXIS2_PLACEMENT_3D('',#3781,#3782,#3783);
#3781 = CARTESIAN_POINT('',(-4.983821272243E-13,-8.182042544485E-14,
    67.000000000001));
#3782 = DIRECTION('',(1.223289932013E-15,7.436449660064E-15,1.));
#3783 = DIRECTION('',(-1.,5.993159728051E-15,1.223289932013E-15));
#3784 = PCURVE('',#715,#3785);
#3785 = DEFINITIONAL_REPRESENTATION('',(#3786),#3794);
#3786 = ( BOUNDED_CURVE() B_SPLINE_CURVE(2,(#3787,#3788,#3789,#3790,
#3791,#3792,#3793),.UNSPECIFIED.,.T.,.F.) B_SPLINE_CURVE_WITH_KNOTS((1,2
    ,2,2,2,1),(-2.094395102393,0.,2.094395102393,4.188790204786,
6.28318530718,8.377580409573),.UNSPECIFIED.) CURVE() 
GEOMETRIC_REPRESENTATION_ITEM() RATIONAL_B_SPLINE_CURVE((1.,0.5,1.,0.5,
1.,0.5,1.)) REPRESENTATION_ITEM('') );
#3787 = CARTESIAN_POINT('',(-9.925,-5.72986103009E-14));
#3788 = CARTESIAN_POINT('',(-9.925,17.190604265121));
#3789 = CARTESIAN_POINT('',(4.9625,8.595302132561));
#3790 = CARTESIAN_POINT('',(19.85,1.170281444981E-13));
#3791 = CARTESIAN_POINT('',(4.9625,-8.595302132561));
#3792 = CARTESIAN_POINT('',(-9.925,-17.19060426512));
#3793 = CARTESIAN_POINT('',(-9.925,-5.72986103009E-14));
#3794 = ( GEOMETRIC_REPRESENTATION_CONTEXT(2) 
PARAMETRIC_REPRESENTATION_CONTEXT() REPRESENTATION_CONTEXT('2D SPACE',''
  ) );
#3795 = PCURVE('',#3369,#3796);
#3796 = DEFINITIONAL_REPRESENTATION('',(#3797),#3801);
#3797 = LINE('',#3798,#3799);
#3798 = CARTESIAN_POINT('',(-0.,0.));
#3799 = VECTOR('',#3800,1.);
#3800 = DIRECTION('',(-1.,0.));
#3801 = ( GEOMETRIC_REPRESENTATION_CONTEXT(2) 
PARAMETRIC_REPRESENTATION_CONTEXT() REPRESENTATION_CONTEXT('2D SPACE',''
  ) );
#3802 = ADVANCED_FACE('',(#3803),#797,.T.);
#3803 = FACE_BOUND('',#3804,.T.);
#3804 = EDGE_LOOP('',(#3805,#3806,#3807,#3828));
#3805 = ORIENTED_EDGE('',*,*,#2356,.T.);
#3806 = ORIENTED_EDGE('',*,*,#2430,.T.);
#3807 = ORIENTED_EDGE('',*,*,#3808,.F.);
#3808 = EDGE_CURVE('',#782,#2408,#3809,.T.);
#3809 = SURFACE_CURVE('',#3810,(#3814,#3821),.PCURVE_S1.);
#3810 = LINE('',#3811,#3812);
#3811 = CARTESIAN_POINT('',(40.,-5.,2.586641574859E-13));
#3812 = VECTOR('',#3813,1.);
#3813 = DIRECTION('',(-5.550236254743E-15,-4.440892098501E-16,1.));
#3814 = PCURVE('',#797,#3815);
#3815 = DEFINITIONAL_REPRESENTATION('',(#3816),#3820);
#3816 = LINE('',#3817,#3818);
#3817 = CARTESIAN_POINT('',(20.,-4.440892098501E-14));
#3818 = VECTOR('',#3819,1.);
#3819 = DIRECTION('',(2.442490654175E-15,-1.));
#3820 = ( GEOMETRIC_REPRESENTATION_CONTEXT(2) 
PARAMETRIC_REPRESENTATION_CONTEXT() REPRESENTATION_CONTEXT('2D SPACE',''
  ) );
#3821 = PCURVE('',#825,#3822);
#3822 = DEFINITIONAL_REPRESENTATION('',(#3823),#3827);
#3823 = LINE('',#3824,#3825);
#3824 = CARTESIAN_POINT('',(0.,0.));
#3825 = VECTOR('',#3826,1.);
#3826 = DIRECTION('',(2.442490654175E-15,-1.));
#3827 = ( GEOMETRIC_REPRESENTATION_CONTEXT(2) 
PARAMETRIC_REPRESENTATION_CONTEXT() REPRESENTATION_CONTEXT('2D SPACE',''
  ) );
#3828 = ORIENTED_EDGE('',*,*,#781,.F.);
#3829 = ADVANCED_FACE('',(#3830),#825,.T.);
#3830 = FACE_BOUND('',#3831,.T.);
#3831 = EDGE_LOOP('',(#3832,#3833,#3834,#3835));
#3832 = ORIENTED_EDGE('',*,*,#809,.F.);
#3833 = ORIENTED_EDGE('',*,*,#3808,.T.);
#3834 = ORIENTED_EDGE('',*,*,#2407,.T.);
#3835 = ORIENTED_EDGE('',*,*,#2509,.F.);
#3836 = ADVANCED_FACE('',(#3837),#876,.T.);
#3837 = FACE_BOUND('',#3838,.T.);
#3838 = EDGE_LOOP('',(#3839,#3840,#3841,#3864));
#3839 = ORIENTED_EDGE('',*,*,#860,.F.);
#3840 = ORIENTED_EDGE('',*,*,#2531,.F.);
#3841 = ORIENTED_EDGE('',*,*,#3842,.T.);
#3842 = EDGE_CURVE('',#2532,#3843,#3845,.T.);
#3843 = VERTEX_POINT('',#3844);
#3844 = CARTESIAN_POINT('',(50.,-55.,5.));
#3845 = SURFACE_CURVE('',#3846,(#3850,#3857),.PCURVE_S1.);
#3846 = LINE('',#3847,#3848);
#3847 = CARTESIAN_POINT('',(30.,-55.,5.));
#3848 = VECTOR('',#3849,1.);
#3849 = DIRECTION('',(1.,-2.886579864025E-15,1.775477971018E-15));
#3850 = PCURVE('',#876,#3851);
#3851 = DEFINITIONAL_REPRESENTATION('',(#3852),#3856);
#3852 = LINE('',#3853,#3854);
#3853 = CARTESIAN_POINT('',(1.354032655851E-14,-5.));
#3854 = VECTOR('',#3855,1.);
#3855 = DIRECTION('',(1.,2.442490654175E-15));
#3856 = ( GEOMETRIC_REPRESENTATION_CONTEXT(2) 
PARAMETRIC_REPRESENTATION_CONTEXT() REPRESENTATION_CONTEXT('2D SPACE',''
  ) );
#3857 = PCURVE('',#2570,#3858);
#3858 = DEFINITIONAL_REPRESENTATION('',(#3859),#3863);
#3859 = LINE('',#3860,#3861);
#3860 = CARTESIAN_POINT('',(-11.98543149922,55.179910427934));
#3861 = VECTOR('',#3862,1.);
#3862 = DIRECTION('',(1.,-2.886579864025E-15));
#3863 = ( GEOMETRIC_REPRESENTATION_CONTEXT(2) 
PARAMETRIC_REPRESENTATION_CONTEXT() REPRESENTATION_CONTEXT('2D SPACE',''
  ) );
#3864 = ORIENTED_EDGE('',*,*,#3865,.F.);
#3865 = EDGE_CURVE('',#861,#3843,#3866,.T.);
#3866 = SURFACE_CURVE('',#3867,(#3871,#3878),.PCURVE_S1.);
#3867 = LINE('',#3868,#3869);
#3868 = CARTESIAN_POINT('',(50.,-55.,4.340706066928E-13));
#3869 = VECTOR('',#3870,1.);
#3870 = DIRECTION('',(-5.550236254743E-15,-4.440892098501E-16,1.));
#3871 = PCURVE('',#876,#3872);
#3872 = DEFINITIONAL_REPRESENTATION('',(#3873),#3877);
#3873 = LINE('',#3874,#3875);
#3874 = CARTESIAN_POINT('',(20.,4.440892098501E-14));
#3875 = VECTOR('',#3876,1.);
#3876 = DIRECTION('',(-2.442490654175E-15,-1.));
#3877 = ( GEOMETRIC_REPRESENTATION_CONTEXT(2) 
PARAMETRIC_REPRESENTATION_CONTEXT() REPRESENTATION_CONTEXT('2D SPACE',''
  ) );
#3878 = PCURVE('',#904,#3879);
#3879 = DEFINITIONAL_REPRESENTATION('',(#3880),#3884);
#3880 = LINE('',#3881,#3882);
#3881 = CARTESIAN_POINT('',(0.,0.));
#3882 = VECTOR('',#3883,1.);
#3883 = DIRECTION('',(2.442490654175E-15,-1.));
#3884 = ( GEOMETRIC_REPRESENTATION_CONTEXT(2) 
PARAMETRIC_REPRESENTATION_CONTEXT() REPRESENTATION_CONTEXT('2D SPACE',''
  ) );
#3885 = ADVANCED_FACE('',(#3886),#904,.T.);
#3886 = FACE_BOUND('',#3887,.T.);
#3887 = EDGE_LOOP('',(#3888,#3889,#3912,#3933));
#3888 = ORIENTED_EDGE('',*,*,#3865,.T.);
#3889 = ORIENTED_EDGE('',*,*,#3890,.T.);
#3890 = EDGE_CURVE('',#3843,#3891,#3893,.T.);
#3891 = VERTEX_POINT('',#3892);
#3892 = CARTESIAN_POINT('',(50.,-75.,5.));
#3893 = SURFACE_CURVE('',#3894,(#3898,#3905),.PCURVE_S1.);
#3894 = LINE('',#3895,#3896);
#3895 = CARTESIAN_POINT('',(50.,-55.,5.));
#3896 = VECTOR('',#3897,1.);
#3897 = DIRECTION('',(1.110223024625E-15,-1.,3.330669073875E-15));
#3898 = PCURVE('',#904,#3899);
#3899 = DEFINITIONAL_REPRESENTATION('',(#3900),#3904);
#3900 = LINE('',#3901,#3902);
#3901 = CARTESIAN_POINT('',(6.405986852087E-14,-5.));
#3902 = VECTOR('',#3903,1.);
#3903 = DIRECTION('',(1.,-2.442490654175E-15));
#3904 = ( GEOMETRIC_REPRESENTATION_CONTEXT(2) 
PARAMETRIC_REPRESENTATION_CONTEXT() REPRESENTATION_CONTEXT('2D SPACE',''
  ) );
#3905 = PCURVE('',#2570,#3906);
#3906 = DEFINITIONAL_REPRESENTATION('',(#3907),#3911);
#3907 = LINE('',#3908,#3909);
#3908 = CARTESIAN_POINT('',(8.014568500778,55.179910427934));
#3909 = VECTOR('',#3910,1.);
#3910 = DIRECTION('',(2.442490654175E-15,-1.));
#3911 = ( GEOMETRIC_REPRESENTATION_CONTEXT(2) 
PARAMETRIC_REPRESENTATION_CONTEXT() REPRESENTATION_CONTEXT('2D SPACE',''
  ) );
#3912 = ORIENTED_EDGE('',*,*,#3913,.F.);
#3913 = EDGE_CURVE('',#889,#3891,#3914,.T.);
#3914 = SURFACE_CURVE('',#3915,(#3919,#3926),.PCURVE_S1.);
#3915 = LINE('',#3916,#3917);
#3916 = CARTESIAN_POINT('',(50.,-75.,4.962430960718E-13));
#3917 = VECTOR('',#3918,1.);
#3918 = DIRECTION('',(-5.550236254743E-15,-4.440892098501E-16,1.));
#3919 = PCURVE('',#904,#3920);
#3920 = DEFINITIONAL_REPRESENTATION('',(#3921),#3925);
#3921 = LINE('',#3922,#3923);
#3922 = CARTESIAN_POINT('',(20.,-4.440892098501E-14));
#3923 = VECTOR('',#3924,1.);
#3924 = DIRECTION('',(2.442490654175E-15,-1.));
#3925 = ( GEOMETRIC_REPRESENTATION_CONTEXT(2) 
PARAMETRIC_REPRESENTATION_CONTEXT() REPRESENTATION_CONTEXT('2D SPACE',''
  ) );
#3926 = PCURVE('',#932,#3927);
#3927 = DEFINITIONAL_REPRESENTATION('',(#3928),#3932);
#3928 = LINE('',#3929,#3930);
#3929 = CARTESIAN_POINT('',(0.,0.));
#3930 = VECTOR('',#3931,1.);
#3931 = DIRECTION('',(2.442490654175E-15,-1.));
#3932 = ( GEOMETRIC_REPRESENTATION_CONTEXT(2) 
PARAMETRIC_REPRESENTATION_CONTEXT() REPRESENTATION_CONTEXT('2D SPACE',''
  ) );
#3933 = ORIENTED_EDGE('',*,*,#888,.F.);
#3934 = ADVANCED_FACE('',(#3935),#932,.T.);
#3935 = FACE_BOUND('',#3936,.T.);
#3936 = EDGE_LOOP('',(#3937,#3938,#3939,#3960));
#3937 = ORIENTED_EDGE('',*,*,#916,.F.);
#3938 = ORIENTED_EDGE('',*,*,#3913,.T.);
#3939 = ORIENTED_EDGE('',*,*,#3940,.T.);
#3940 = EDGE_CURVE('',#3891,#2555,#3941,.T.);
#3941 = SURFACE_CURVE('',#3942,(#3946,#3953),.PCURVE_S1.);
#3942 = LINE('',#3943,#3944);
#3943 = CARTESIAN_POINT('',(50.,-75.,5.000000000001));
#3944 = VECTOR('',#3945,1.);
#3945 = DIRECTION('',(-1.,2.886579864025E-15,-1.775477971018E-15));
#3946 = PCURVE('',#932,#3947);
#3947 = DEFINITIONAL_REPRESENTATION('',(#3948),#3952);
#3948 = LINE('',#3949,#3950);
#3949 = CARTESIAN_POINT('',(-3.130389495252E-14,-5.));
#3950 = VECTOR('',#3951,1.);
#3951 = DIRECTION('',(1.,-2.442490654175E-15));
#3952 = ( GEOMETRIC_REPRESENTATION_CONTEXT(2) 
PARAMETRIC_REPRESENTATION_CONTEXT() REPRESENTATION_CONTEXT('2D SPACE',''
  ) );
#3953 = PCURVE('',#2570,#3954);
#3954 = DEFINITIONAL_REPRESENTATION('',(#3955),#3959);
#3955 = LINE('',#3956,#3957);
#3956 = CARTESIAN_POINT('',(8.014568500779,35.179910427934));
#3957 = VECTOR('',#3958,1.);
#3958 = DIRECTION('',(-1.,2.886579864025E-15));
#3959 = ( GEOMETRIC_REPRESENTATION_CONTEXT(2) 
PARAMETRIC_REPRESENTATION_CONTEXT() REPRESENTATION_CONTEXT('2D SPACE',''
  ) );
#3960 = ORIENTED_EDGE('',*,*,#2582,.F.);
#3961 = ADVANCED_FACE('',(#3962,#4112),#983,.T.);
#3962 = FACE_BOUND('',#3963,.T.);
#3963 = EDGE_LOOP('',(#3964,#3965,#3988,#4016,#4037,#4038,#4061,#4089,
    #4110,#4111));
#3964 = ORIENTED_EDGE('',*,*,#2698,.F.);
#3965 = ORIENTED_EDGE('',*,*,#3966,.T.);
#3966 = EDGE_CURVE('',#2676,#3967,#3969,.T.);
#3967 = VERTEX_POINT('',#3968);
#3968 = CARTESIAN_POINT('',(40.,-245.,5.000000000001));
#3969 = SURFACE_CURVE('',#3970,(#3974,#3981),.PCURVE_S1.);
#3970 = LINE('',#3971,#3972);
#3971 = CARTESIAN_POINT('',(40.000000000001,-245.,47.000000000002));
#3972 = VECTOR('',#3973,1.);
#3973 = DIRECTION('',(6.439293542826E-15,1.110223024625E-15,-1.));
#3974 = PCURVE('',#983,#3975);
#3975 = DEFINITIONAL_REPRESENTATION('',(#3976),#3980);
#3976 = LINE('',#3977,#3978);
#3977 = CARTESIAN_POINT('',(0.,0.));
#3978 = VECTOR('',#3979,1.);
#3979 = DIRECTION('',(5.107025913276E-15,-1.));
#3980 = ( GEOMETRIC_REPRESENTATION_CONTEXT(2) 
PARAMETRIC_REPRESENTATION_CONTEXT() REPRESENTATION_CONTEXT('2D SPACE',''
  ) );
#3981 = PCURVE('',#1174,#3982);
#3982 = DEFINITIONAL_REPRESENTATION('',(#3983),#3987);
#3983 = LINE('',#3984,#3985);
#3984 = CARTESIAN_POINT('',(-28.52994011976,40.));
#3985 = VECTOR('',#3986,1.);
#3986 = DIRECTION('',(1.,5.773159728051E-15));
#3987 = ( GEOMETRIC_REPRESENTATION_CONTEXT(2) 
PARAMETRIC_REPRESENTATION_CONTEXT() REPRESENTATION_CONTEXT('2D SPACE',''
  ) );
#3988 = ORIENTED_EDGE('',*,*,#3989,.T.);
#3989 = EDGE_CURVE('',#3967,#3990,#3992,.T.);
#3990 = VERTEX_POINT('',#3991);
#3991 = CARTESIAN_POINT('',(40.,-225.,5.000000000001));
#3992 = SURFACE_CURVE('',#3993,(#3997,#4004),.PCURVE_S1.);
#3993 = LINE('',#3994,#3995);
#3994 = CARTESIAN_POINT('',(40.,-245.,5.000000000001));
#3995 = VECTOR('',#3996,1.);
#3996 = DIRECTION('',(-1.110223024625E-15,1.,-3.330669073875E-15));
#3997 = PCURVE('',#983,#3998);
#3998 = DEFINITIONAL_REPRESENTATION('',(#3999),#4003);
#3999 = LINE('',#4000,#4001);
#4000 = CARTESIAN_POINT('',(4.576339307505E-13,-42.));
#4001 = VECTOR('',#4002,1.);
#4002 = DIRECTION('',(1.,-3.10862446895E-15));
#4003 = ( GEOMETRIC_REPRESENTATION_CONTEXT(2) 
PARAMETRIC_REPRESENTATION_CONTEXT() REPRESENTATION_CONTEXT('2D SPACE',''
  ) );
#4004 = PCURVE('',#4005,#4010);
#4005 = PLANE('',#4006);
#4006 = AXIS2_PLACEMENT_3D('',#4007,#4008,#4009);
#4007 = CARTESIAN_POINT('',(41.985431499222,-110.1799104279,
    5.000000000001));
#4008 = DIRECTION('',(-5.772280859668E-15,-6.661338147751E-16,1.));
#4009 = DIRECTION('',(1.,-2.6645352591E-15,1.775477971018E-15));
#4010 = DEFINITIONAL_REPRESENTATION('',(#4011),#4015);
#4011 = LINE('',#4012,#4013);
#4012 = CARTESIAN_POINT('',(-1.985431499221,-134.820089572));
#4013 = VECTOR('',#4014,1.);
#4014 = DIRECTION('',(-2.442490654175E-15,1.));
#4015 = ( GEOMETRIC_REPRESENTATION_CONTEXT(2) 
PARAMETRIC_REPRESENTATION_CONTEXT() REPRESENTATION_CONTEXT('2D SPACE',''
  ) );
#4016 = ORIENTED_EDGE('',*,*,#4017,.F.);
#4017 = EDGE_CURVE('',#1080,#3990,#4018,.T.);
#4018 = SURFACE_CURVE('',#4019,(#4023,#4030),.PCURVE_S1.);
#4019 = LINE('',#4020,#4021);
#4020 = CARTESIAN_POINT('',(40.,-225.,9.42561540655E-13));
#4021 = VECTOR('',#4022,1.);
#4022 = DIRECTION('',(-5.550236254743E-15,-4.440892098501E-16,1.));
#4023 = PCURVE('',#983,#4024);
#4024 = DEFINITIONAL_REPRESENTATION('',(#4025),#4029);
#4025 = LINE('',#4026,#4027);
#4026 = CARTESIAN_POINT('',(20.000000000001,-47.));
#4027 = VECTOR('',#4028,1.);
#4028 = DIRECTION('',(-5.773159728051E-15,1.));
#4029 = ( GEOMETRIC_REPRESENTATION_CONTEXT(2) 
PARAMETRIC_REPRESENTATION_CONTEXT() REPRESENTATION_CONTEXT('2D SPACE',''
  ) );
#4030 = PCURVE('',#1118,#4031);
#4031 = DEFINITIONAL_REPRESENTATION('',(#4032),#4036);
#4032 = LINE('',#4033,#4034);
#4033 = CARTESIAN_POINT('',(0.,0.));
#4034 = VECTOR('',#4035,1.);
#4035 = DIRECTION('',(-2.442490654175E-15,-1.));
#4036 = ( GEOMETRIC_REPRESENTATION_CONTEXT(2) 
PARAMETRIC_REPRESENTATION_CONTEXT() REPRESENTATION_CONTEXT('2D SPACE',''
  ) );
#4037 = ORIENTED_EDGE('',*,*,#1079,.T.);
#4038 = ORIENTED_EDGE('',*,*,#4039,.T.);
#4039 = EDGE_CURVE('',#1052,#4040,#4042,.T.);
#4040 = VERTEX_POINT('',#4041);
#4041 = CARTESIAN_POINT('',(40.,-165.,5.000000000001));
#4042 = SURFACE_CURVE('',#4043,(#4047,#4054),.PCURVE_S1.);
#4043 = LINE('',#4044,#4045);
#4044 = CARTESIAN_POINT('',(40.,-165.,7.56044072518E-13));
#4045 = VECTOR('',#4046,1.);
#4046 = DIRECTION('',(-5.550236254743E-15,-4.440892098501E-16,1.));
#4047 = PCURVE('',#983,#4048);
#4048 = DEFINITIONAL_REPRESENTATION('',(#4049),#4053);
#4049 = LINE('',#4050,#4051);
#4050 = CARTESIAN_POINT('',(80.000000000001,-47.));
#4051 = VECTOR('',#4052,1.);
#4052 = DIRECTION('',(-5.773159728051E-15,1.));
#4053 = ( GEOMETRIC_REPRESENTATION_CONTEXT(2) 
PARAMETRIC_REPRESENTATION_CONTEXT() REPRESENTATION_CONTEXT('2D SPACE',''
  ) );
#4054 = PCURVE('',#1067,#4055);
#4055 = DEFINITIONAL_REPRESENTATION('',(#4056),#4060);
#4056 = LINE('',#4057,#4058);
#4057 = CARTESIAN_POINT('',(20.,-4.440892098501E-14));
#4058 = VECTOR('',#4059,1.);
#4059 = DIRECTION('',(2.442490654175E-15,-1.));
#4060 = ( GEOMETRIC_REPRESENTATION_CONTEXT(2) 
PARAMETRIC_REPRESENTATION_CONTEXT() REPRESENTATION_CONTEXT('2D SPACE',''
  ) );
#4061 = ORIENTED_EDGE('',*,*,#4062,.T.);
#4062 = EDGE_CURVE('',#4040,#4063,#4065,.T.);
#4063 = VERTEX_POINT('',#4064);
#4064 = CARTESIAN_POINT('',(40.,-145.,5.000000000001));
#4065 = SURFACE_CURVE('',#4066,(#4070,#4077),.PCURVE_S1.);
#4066 = LINE('',#4067,#4068);
#4067 = CARTESIAN_POINT('',(40.,-165.,5.000000000001));
#4068 = VECTOR('',#4069,1.);
#4069 = DIRECTION('',(-1.110223024625E-15,1.,-3.330669073875E-15));
#4070 = PCURVE('',#983,#4071);
#4071 = DEFINITIONAL_REPRESENTATION('',(#4072),#4076);
#4072 = LINE('',#4073,#4074);
#4073 = CARTESIAN_POINT('',(80.000000000001,-42.));
#4074 = VECTOR('',#4075,1.);
#4075 = DIRECTION('',(1.,-3.10862446895E-15));
#4076 = ( GEOMETRIC_REPRESENTATION_CONTEXT(2) 
PARAMETRIC_REPRESENTATION_CONTEXT() REPRESENTATION_CONTEXT('2D SPACE',''
  ) );
#4077 = PCURVE('',#4078,#4083);
#4078 = PLANE('',#4079);
#4079 = AXIS2_PLACEMENT_3D('',#4080,#4081,#4082);
#4080 = CARTESIAN_POINT('',(41.985431499222,-110.1799104279,
    5.000000000001));
#4081 = DIRECTION('',(-5.772280859668E-15,-6.661338147751E-16,1.));
#4082 = DIRECTION('',(1.,-2.6645352591E-15,1.775477971018E-15));
#4083 = DEFINITIONAL_REPRESENTATION('',(#4084),#4088);
#4084 = LINE('',#4085,#4086);
#4085 = CARTESIAN_POINT('',(-1.985431499221,-54.82008957206));
#4086 = VECTOR('',#4087,1.);
#4087 = DIRECTION('',(-2.442490654175E-15,1.));
#4088 = ( GEOMETRIC_REPRESENTATION_CONTEXT(2) 
PARAMETRIC_REPRESENTATION_CONTEXT() REPRESENTATION_CONTEXT('2D SPACE',''
  ) );
#4089 = ORIENTED_EDGE('',*,*,#4090,.F.);
#4090 = EDGE_CURVE('',#968,#4063,#4091,.T.);
#4091 = SURFACE_CURVE('',#4092,(#4096,#4103),.PCURVE_S1.);
#4092 = LINE('',#4093,#4094);
#4093 = CARTESIAN_POINT('',(40.,-145.,6.93871583139E-13));
#4094 = VECTOR('',#4095,1.);
#4095 = DIRECTION('',(-5.550236254743E-15,-4.440892098501E-16,1.));
#4096 = PCURVE('',#983,#4097);
#4097 = DEFINITIONAL_REPRESENTATION('',(#4098),#4102);
#4098 = LINE('',#4099,#4100);
#4099 = CARTESIAN_POINT('',(100.,-47.));
#4100 = VECTOR('',#4101,1.);
#4101 = DIRECTION('',(-5.773159728051E-15,1.));
#4102 = ( GEOMETRIC_REPRESENTATION_CONTEXT(2) 
PARAMETRIC_REPRESENTATION_CONTEXT() REPRESENTATION_CONTEXT('2D SPACE',''
  ) );
#4103 = PCURVE('',#1011,#4104);
#4104 = DEFINITIONAL_REPRESENTATION('',(#4105),#4109);
#4105 = LINE('',#4106,#4107);
#4106 = CARTESIAN_POINT('',(0.,0.));
#4107 = VECTOR('',#4108,1.);
#4108 = DIRECTION('',(-2.442490654175E-15,-1.));
#4109 = ( GEOMETRIC_REPRESENTATION_CONTEXT(2) 
PARAMETRIC_REPRESENTATION_CONTEXT() REPRESENTATION_CONTEXT('2D SPACE',''
  ) );
#4110 = ORIENTED_EDGE('',*,*,#967,.T.);
#4111 = ORIENTED_EDGE('',*,*,#2604,.F.);
#4112 = FACE_BOUND('',#4113,.T.);
#4113 = EDGE_LOOP('',(#4114,#4144,#4172,#4200));
#4114 = ORIENTED_EDGE('',*,*,#4115,.F.);
#4115 = EDGE_CURVE('',#4116,#4118,#4120,.T.);
#4116 = VERTEX_POINT('',#4117);
#4117 = CARTESIAN_POINT('',(40.,-230.,35.000000000001));
#4118 = VERTEX_POINT('',#4119);
#4119 = CARTESIAN_POINT('',(40.,-230.,25.000000000001));
#4120 = SURFACE_CURVE('',#4121,(#4125,#4132),.PCURVE_S1.);
#4121 = LINE('',#4122,#4123);
#4122 = CARTESIAN_POINT('',(40.000000000001,-230.,35.000000000001));
#4123 = VECTOR('',#4124,1.);
#4124 = DIRECTION('',(4.440892098501E-15,8.881784197001E-16,-1.));
#4125 = PCURVE('',#983,#4126);
#4126 = DEFINITIONAL_REPRESENTATION('',(#4127),#4131);
#4127 = LINE('',#4128,#4129);
#4128 = CARTESIAN_POINT('',(15.,-12.));
#4129 = VECTOR('',#4130,1.);
#4130 = DIRECTION('',(5.551115123126E-15,-1.));
#4131 = ( GEOMETRIC_REPRESENTATION_CONTEXT(2) 
PARAMETRIC_REPRESENTATION_CONTEXT() REPRESENTATION_CONTEXT('2D SPACE',''
  ) );
#4132 = PCURVE('',#4133,#4138);
#4133 = PLANE('',#4134);
#4134 = AXIS2_PLACEMENT_3D('',#4135,#4136,#4137);
#4135 = CARTESIAN_POINT('',(40.,-230.,35.000000000001));
#4136 = DIRECTION('',(1.33226762955E-15,-1.,3.996802888651E-15));
#4137 = DIRECTION('',(4.218847493576E-15,6.661338147751E-16,-1.));
#4138 = DEFINITIONAL_REPRESENTATION('',(#4139),#4143);
#4139 = LINE('',#4140,#4141);
#4140 = CARTESIAN_POINT('',(7.815970093361E-14,1.350031197944E-13));
#4141 = VECTOR('',#4142,1.);
#4142 = DIRECTION('',(1.,3.330669073875E-15));
#4143 = ( GEOMETRIC_REPRESENTATION_CONTEXT(2) 
PARAMETRIC_REPRESENTATION_CONTEXT() REPRESENTATION_CONTEXT('2D SPACE',''
  ) );
#4144 = ORIENTED_EDGE('',*,*,#4145,.F.);
#4145 = EDGE_CURVE('',#4146,#4116,#4148,.T.);
#4146 = VERTEX_POINT('',#4147);
#4147 = CARTESIAN_POINT('',(40.,-130.,35.000000000001));
#4148 = SURFACE_CURVE('',#4149,(#4153,#4160),.PCURVE_S1.);
#4149 = LINE('',#4150,#4151);
#4150 = CARTESIAN_POINT('',(40.,-130.,35.000000000001));
#4151 = VECTOR('',#4152,1.);
#4152 = DIRECTION('',(1.7763568394E-15,-1.,4.440892098501E-15));
#4153 = PCURVE('',#983,#4154);
#4154 = DEFINITIONAL_REPRESENTATION('',(#4155),#4159);
#4155 = LINE('',#4156,#4157);
#4156 = CARTESIAN_POINT('',(115.,-12.));
#4157 = VECTOR('',#4158,1.);
#4158 = DIRECTION('',(-1.,3.552713678801E-15));
#4159 = ( GEOMETRIC_REPRESENTATION_CONTEXT(2) 
PARAMETRIC_REPRESENTATION_CONTEXT() REPRESENTATION_CONTEXT('2D SPACE',''
  ) );
#4160 = PCURVE('',#4161,#4166);
#4161 = PLANE('',#4162);
#4162 = AXIS2_PLACEMENT_3D('',#4163,#4164,#4165);
#4163 = CARTESIAN_POINT('',(40.,-130.,35.000000000001));
#4164 = DIRECTION('',(-3.996802888651E-15,-4.440892098501E-16,1.));
#4165 = DIRECTION('',(1.554312234475E-15,-1.,4.218847493576E-15));
#4166 = DEFINITIONAL_REPRESENTATION('',(#4167),#4171);
#4167 = LINE('',#4168,#4169);
#4168 = CARTESIAN_POINT('',(-2.84217094304E-14,1.06581410364E-13));
#4169 = VECTOR('',#4170,1.);
#4170 = DIRECTION('',(1.,3.330669073875E-15));
#4171 = ( GEOMETRIC_REPRESENTATION_CONTEXT(2) 
PARAMETRIC_REPRESENTATION_CONTEXT() REPRESENTATION_CONTEXT('2D SPACE',''
  ) );
#4172 = ORIENTED_EDGE('',*,*,#4173,.F.);
#4173 = EDGE_CURVE('',#4174,#4146,#4176,.T.);
#4174 = VERTEX_POINT('',#4175);
#4175 = CARTESIAN_POINT('',(40.,-130.,25.000000000001));
#4176 = SURFACE_CURVE('',#4177,(#4181,#4188),.PCURVE_S1.);
#4177 = LINE('',#4178,#4179);
#4178 = CARTESIAN_POINT('',(40.,-130.,25.000000000001));
#4179 = VECTOR('',#4180,1.);
#4180 = DIRECTION('',(-4.440892098501E-15,-8.881784197001E-16,1.));
#4181 = PCURVE('',#983,#4182);
#4182 = DEFINITIONAL_REPRESENTATION('',(#4183),#4187);
#4183 = LINE('',#4184,#4185);
#4184 = CARTESIAN_POINT('',(115.,-22.));
#4185 = VECTOR('',#4186,1.);
#4186 = DIRECTION('',(-5.551115123126E-15,1.));
#4187 = ( GEOMETRIC_REPRESENTATION_CONTEXT(2) 
PARAMETRIC_REPRESENTATION_CONTEXT() REPRESENTATION_CONTEXT('2D SPACE',''
  ) );
#4188 = PCURVE('',#4189,#4194);
#4189 = PLANE('',#4190);
#4190 = AXIS2_PLACEMENT_3D('',#4191,#4192,#4193);
#4191 = CARTESIAN_POINT('',(40.,-130.,25.000000000001));
#4192 = DIRECTION('',(-1.33226762955E-15,1.,-3.996802888651E-15));
#4193 = DIRECTION('',(-4.218847493576E-15,-6.661338147751E-16,1.));
#4194 = DEFINITIONAL_REPRESENTATION('',(#4195),#4199);
#4195 = LINE('',#4196,#4197);
#4196 = CARTESIAN_POINT('',(-1.136868377216E-13,1.06581410364E-13));
#4197 = VECTOR('',#4198,1.);
#4198 = DIRECTION('',(1.,-3.330669073875E-15));
#4199 = ( GEOMETRIC_REPRESENTATION_CONTEXT(2) 
PARAMETRIC_REPRESENTATION_CONTEXT() REPRESENTATION_CONTEXT('2D SPACE',''
  ) );
#4200 = ORIENTED_EDGE('',*,*,#4201,.F.);
#4201 = EDGE_CURVE('',#4118,#4174,#4202,.T.);
#4202 = SURFACE_CURVE('',#4203,(#4207,#4214),.PCURVE_S1.);
#4203 = LINE('',#4204,#4205);
#4204 = CARTESIAN_POINT('',(40.000000000001,-230.,25.000000000001));
#4205 = VECTOR('',#4206,1.);
#4206 = DIRECTION('',(-1.7763568394E-15,1.,-4.440892098501E-15));
#4207 = PCURVE('',#983,#4208);
#4208 = DEFINITIONAL_REPRESENTATION('',(#4209),#4213);
#4209 = LINE('',#4210,#4211);
#4210 = CARTESIAN_POINT('',(15.,-22.));
#4211 = VECTOR('',#4212,1.);
#4212 = DIRECTION('',(1.,-3.552713678801E-15));
#4213 = ( GEOMETRIC_REPRESENTATION_CONTEXT(2) 
PARAMETRIC_REPRESENTATION_CONTEXT() REPRESENTATION_CONTEXT('2D SPACE',''
  ) );
#4214 = PCURVE('',#4215,#4220);
#4215 = PLANE('',#4216);
#4216 = AXIS2_PLACEMENT_3D('',#4217,#4218,#4219);
#4217 = CARTESIAN_POINT('',(40.000000000001,-230.,25.000000000001));
#4218 = DIRECTION('',(3.996802888651E-15,4.440892098501E-16,-1.));
#4219 = DIRECTION('',(-1.554312234475E-15,1.,-4.218847493576E-15));
#4220 = DEFINITIONAL_REPRESENTATION('',(#4221),#4225);
#4221 = LINE('',#4222,#4223);
#4222 = CARTESIAN_POINT('',(-2.84217094304E-14,1.278976924368E-13));
#4223 = VECTOR('',#4224,1.);
#4224 = DIRECTION('',(1.,-3.330669073875E-15));
#4225 = ( GEOMETRIC_REPRESENTATION_CONTEXT(2) 
PARAMETRIC_REPRESENTATION_CONTEXT() REPRESENTATION_CONTEXT('2D SPACE',''
  ) );
#4226 = ADVANCED_FACE('',(#4227),#1011,.T.);
#4227 = FACE_BOUND('',#4228,.T.);
#4228 = EDGE_LOOP('',(#4229,#4230,#4253,#4274));
#4229 = ORIENTED_EDGE('',*,*,#4090,.T.);
#4230 = ORIENTED_EDGE('',*,*,#4231,.T.);
#4231 = EDGE_CURVE('',#4063,#4232,#4234,.T.);
#4232 = VERTEX_POINT('',#4233);
#4233 = CARTESIAN_POINT('',(60.,-145.,5.000000000001));
#4234 = SURFACE_CURVE('',#4235,(#4239,#4246),.PCURVE_S1.);
#4235 = LINE('',#4236,#4237);
#4236 = CARTESIAN_POINT('',(40.,-145.,5.000000000001));
#4237 = VECTOR('',#4238,1.);
#4238 = DIRECTION('',(1.,-2.886579864025E-15,1.775477971018E-15));
#4239 = PCURVE('',#1011,#4240);
#4240 = DEFINITIONAL_REPRESENTATION('',(#4241),#4245);
#4241 = LINE('',#4242,#4243);
#4242 = CARTESIAN_POINT('',(5.262017702532E-14,-5.));
#4243 = VECTOR('',#4244,1.);
#4244 = DIRECTION('',(1.,2.442490654175E-15));
#4245 = ( GEOMETRIC_REPRESENTATION_CONTEXT(2) 
PARAMETRIC_REPRESENTATION_CONTEXT() REPRESENTATION_CONTEXT('2D SPACE',''
  ) );
#4246 = PCURVE('',#4078,#4247);
#4247 = DEFINITIONAL_REPRESENTATION('',(#4248),#4252);
#4248 = LINE('',#4249,#4250);
#4249 = CARTESIAN_POINT('',(-1.985431499221,-34.82008957206));
#4250 = VECTOR('',#4251,1.);
#4251 = DIRECTION('',(1.,-2.886579864025E-15));
#4252 = ( GEOMETRIC_REPRESENTATION_CONTEXT(2) 
PARAMETRIC_REPRESENTATION_CONTEXT() REPRESENTATION_CONTEXT('2D SPACE',''
  ) );
#4253 = ORIENTED_EDGE('',*,*,#4254,.F.);
#4254 = EDGE_CURVE('',#996,#4232,#4255,.T.);
#4255 = SURFACE_CURVE('',#4256,(#4260,#4267),.PCURVE_S1.);
#4256 = LINE('',#4257,#4258);
#4257 = CARTESIAN_POINT('',(60.,-145.,7.338220346578E-13));
#4258 = VECTOR('',#4259,1.);
#4259 = DIRECTION('',(-5.550236254743E-15,-4.440892098501E-16,1.));
#4260 = PCURVE('',#1011,#4261);
#4261 = DEFINITIONAL_REPRESENTATION('',(#4262),#4266);
#4262 = LINE('',#4263,#4264);
#4263 = CARTESIAN_POINT('',(20.,4.440892098501E-14));
#4264 = VECTOR('',#4265,1.);
#4265 = DIRECTION('',(-2.442490654175E-15,-1.));
#4266 = ( GEOMETRIC_REPRESENTATION_CONTEXT(2) 
PARAMETRIC_REPRESENTATION_CONTEXT() REPRESENTATION_CONTEXT('2D SPACE',''
  ) );
#4267 = PCURVE('',#1039,#4268);
#4268 = DEFINITIONAL_REPRESENTATION('',(#4269),#4273);
#4269 = LINE('',#4270,#4271);
#4270 = CARTESIAN_POINT('',(0.,0.));
#4271 = VECTOR('',#4272,1.);
#4272 = DIRECTION('',(2.442490654175E-15,-1.));
#4273 = ( GEOMETRIC_REPRESENTATION_CONTEXT(2) 
PARAMETRIC_REPRESENTATION_CONTEXT() REPRESENTATION_CONTEXT('2D SPACE',''
  ) );
#4274 = ORIENTED_EDGE('',*,*,#995,.F.);
#4275 = ADVANCED_FACE('',(#4276),#1039,.T.);
#4276 = FACE_BOUND('',#4277,.T.);
#4277 = EDGE_LOOP('',(#4278,#4279,#4302,#4323));
#4278 = ORIENTED_EDGE('',*,*,#4254,.T.);
#4279 = ORIENTED_EDGE('',*,*,#4280,.T.);
#4280 = EDGE_CURVE('',#4232,#4281,#4283,.T.);
#4281 = VERTEX_POINT('',#4282);
#4282 = CARTESIAN_POINT('',(60.,-165.,5.000000000001));
#4283 = SURFACE_CURVE('',#4284,(#4288,#4295),.PCURVE_S1.);
#4284 = LINE('',#4285,#4286);
#4285 = CARTESIAN_POINT('',(60.,-145.,5.000000000001));
#4286 = VECTOR('',#4287,1.);
#4287 = DIRECTION('',(1.110223024625E-15,-1.,3.330669073875E-15));
#4288 = PCURVE('',#1039,#4289);
#4289 = DEFINITIONAL_REPRESENTATION('',(#4290),#4294);
#4290 = LINE('',#4291,#4292);
#4291 = CARTESIAN_POINT('',(1.209032873817E-13,-5.));
#4292 = VECTOR('',#4293,1.);
#4293 = DIRECTION('',(1.,-2.442490654175E-15));
#4294 = ( GEOMETRIC_REPRESENTATION_CONTEXT(2) 
PARAMETRIC_REPRESENTATION_CONTEXT() REPRESENTATION_CONTEXT('2D SPACE',''
  ) );
#4295 = PCURVE('',#4078,#4296);
#4296 = DEFINITIONAL_REPRESENTATION('',(#4297),#4301);
#4297 = LINE('',#4298,#4299);
#4298 = CARTESIAN_POINT('',(18.014568500779,-34.82008957206));
#4299 = VECTOR('',#4300,1.);
#4300 = DIRECTION('',(2.442490654175E-15,-1.));
#4301 = ( GEOMETRIC_REPRESENTATION_CONTEXT(2) 
PARAMETRIC_REPRESENTATION_CONTEXT() REPRESENTATION_CONTEXT('2D SPACE',''
  ) );
#4302 = ORIENTED_EDGE('',*,*,#4303,.F.);
#4303 = EDGE_CURVE('',#1024,#4281,#4304,.T.);
#4304 = SURFACE_CURVE('',#4305,(#4309,#4316),.PCURVE_S1.);
#4305 = LINE('',#4306,#4307);
#4306 = CARTESIAN_POINT('',(60.,-165.,7.959945240368E-13));
#4307 = VECTOR('',#4308,1.);
#4308 = DIRECTION('',(-5.550236254743E-15,-4.440892098501E-16,1.));
#4309 = PCURVE('',#1039,#4310);
#4310 = DEFINITIONAL_REPRESENTATION('',(#4311),#4315);
#4311 = LINE('',#4312,#4313);
#4312 = CARTESIAN_POINT('',(20.,-4.440892098501E-14));
#4313 = VECTOR('',#4314,1.);
#4314 = DIRECTION('',(2.442490654175E-15,-1.));
#4315 = ( GEOMETRIC_REPRESENTATION_CONTEXT(2) 
PARAMETRIC_REPRESENTATION_CONTEXT() REPRESENTATION_CONTEXT('2D SPACE',''
  ) );
#4316 = PCURVE('',#1067,#4317);
#4317 = DEFINITIONAL_REPRESENTATION('',(#4318),#4322);
#4318 = LINE('',#4319,#4320);
#4319 = CARTESIAN_POINT('',(0.,0.));
#4320 = VECTOR('',#4321,1.);
#4321 = DIRECTION('',(2.442490654175E-15,-1.));
#4322 = ( GEOMETRIC_REPRESENTATION_CONTEXT(2) 
PARAMETRIC_REPRESENTATION_CONTEXT() REPRESENTATION_CONTEXT('2D SPACE',''
  ) );
#4323 = ORIENTED_EDGE('',*,*,#1023,.F.);
#4324 = ADVANCED_FACE('',(#4325),#1067,.T.);
#4325 = FACE_BOUND('',#4326,.T.);
#4326 = EDGE_LOOP('',(#4327,#4328,#4349,#4350));
#4327 = ORIENTED_EDGE('',*,*,#4303,.T.);
#4328 = ORIENTED_EDGE('',*,*,#4329,.T.);
#4329 = EDGE_CURVE('',#4281,#4040,#4330,.T.);
#4330 = SURFACE_CURVE('',#4331,(#4335,#4342),.PCURVE_S1.);
#4331 = LINE('',#4332,#4333);
#4332 = CARTESIAN_POINT('',(60.,-165.,5.000000000001));
#4333 = VECTOR('',#4334,1.);
#4334 = DIRECTION('',(-1.,2.886579864025E-15,-1.775477971018E-15));
#4335 = PCURVE('',#1067,#4336);
#4336 = DEFINITIONAL_REPRESENTATION('',(#4337),#4341);
#4337 = LINE('',#4338,#4339);
#4338 = CARTESIAN_POINT('',(-5.972560438292E-14,-5.));
#4339 = VECTOR('',#4340,1.);
#4340 = DIRECTION('',(1.,-2.442490654175E-15));
#4341 = ( GEOMETRIC_REPRESENTATION_CONTEXT(2) 
PARAMETRIC_REPRESENTATION_CONTEXT() REPRESENTATION_CONTEXT('2D SPACE',''
  ) );
#4342 = PCURVE('',#4078,#4343);
#4343 = DEFINITIONAL_REPRESENTATION('',(#4344),#4348);
#4344 = LINE('',#4345,#4346);
#4345 = CARTESIAN_POINT('',(18.014568500779,-54.82008957206));
#4346 = VECTOR('',#4347,1.);
#4347 = DIRECTION('',(-1.,2.886579864025E-15));
#4348 = ( GEOMETRIC_REPRESENTATION_CONTEXT(2) 
PARAMETRIC_REPRESENTATION_CONTEXT() REPRESENTATION_CONTEXT('2D SPACE',''
  ) );
#4349 = ORIENTED_EDGE('',*,*,#4039,.F.);
#4350 = ORIENTED_EDGE('',*,*,#1051,.F.);
#4351 = ADVANCED_FACE('',(#4352),#1118,.T.);
#4352 = FACE_BOUND('',#4353,.T.);
#4353 = EDGE_LOOP('',(#4354,#4355,#4378,#4399));
#4354 = ORIENTED_EDGE('',*,*,#4017,.T.);
#4355 = ORIENTED_EDGE('',*,*,#4356,.T.);
#4356 = EDGE_CURVE('',#3990,#4357,#4359,.T.);
#4357 = VERTEX_POINT('',#4358);
#4358 = CARTESIAN_POINT('',(60.,-225.,5.000000000001));
#4359 = SURFACE_CURVE('',#4360,(#4364,#4371),.PCURVE_S1.);
#4360 = LINE('',#4361,#4362);
#4361 = CARTESIAN_POINT('',(40.,-225.,5.000000000001));
#4362 = VECTOR('',#4363,1.);
#4363 = DIRECTION('',(1.,-2.886579864025E-15,1.775477971018E-15));
#4364 = PCURVE('',#1118,#4365);
#4365 = DEFINITIONAL_REPRESENTATION('',(#4366),#4370);
#4366 = LINE('',#4367,#4368);
#4367 = CARTESIAN_POINT('',(6.683103174052E-14,-5.));
#4368 = VECTOR('',#4369,1.);
#4369 = DIRECTION('',(1.,2.442490654175E-15));
#4370 = ( GEOMETRIC_REPRESENTATION_CONTEXT(2) 
PARAMETRIC_REPRESENTATION_CONTEXT() REPRESENTATION_CONTEXT('2D SPACE',''
  ) );
#4371 = PCURVE('',#4005,#4372);
#4372 = DEFINITIONAL_REPRESENTATION('',(#4373),#4377);
#4373 = LINE('',#4374,#4375);
#4374 = CARTESIAN_POINT('',(-1.985431499221,-114.820089572));
#4375 = VECTOR('',#4376,1.);
#4376 = DIRECTION('',(1.,-2.886579864025E-15));
#4377 = ( GEOMETRIC_REPRESENTATION_CONTEXT(2) 
PARAMETRIC_REPRESENTATION_CONTEXT() REPRESENTATION_CONTEXT('2D SPACE',''
  ) );
#4378 = ORIENTED_EDGE('',*,*,#4379,.F.);
#4379 = EDGE_CURVE('',#1103,#4357,#4380,.T.);
#4380 = SURFACE_CURVE('',#4381,(#4385,#4392),.PCURVE_S1.);
#4381 = LINE('',#4382,#4383);
#4382 = CARTESIAN_POINT('',(60.,-225.,9.825119921738E-13));
#4383 = VECTOR('',#4384,1.);
#4384 = DIRECTION('',(-5.550236254743E-15,-4.440892098501E-16,1.));
#4385 = PCURVE('',#1118,#4386);
#4386 = DEFINITIONAL_REPRESENTATION('',(#4387),#4391);
#4387 = LINE('',#4388,#4389);
#4388 = CARTESIAN_POINT('',(20.,4.440892098501E-14));
#4389 = VECTOR('',#4390,1.);
#4390 = DIRECTION('',(-2.442490654175E-15,-1.));
#4391 = ( GEOMETRIC_REPRESENTATION_CONTEXT(2) 
PARAMETRIC_REPRESENTATION_CONTEXT() REPRESENTATION_CONTEXT('2D SPACE',''
  ) );
#4392 = PCURVE('',#1146,#4393);
#4393 = DEFINITIONAL_REPRESENTATION('',(#4394),#4398);
#4394 = LINE('',#4395,#4396);
#4395 = CARTESIAN_POINT('',(0.,0.));
#4396 = VECTOR('',#4397,1.);
#4397 = DIRECTION('',(2.442490654175E-15,-1.));
#4398 = ( GEOMETRIC_REPRESENTATION_CONTEXT(2) 
PARAMETRIC_REPRESENTATION_CONTEXT() REPRESENTATION_CONTEXT('2D SPACE',''
  ) );
#4399 = ORIENTED_EDGE('',*,*,#1102,.F.);
#4400 = ADVANCED_FACE('',(#4401),#1146,.T.);
#4401 = FACE_BOUND('',#4402,.T.);
#4402 = EDGE_LOOP('',(#4403,#4404,#4427,#4448));
#4403 = ORIENTED_EDGE('',*,*,#4379,.T.);
#4404 = ORIENTED_EDGE('',*,*,#4405,.T.);
#4405 = EDGE_CURVE('',#4357,#4406,#4408,.T.);
#4406 = VERTEX_POINT('',#4407);
#4407 = CARTESIAN_POINT('',(60.,-245.,5.000000000001));
#4408 = SURFACE_CURVE('',#4409,(#4413,#4420),.PCURVE_S1.);
#4409 = LINE('',#4410,#4411);
#4410 = CARTESIAN_POINT('',(60.,-225.,5.000000000001));
#4411 = VECTOR('',#4412,1.);
#4412 = DIRECTION('',(1.110223024625E-15,-1.,3.330669073875E-15));
#4413 = PCURVE('',#1146,#4414);
#4414 = DEFINITIONAL_REPRESENTATION('',(#4415),#4419);
#4415 = LINE('',#4416,#4417);
#4416 = CARTESIAN_POINT('',(1.209032873817E-13,-5.));
#4417 = VECTOR('',#4418,1.);
#4418 = DIRECTION('',(1.,-2.442490654175E-15));
#4419 = ( GEOMETRIC_REPRESENTATION_CONTEXT(2) 
PARAMETRIC_REPRESENTATION_CONTEXT() REPRESENTATION_CONTEXT('2D SPACE',''
  ) );
#4420 = PCURVE('',#4005,#4421);
#4421 = DEFINITIONAL_REPRESENTATION('',(#4422),#4426);
#4422 = LINE('',#4423,#4424);
#4423 = CARTESIAN_POINT('',(18.014568500779,-114.820089572));
#4424 = VECTOR('',#4425,1.);
#4425 = DIRECTION('',(2.442490654175E-15,-1.));
#4426 = ( GEOMETRIC_REPRESENTATION_CONTEXT(2) 
PARAMETRIC_REPRESENTATION_CONTEXT() REPRESENTATION_CONTEXT('2D SPACE',''
  ) );
#4427 = ORIENTED_EDGE('',*,*,#4428,.F.);
#4428 = EDGE_CURVE('',#1131,#4406,#4429,.T.);
#4429 = SURFACE_CURVE('',#4430,(#4434,#4441),.PCURVE_S1.);
#4430 = LINE('',#4431,#4432);
#4431 = CARTESIAN_POINT('',(60.,-245.,1.044684481553E-12));
#4432 = VECTOR('',#4433,1.);
#4433 = DIRECTION('',(-5.550236254743E-15,-4.440892098501E-16,1.));
#4434 = PCURVE('',#1146,#4435);
#4435 = DEFINITIONAL_REPRESENTATION('',(#4436),#4440);
#4436 = LINE('',#4437,#4438);
#4437 = CARTESIAN_POINT('',(20.,-4.440892098501E-14));
#4438 = VECTOR('',#4439,1.);
#4439 = DIRECTION('',(2.442490654175E-15,-1.));
#4440 = ( GEOMETRIC_REPRESENTATION_CONTEXT(2) 
PARAMETRIC_REPRESENTATION_CONTEXT() REPRESENTATION_CONTEXT('2D SPACE',''
  ) );
#4441 = PCURVE('',#1174,#4442);
#4442 = DEFINITIONAL_REPRESENTATION('',(#4443),#4447);
#4443 = LINE('',#4444,#4445);
#4444 = CARTESIAN_POINT('',(18.47005988024,60.));
#4445 = VECTOR('',#4446,1.);
#4446 = DIRECTION('',(-1.,-4.884102439968E-15));
#4447 = ( GEOMETRIC_REPRESENTATION_CONTEXT(2) 
PARAMETRIC_REPRESENTATION_CONTEXT() REPRESENTATION_CONTEXT('2D SPACE',''
  ) );
#4448 = ORIENTED_EDGE('',*,*,#1130,.F.);
#4449 = ADVANCED_FACE('',(#4450),#1174,.T.);
#4450 = FACE_BOUND('',#4451,.T.);
#4451 = EDGE_LOOP('',(#4452,#4453,#4476,#4504,#4525,#4526,#4527,#4548));
#4452 = ORIENTED_EDGE('',*,*,#2675,.F.);
#4453 = ORIENTED_EDGE('',*,*,#4454,.T.);
#4454 = EDGE_CURVE('',#2653,#4455,#4457,.T.);
#4455 = VERTEX_POINT('',#4456);
#4456 = CARTESIAN_POINT('',(-40.,-245.,5.000000000001));
#4457 = SURFACE_CURVE('',#4458,(#4462,#4469),.PCURVE_S1.);
#4458 = LINE('',#4459,#4460);
#4459 = CARTESIAN_POINT('',(-40.,-245.,47.000000000002));
#4460 = VECTOR('',#4461,1.);
#4461 = DIRECTION('',(6.439293542826E-15,1.110223024625E-15,-1.));
#4462 = PCURVE('',#1174,#4463);
#4463 = DEFINITIONAL_REPRESENTATION('',(#4464),#4468);
#4464 = LINE('',#4465,#4466);
#4465 = CARTESIAN_POINT('',(-28.52994011976,-40.));
#4466 = VECTOR('',#4467,1.);
#4467 = DIRECTION('',(1.,5.773159728051E-15));
#4468 = ( GEOMETRIC_REPRESENTATION_CONTEXT(2) 
PARAMETRIC_REPRESENTATION_CONTEXT() REPRESENTATION_CONTEXT('2D SPACE',''
  ) );
#4469 = PCURVE('',#1258,#4470);
#4470 = DEFINITIONAL_REPRESENTATION('',(#4471),#4475);
#4471 = LINE('',#4472,#4473);
#4472 = CARTESIAN_POINT('',(130.,6.366018823201E-13));
#4473 = VECTOR('',#4474,1.);
#4474 = DIRECTION('',(-5.107025913276E-15,-1.));
#4475 = ( GEOMETRIC_REPRESENTATION_CONTEXT(2) 
PARAMETRIC_REPRESENTATION_CONTEXT() REPRESENTATION_CONTEXT('2D SPACE',''
  ) );
#4476 = ORIENTED_EDGE('',*,*,#4477,.F.);
#4477 = EDGE_CURVE('',#4478,#4455,#4480,.T.);
#4478 = VERTEX_POINT('',#4479);
#4479 = CARTESIAN_POINT('',(-60.,-245.,5.000000000001));
#4480 = SURFACE_CURVE('',#4481,(#4485,#4492),.PCURVE_S1.);
#4481 = LINE('',#4482,#4483);
#4482 = CARTESIAN_POINT('',(-60.,-245.,5.000000000001));
#4483 = VECTOR('',#4484,1.);
#4484 = DIRECTION('',(1.,-3.441691376338E-15,-3.21876790303E-15));
#4485 = PCURVE('',#1174,#4486);
#4486 = DEFINITIONAL_REPRESENTATION('',(#4487),#4491);
#4487 = LINE('',#4488,#4489);
#4488 = CARTESIAN_POINT('',(13.470059880239,-60.));
#4489 = VECTOR('',#4490,1.);
#4490 = DIRECTION('',(4.99512474243E-15,1.));
#4491 = ( GEOMETRIC_REPRESENTATION_CONTEXT(2) 
PARAMETRIC_REPRESENTATION_CONTEXT() REPRESENTATION_CONTEXT('2D SPACE',''
  ) );
#4492 = PCURVE('',#4493,#4498);
#4493 = PLANE('',#4494);
#4494 = AXIS2_PLACEMENT_3D('',#4495,#4496,#4497);
#4495 = CARTESIAN_POINT('',(-41.98543149922,-110.1799104279,
    5.000000000001));
#4496 = DIRECTION('',(-1.444168800395E-15,-1.554312234475E-15,1.));
#4497 = DIRECTION('',(1.,-3.663735981263E-15,-3.21876790303E-15));
#4498 = DEFINITIONAL_REPRESENTATION('',(#4499),#4503);
#4499 = LINE('',#4500,#4501);
#4500 = CARTESIAN_POINT('',(-18.01456850077,-134.820089572));
#4501 = VECTOR('',#4502,1.);
#4502 = DIRECTION('',(1.,-2.886579864025E-15));
#4503 = ( GEOMETRIC_REPRESENTATION_CONTEXT(2) 
PARAMETRIC_REPRESENTATION_CONTEXT() REPRESENTATION_CONTEXT('2D SPACE',''
  ) );
#4504 = ORIENTED_EDGE('',*,*,#4505,.F.);
#4505 = EDGE_CURVE('',#1159,#4478,#4506,.T.);
#4506 = SURFACE_CURVE('',#4507,(#4511,#4518),.PCURVE_S1.);
#4507 = LINE('',#4508,#4509);
#4508 = CARTESIAN_POINT('',(-60.,-245.,1.200115705E-12));
#4509 = VECTOR('',#4510,1.);
#4510 = DIRECTION('',(-1.000079590545E-15,-1.110223024625E-15,1.));
#4511 = PCURVE('',#1174,#4512);
#4512 = DEFINITIONAL_REPRESENTATION('',(#4513),#4517);
#4513 = LINE('',#4514,#4515);
#4514 = CARTESIAN_POINT('',(18.470059880239,-60.));
#4515 = VECTOR('',#4516,1.);
#4516 = DIRECTION('',(-1.,-3.339457757702E-16));
#4517 = ( GEOMETRIC_REPRESENTATION_CONTEXT(2) 
PARAMETRIC_REPRESENTATION_CONTEXT() REPRESENTATION_CONTEXT('2D SPACE',''
  ) );
#4518 = PCURVE('',#1202,#4519);
#4519 = DEFINITIONAL_REPRESENTATION('',(#4520),#4524);
#4520 = LINE('',#4521,#4522);
#4521 = CARTESIAN_POINT('',(-20.,-6.217248937901E-14));
#4522 = VECTOR('',#4523,1.);
#4523 = DIRECTION('',(-3.330669073875E-15,-1.));
#4524 = ( GEOMETRIC_REPRESENTATION_CONTEXT(2) 
PARAMETRIC_REPRESENTATION_CONTEXT() REPRESENTATION_CONTEXT('2D SPACE',''
  ) );
#4525 = ORIENTED_EDGE('',*,*,#1158,.F.);
#4526 = ORIENTED_EDGE('',*,*,#4428,.T.);
#4527 = ORIENTED_EDGE('',*,*,#4528,.T.);
#4528 = EDGE_CURVE('',#4406,#3967,#4529,.T.);
#4529 = SURFACE_CURVE('',#4530,(#4534,#4541),.PCURVE_S1.);
#4530 = LINE('',#4531,#4532);
#4531 = CARTESIAN_POINT('',(60.,-245.,5.000000000001));
#4532 = VECTOR('',#4533,1.);
#4533 = DIRECTION('',(-1.,2.886579864025E-15,-1.775477971018E-15));
#4534 = PCURVE('',#1174,#4535);
#4535 = DEFINITIONAL_REPRESENTATION('',(#4536),#4540);
#4536 = LINE('',#4537,#4538);
#4537 = CARTESIAN_POINT('',(13.47005988024,60.));
#4538 = VECTOR('',#4539,1.);
#4539 = DIRECTION('',(-8.788683826966E-19,-1.));
#4540 = ( GEOMETRIC_REPRESENTATION_CONTEXT(2) 
PARAMETRIC_REPRESENTATION_CONTEXT() REPRESENTATION_CONTEXT('2D SPACE',''
  ) );
#4541 = PCURVE('',#4005,#4542);
#4542 = DEFINITIONAL_REPRESENTATION('',(#4543),#4547);
#4543 = LINE('',#4544,#4545);
#4544 = CARTESIAN_POINT('',(18.014568500779,-134.820089572));
#4545 = VECTOR('',#4546,1.);
#4546 = DIRECTION('',(-1.,2.886579864025E-15));
#4547 = ( GEOMETRIC_REPRESENTATION_CONTEXT(2) 
PARAMETRIC_REPRESENTATION_CONTEXT() REPRESENTATION_CONTEXT('2D SPACE',''
  ) );
#4548 = ORIENTED_EDGE('',*,*,#3966,.F.);
#4549 = ADVANCED_FACE('',(#4550),#1202,.T.);
#4550 = FACE_BOUND('',#4551,.F.);
#4551 = EDGE_LOOP('',(#4552,#4575,#4596,#4597));
#4552 = ORIENTED_EDGE('',*,*,#4553,.T.);
#4553 = EDGE_CURVE('',#1187,#4554,#4556,.T.);
#4554 = VERTEX_POINT('',#4555);
#4555 = CARTESIAN_POINT('',(-60.,-225.,5.000000000001));
#4556 = SURFACE_CURVE('',#4557,(#4561,#4568),.PCURVE_S1.);
#4557 = LINE('',#4558,#4559);
#4558 = CARTESIAN_POINT('',(-60.,-225.,1.129061431424E-12));
#4559 = VECTOR('',#4560,1.);
#4560 = DIRECTION('',(-1.000079590545E-15,-1.110223024625E-15,1.));
#4561 = PCURVE('',#1202,#4562);
#4562 = DEFINITIONAL_REPRESENTATION('',(#4563),#4567);
#4563 = LINE('',#4564,#4565);
#4564 = CARTESIAN_POINT('',(-0.,0.));
#4565 = VECTOR('',#4566,1.);
#4566 = DIRECTION('',(-3.330669073875E-15,-1.));
#4567 = ( GEOMETRIC_REPRESENTATION_CONTEXT(2) 
PARAMETRIC_REPRESENTATION_CONTEXT() REPRESENTATION_CONTEXT('2D SPACE',''
  ) );
#4568 = PCURVE('',#1230,#4569);
#4569 = DEFINITIONAL_REPRESENTATION('',(#4570),#4574);
#4570 = LINE('',#4571,#4572);
#4571 = CARTESIAN_POINT('',(-20.,-5.329070518201E-14));
#4572 = VECTOR('',#4573,1.);
#4573 = DIRECTION('',(-2.442490654175E-15,-1.));
#4574 = ( GEOMETRIC_REPRESENTATION_CONTEXT(2) 
PARAMETRIC_REPRESENTATION_CONTEXT() REPRESENTATION_CONTEXT('2D SPACE',''
  ) );
#4575 = ORIENTED_EDGE('',*,*,#4576,.T.);
#4576 = EDGE_CURVE('',#4554,#4478,#4577,.T.);
#4577 = SURFACE_CURVE('',#4578,(#4582,#4589),.PCURVE_S1.);
#4578 = LINE('',#4579,#4580);
#4579 = CARTESIAN_POINT('',(-60.,-225.,5.000000000001));
#4580 = VECTOR('',#4581,1.);
#4581 = DIRECTION('',(1.221245327088E-15,-1.,3.996802888651E-15));
#4582 = PCURVE('',#1202,#4583);
#4583 = DEFINITIONAL_REPRESENTATION('',(#4584),#4588);
#4584 = LINE('',#4585,#4586);
#4585 = CARTESIAN_POINT('',(-1.805222638041E-13,-5.));
#4586 = VECTOR('',#4587,1.);
#4587 = DIRECTION('',(-1.,-3.552713678801E-15));
#4588 = ( GEOMETRIC_REPRESENTATION_CONTEXT(2) 
PARAMETRIC_REPRESENTATION_CONTEXT() REPRESENTATION_CONTEXT('2D SPACE',''
  ) );
#4589 = PCURVE('',#4493,#4590);
#4590 = DEFINITIONAL_REPRESENTATION('',(#4591),#4595);
#4591 = LINE('',#4592,#4593);
#4592 = CARTESIAN_POINT('',(-18.01456850077,-114.820089572));
#4593 = VECTOR('',#4594,1.);
#4594 = DIRECTION('',(3.330669073875E-15,-1.));
#4595 = ( GEOMETRIC_REPRESENTATION_CONTEXT(2) 
PARAMETRIC_REPRESENTATION_CONTEXT() REPRESENTATION_CONTEXT('2D SPACE',''
  ) );
#4596 = ORIENTED_EDGE('',*,*,#4505,.F.);
#4597 = ORIENTED_EDGE('',*,*,#1186,.F.);
#4598 = ADVANCED_FACE('',(#4599),#1230,.T.);
#4599 = FACE_BOUND('',#4600,.F.);
#4600 = EDGE_LOOP('',(#4601,#4624,#4645,#4646));
#4601 = ORIENTED_EDGE('',*,*,#4602,.T.);
#4602 = EDGE_CURVE('',#1215,#4603,#4605,.T.);
#4603 = VERTEX_POINT('',#4604);
#4604 = CARTESIAN_POINT('',(-40.,-225.,5.000000000001));
#4605 = SURFACE_CURVE('',#4606,(#4610,#4617),.PCURVE_S1.);
#4606 = LINE('',#4607,#4608);
#4607 = CARTESIAN_POINT('',(-40.,-225.,1.073567857561E-12));
#4608 = VECTOR('',#4609,1.);
#4609 = DIRECTION('',(-1.000079590545E-15,-1.110223024625E-15,1.));
#4610 = PCURVE('',#1230,#4611);
#4611 = DEFINITIONAL_REPRESENTATION('',(#4612),#4616);
#4612 = LINE('',#4613,#4614);
#4613 = CARTESIAN_POINT('',(-0.,0.));
#4614 = VECTOR('',#4615,1.);
#4615 = DIRECTION('',(-2.442490654175E-15,-1.));
#4616 = ( GEOMETRIC_REPRESENTATION_CONTEXT(2) 
PARAMETRIC_REPRESENTATION_CONTEXT() REPRESENTATION_CONTEXT('2D SPACE',''
  ) );
#4617 = PCURVE('',#1258,#4618);
#4618 = DEFINITIONAL_REPRESENTATION('',(#4619),#4623);
#4619 = LINE('',#4620,#4621);
#4620 = CARTESIAN_POINT('',(110.,-47.));
#4621 = VECTOR('',#4622,1.);
#4622 = DIRECTION('',(6.439293542826E-15,1.));
#4623 = ( GEOMETRIC_REPRESENTATION_CONTEXT(2) 
PARAMETRIC_REPRESENTATION_CONTEXT() REPRESENTATION_CONTEXT('2D SPACE',''
  ) );
#4624 = ORIENTED_EDGE('',*,*,#4625,.T.);
#4625 = EDGE_CURVE('',#4603,#4554,#4626,.T.);
#4626 = SURFACE_CURVE('',#4627,(#4631,#4638),.PCURVE_S1.);
#4627 = LINE('',#4628,#4629);
#4628 = CARTESIAN_POINT('',(-40.,-225.,5.000000000001));
#4629 = VECTOR('',#4630,1.);
#4630 = DIRECTION('',(-1.,3.441691376338E-15,3.21876790303E-15));
#4631 = PCURVE('',#1230,#4632);
#4632 = DEFINITIONAL_REPRESENTATION('',(#4633),#4637);
#4633 = LINE('',#4634,#4635);
#4634 = CARTESIAN_POINT('',(5.174078728945E-14,-5.));
#4635 = VECTOR('',#4636,1.);
#4636 = DIRECTION('',(-1.,-3.10862446895E-15));
#4637 = ( GEOMETRIC_REPRESENTATION_CONTEXT(2) 
PARAMETRIC_REPRESENTATION_CONTEXT() REPRESENTATION_CONTEXT('2D SPACE',''
  ) );
#4638 = PCURVE('',#4493,#4639);
#4639 = DEFINITIONAL_REPRESENTATION('',(#4640),#4644);
#4640 = LINE('',#4641,#4642);
#4641 = CARTESIAN_POINT('',(1.985431499222,-114.820089572));
#4642 = VECTOR('',#4643,1.);
#4643 = DIRECTION('',(-1.,2.886579864025E-15));
#4644 = ( GEOMETRIC_REPRESENTATION_CONTEXT(2) 
PARAMETRIC_REPRESENTATION_CONTEXT() REPRESENTATION_CONTEXT('2D SPACE',''
  ) );
#4645 = ORIENTED_EDGE('',*,*,#4553,.F.);
#4646 = ORIENTED_EDGE('',*,*,#1214,.F.);
#4647 = ADVANCED_FACE('',(#4648,#4749),#1258,.T.);
#4648 = FACE_BOUND('',#4649,.T.);
#4649 = EDGE_LOOP('',(#4650,#4651,#4652,#4653,#4676,#4704,#4725,#4726,
    #4727,#4748));
#4650 = ORIENTED_EDGE('',*,*,#2652,.F.);
#4651 = ORIENTED_EDGE('',*,*,#3622,.T.);
#4652 = ORIENTED_EDGE('',*,*,#1354,.T.);
#4653 = ORIENTED_EDGE('',*,*,#4654,.T.);
#4654 = EDGE_CURVE('',#1327,#4655,#4657,.T.);
#4655 = VERTEX_POINT('',#4656);
#4656 = CARTESIAN_POINT('',(-40.,-145.,5.000000000001));
#4657 = SURFACE_CURVE('',#4658,(#4662,#4669),.PCURVE_S1.);
#4658 = LINE('',#4659,#4660);
#4659 = CARTESIAN_POINT('',(-40.,-145.,7.893507632567E-13));
#4660 = VECTOR('',#4661,1.);
#4661 = DIRECTION('',(-1.000079590545E-15,-1.110223024625E-15,1.));
#4662 = PCURVE('',#1258,#4663);
#4663 = DEFINITIONAL_REPRESENTATION('',(#4664),#4668);
#4664 = LINE('',#4665,#4666);
#4665 = CARTESIAN_POINT('',(30.,-47.));
#4666 = VECTOR('',#4667,1.);
#4667 = DIRECTION('',(6.439293542826E-15,1.));
#4668 = ( GEOMETRIC_REPRESENTATION_CONTEXT(2) 
PARAMETRIC_REPRESENTATION_CONTEXT() REPRESENTATION_CONTEXT('2D SPACE',''
  ) );
#4669 = PCURVE('',#1342,#4670);
#4670 = DEFINITIONAL_REPRESENTATION('',(#4671),#4675);
#4671 = LINE('',#4672,#4673);
#4672 = CARTESIAN_POINT('',(-0.,0.));
#4673 = VECTOR('',#4674,1.);
#4674 = DIRECTION('',(-2.442490654175E-15,-1.));
#4675 = ( GEOMETRIC_REPRESENTATION_CONTEXT(2) 
PARAMETRIC_REPRESENTATION_CONTEXT() REPRESENTATION_CONTEXT('2D SPACE',''
  ) );
#4676 = ORIENTED_EDGE('',*,*,#4677,.F.);
#4677 = EDGE_CURVE('',#4678,#4655,#4680,.T.);
#4678 = VERTEX_POINT('',#4679);
#4679 = CARTESIAN_POINT('',(-40.,-165.,5.000000000001));
#4680 = SURFACE_CURVE('',#4681,(#4685,#4692),.PCURVE_S1.);
#4681 = LINE('',#4682,#4683);
#4682 = CARTESIAN_POINT('',(-40.,-165.,5.000000000001));
#4683 = VECTOR('',#4684,1.);
#4684 = DIRECTION('',(-1.221245327088E-15,1.,-3.996802888651E-15));
#4685 = PCURVE('',#1258,#4686);
#4686 = DEFINITIONAL_REPRESENTATION('',(#4687),#4691);
#4687 = LINE('',#4688,#4689);
#4688 = CARTESIAN_POINT('',(50.,-42.));
#4689 = VECTOR('',#4690,1.);
#4690 = DIRECTION('',(-1.,-3.774758283726E-15));
#4691 = ( GEOMETRIC_REPRESENTATION_CONTEXT(2) 
PARAMETRIC_REPRESENTATION_CONTEXT() REPRESENTATION_CONTEXT('2D SPACE',''
  ) );
#4692 = PCURVE('',#4693,#4698);
#4693 = PLANE('',#4694);
#4694 = AXIS2_PLACEMENT_3D('',#4695,#4696,#4697);
#4695 = CARTESIAN_POINT('',(-41.98543149922,-110.1799104279,
    5.000000000001));
#4696 = DIRECTION('',(-1.444168800395E-15,-1.554312234475E-15,1.));
#4697 = DIRECTION('',(1.,-3.663735981263E-15,-3.21876790303E-15));
#4698 = DEFINITIONAL_REPRESENTATION('',(#4699),#4703);
#4699 = LINE('',#4700,#4701);
#4700 = CARTESIAN_POINT('',(1.985431499222,-54.82008957206));
#4701 = VECTOR('',#4702,1.);
#4702 = DIRECTION('',(-3.330669073875E-15,1.));
#4703 = ( GEOMETRIC_REPRESENTATION_CONTEXT(2) 
PARAMETRIC_REPRESENTATION_CONTEXT() REPRESENTATION_CONTEXT('2D SPACE',''
  ) );
#4704 = ORIENTED_EDGE('',*,*,#4705,.F.);
#4705 = EDGE_CURVE('',#1243,#4678,#4706,.T.);
#4706 = SURFACE_CURVE('',#4707,(#4711,#4718),.PCURVE_S1.);
#4707 = LINE('',#4708,#4709);
#4708 = CARTESIAN_POINT('',(-40.,-165.,8.604050368327E-13));
#4709 = VECTOR('',#4710,1.);
#4710 = DIRECTION('',(-1.000079590545E-15,-1.110223024625E-15,1.));
#4711 = PCURVE('',#1258,#4712);
#4712 = DEFINITIONAL_REPRESENTATION('',(#4713),#4717);
#4713 = LINE('',#4714,#4715);
#4714 = CARTESIAN_POINT('',(50.,-47.));
#4715 = VECTOR('',#4716,1.);
#4716 = DIRECTION('',(6.439293542826E-15,1.));
#4717 = ( GEOMETRIC_REPRESENTATION_CONTEXT(2) 
PARAMETRIC_REPRESENTATION_CONTEXT() REPRESENTATION_CONTEXT('2D SPACE',''
  ) );
#4718 = PCURVE('',#1286,#4719);
#4719 = DEFINITIONAL_REPRESENTATION('',(#4720),#4724);
#4720 = LINE('',#4721,#4722);
#4721 = CARTESIAN_POINT('',(-20.,5.329070518201E-14));
#4722 = VECTOR('',#4723,1.);
#4723 = DIRECTION('',(2.442490654175E-15,-1.));
#4724 = ( GEOMETRIC_REPRESENTATION_CONTEXT(2) 
PARAMETRIC_REPRESENTATION_CONTEXT() REPRESENTATION_CONTEXT('2D SPACE',''
  ) );
#4725 = ORIENTED_EDGE('',*,*,#1242,.T.);
#4726 = ORIENTED_EDGE('',*,*,#4602,.T.);
#4727 = ORIENTED_EDGE('',*,*,#4728,.F.);
#4728 = EDGE_CURVE('',#4455,#4603,#4729,.T.);
#4729 = SURFACE_CURVE('',#4730,(#4734,#4741),.PCURVE_S1.);
#4730 = LINE('',#4731,#4732);
#4731 = CARTESIAN_POINT('',(-40.,-245.,5.000000000001));
#4732 = VECTOR('',#4733,1.);
#4733 = DIRECTION('',(-1.221245327088E-15,1.,-3.996802888651E-15));
#4734 = PCURVE('',#1258,#4735);
#4735 = DEFINITIONAL_REPRESENTATION('',(#4736),#4740);
#4736 = LINE('',#4737,#4738);
#4737 = CARTESIAN_POINT('',(130.,-42.));
#4738 = VECTOR('',#4739,1.);
#4739 = DIRECTION('',(-1.,-3.774758283726E-15));
#4740 = ( GEOMETRIC_REPRESENTATION_CONTEXT(2) 
PARAMETRIC_REPRESENTATION_CONTEXT() REPRESENTATION_CONTEXT('2D SPACE',''
  ) );
#4741 = PCURVE('',#4493,#4742);
#4742 = DEFINITIONAL_REPRESENTATION('',(#4743),#4747);
#4743 = LINE('',#4744,#4745);
#4744 = CARTESIAN_POINT('',(1.985431499222,-134.820089572));
#4745 = VECTOR('',#4746,1.);
#4746 = DIRECTION('',(-3.330669073875E-15,1.));
#4747 = ( GEOMETRIC_REPRESENTATION_CONTEXT(2) 
PARAMETRIC_REPRESENTATION_CONTEXT() REPRESENTATION_CONTEXT('2D SPACE',''
  ) );
#4748 = ORIENTED_EDGE('',*,*,#4454,.F.);
#4749 = FACE_BOUND('',#4750,.T.);
#4750 = EDGE_LOOP('',(#4751,#4781,#4809,#4837));
#4751 = ORIENTED_EDGE('',*,*,#4752,.T.);
#4752 = EDGE_CURVE('',#4753,#4755,#4757,.T.);
#4753 = VERTEX_POINT('',#4754);
#4754 = CARTESIAN_POINT('',(-40.,-130.,35.000000000001));
#4755 = VERTEX_POINT('',#4756);
#4756 = CARTESIAN_POINT('',(-40.,-230.,35.000000000001));
#4757 = SURFACE_CURVE('',#4758,(#4762,#4769),.PCURVE_S1.);
#4758 = LINE('',#4759,#4760);
#4759 = CARTESIAN_POINT('',(-40.,-130.,35.000000000001));
#4760 = VECTOR('',#4761,1.);
#4761 = DIRECTION('',(1.221245327088E-15,-1.,4.551914400963E-15));
#4762 = PCURVE('',#1258,#4763);
#4763 = DEFINITIONAL_REPRESENTATION('',(#4764),#4768);
#4764 = LINE('',#4765,#4766);
#4765 = CARTESIAN_POINT('',(15.,-12.));
#4766 = VECTOR('',#4767,1.);
#4767 = DIRECTION('',(1.,4.107825191113E-15));
#4768 = ( GEOMETRIC_REPRESENTATION_CONTEXT(2) 
PARAMETRIC_REPRESENTATION_CONTEXT() REPRESENTATION_CONTEXT('2D SPACE',''
  ) );
#4769 = PCURVE('',#4770,#4775);
#4770 = PLANE('',#4771);
#4771 = AXIS2_PLACEMENT_3D('',#4772,#4773,#4774);
#4772 = CARTESIAN_POINT('',(-40.,-130.,35.000000000001));
#4773 = DIRECTION('',(-4.218847493576E-15,-9.992007221626E-16,1.));
#4774 = DIRECTION('',(-7.771561172376E-16,1.,-4.107825191113E-15));
#4775 = DEFINITIONAL_REPRESENTATION('',(#4776),#4780);
#4776 = LINE('',#4777,#4778);
#4777 = CARTESIAN_POINT('',(-2.84217094304E-14,-4.263256414561E-14));
#4778 = VECTOR('',#4779,1.);
#4779 = DIRECTION('',(-1.,-3.552713678801E-15));
#4780 = ( GEOMETRIC_REPRESENTATION_CONTEXT(2) 
PARAMETRIC_REPRESENTATION_CONTEXT() REPRESENTATION_CONTEXT('2D SPACE',''
  ) );
#4781 = ORIENTED_EDGE('',*,*,#4782,.T.);
#4782 = EDGE_CURVE('',#4755,#4783,#4785,.T.);
#4783 = VERTEX_POINT('',#4784);
#4784 = CARTESIAN_POINT('',(-40.,-230.,25.000000000001));
#4785 = SURFACE_CURVE('',#4786,(#4790,#4797),.PCURVE_S1.);
#4786 = LINE('',#4787,#4788);
#4787 = CARTESIAN_POINT('',(-40.,-230.,35.000000000002));
#4788 = VECTOR('',#4789,1.);
#4789 = DIRECTION('',(4.440892098501E-15,1.665334536938E-15,-1.));
#4790 = PCURVE('',#1258,#4791);
#4791 = DEFINITIONAL_REPRESENTATION('',(#4792),#4796);
#4792 = LINE('',#4793,#4794);
#4793 = CARTESIAN_POINT('',(115.,-11.99999999999));
#4794 = VECTOR('',#4795,1.);
#4795 = DIRECTION('',(-6.772360450213E-15,-1.));
#4796 = ( GEOMETRIC_REPRESENTATION_CONTEXT(2) 
PARAMETRIC_REPRESENTATION_CONTEXT() REPRESENTATION_CONTEXT('2D SPACE',''
  ) );
#4797 = PCURVE('',#4798,#4803);
#4798 = PLANE('',#4799);
#4799 = AXIS2_PLACEMENT_3D('',#4800,#4801,#4802);
#4800 = CARTESIAN_POINT('',(-40.,-230.,35.000000000002));
#4801 = DIRECTION('',(9.992007221626E-16,-1.,3.885780586188E-15));
#4802 = DIRECTION('',(-3.996802888651E-15,-1.221245327088E-15,1.));
#4803 = DEFINITIONAL_REPRESENTATION('',(#4804),#4808);
#4804 = LINE('',#4805,#4806);
#4805 = CARTESIAN_POINT('',(2.84217094304E-14,-8.526512829121E-14));
#4806 = VECTOR('',#4807,1.);
#4807 = DIRECTION('',(-1.,-3.552713678801E-15));
#4808 = ( GEOMETRIC_REPRESENTATION_CONTEXT(2) 
PARAMETRIC_REPRESENTATION_CONTEXT() REPRESENTATION_CONTEXT('2D SPACE',''
  ) );
#4809 = ORIENTED_EDGE('',*,*,#4810,.T.);
#4810 = EDGE_CURVE('',#4783,#4811,#4813,.T.);
#4811 = VERTEX_POINT('',#4812);
#4812 = CARTESIAN_POINT('',(-40.,-130.,25.000000000001));
#4813 = SURFACE_CURVE('',#4814,(#4818,#4825),.PCURVE_S1.);
#4814 = LINE('',#4815,#4816);
#4815 = CARTESIAN_POINT('',(-40.,-230.,25.000000000001));
#4816 = VECTOR('',#4817,1.);
#4817 = DIRECTION('',(-1.221245327088E-15,1.,-4.551914400963E-15));
#4818 = PCURVE('',#1258,#4819);
#4819 = DEFINITIONAL_REPRESENTATION('',(#4820),#4824);
#4820 = LINE('',#4821,#4822);
#4821 = CARTESIAN_POINT('',(115.,-21.99999999999));
#4822 = VECTOR('',#4823,1.);
#4823 = DIRECTION('',(-1.,-4.107825191113E-15));
#4824 = ( GEOMETRIC_REPRESENTATION_CONTEXT(2) 
PARAMETRIC_REPRESENTATION_CONTEXT() REPRESENTATION_CONTEXT('2D SPACE',''
  ) );
#4825 = PCURVE('',#4826,#4831);
#4826 = PLANE('',#4827);
#4827 = AXIS2_PLACEMENT_3D('',#4828,#4829,#4830);
#4828 = CARTESIAN_POINT('',(-40.,-230.,25.000000000001));
#4829 = DIRECTION('',(4.218847493576E-15,9.992007221626E-16,-1.));
#4830 = DIRECTION('',(7.771561172376E-16,-1.,4.107825191113E-15));
#4831 = DEFINITIONAL_REPRESENTATION('',(#4832),#4836);
#4832 = LINE('',#4833,#4834);
#4833 = CARTESIAN_POINT('',(8.526512829121E-14,-8.526512829121E-14));
#4834 = VECTOR('',#4835,1.);
#4835 = DIRECTION('',(-1.,3.552713678801E-15));
#4836 = ( GEOMETRIC_REPRESENTATION_CONTEXT(2) 
PARAMETRIC_REPRESENTATION_CONTEXT() REPRESENTATION_CONTEXT('2D SPACE',''
  ) );
#4837 = ORIENTED_EDGE('',*,*,#4838,.T.);
#4838 = EDGE_CURVE('',#4811,#4753,#4839,.T.);
#4839 = SURFACE_CURVE('',#4840,(#4844,#4851),.PCURVE_S1.);
#4840 = LINE('',#4841,#4842);
#4841 = CARTESIAN_POINT('',(-40.,-130.,25.000000000001));
#4842 = VECTOR('',#4843,1.);
#4843 = DIRECTION('',(-4.440892098501E-15,-1.665334536938E-15,1.));
#4844 = PCURVE('',#1258,#4845);
#4845 = DEFINITIONAL_REPRESENTATION('',(#4846),#4850);
#4846 = LINE('',#4847,#4848);
#4847 = CARTESIAN_POINT('',(15.,-22.));
#4848 = VECTOR('',#4849,1.);
#4849 = DIRECTION('',(6.772360450213E-15,1.));
#4850 = ( GEOMETRIC_REPRESENTATION_CONTEXT(2) 
PARAMETRIC_REPRESENTATION_CONTEXT() REPRESENTATION_CONTEXT('2D SPACE',''
  ) );
#4851 = PCURVE('',#4852,#4857);
#4852 = PLANE('',#4853);
#4853 = AXIS2_PLACEMENT_3D('',#4854,#4855,#4856);
#4854 = CARTESIAN_POINT('',(-40.,-130.,25.000000000001));
#4855 = DIRECTION('',(-9.992007221626E-16,1.,-3.885780586188E-15));
#4856 = DIRECTION('',(3.996802888651E-15,1.221245327088E-15,-1.));
#4857 = DEFINITIONAL_REPRESENTATION('',(#4858),#4862);
#4858 = LINE('',#4859,#4860);
#4859 = CARTESIAN_POINT('',(3.19744231092E-14,-4.263256414561E-14));
#4860 = VECTOR('',#4861,1.);
#4861 = DIRECTION('',(-1.,3.552713678801E-15));
#4862 = ( GEOMETRIC_REPRESENTATION_CONTEXT(2) 
PARAMETRIC_REPRESENTATION_CONTEXT() REPRESENTATION_CONTEXT('2D SPACE',''
  ) );
#4863 = ADVANCED_FACE('',(#4864),#1286,.T.);
#4864 = FACE_BOUND('',#4865,.F.);
#4865 = EDGE_LOOP('',(#4866,#4889,#4910,#4911));
#4866 = ORIENTED_EDGE('',*,*,#4867,.T.);
#4867 = EDGE_CURVE('',#1271,#4868,#4870,.T.);
#4868 = VERTEX_POINT('',#4869);
#4869 = CARTESIAN_POINT('',(-60.,-165.,5.000000000001));
#4870 = SURFACE_CURVE('',#4871,(#4875,#4882),.PCURVE_S1.);
#4871 = LINE('',#4872,#4873);
#4872 = CARTESIAN_POINT('',(-60.,-165.,9.158986106963E-13));
#4873 = VECTOR('',#4874,1.);
#4874 = DIRECTION('',(-1.000079590545E-15,-1.110223024625E-15,1.));
#4875 = PCURVE('',#1286,#4876);
#4876 = DEFINITIONAL_REPRESENTATION('',(#4877),#4881);
#4877 = LINE('',#4878,#4879);
#4878 = CARTESIAN_POINT('',(-0.,0.));
#4879 = VECTOR('',#4880,1.);
#4880 = DIRECTION('',(2.442490654175E-15,-1.));
#4881 = ( GEOMETRIC_REPRESENTATION_CONTEXT(2) 
PARAMETRIC_REPRESENTATION_CONTEXT() REPRESENTATION_CONTEXT('2D SPACE',''
  ) );
#4882 = PCURVE('',#1314,#4883);
#4883 = DEFINITIONAL_REPRESENTATION('',(#4884),#4888);
#4884 = LINE('',#4885,#4886);
#4885 = CARTESIAN_POINT('',(-20.,-6.217248937901E-14));
#4886 = VECTOR('',#4887,1.);
#4887 = DIRECTION('',(-3.330669073875E-15,-1.));
#4888 = ( GEOMETRIC_REPRESENTATION_CONTEXT(2) 
PARAMETRIC_REPRESENTATION_CONTEXT() REPRESENTATION_CONTEXT('2D SPACE',''
  ) );
#4889 = ORIENTED_EDGE('',*,*,#4890,.T.);
#4890 = EDGE_CURVE('',#4868,#4678,#4891,.T.);
#4891 = SURFACE_CURVE('',#4892,(#4896,#4903),.PCURVE_S1.);
#4892 = LINE('',#4893,#4894);
#4893 = CARTESIAN_POINT('',(-60.,-165.,5.000000000001));
#4894 = VECTOR('',#4895,1.);
#4895 = DIRECTION('',(1.,-3.441691376338E-15,-3.21876790303E-15));
#4896 = PCURVE('',#1286,#4897);
#4897 = DEFINITIONAL_REPRESENTATION('',(#4898),#4902);
#4898 = LINE('',#4899,#4900);
#4899 = CARTESIAN_POINT('',(-2.331907785904E-14,-5.));
#4900 = VECTOR('',#4901,1.);
#4901 = DIRECTION('',(-1.,3.10862446895E-15));
#4902 = ( GEOMETRIC_REPRESENTATION_CONTEXT(2) 
PARAMETRIC_REPRESENTATION_CONTEXT() REPRESENTATION_CONTEXT('2D SPACE',''
  ) );
#4903 = PCURVE('',#4693,#4904);
#4904 = DEFINITIONAL_REPRESENTATION('',(#4905),#4909);
#4905 = LINE('',#4906,#4907);
#4906 = CARTESIAN_POINT('',(-18.01456850077,-54.82008957206));
#4907 = VECTOR('',#4908,1.);
#4908 = DIRECTION('',(1.,-2.886579864025E-15));
#4909 = ( GEOMETRIC_REPRESENTATION_CONTEXT(2) 
PARAMETRIC_REPRESENTATION_CONTEXT() REPRESENTATION_CONTEXT('2D SPACE',''
  ) );
#4910 = ORIENTED_EDGE('',*,*,#4705,.F.);
#4911 = ORIENTED_EDGE('',*,*,#1270,.F.);
#4912 = ADVANCED_FACE('',(#4913),#1314,.T.);
#4913 = FACE_BOUND('',#4914,.F.);
#4914 = EDGE_LOOP('',(#4915,#4938,#4959,#4960));
#4915 = ORIENTED_EDGE('',*,*,#4916,.T.);
#4916 = EDGE_CURVE('',#1299,#4917,#4919,.T.);
#4917 = VERTEX_POINT('',#4918);
#4918 = CARTESIAN_POINT('',(-60.,-145.,5.000000000001));
#4919 = SURFACE_CURVE('',#4920,(#4924,#4931),.PCURVE_S1.);
#4920 = LINE('',#4921,#4922);
#4921 = CARTESIAN_POINT('',(-60.,-145.,8.448443371203E-13));
#4922 = VECTOR('',#4923,1.);
#4923 = DIRECTION('',(-1.000079590545E-15,-1.110223024625E-15,1.));
#4924 = PCURVE('',#1314,#4925);
#4925 = DEFINITIONAL_REPRESENTATION('',(#4926),#4930);
#4926 = LINE('',#4927,#4928);
#4927 = CARTESIAN_POINT('',(-0.,0.));
#4928 = VECTOR('',#4929,1.);
#4929 = DIRECTION('',(-3.330669073875E-15,-1.));
#4930 = ( GEOMETRIC_REPRESENTATION_CONTEXT(2) 
PARAMETRIC_REPRESENTATION_CONTEXT() REPRESENTATION_CONTEXT('2D SPACE',''
  ) );
#4931 = PCURVE('',#1342,#4932);
#4932 = DEFINITIONAL_REPRESENTATION('',(#4933),#4937);
#4933 = LINE('',#4934,#4935);
#4934 = CARTESIAN_POINT('',(-20.,-5.329070518201E-14));
#4935 = VECTOR('',#4936,1.);
#4936 = DIRECTION('',(-2.442490654175E-15,-1.));
#4937 = ( GEOMETRIC_REPRESENTATION_CONTEXT(2) 
PARAMETRIC_REPRESENTATION_CONTEXT() REPRESENTATION_CONTEXT('2D SPACE',''
  ) );
#4938 = ORIENTED_EDGE('',*,*,#4939,.T.);
#4939 = EDGE_CURVE('',#4917,#4868,#4940,.T.);
#4940 = SURFACE_CURVE('',#4941,(#4945,#4952),.PCURVE_S1.);
#4941 = LINE('',#4942,#4943);
#4942 = CARTESIAN_POINT('',(-60.,-145.,5.000000000001));
#4943 = VECTOR('',#4944,1.);
#4944 = DIRECTION('',(1.221245327088E-15,-1.,3.996802888651E-15));
#4945 = PCURVE('',#1314,#4946);
#4946 = DEFINITIONAL_REPRESENTATION('',(#4947),#4951);
#4947 = LINE('',#4948,#4949);
#4948 = CARTESIAN_POINT('',(-1.236788449432E-13,-5.));
#4949 = VECTOR('',#4950,1.);
#4950 = DIRECTION('',(-1.,-3.552713678801E-15));
#4951 = ( GEOMETRIC_REPRESENTATION_CONTEXT(2) 
PARAMETRIC_REPRESENTATION_CONTEXT() REPRESENTATION_CONTEXT('2D SPACE',''
  ) );
#4952 = PCURVE('',#4693,#4953);
#4953 = DEFINITIONAL_REPRESENTATION('',(#4954),#4958);
#4954 = LINE('',#4955,#4956);
#4955 = CARTESIAN_POINT('',(-18.01456850077,-34.82008957206));
#4956 = VECTOR('',#4957,1.);
#4957 = DIRECTION('',(3.330669073875E-15,-1.));
#4958 = ( GEOMETRIC_REPRESENTATION_CONTEXT(2) 
PARAMETRIC_REPRESENTATION_CONTEXT() REPRESENTATION_CONTEXT('2D SPACE',''
  ) );
#4959 = ORIENTED_EDGE('',*,*,#4867,.F.);
#4960 = ORIENTED_EDGE('',*,*,#1298,.F.);
#4961 = ADVANCED_FACE('',(#4962),#1342,.T.);
#4962 = FACE_BOUND('',#4963,.F.);
#4963 = EDGE_LOOP('',(#4964,#4965,#4986,#4987));
#4964 = ORIENTED_EDGE('',*,*,#4654,.T.);
#4965 = ORIENTED_EDGE('',*,*,#4966,.T.);
#4966 = EDGE_CURVE('',#4655,#4917,#4967,.T.);
#4967 = SURFACE_CURVE('',#4968,(#4972,#4979),.PCURVE_S1.);
#4968 = LINE('',#4969,#4970);
#4969 = CARTESIAN_POINT('',(-40.,-145.,5.000000000001));
#4970 = VECTOR('',#4971,1.);
#4971 = DIRECTION('',(-1.,3.441691376338E-15,3.21876790303E-15));
#4972 = PCURVE('',#1342,#4973);
#4973 = DEFINITIONAL_REPRESENTATION('',(#4974),#4978);
#4974 = LINE('',#4975,#4976);
#4975 = CARTESIAN_POINT('',(1.621365050144E-14,-5.));
#4976 = VECTOR('',#4977,1.);
#4977 = DIRECTION('',(-1.,-3.10862446895E-15));
#4978 = ( GEOMETRIC_REPRESENTATION_CONTEXT(2) 
PARAMETRIC_REPRESENTATION_CONTEXT() REPRESENTATION_CONTEXT('2D SPACE',''
  ) );
#4979 = PCURVE('',#4693,#4980);
#4980 = DEFINITIONAL_REPRESENTATION('',(#4981),#4985);
#4981 = LINE('',#4982,#4983);
#4982 = CARTESIAN_POINT('',(1.985431499222,-34.82008957206));
#4983 = VECTOR('',#4984,1.);
#4984 = DIRECTION('',(-1.,2.886579864025E-15));
#4985 = ( GEOMETRIC_REPRESENTATION_CONTEXT(2) 
PARAMETRIC_REPRESENTATION_CONTEXT() REPRESENTATION_CONTEXT('2D SPACE',''
  ) );
#4986 = ORIENTED_EDGE('',*,*,#4916,.F.);
#4987 = ORIENTED_EDGE('',*,*,#1326,.F.);
#4988 = ADVANCED_FACE('',(#4989),#1416,.T.);
#4989 = FACE_BOUND('',#4990,.F.);
#4990 = EDGE_LOOP('',(#4991,#4992,#5015,#5036));
#4991 = ORIENTED_EDGE('',*,*,#1400,.F.);
#4992 = ORIENTED_EDGE('',*,*,#4993,.T.);
#4993 = EDGE_CURVE('',#1401,#4994,#4996,.T.);
#4994 = VERTEX_POINT('',#4995);
#4995 = CARTESIAN_POINT('',(-50.,-75.,5.));
#4996 = SURFACE_CURVE('',#4997,(#5001,#5008),.PCURVE_S1.);
#4997 = LINE('',#4998,#4999);
#4998 = CARTESIAN_POINT('',(-50.,-75.,5.684075926725E-13));
#4999 = VECTOR('',#5000,1.);
#5000 = DIRECTION('',(-1.000079590545E-15,-1.110223024625E-15,1.));
#5001 = PCURVE('',#1416,#5002);
#5002 = DEFINITIONAL_REPRESENTATION('',(#5003),#5007);
#5003 = LINE('',#5004,#5005);
#5004 = CARTESIAN_POINT('',(-0.,0.));
#5005 = VECTOR('',#5006,1.);
#5006 = DIRECTION('',(2.442490654175E-15,-1.));
#5007 = ( GEOMETRIC_REPRESENTATION_CONTEXT(2) 
PARAMETRIC_REPRESENTATION_CONTEXT() REPRESENTATION_CONTEXT('2D SPACE',''
  ) );
#5008 = PCURVE('',#1444,#5009);
#5009 = DEFINITIONAL_REPRESENTATION('',(#5010),#5014);
#5010 = LINE('',#5011,#5012);
#5011 = CARTESIAN_POINT('',(-20.,-6.217248937901E-14));
#5012 = VECTOR('',#5013,1.);
#5013 = DIRECTION('',(-3.330669073875E-15,-1.));
#5014 = ( GEOMETRIC_REPRESENTATION_CONTEXT(2) 
PARAMETRIC_REPRESENTATION_CONTEXT() REPRESENTATION_CONTEXT('2D SPACE',''
  ) );
#5015 = ORIENTED_EDGE('',*,*,#5016,.T.);
#5016 = EDGE_CURVE('',#4994,#3573,#5017,.T.);
#5017 = SURFACE_CURVE('',#5018,(#5022,#5029),.PCURVE_S1.);
#5018 = LINE('',#5019,#5020);
#5019 = CARTESIAN_POINT('',(-50.,-75.,5.000000000001));
#5020 = VECTOR('',#5021,1.);
#5021 = DIRECTION('',(1.,-3.441691376338E-15,-3.21876790303E-15));
#5022 = PCURVE('',#1416,#5023);
#5023 = DEFINITIONAL_REPRESENTATION('',(#5024),#5028);
#5024 = LINE('',#5025,#5026);
#5025 = CARTESIAN_POINT('',(1.220805892896E-14,-5.));
#5026 = VECTOR('',#5027,1.);
#5027 = DIRECTION('',(-1.,3.10862446895E-15));
#5028 = ( GEOMETRIC_REPRESENTATION_CONTEXT(2) 
PARAMETRIC_REPRESENTATION_CONTEXT() REPRESENTATION_CONTEXT('2D SPACE',''
  ) );
#5029 = PCURVE('',#3588,#5030);
#5030 = DEFINITIONAL_REPRESENTATION('',(#5031),#5035);
#5031 = LINE('',#5032,#5033);
#5032 = CARTESIAN_POINT('',(-8.014568500779,35.179910427934));
#5033 = VECTOR('',#5034,1.);
#5034 = DIRECTION('',(1.,-2.886579864025E-15));
#5035 = ( GEOMETRIC_REPRESENTATION_CONTEXT(2) 
PARAMETRIC_REPRESENTATION_CONTEXT() REPRESENTATION_CONTEXT('2D SPACE',''
  ) );
#5036 = ORIENTED_EDGE('',*,*,#3600,.T.);
#5037 = ADVANCED_FACE('',(#5038),#1444,.T.);
#5038 = FACE_BOUND('',#5039,.F.);
#5039 = EDGE_LOOP('',(#5040,#5063,#5084,#5085));
#5040 = ORIENTED_EDGE('',*,*,#5041,.T.);
#5041 = EDGE_CURVE('',#1429,#5042,#5044,.T.);
#5042 = VERTEX_POINT('',#5043);
#5043 = CARTESIAN_POINT('',(-50.,-55.,5.));
#5044 = SURFACE_CURVE('',#5045,(#5049,#5056),.PCURVE_S1.);
#5045 = LINE('',#5046,#5047);
#5046 = CARTESIAN_POINT('',(-50.,-55.,4.973533190965E-13));
#5047 = VECTOR('',#5048,1.);
#5048 = DIRECTION('',(-1.000079590545E-15,-1.110223024625E-15,1.));
#5049 = PCURVE('',#1444,#5050);
#5050 = DEFINITIONAL_REPRESENTATION('',(#5051),#5055);
#5051 = LINE('',#5052,#5053);
#5052 = CARTESIAN_POINT('',(-0.,0.));
#5053 = VECTOR('',#5054,1.);
#5054 = DIRECTION('',(-3.330669073875E-15,-1.));
#5055 = ( GEOMETRIC_REPRESENTATION_CONTEXT(2) 
PARAMETRIC_REPRESENTATION_CONTEXT() REPRESENTATION_CONTEXT('2D SPACE',''
  ) );
#5056 = PCURVE('',#1472,#5057);
#5057 = DEFINITIONAL_REPRESENTATION('',(#5058),#5062);
#5058 = LINE('',#5059,#5060);
#5059 = CARTESIAN_POINT('',(-20.,-5.329070518201E-14));
#5060 = VECTOR('',#5061,1.);
#5061 = DIRECTION('',(-2.442490654175E-15,-1.));
#5062 = ( GEOMETRIC_REPRESENTATION_CONTEXT(2) 
PARAMETRIC_REPRESENTATION_CONTEXT() REPRESENTATION_CONTEXT('2D SPACE',''
  ) );
#5063 = ORIENTED_EDGE('',*,*,#5064,.T.);
#5064 = EDGE_CURVE('',#5042,#4994,#5065,.T.);
#5065 = SURFACE_CURVE('',#5066,(#5070,#5077),.PCURVE_S1.);
#5066 = LINE('',#5067,#5068);
#5067 = CARTESIAN_POINT('',(-50.,-55.,5.000000000001));
#5068 = VECTOR('',#5069,1.);
#5069 = DIRECTION('',(1.221245327088E-15,-1.,3.996802888651E-15));
#5070 = PCURVE('',#1444,#5071);
#5071 = DEFINITIONAL_REPRESENTATION('',(#5072),#5076);
#5072 = LINE('',#5073,#5074);
#5073 = CARTESIAN_POINT('',(-6.683542608243E-14,-5.));
#5074 = VECTOR('',#5075,1.);
#5075 = DIRECTION('',(-1.,-3.552713678801E-15));
#5076 = ( GEOMETRIC_REPRESENTATION_CONTEXT(2) 
PARAMETRIC_REPRESENTATION_CONTEXT() REPRESENTATION_CONTEXT('2D SPACE',''
  ) );
#5077 = PCURVE('',#3588,#5078);
#5078 = DEFINITIONAL_REPRESENTATION('',(#5079),#5083);
#5079 = LINE('',#5080,#5081);
#5080 = CARTESIAN_POINT('',(-8.014568500779,55.179910427934));
#5081 = VECTOR('',#5082,1.);
#5082 = DIRECTION('',(3.330669073875E-15,-1.));
#5083 = ( GEOMETRIC_REPRESENTATION_CONTEXT(2) 
PARAMETRIC_REPRESENTATION_CONTEXT() REPRESENTATION_CONTEXT('2D SPACE',''
  ) );
#5084 = ORIENTED_EDGE('',*,*,#4993,.F.);
#5085 = ORIENTED_EDGE('',*,*,#1428,.F.);
#5086 = ADVANCED_FACE('',(#5087),#1472,.T.);
#5087 = FACE_BOUND('',#5088,.F.);
#5088 = EDGE_LOOP('',(#5089,#5090,#5091,#5112));
#5089 = ORIENTED_EDGE('',*,*,#1456,.F.);
#5090 = ORIENTED_EDGE('',*,*,#3549,.T.);
#5091 = ORIENTED_EDGE('',*,*,#5092,.T.);
#5092 = EDGE_CURVE('',#3550,#5042,#5093,.T.);
#5093 = SURFACE_CURVE('',#5094,(#5098,#5105),.PCURVE_S1.);
#5094 = LINE('',#5095,#5096);
#5095 = CARTESIAN_POINT('',(-30.,-55.,5.000000000001));
#5096 = VECTOR('',#5097,1.);
#5097 = DIRECTION('',(-1.,3.441691376338E-15,3.21876790303E-15));
#5098 = PCURVE('',#1472,#5099);
#5099 = DEFINITIONAL_REPRESENTATION('',(#5100),#5104);
#5100 = LINE('',#5101,#5102);
#5101 = CARTESIAN_POINT('',(-5.102631571362E-15,-5.));
#5102 = VECTOR('',#5103,1.);
#5103 = DIRECTION('',(-1.,-3.10862446895E-15));
#5104 = ( GEOMETRIC_REPRESENTATION_CONTEXT(2) 
PARAMETRIC_REPRESENTATION_CONTEXT() REPRESENTATION_CONTEXT('2D SPACE',''
  ) );
#5105 = PCURVE('',#3588,#5106);
#5106 = DEFINITIONAL_REPRESENTATION('',(#5107),#5111);
#5107 = LINE('',#5108,#5109);
#5108 = CARTESIAN_POINT('',(11.985431499221,55.179910427934));
#5109 = VECTOR('',#5110,1.);
#5110 = DIRECTION('',(-1.,2.886579864025E-15));
#5111 = ( GEOMETRIC_REPRESENTATION_CONTEXT(2) 
PARAMETRIC_REPRESENTATION_CONTEXT() REPRESENTATION_CONTEXT('2D SPACE',''
  ) );
#5112 = ORIENTED_EDGE('',*,*,#5041,.F.);
#5113 = ADVANCED_FACE('',(#5114),#1523,.T.);
#5114 = FACE_BOUND('',#5115,.F.);
#5115 = EDGE_LOOP('',(#5116,#5117,#5138,#5139));
#5116 = ORIENTED_EDGE('',*,*,#1507,.F.);
#5117 = ORIENTED_EDGE('',*,*,#5118,.T.);
#5118 = EDGE_CURVE('',#1508,#3673,#5119,.T.);
#5119 = SURFACE_CURVE('',#5120,(#5124,#5131),.PCURVE_S1.);
#5120 = LINE('',#5121,#5122);
#5121 = CARTESIAN_POINT('',(-40.,-5.,2.919708482246E-13));
#5122 = VECTOR('',#5123,1.);
#5123 = DIRECTION('',(-1.000079590545E-15,-1.110223024625E-15,1.));
#5124 = PCURVE('',#1523,#5125);
#5125 = DEFINITIONAL_REPRESENTATION('',(#5126),#5130);
#5126 = LINE('',#5127,#5128);
#5127 = CARTESIAN_POINT('',(-0.,0.));
#5128 = VECTOR('',#5129,1.);
#5129 = DIRECTION('',(2.442490654175E-15,-1.));
#5130 = ( GEOMETRIC_REPRESENTATION_CONTEXT(2) 
PARAMETRIC_REPRESENTATION_CONTEXT() REPRESENTATION_CONTEXT('2D SPACE',''
  ) );
#5131 = PCURVE('',#1551,#5132);
#5132 = DEFINITIONAL_REPRESENTATION('',(#5133),#5137);
#5133 = LINE('',#5134,#5135);
#5134 = CARTESIAN_POINT('',(-20.,-6.217248937901E-14));
#5135 = VECTOR('',#5136,1.);
#5136 = DIRECTION('',(-3.330669073875E-15,-1.));
#5137 = ( GEOMETRIC_REPRESENTATION_CONTEXT(2) 
PARAMETRIC_REPRESENTATION_CONTEXT() REPRESENTATION_CONTEXT('2D SPACE',''
  ) );
#5138 = ORIENTED_EDGE('',*,*,#3672,.T.);
#5139 = ORIENTED_EDGE('',*,*,#3527,.T.);
#5140 = ADVANCED_FACE('',(#5141),#1551,.T.);
#5141 = FACE_BOUND('',#5142,.F.);
#5142 = EDGE_LOOP('',(#5143,#5144,#5145,#5146));
#5143 = ORIENTED_EDGE('',*,*,#3747,.T.);
#5144 = ORIENTED_EDGE('',*,*,#3695,.T.);
#5145 = ORIENTED_EDGE('',*,*,#5118,.F.);
#5146 = ORIENTED_EDGE('',*,*,#1535,.F.);
#5147 = ADVANCED_FACE('',(#5148),#1624,.T.);
#5148 = FACE_BOUND('',#5149,.T.);
#5149 = EDGE_LOOP('',(#5150,#5151,#5152,#5153));
#5150 = ORIENTED_EDGE('',*,*,#2307,.T.);
#5151 = ORIENTED_EDGE('',*,*,#1608,.F.);
#5152 = ORIENTED_EDGE('',*,*,#2198,.T.);
#5153 = ORIENTED_EDGE('',*,*,#2257,.F.);
#5154 = ADVANCED_FACE('',(#5155),#1705,.T.);
#5155 = FACE_BOUND('',#5156,.T.);
#5156 = EDGE_LOOP('',(#5157,#5158,#5159,#5160,#5161));
#5157 = ORIENTED_EDGE('',*,*,#3407,.F.);
#5158 = ORIENTED_EDGE('',*,*,#1717,.T.);
#5159 = ORIENTED_EDGE('',*,*,#1684,.T.);
#5160 = ORIENTED_EDGE('',*,*,#3232,.T.);
#5161 = ORIENTED_EDGE('',*,*,#5162,.F.);
#5162 = EDGE_CURVE('',#3408,#3205,#5163,.T.);
#5163 = SURFACE_CURVE('',#5164,(#5169,#5176),.PCURVE_S1.);
#5164 = CIRCLE('',#5165,20.925000000002);
#5165 = AXIS2_PLACEMENT_3D('',#5166,#5167,#5168);
#5166 = CARTESIAN_POINT('',(-1.34906484493E-13,-1.882938249764E-13,27.)
  );
#5167 = DIRECTION('',(1.443289932013E-15,7.216449660064E-15,1.));
#5168 = DIRECTION('',(2.886579864025E-15,-1.,7.216449660064E-15));
#5169 = PCURVE('',#1705,#5170);
#5170 = DEFINITIONAL_REPRESENTATION('',(#5171),#5175);
#5171 = LINE('',#5172,#5173);
#5172 = CARTESIAN_POINT('',(-4.712388980385,7.11E-15));
#5173 = VECTOR('',#5174,1.);
#5174 = DIRECTION('',(1.,0.));
#5175 = ( GEOMETRIC_REPRESENTATION_CONTEXT(2) 
PARAMETRIC_REPRESENTATION_CONTEXT() REPRESENTATION_CONTEXT('2D SPACE',''
  ) );
#5176 = PCURVE('',#3220,#5177);
#5177 = DEFINITIONAL_REPRESENTATION('',(#5178),#5182);
#5178 = CIRCLE('',#5179,20.925000000002);
#5179 = AXIS2_PLACEMENT_2D('',#5180,#5181);
#5180 = CARTESIAN_POINT('',(2.647286281996,-6.328444977684E-14));
#5181 = DIRECTION('',(-1.,-5.773159728051E-15));
#5182 = ( GEOMETRIC_REPRESENTATION_CONTEXT(2) 
PARAMETRIC_REPRESENTATION_CONTEXT() REPRESENTATION_CONTEXT('2D SPACE',''
  ) );
#5183 = ADVANCED_FACE('',(#5184),#1784,.T.);
#5184 = FACE_BOUND('',#5185,.T.);
#5185 = EDGE_LOOP('',(#5186,#5187,#5208,#5209));
#5186 = ORIENTED_EDGE('',*,*,#2836,.F.);
#5187 = ORIENTED_EDGE('',*,*,#5188,.T.);
#5188 = EDGE_CURVE('',#2814,#1769,#5189,.T.);
#5189 = SURFACE_CURVE('',#5190,(#5194,#5201),.PCURVE_S1.);
#5190 = LINE('',#5191,#5192);
#5191 = CARTESIAN_POINT('',(-20.,-115.,47.000000000001));
#5192 = VECTOR('',#5193,1.);
#5193 = DIRECTION('',(5.884182030513E-15,9.992007221626E-16,-1.));
#5194 = PCURVE('',#1784,#5195);
#5195 = DEFINITIONAL_REPRESENTATION('',(#5196),#5200);
#5196 = LINE('',#5197,#5198);
#5197 = CARTESIAN_POINT('',(60.,2.975397705995E-13));
#5198 = VECTOR('',#5199,1.);
#5199 = DIRECTION('',(-4.773959005888E-15,-1.));
#5200 = ( GEOMETRIC_REPRESENTATION_CONTEXT(2) 
PARAMETRIC_REPRESENTATION_CONTEXT() REPRESENTATION_CONTEXT('2D SPACE',''
  ) );
#5201 = PCURVE('',#1812,#5202);
#5202 = DEFINITIONAL_REPRESENTATION('',(#5203),#5207);
#5203 = LINE('',#5204,#5205);
#5204 = CARTESIAN_POINT('',(52.5,23.5));
#5205 = VECTOR('',#5206,1.);
#5206 = DIRECTION('',(4.440892098501E-15,-1.));
#5207 = ( GEOMETRIC_REPRESENTATION_CONTEXT(2) 
PARAMETRIC_REPRESENTATION_CONTEXT() REPRESENTATION_CONTEXT('2D SPACE',''
  ) );
#5208 = ORIENTED_EDGE('',*,*,#1768,.T.);
#5209 = ORIENTED_EDGE('',*,*,#3385,.F.);
#5210 = ADVANCED_FACE('',(#5211),#1812,.T.);
#5211 = FACE_BOUND('',#5212,.T.);
#5212 = EDGE_LOOP('',(#5213,#5214,#5235,#5236));
#5213 = ORIENTED_EDGE('',*,*,#2813,.T.);
#5214 = ORIENTED_EDGE('',*,*,#5215,.T.);
#5215 = EDGE_CURVE('',#2791,#1797,#5216,.T.);
#5216 = SURFACE_CURVE('',#5217,(#5221,#5228),.PCURVE_S1.);
#5217 = LINE('',#5218,#5219);
#5218 = CARTESIAN_POINT('',(-20.,-220.,47.000000000002));
#5219 = VECTOR('',#5220,1.);
#5220 = DIRECTION('',(6.439293542826E-15,1.110223024625E-15,-1.));
#5221 = PCURVE('',#1812,#5222);
#5222 = DEFINITIONAL_REPRESENTATION('',(#5223),#5227);
#5223 = LINE('',#5224,#5225);
#5224 = CARTESIAN_POINT('',(-52.5,23.500000000001));
#5225 = VECTOR('',#5226,1.);
#5226 = DIRECTION('',(4.551914400963E-15,-1.));
#5227 = ( GEOMETRIC_REPRESENTATION_CONTEXT(2) 
PARAMETRIC_REPRESENTATION_CONTEXT() REPRESENTATION_CONTEXT('2D SPACE',''
  ) );
#5228 = PCURVE('',#1840,#5229);
#5229 = DEFINITIONAL_REPRESENTATION('',(#5230),#5234);
#5230 = LINE('',#5231,#5232);
#5231 = CARTESIAN_POINT('',(0.,0.));
#5232 = VECTOR('',#5233,1.);
#5233 = DIRECTION('',(5.107025913276E-15,-1.));
#5234 = ( GEOMETRIC_REPRESENTATION_CONTEXT(2) 
PARAMETRIC_REPRESENTATION_CONTEXT() REPRESENTATION_CONTEXT('2D SPACE',''
  ) );
#5235 = ORIENTED_EDGE('',*,*,#1796,.T.);
#5236 = ORIENTED_EDGE('',*,*,#5188,.F.);
#5237 = ADVANCED_FACE('',(#5238),#1840,.F.);
#5238 = FACE_BOUND('',#5239,.F.);
#5239 = EDGE_LOOP('',(#5240,#5241,#5242,#5243));
#5240 = ORIENTED_EDGE('',*,*,#2790,.F.);
#5241 = ORIENTED_EDGE('',*,*,#5215,.T.);
#5242 = ORIENTED_EDGE('',*,*,#1824,.T.);
#5243 = ORIENTED_EDGE('',*,*,#5244,.F.);
#5244 = EDGE_CURVE('',#2768,#1825,#5245,.T.);
#5245 = SURFACE_CURVE('',#5246,(#5250,#5257),.PCURVE_S1.);
#5246 = LINE('',#5247,#5248);
#5247 = CARTESIAN_POINT('',(20.,-220.,47.000000000002));
#5248 = VECTOR('',#5249,1.);
#5249 = DIRECTION('',(6.439293542826E-15,1.110223024625E-15,-1.));
#5250 = PCURVE('',#1840,#5251);
#5251 = DEFINITIONAL_REPRESENTATION('',(#5252),#5256);
#5252 = LINE('',#5253,#5254);
#5253 = CARTESIAN_POINT('',(40.,-1.936228954946E-13));
#5254 = VECTOR('',#5255,1.);
#5255 = DIRECTION('',(5.107025913276E-15,-1.));
#5256 = ( GEOMETRIC_REPRESENTATION_CONTEXT(2) 
PARAMETRIC_REPRESENTATION_CONTEXT() REPRESENTATION_CONTEXT('2D SPACE',''
  ) );
#5257 = PCURVE('',#1868,#5258);
#5258 = DEFINITIONAL_REPRESENTATION('',(#5259),#5263);
#5259 = LINE('',#5260,#5261);
#5260 = CARTESIAN_POINT('',(-23.5,52.500000000001));
#5261 = VECTOR('',#5262,1.);
#5262 = DIRECTION('',(1.,-4.551914400963E-15));
#5263 = ( GEOMETRIC_REPRESENTATION_CONTEXT(2) 
PARAMETRIC_REPRESENTATION_CONTEXT() REPRESENTATION_CONTEXT('2D SPACE',''
  ) );
#5264 = ADVANCED_FACE('',(#5265),#1868,.T.);
#5265 = FACE_BOUND('',#5266,.T.);
#5266 = EDGE_LOOP('',(#5267,#5268,#5289,#5290));
#5267 = ORIENTED_EDGE('',*,*,#2767,.T.);
#5268 = ORIENTED_EDGE('',*,*,#5269,.T.);
#5269 = EDGE_CURVE('',#2745,#1853,#5270,.T.);
#5270 = SURFACE_CURVE('',#5271,(#5275,#5282),.PCURVE_S1.);
#5271 = LINE('',#5272,#5273);
#5272 = CARTESIAN_POINT('',(20.,-115.,47.000000000001));
#5273 = VECTOR('',#5274,1.);
#5274 = DIRECTION('',(5.884182030513E-15,9.992007221626E-16,-1.));
#5275 = PCURVE('',#1868,#5276);
#5276 = DEFINITIONAL_REPRESENTATION('',(#5277),#5281);
#5277 = LINE('',#5278,#5279);
#5278 = CARTESIAN_POINT('',(-23.5,-52.5));
#5279 = VECTOR('',#5280,1.);
#5280 = DIRECTION('',(1.,-4.440892098501E-15));
#5281 = ( GEOMETRIC_REPRESENTATION_CONTEXT(2) 
PARAMETRIC_REPRESENTATION_CONTEXT() REPRESENTATION_CONTEXT('2D SPACE',''
  ) );
#5282 = PCURVE('',#1894,#5283);
#5283 = DEFINITIONAL_REPRESENTATION('',(#5284),#5288);
#5284 = LINE('',#5285,#5286);
#5285 = CARTESIAN_POINT('',(20.,9.681144774731E-14));
#5286 = VECTOR('',#5287,1.);
#5287 = DIRECTION('',(-4.773959005888E-15,-1.));
#5288 = ( GEOMETRIC_REPRESENTATION_CONTEXT(2) 
PARAMETRIC_REPRESENTATION_CONTEXT() REPRESENTATION_CONTEXT('2D SPACE',''
  ) );
#5289 = ORIENTED_EDGE('',*,*,#1852,.F.);
#5290 = ORIENTED_EDGE('',*,*,#5244,.F.);
#5291 = ADVANCED_FACE('',(#5292),#1894,.T.);
#5292 = FACE_BOUND('',#5293,.T.);
#5293 = EDGE_LOOP('',(#5294,#5295,#5296,#5297));
#5294 = ORIENTED_EDGE('',*,*,#2744,.F.);
#5295 = ORIENTED_EDGE('',*,*,#3254,.T.);
#5296 = ORIENTED_EDGE('',*,*,#1880,.T.);
#5297 = ORIENTED_EDGE('',*,*,#5269,.F.);
#5298 = ADVANCED_FACE('',(#5299),#1929,.F.);
#5299 = FACE_BOUND('',#5300,.T.);
#5300 = EDGE_LOOP('',(#5301,#5324,#5346,#5347));
#5301 = ORIENTED_EDGE('',*,*,#5302,.T.);
#5302 = EDGE_CURVE('',#1909,#5303,#5305,.T.);
#5303 = VERTEX_POINT('',#5304);
#5304 = CARTESIAN_POINT('',(-50.,-232.25,5.000000000001));
#5305 = SEAM_CURVE('',#5306,(#5310,#5317),.PCURVE_S1.);
#5306 = LINE('',#5307,#5308);
#5307 = CARTESIAN_POINT('',(-50.,-232.25,1.127071818664E-12));
#5308 = VECTOR('',#5309,1.);
#5309 = DIRECTION('',(-1.000079590545E-15,-1.110223024625E-15,1.));
#5310 = PCURVE('',#1929,#5311);
#5311 = DEFINITIONAL_REPRESENTATION('',(#5312),#5316);
#5312 = LINE('',#5313,#5314);
#5313 = CARTESIAN_POINT('',(-0.,0.));
#5314 = VECTOR('',#5315,1.);
#5315 = DIRECTION('',(-0.,-1.));
#5316 = ( GEOMETRIC_REPRESENTATION_CONTEXT(2) 
PARAMETRIC_REPRESENTATION_CONTEXT() REPRESENTATION_CONTEXT('2D SPACE',''
  ) );
#5317 = PCURVE('',#1929,#5318);
#5318 = DEFINITIONAL_REPRESENTATION('',(#5319),#5323);
#5319 = LINE('',#5320,#5321);
#5320 = CARTESIAN_POINT('',(-6.28318530718,0.));
#5321 = VECTOR('',#5322,1.);
#5322 = DIRECTION('',(-0.,-1.));
#5323 = ( GEOMETRIC_REPRESENTATION_CONTEXT(2) 
PARAMETRIC_REPRESENTATION_CONTEXT() REPRESENTATION_CONTEXT('2D SPACE',''
  ) );
#5324 = ORIENTED_EDGE('',*,*,#5325,.T.);
#5325 = EDGE_CURVE('',#5303,#5303,#5326,.T.);
#5326 = SURFACE_CURVE('',#5327,(#5332,#5339),.PCURVE_S1.);
#5327 = CIRCLE('',#5328,2.75);
#5328 = AXIS2_PLACEMENT_3D('',#5329,#5330,#5331);
#5329 = CARTESIAN_POINT('',(-50.,-235.,5.000000000001));
#5330 = DIRECTION('',(3.21876790303E-15,3.996802888651E-15,1.));
#5331 = DIRECTION('',(-1.221245327088E-15,1.,-3.996802888651E-15));
#5332 = PCURVE('',#1929,#5333);
#5333 = DEFINITIONAL_REPRESENTATION('',(#5334),#5338);
#5334 = LINE('',#5335,#5336);
#5335 = CARTESIAN_POINT('',(-0.,-5.));
#5336 = VECTOR('',#5337,1.);
#5337 = DIRECTION('',(-1.,0.));
#5338 = ( GEOMETRIC_REPRESENTATION_CONTEXT(2) 
PARAMETRIC_REPRESENTATION_CONTEXT() REPRESENTATION_CONTEXT('2D SPACE',''
  ) );
#5339 = PCURVE('',#4493,#5340);
#5340 = DEFINITIONAL_REPRESENTATION('',(#5341),#5345);
#5341 = CIRCLE('',#5342,2.75);
#5342 = AXIS2_PLACEMENT_2D('',#5343,#5344);
#5343 = CARTESIAN_POINT('',(-8.014568500778,-124.820089572));
#5344 = DIRECTION('',(-3.330669073875E-15,1.));
#5345 = ( GEOMETRIC_REPRESENTATION_CONTEXT(2) 
PARAMETRIC_REPRESENTATION_CONTEXT() REPRESENTATION_CONTEXT('2D SPACE',''
  ) );
#5346 = ORIENTED_EDGE('',*,*,#5302,.F.);
#5347 = ORIENTED_EDGE('',*,*,#1908,.F.);
#5348 = ADVANCED_FACE('',(#5349),#1964,.F.);
#5349 = FACE_BOUND('',#5350,.T.);
#5350 = EDGE_LOOP('',(#5351,#5374,#5396,#5397));
#5351 = ORIENTED_EDGE('',*,*,#5352,.T.);
#5352 = EDGE_CURVE('',#1944,#5353,#5355,.T.);
#5353 = VERTEX_POINT('',#5354);
#5354 = CARTESIAN_POINT('',(-50.,-152.25,5.000000000001));
#5355 = SEAM_CURVE('',#5356,(#5360,#5367),.PCURVE_S1.);
#5356 = LINE('',#5357,#5358);
#5357 = CARTESIAN_POINT('',(-50.,-152.25,8.428547243598E-13));
#5358 = VECTOR('',#5359,1.);
#5359 = DIRECTION('',(-1.000079590545E-15,-1.110223024625E-15,1.));
#5360 = PCURVE('',#1964,#5361);
#5361 = DEFINITIONAL_REPRESENTATION('',(#5362),#5366);
#5362 = LINE('',#5363,#5364);
#5363 = CARTESIAN_POINT('',(-0.,0.));
#5364 = VECTOR('',#5365,1.);
#5365 = DIRECTION('',(-0.,-1.));
#5366 = ( GEOMETRIC_REPRESENTATION_CONTEXT(2) 
PARAMETRIC_REPRESENTATION_CONTEXT() REPRESENTATION_CONTEXT('2D SPACE',''
  ) );
#5367 = PCURVE('',#1964,#5368);
#5368 = DEFINITIONAL_REPRESENTATION('',(#5369),#5373);
#5369 = LINE('',#5370,#5371);
#5370 = CARTESIAN_POINT('',(-6.28318530718,0.));
#5371 = VECTOR('',#5372,1.);
#5372 = DIRECTION('',(-0.,-1.));
#5373 = ( GEOMETRIC_REPRESENTATION_CONTEXT(2) 
PARAMETRIC_REPRESENTATION_CONTEXT() REPRESENTATION_CONTEXT('2D SPACE',''
  ) );
#5374 = ORIENTED_EDGE('',*,*,#5375,.T.);
#5375 = EDGE_CURVE('',#5353,#5353,#5376,.T.);
#5376 = SURFACE_CURVE('',#5377,(#5382,#5389),.PCURVE_S1.);
#5377 = CIRCLE('',#5378,2.75);
#5378 = AXIS2_PLACEMENT_3D('',#5379,#5380,#5381);
#5379 = CARTESIAN_POINT('',(-50.,-155.,5.000000000001));
#5380 = DIRECTION('',(3.21876790303E-15,3.996802888651E-15,1.));
#5381 = DIRECTION('',(-1.221245327088E-15,1.,-3.996802888651E-15));
#5382 = PCURVE('',#1964,#5383);
#5383 = DEFINITIONAL_REPRESENTATION('',(#5384),#5388);
#5384 = LINE('',#5385,#5386);
#5385 = CARTESIAN_POINT('',(-0.,-5.));
#5386 = VECTOR('',#5387,1.);
#5387 = DIRECTION('',(-1.,0.));
#5388 = ( GEOMETRIC_REPRESENTATION_CONTEXT(2) 
PARAMETRIC_REPRESENTATION_CONTEXT() REPRESENTATION_CONTEXT('2D SPACE',''
  ) );
#5389 = PCURVE('',#4693,#5390);
#5390 = DEFINITIONAL_REPRESENTATION('',(#5391),#5395);
#5391 = CIRCLE('',#5392,2.75);
#5392 = AXIS2_PLACEMENT_2D('',#5393,#5394);
#5393 = CARTESIAN_POINT('',(-8.014568500778,-44.82008957206));
#5394 = DIRECTION('',(-3.330669073875E-15,1.));
#5395 = ( GEOMETRIC_REPRESENTATION_CONTEXT(2) 
PARAMETRIC_REPRESENTATION_CONTEXT() REPRESENTATION_CONTEXT('2D SPACE',''
  ) );
#5396 = ORIENTED_EDGE('',*,*,#5352,.F.);
#5397 = ORIENTED_EDGE('',*,*,#1943,.F.);
#5398 = ADVANCED_FACE('',(#5399),#1995,.F.);
#5399 = FACE_BOUND('',#5400,.F.);
#5400 = EDGE_LOOP('',(#5401,#5424,#5450,#5451));
#5401 = ORIENTED_EDGE('',*,*,#5402,.T.);
#5402 = EDGE_CURVE('',#1979,#5403,#5405,.T.);
#5403 = VERTEX_POINT('',#5404);
#5404 = CARTESIAN_POINT('',(50.,-232.25,5.000000000001));
#5405 = SEAM_CURVE('',#5406,(#5410,#5417),.PCURVE_S1.);
#5406 = LINE('',#5407,#5408);
#5407 = CARTESIAN_POINT('',(50.,-232.25,9.850742938143E-13));
#5408 = VECTOR('',#5409,1.);
#5409 = DIRECTION('',(-5.550236254743E-15,-4.440892098501E-16,1.));
#5410 = PCURVE('',#1995,#5411);
#5411 = DEFINITIONAL_REPRESENTATION('',(#5412),#5416);
#5412 = LINE('',#5413,#5414);
#5413 = CARTESIAN_POINT('',(0.,0.));
#5414 = VECTOR('',#5415,1.);
#5415 = DIRECTION('',(0.,-1.));
#5416 = ( GEOMETRIC_REPRESENTATION_CONTEXT(2) 
PARAMETRIC_REPRESENTATION_CONTEXT() REPRESENTATION_CONTEXT('2D SPACE',''
  ) );
#5417 = PCURVE('',#1995,#5418);
#5418 = DEFINITIONAL_REPRESENTATION('',(#5419),#5423);
#5419 = LINE('',#5420,#5421);
#5420 = CARTESIAN_POINT('',(6.28318530718,0.));
#5421 = VECTOR('',#5422,1.);
#5422 = DIRECTION('',(0.,-1.));
#5423 = ( GEOMETRIC_REPRESENTATION_CONTEXT(2) 
PARAMETRIC_REPRESENTATION_CONTEXT() REPRESENTATION_CONTEXT('2D SPACE',''
  ) );
#5424 = ORIENTED_EDGE('',*,*,#5425,.T.);
#5425 = EDGE_CURVE('',#5403,#5403,#5426,.T.);
#5426 = SURFACE_CURVE('',#5427,(#5432,#5439),.PCURVE_S1.);
#5427 = CIRCLE('',#5428,2.75);
#5428 = AXIS2_PLACEMENT_3D('',#5429,#5430,#5431);
#5429 = CARTESIAN_POINT('',(50.,-235.,5.000000000001));
#5430 = DIRECTION('',(1.775477971018E-15,-3.330669073875E-15,-1.));
#5431 = DIRECTION('',(-1.110223024625E-15,1.,-3.330669073875E-15));
#5432 = PCURVE('',#1995,#5433);
#5433 = DEFINITIONAL_REPRESENTATION('',(#5434),#5438);
#5434 = LINE('',#5435,#5436);
#5435 = CARTESIAN_POINT('',(0.,-5.));
#5436 = VECTOR('',#5437,1.);
#5437 = DIRECTION('',(1.,0.));
#5438 = ( GEOMETRIC_REPRESENTATION_CONTEXT(2) 
PARAMETRIC_REPRESENTATION_CONTEXT() REPRESENTATION_CONTEXT('2D SPACE',''
  ) );
#5439 = PCURVE('',#4005,#5440);
#5440 = DEFINITIONAL_REPRESENTATION('',(#5441),#5449);
#5441 = ( BOUNDED_CURVE() B_SPLINE_CURVE(2,(#5442,#5443,#5444,#5445,
#5446,#5447,#5448),.UNSPECIFIED.,.T.,.F.) B_SPLINE_CURVE_WITH_KNOTS((1,2
    ,2,2,2,1),(-2.094395102393,0.,2.094395102393,4.188790204786,
6.28318530718,8.377580409573),.UNSPECIFIED.) CURVE() 
GEOMETRIC_REPRESENTATION_ITEM() RATIONAL_B_SPLINE_CURVE((1.,0.5,1.,0.5,
1.,0.5,1.)) REPRESENTATION_ITEM('') );
#5442 = CARTESIAN_POINT('',(8.014568500779,-122.070089572));
#5443 = CARTESIAN_POINT('',(12.777708221593,-122.070089572));
#5444 = CARTESIAN_POINT('',(10.396138361186,-126.195089572));
#5445 = CARTESIAN_POINT('',(8.014568500779,-130.320089572));
#5446 = CARTESIAN_POINT('',(5.632998640372,-126.195089572));
#5447 = CARTESIAN_POINT('',(3.251428779964,-122.070089572));
#5448 = CARTESIAN_POINT('',(8.014568500779,-122.070089572));
#5449 = ( GEOMETRIC_REPRESENTATION_CONTEXT(2) 
PARAMETRIC_REPRESENTATION_CONTEXT() REPRESENTATION_CONTEXT('2D SPACE',''
  ) );
#5450 = ORIENTED_EDGE('',*,*,#5402,.F.);
#5451 = ORIENTED_EDGE('',*,*,#1978,.F.);
#5452 = ADVANCED_FACE('',(#5453),#2030,.F.);
#5453 = FACE_BOUND('',#5454,.T.);
#5454 = EDGE_LOOP('',(#5455,#5478,#5500,#5501));
#5455 = ORIENTED_EDGE('',*,*,#5456,.T.);
#5456 = EDGE_CURVE('',#2010,#5457,#5459,.T.);
#5457 = VERTEX_POINT('',#5458);
#5458 = CARTESIAN_POINT('',(-40.,-62.25,5.));
#5459 = SEAM_CURVE('',#5460,(#5464,#5471),.PCURVE_S1.);
#5460 = LINE('',#5461,#5462);
#5461 = CARTESIAN_POINT('',(-40.,-62.25,4.95363706336E-13));
#5462 = VECTOR('',#5463,1.);
#5463 = DIRECTION('',(-1.000079590545E-15,-1.110223024625E-15,1.));
#5464 = PCURVE('',#2030,#5465);
#5465 = DEFINITIONAL_REPRESENTATION('',(#5466),#5470);
#5466 = LINE('',#5467,#5468);
#5467 = CARTESIAN_POINT('',(-0.,0.));
#5468 = VECTOR('',#5469,1.);
#5469 = DIRECTION('',(-0.,-1.));
#5470 = ( GEOMETRIC_REPRESENTATION_CONTEXT(2) 
PARAMETRIC_REPRESENTATION_CONTEXT() REPRESENTATION_CONTEXT('2D SPACE',''
  ) );
#5471 = PCURVE('',#2030,#5472);
#5472 = DEFINITIONAL_REPRESENTATION('',(#5473),#5477);
#5473 = LINE('',#5474,#5475);
#5474 = CARTESIAN_POINT('',(-6.28318530718,0.));
#5475 = VECTOR('',#5476,1.);
#5476 = DIRECTION('',(-0.,-1.));
#5477 = ( GEOMETRIC_REPRESENTATION_CONTEXT(2) 
PARAMETRIC_REPRESENTATION_CONTEXT() REPRESENTATION_CONTEXT('2D SPACE',''
  ) );
#5478 = ORIENTED_EDGE('',*,*,#5479,.T.);
#5479 = EDGE_CURVE('',#5457,#5457,#5480,.T.);
#5480 = SURFACE_CURVE('',#5481,(#5486,#5493),.PCURVE_S1.);
#5481 = CIRCLE('',#5482,2.75);
#5482 = AXIS2_PLACEMENT_3D('',#5483,#5484,#5485);
#5483 = CARTESIAN_POINT('',(-40.,-65.,5.000000000001));
#5484 = DIRECTION('',(3.21876790303E-15,3.996802888651E-15,1.));
#5485 = DIRECTION('',(-1.221245327088E-15,1.,-3.996802888651E-15));
#5486 = PCURVE('',#2030,#5487);
#5487 = DEFINITIONAL_REPRESENTATION('',(#5488),#5492);
#5488 = LINE('',#5489,#5490);
#5489 = CARTESIAN_POINT('',(-0.,-5.));
#5490 = VECTOR('',#5491,1.);
#5491 = DIRECTION('',(-1.,0.));
#5492 = ( GEOMETRIC_REPRESENTATION_CONTEXT(2) 
PARAMETRIC_REPRESENTATION_CONTEXT() REPRESENTATION_CONTEXT('2D SPACE',''
  ) );
#5493 = PCURVE('',#3588,#5494);
#5494 = DEFINITIONAL_REPRESENTATION('',(#5495),#5499);
#5495 = CIRCLE('',#5496,2.75);
#5496 = AXIS2_PLACEMENT_2D('',#5497,#5498);
#5497 = CARTESIAN_POINT('',(1.985431499221,45.179910427934));
#5498 = DIRECTION('',(-3.330669073875E-15,1.));
#5499 = ( GEOMETRIC_REPRESENTATION_CONTEXT(2) 
PARAMETRIC_REPRESENTATION_CONTEXT() REPRESENTATION_CONTEXT('2D SPACE',''
  ) );
#5500 = ORIENTED_EDGE('',*,*,#5456,.F.);
#5501 = ORIENTED_EDGE('',*,*,#2009,.F.);
#5502 = ADVANCED_FACE('',(#5503),#2061,.F.);
#5503 = FACE_BOUND('',#5504,.F.);
#5504 = EDGE_LOOP('',(#5505,#5528,#5554,#5555));
#5505 = ORIENTED_EDGE('',*,*,#5506,.T.);
#5506 = EDGE_CURVE('',#2045,#5507,#5509,.T.);
#5507 = VERTEX_POINT('',#5508);
#5508 = CARTESIAN_POINT('',(40.,-62.25,5.));
#5509 = SEAM_CURVE('',#5510,(#5514,#5521),.PCURVE_S1.);
#5510 = LINE('',#5511,#5512);
#5511 = CARTESIAN_POINT('',(40.,-62.25,4.366329083333E-13));
#5512 = VECTOR('',#5513,1.);
#5513 = DIRECTION('',(-5.550236254743E-15,-4.440892098501E-16,1.));
#5514 = PCURVE('',#2061,#5515);
#5515 = DEFINITIONAL_REPRESENTATION('',(#5516),#5520);
#5516 = LINE('',#5517,#5518);
#5517 = CARTESIAN_POINT('',(0.,0.));
#5518 = VECTOR('',#5519,1.);
#5519 = DIRECTION('',(0.,-1.));
#5520 = ( GEOMETRIC_REPRESENTATION_CONTEXT(2) 
PARAMETRIC_REPRESENTATION_CONTEXT() REPRESENTATION_CONTEXT('2D SPACE',''
  ) );
#5521 = PCURVE('',#2061,#5522);
#5522 = DEFINITIONAL_REPRESENTATION('',(#5523),#5527);
#5523 = LINE('',#5524,#5525);
#5524 = CARTESIAN_POINT('',(6.28318530718,0.));
#5525 = VECTOR('',#5526,1.);
#5526 = DIRECTION('',(0.,-1.));
#5527 = ( GEOMETRIC_REPRESENTATION_CONTEXT(2) 
PARAMETRIC_REPRESENTATION_CONTEXT() REPRESENTATION_CONTEXT('2D SPACE',''
  ) );
#5528 = ORIENTED_EDGE('',*,*,#5529,.T.);
#5529 = EDGE_CURVE('',#5507,#5507,#5530,.T.);
#5530 = SURFACE_CURVE('',#5531,(#5536,#5543),.PCURVE_S1.);
#5531 = CIRCLE('',#5532,2.75);
#5532 = AXIS2_PLACEMENT_3D('',#5533,#5534,#5535);
#5533 = CARTESIAN_POINT('',(40.,-65.,5.));
#5534 = DIRECTION('',(1.775477971018E-15,-3.330669073875E-15,-1.));
#5535 = DIRECTION('',(-1.110223024625E-15,1.,-3.330669073875E-15));
#5536 = PCURVE('',#2061,#5537);
#5537 = DEFINITIONAL_REPRESENTATION('',(#5538),#5542);
#5538 = LINE('',#5539,#5540);
#5539 = CARTESIAN_POINT('',(0.,-5.));
#5540 = VECTOR('',#5541,1.);
#5541 = DIRECTION('',(1.,0.));
#5542 = ( GEOMETRIC_REPRESENTATION_CONTEXT(2) 
PARAMETRIC_REPRESENTATION_CONTEXT() REPRESENTATION_CONTEXT('2D SPACE',''
  ) );
#5543 = PCURVE('',#2570,#5544);
#5544 = DEFINITIONAL_REPRESENTATION('',(#5545),#5553);
#5545 = ( BOUNDED_CURVE() B_SPLINE_CURVE(2,(#5546,#5547,#5548,#5549,
#5550,#5551,#5552),.UNSPECIFIED.,.T.,.F.) B_SPLINE_CURVE_WITH_KNOTS((1,2
    ,2,2,2,1),(-2.094395102393,0.,2.094395102393,4.188790204786,
6.28318530718,8.377580409573),.UNSPECIFIED.) CURVE() 
GEOMETRIC_REPRESENTATION_ITEM() RATIONAL_B_SPLINE_CURVE((1.,0.5,1.,0.5,
1.,0.5,1.)) REPRESENTATION_ITEM('') );
#5546 = CARTESIAN_POINT('',(-1.985431499222,47.929910427934));
#5547 = CARTESIAN_POINT('',(2.777708221593,47.929910427934));
#5548 = CARTESIAN_POINT('',(0.396138361186,43.804910427934));
#5549 = CARTESIAN_POINT('',(-1.985431499222,39.679910427934));
#5550 = CARTESIAN_POINT('',(-4.367001359629,43.804910427934));
#5551 = CARTESIAN_POINT('',(-6.748571220036,47.929910427934));
#5552 = CARTESIAN_POINT('',(-1.985431499222,47.929910427934));
#5553 = ( GEOMETRIC_REPRESENTATION_CONTEXT(2) 
PARAMETRIC_REPRESENTATION_CONTEXT() REPRESENTATION_CONTEXT('2D SPACE',''
  ) );
#5554 = ORIENTED_EDGE('',*,*,#5506,.F.);
#5555 = ORIENTED_EDGE('',*,*,#2044,.F.);
#5556 = ADVANCED_FACE('',(#5557),#2092,.F.);
#5557 = FACE_BOUND('',#5558,.F.);
#5558 = EDGE_LOOP('',(#5559,#5580,#5581,#5582));
#5559 = ORIENTED_EDGE('',*,*,#5560,.T.);
#5560 = EDGE_CURVE('',#2076,#2454,#5561,.T.);
#5561 = SEAM_CURVE('',#5562,(#5566,#5573),.PCURVE_S1.);
#5562 = LINE('',#5563,#5564);
#5563 = CARTESIAN_POINT('',(30.,7.75,1.990539697473E-13));
#5564 = VECTOR('',#5565,1.);
#5565 = DIRECTION('',(-5.550236254743E-15,-4.440892098501E-16,1.));
#5566 = PCURVE('',#2092,#5567);
#5567 = DEFINITIONAL_REPRESENTATION('',(#5568),#5572);
#5568 = LINE('',#5569,#5570);
#5569 = CARTESIAN_POINT('',(0.,0.));
#5570 = VECTOR('',#5571,1.);
#5571 = DIRECTION('',(0.,-1.));
#5572 = ( GEOMETRIC_REPRESENTATION_CONTEXT(2) 
PARAMETRIC_REPRESENTATION_CONTEXT() REPRESENTATION_CONTEXT('2D SPACE',''
  ) );
#5573 = PCURVE('',#2092,#5574);
#5574 = DEFINITIONAL_REPRESENTATION('',(#5575),#5579);
#5575 = LINE('',#5576,#5577);
#5576 = CARTESIAN_POINT('',(6.28318530718,0.));
#5577 = VECTOR('',#5578,1.);
#5578 = DIRECTION('',(0.,-1.));
#5579 = ( GEOMETRIC_REPRESENTATION_CONTEXT(2) 
PARAMETRIC_REPRESENTATION_CONTEXT() REPRESENTATION_CONTEXT('2D SPACE',''
  ) );
#5580 = ORIENTED_EDGE('',*,*,#2453,.T.);
#5581 = ORIENTED_EDGE('',*,*,#5560,.F.);
#5582 = ORIENTED_EDGE('',*,*,#2075,.F.);
#5583 = ADVANCED_FACE('',(#5584),#2127,.F.);
#5584 = FACE_BOUND('',#5585,.T.);
#5585 = EDGE_LOOP('',(#5586,#5607,#5608,#5609));
#5586 = ORIENTED_EDGE('',*,*,#5587,.T.);
#5587 = EDGE_CURVE('',#2107,#3719,#5588,.T.);
#5588 = SEAM_CURVE('',#5589,(#5593,#5600),.PCURVE_S1.);
#5589 = LINE('',#5590,#5591);
#5590 = CARTESIAN_POINT('',(-30.,7.75,2.189269618881E-13));
#5591 = VECTOR('',#5592,1.);
#5592 = DIRECTION('',(-1.000079590545E-15,-1.110223024625E-15,1.));
#5593 = PCURVE('',#2127,#5594);
#5594 = DEFINITIONAL_REPRESENTATION('',(#5595),#5599);
#5595 = LINE('',#5596,#5597);
#5596 = CARTESIAN_POINT('',(-0.,0.));
#5597 = VECTOR('',#5598,1.);
#5598 = DIRECTION('',(-0.,-1.));
#5599 = ( GEOMETRIC_REPRESENTATION_CONTEXT(2) 
PARAMETRIC_REPRESENTATION_CONTEXT() REPRESENTATION_CONTEXT('2D SPACE',''
  ) );
#5600 = PCURVE('',#2127,#5601);
#5601 = DEFINITIONAL_REPRESENTATION('',(#5602),#5606);
#5602 = LINE('',#5603,#5604);
#5603 = CARTESIAN_POINT('',(-6.28318530718,0.));
#5604 = VECTOR('',#5605,1.);
#5605 = DIRECTION('',(-0.,-1.));
#5606 = ( GEOMETRIC_REPRESENTATION_CONTEXT(2) 
PARAMETRIC_REPRESENTATION_CONTEXT() REPRESENTATION_CONTEXT('2D SPACE',''
  ) );
#5607 = ORIENTED_EDGE('',*,*,#3718,.T.);
#5608 = ORIENTED_EDGE('',*,*,#5587,.F.);
#5609 = ORIENTED_EDGE('',*,*,#2106,.F.);
#5610 = ADVANCED_FACE('',(#5611),#2158,.F.);
#5611 = FACE_BOUND('',#5612,.F.);
#5612 = EDGE_LOOP('',(#5613,#5636,#5662,#5663));
#5613 = ORIENTED_EDGE('',*,*,#5614,.T.);
#5614 = EDGE_CURVE('',#2142,#5615,#5617,.T.);
#5615 = VERTEX_POINT('',#5616);
#5616 = CARTESIAN_POINT('',(50.,-152.25,5.000000000001));
#5617 = SEAM_CURVE('',#5618,(#5622,#5629),.PCURVE_S1.);
#5618 = LINE('',#5619,#5620);
#5619 = CARTESIAN_POINT('',(50.,-152.25,7.363843362983E-13));
#5620 = VECTOR('',#5621,1.);
#5621 = DIRECTION('',(-5.550236254743E-15,-4.440892098501E-16,1.));
#5622 = PCURVE('',#2158,#5623);
#5623 = DEFINITIONAL_REPRESENTATION('',(#5624),#5628);
#5624 = LINE('',#5625,#5626);
#5625 = CARTESIAN_POINT('',(0.,0.));
#5626 = VECTOR('',#5627,1.);
#5627 = DIRECTION('',(0.,-1.));
#5628 = ( GEOMETRIC_REPRESENTATION_CONTEXT(2) 
PARAMETRIC_REPRESENTATION_CONTEXT() REPRESENTATION_CONTEXT('2D SPACE',''
  ) );
#5629 = PCURVE('',#2158,#5630);
#5630 = DEFINITIONAL_REPRESENTATION('',(#5631),#5635);
#5631 = LINE('',#5632,#5633);
#5632 = CARTESIAN_POINT('',(6.28318530718,0.));
#5633 = VECTOR('',#5634,1.);
#5634 = DIRECTION('',(0.,-1.));
#5635 = ( GEOMETRIC_REPRESENTATION_CONTEXT(2) 
PARAMETRIC_REPRESENTATION_CONTEXT() REPRESENTATION_CONTEXT('2D SPACE',''
  ) );
#5636 = ORIENTED_EDGE('',*,*,#5637,.T.);
#5637 = EDGE_CURVE('',#5615,#5615,#5638,.T.);
#5638 = SURFACE_CURVE('',#5639,(#5644,#5651),.PCURVE_S1.);
#5639 = CIRCLE('',#5640,2.75);
#5640 = AXIS2_PLACEMENT_3D('',#5641,#5642,#5643);
#5641 = CARTESIAN_POINT('',(50.,-155.,5.000000000001));
#5642 = DIRECTION('',(1.775477971018E-15,-3.330669073875E-15,-1.));
#5643 = DIRECTION('',(-1.110223024625E-15,1.,-3.330669073875E-15));
#5644 = PCURVE('',#2158,#5645);
#5645 = DEFINITIONAL_REPRESENTATION('',(#5646),#5650);
#5646 = LINE('',#5647,#5648);
#5647 = CARTESIAN_POINT('',(0.,-5.));
#5648 = VECTOR('',#5649,1.);
#5649 = DIRECTION('',(1.,0.));
#5650 = ( GEOMETRIC_REPRESENTATION_CONTEXT(2) 
PARAMETRIC_REPRESENTATION_CONTEXT() REPRESENTATION_CONTEXT('2D SPACE',''
  ) );
#5651 = PCURVE('',#4078,#5652);
#5652 = DEFINITIONAL_REPRESENTATION('',(#5653),#5661);
#5653 = ( BOUNDED_CURVE() B_SPLINE_CURVE(2,(#5654,#5655,#5656,#5657,
#5658,#5659,#5660),.UNSPECIFIED.,.T.,.F.) B_SPLINE_CURVE_WITH_KNOTS((1,2
    ,2,2,2,1),(-2.094395102393,0.,2.094395102393,4.188790204786,
6.28318530718,8.377580409573),.UNSPECIFIED.) CURVE() 
GEOMETRIC_REPRESENTATION_ITEM() RATIONAL_B_SPLINE_CURVE((1.,0.5,1.,0.5,
1.,0.5,1.)) REPRESENTATION_ITEM('') );
#5654 = CARTESIAN_POINT('',(8.014568500779,-42.07008957206));
#5655 = CARTESIAN_POINT('',(12.777708221593,-42.07008957206));
#5656 = CARTESIAN_POINT('',(10.396138361186,-46.19508957206));
#5657 = CARTESIAN_POINT('',(8.014568500779,-50.32008957206));
#5658 = CARTESIAN_POINT('',(5.632998640372,-46.19508957206));
#5659 = CARTESIAN_POINT('',(3.251428779964,-42.07008957206));
#5660 = CARTESIAN_POINT('',(8.014568500779,-42.07008957206));
#5661 = ( GEOMETRIC_REPRESENTATION_CONTEXT(2) 
PARAMETRIC_REPRESENTATION_CONTEXT() REPRESENTATION_CONTEXT('2D SPACE',''
  ) );
#5662 = ORIENTED_EDGE('',*,*,#5614,.F.);
#5663 = ORIENTED_EDGE('',*,*,#2141,.F.);
#5664 = ADVANCED_FACE('',(#5665),#2238,.F.);
#5665 = FACE_BOUND('',#5666,.F.);
#5666 = EDGE_LOOP('',(#5667,#5690,#5721,#5722));
#5667 = ORIENTED_EDGE('',*,*,#5668,.T.);
#5668 = EDGE_CURVE('',#2222,#5669,#5671,.T.);
#5669 = VERTEX_POINT('',#5670);
#5670 = CARTESIAN_POINT('',(-4.,30.520622673699,7.25));
#5671 = SEAM_CURVE('',#5672,(#5676,#5683),.PCURVE_S1.);
#5672 = LINE('',#5673,#5674);
#5673 = CARTESIAN_POINT('',(-9.,30.520622673699,7.25));
#5674 = VECTOR('',#5675,1.);
#5675 = DIRECTION('',(1.,-1.110223024625E-16,3.774758283726E-15));
#5676 = PCURVE('',#2238,#5677);
#5677 = DEFINITIONAL_REPRESENTATION('',(#5678),#5682);
#5678 = LINE('',#5679,#5680);
#5679 = CARTESIAN_POINT('',(0.,0.));
#5680 = VECTOR('',#5681,1.);
#5681 = DIRECTION('',(0.,-1.));
#5682 = ( GEOMETRIC_REPRESENTATION_CONTEXT(2) 
PARAMETRIC_REPRESENTATION_CONTEXT() REPRESENTATION_CONTEXT('2D SPACE',''
  ) );
#5683 = PCURVE('',#2238,#5684);
#5684 = DEFINITIONAL_REPRESENTATION('',(#5685),#5689);
#5685 = LINE('',#5686,#5687);
#5686 = CARTESIAN_POINT('',(6.28318530718,0.));
#5687 = VECTOR('',#5688,1.);
#5688 = DIRECTION('',(0.,-1.));
#5689 = ( GEOMETRIC_REPRESENTATION_CONTEXT(2) 
PARAMETRIC_REPRESENTATION_CONTEXT() REPRESENTATION_CONTEXT('2D SPACE',''
  ) );
#5690 = ORIENTED_EDGE('',*,*,#5691,.T.);
#5691 = EDGE_CURVE('',#5669,#5669,#5692,.T.);
#5692 = SURFACE_CURVE('',#5693,(#5698,#5705),.PCURVE_S1.);
#5693 = CIRCLE('',#5694,3.13);
#5694 = AXIS2_PLACEMENT_3D('',#5695,#5696,#5697);
#5695 = CARTESIAN_POINT('',(-4.,27.390622673699,7.25));
#5696 = DIRECTION('',(-1.,-4.440892098501E-16,-4.218847493576E-15));
#5697 = DIRECTION('',(-4.440892098501E-16,1.,-4.440892098501E-16));
#5698 = PCURVE('',#2238,#5699);
#5699 = DEFINITIONAL_REPRESENTATION('',(#5700),#5704);
#5700 = LINE('',#5701,#5702);
#5701 = CARTESIAN_POINT('',(0.,-5.));
#5702 = VECTOR('',#5703,1.);
#5703 = DIRECTION('',(1.,0.));
#5704 = ( GEOMETRIC_REPRESENTATION_CONTEXT(2) 
PARAMETRIC_REPRESENTATION_CONTEXT() REPRESENTATION_CONTEXT('2D SPACE',''
  ) );
#5705 = PCURVE('',#5706,#5711);
#5706 = PLANE('',#5707);
#5707 = AXIS2_PLACEMENT_3D('',#5708,#5709,#5710);
#5708 = CARTESIAN_POINT('',(-4.,18.866043166446,7.25));
#5709 = DIRECTION('',(1.,-9.791593884733E-15,3.084102469817E-15));
#5710 = DIRECTION('',(7.793192440407E-15,1.,-1.7763568394E-15));
#5711 = DEFINITIONAL_REPRESENTATION('',(#5712),#5720);
#5712 = ( BOUNDED_CURVE() B_SPLINE_CURVE(2,(#5713,#5714,#5715,#5716,
#5717,#5718,#5719),.UNSPECIFIED.,.T.,.F.) B_SPLINE_CURVE_WITH_KNOTS((1,2
    ,2,2,2,1),(-2.094395102393,0.,2.094395102393,4.188790204786,
6.28318530718,8.377580409573),.UNSPECIFIED.) CURVE() 
GEOMETRIC_REPRESENTATION_ITEM() RATIONAL_B_SPLINE_CURVE((1.,0.5,1.,0.5,
1.,0.5,1.)) REPRESENTATION_ITEM('') );
#5713 = CARTESIAN_POINT('',(11.654579507253,4.745756124151E-13));
#5714 = CARTESIAN_POINT('',(11.654579507253,-5.42131902769));
#5715 = CARTESIAN_POINT('',(6.959579507253,-2.710659513845));
#5716 = CARTESIAN_POINT('',(2.264579507253,4.800639800396E-13));
#5717 = CARTESIAN_POINT('',(6.959579507253,2.710659513846));
#5718 = CARTESIAN_POINT('',(11.654579507253,5.421319027691));
#5719 = CARTESIAN_POINT('',(11.654579507253,4.745756124151E-13));
#5720 = ( GEOMETRIC_REPRESENTATION_CONTEXT(2) 
PARAMETRIC_REPRESENTATION_CONTEXT() REPRESENTATION_CONTEXT('2D SPACE',''
  ) );
#5721 = ORIENTED_EDGE('',*,*,#5668,.F.);
#5722 = ORIENTED_EDGE('',*,*,#2221,.F.);
#5723 = ADVANCED_FACE('',(#5724,#5730),#2570,.T.);
#5724 = FACE_BOUND('',#5725,.T.);
#5725 = EDGE_LOOP('',(#5726,#5727,#5728,#5729));
#5726 = ORIENTED_EDGE('',*,*,#2554,.F.);
#5727 = ORIENTED_EDGE('',*,*,#3940,.F.);
#5728 = ORIENTED_EDGE('',*,*,#3890,.F.);
#5729 = ORIENTED_EDGE('',*,*,#3842,.F.);
#5730 = FACE_BOUND('',#5731,.T.);
#5731 = EDGE_LOOP('',(#5732));
#5732 = ORIENTED_EDGE('',*,*,#5529,.T.);
#5733 = ADVANCED_FACE('',(#5734),#2900,.T.);
#5734 = FACE_BOUND('',#5735,.F.);
#5735 = EDGE_LOOP('',(#5736,#5737,#5760,#5783));
#5736 = ORIENTED_EDGE('',*,*,#2882,.F.);
#5737 = ORIENTED_EDGE('',*,*,#5738,.T.);
#5738 = EDGE_CURVE('',#2883,#5739,#5741,.T.);
#5739 = VERTEX_POINT('',#5740);
#5740 = CARTESIAN_POINT('',(-32.75,-130.,35.000000000001));
#5741 = SURFACE_CURVE('',#5742,(#5746,#5753),.PCURVE_S1.);
#5742 = LINE('',#5743,#5744);
#5743 = CARTESIAN_POINT('',(-32.75,-130.,47.000000000001));
#5744 = VECTOR('',#5745,1.);
#5745 = DIRECTION('',(2.553512956638E-15,1.221245327088E-15,-1.));
#5746 = PCURVE('',#2900,#5747);
#5747 = DEFINITIONAL_REPRESENTATION('',(#5748),#5752);
#5748 = LINE('',#5749,#5750);
#5749 = CARTESIAN_POINT('',(-0.,0.));
#5750 = VECTOR('',#5751,1.);
#5751 = DIRECTION('',(3.774758283726E-15,-1.));
#5752 = ( GEOMETRIC_REPRESENTATION_CONTEXT(2) 
PARAMETRIC_REPRESENTATION_CONTEXT() REPRESENTATION_CONTEXT('2D SPACE',''
  ) );
#5753 = PCURVE('',#2933,#5754);
#5754 = DEFINITIONAL_REPRESENTATION('',(#5755),#5759);
#5755 = LINE('',#5756,#5757);
#5756 = CARTESIAN_POINT('',(-1.570796326795,0.));
#5757 = VECTOR('',#5758,1.);
#5758 = DIRECTION('',(-0.,-1.));
#5759 = ( GEOMETRIC_REPRESENTATION_CONTEXT(2) 
PARAMETRIC_REPRESENTATION_CONTEXT() REPRESENTATION_CONTEXT('2D SPACE',''
  ) );
#5760 = ORIENTED_EDGE('',*,*,#5761,.F.);
#5761 = EDGE_CURVE('',#5762,#5739,#5764,.T.);
#5762 = VERTEX_POINT('',#5763);
#5763 = CARTESIAN_POINT('',(-32.75,-230.,35.000000000001));
#5764 = SURFACE_CURVE('',#5765,(#5769,#5776),.PCURVE_S1.);
#5765 = LINE('',#5766,#5767);
#5766 = CARTESIAN_POINT('',(-32.75,-130.,35.000000000001));
#5767 = VECTOR('',#5768,1.);
#5768 = DIRECTION('',(-5.551115123126E-16,1.,-4.218847493576E-15));
#5769 = PCURVE('',#2900,#5770);
#5770 = DEFINITIONAL_REPRESENTATION('',(#5771),#5775);
#5771 = LINE('',#5772,#5773);
#5772 = CARTESIAN_POINT('',(2.6645352591E-14,-12.));
#5773 = VECTOR('',#5774,1.);
#5774 = DIRECTION('',(1.,-3.663735981263E-15));
#5775 = ( GEOMETRIC_REPRESENTATION_CONTEXT(2) 
PARAMETRIC_REPRESENTATION_CONTEXT() REPRESENTATION_CONTEXT('2D SPACE',''
  ) );
#5776 = PCURVE('',#4770,#5777);
#5777 = DEFINITIONAL_REPRESENTATION('',(#5778),#5782);
#5778 = LINE('',#5779,#5780);
#5779 = CARTESIAN_POINT('',(-1.509625757734E-13,-7.25));
#5780 = VECTOR('',#5781,1.);
#5781 = DIRECTION('',(1.,3.10862446895E-15));
#5782 = ( GEOMETRIC_REPRESENTATION_CONTEXT(2) 
PARAMETRIC_REPRESENTATION_CONTEXT() REPRESENTATION_CONTEXT('2D SPACE',''
  ) );
#5783 = ORIENTED_EDGE('',*,*,#5784,.F.);
#5784 = EDGE_CURVE('',#2885,#5762,#5785,.T.);
#5785 = SURFACE_CURVE('',#5786,(#5790,#5797),.PCURVE_S1.);
#5786 = LINE('',#5787,#5788);
#5787 = CARTESIAN_POINT('',(-32.75,-230.,47.000000000001));
#5788 = VECTOR('',#5789,1.);
#5789 = DIRECTION('',(2.553512956638E-15,1.221245327088E-15,-1.));
#5790 = PCURVE('',#2900,#5791);
#5791 = DEFINITIONAL_REPRESENTATION('',(#5792),#5796);
#5792 = LINE('',#5793,#5794);
#5793 = CARTESIAN_POINT('',(-100.,3.534950110407E-13));
#5794 = VECTOR('',#5795,1.);
#5795 = DIRECTION('',(3.774758283726E-15,-1.));
#5796 = ( GEOMETRIC_REPRESENTATION_CONTEXT(2) 
PARAMETRIC_REPRESENTATION_CONTEXT() REPRESENTATION_CONTEXT('2D SPACE',''
  ) );
#5797 = PCURVE('',#2992,#5798);
#5798 = DEFINITIONAL_REPRESENTATION('',(#5799),#5803);
#5799 = LINE('',#5800,#5801);
#5800 = CARTESIAN_POINT('',(-7.853981633974,0.));
#5801 = VECTOR('',#5802,1.);
#5802 = DIRECTION('',(-0.,-1.));
#5803 = ( GEOMETRIC_REPRESENTATION_CONTEXT(2) 
PARAMETRIC_REPRESENTATION_CONTEXT() REPRESENTATION_CONTEXT('2D SPACE',''
  ) );
#5804 = ADVANCED_FACE('',(#5805),#2992,.F.);
#5805 = FACE_BOUND('',#5806,.T.);
#5806 = EDGE_LOOP('',(#5807,#5808,#5831,#5862));
#5807 = ORIENTED_EDGE('',*,*,#2973,.F.);
#5808 = ORIENTED_EDGE('',*,*,#5809,.T.);
#5809 = EDGE_CURVE('',#2946,#5810,#5812,.T.);
#5810 = VERTEX_POINT('',#5811);
#5811 = CARTESIAN_POINT('',(-27.25,-230.,35.000000000001));
#5812 = SURFACE_CURVE('',#5813,(#5817,#5824),.PCURVE_S1.);
#5813 = LINE('',#5814,#5815);
#5814 = CARTESIAN_POINT('',(-27.25,-230.,47.000000000001));
#5815 = VECTOR('',#5816,1.);
#5816 = DIRECTION('',(2.553512956638E-15,1.221245327088E-15,-1.));
#5817 = PCURVE('',#2992,#5818);
#5818 = DEFINITIONAL_REPRESENTATION('',(#5819),#5823);
#5819 = LINE('',#5820,#5821);
#5820 = CARTESIAN_POINT('',(-4.712388980385,0.));
#5821 = VECTOR('',#5822,1.);
#5822 = DIRECTION('',(-0.,-1.));
#5823 = ( GEOMETRIC_REPRESENTATION_CONTEXT(2) 
PARAMETRIC_REPRESENTATION_CONTEXT() REPRESENTATION_CONTEXT('2D SPACE',''
  ) );
#5824 = PCURVE('',#2961,#5825);
#5825 = DEFINITIONAL_REPRESENTATION('',(#5826),#5830);
#5826 = LINE('',#5827,#5828);
#5827 = CARTESIAN_POINT('',(-100.,3.534950110407E-13));
#5828 = VECTOR('',#5829,1.);
#5829 = DIRECTION('',(3.774758283726E-15,-1.));
#5830 = ( GEOMETRIC_REPRESENTATION_CONTEXT(2) 
PARAMETRIC_REPRESENTATION_CONTEXT() REPRESENTATION_CONTEXT('2D SPACE',''
  ) );
#5831 = ORIENTED_EDGE('',*,*,#5832,.T.);
#5832 = EDGE_CURVE('',#5810,#5762,#5833,.T.);
#5833 = SURFACE_CURVE('',#5834,(#5839,#5846),.PCURVE_S1.);
#5834 = CIRCLE('',#5835,2.75);
#5835 = AXIS2_PLACEMENT_3D('',#5836,#5837,#5838);
#5836 = CARTESIAN_POINT('',(-30.,-230.,35.000000000002));
#5837 = DIRECTION('',(-1.887379141863E-15,-4.107825191113E-15,-1.));
#5838 = DIRECTION('',(5.551115123126E-16,-1.,4.107825191113E-15));
#5839 = PCURVE('',#2992,#5840);
#5840 = DEFINITIONAL_REPRESENTATION('',(#5841),#5845);
#5841 = LINE('',#5842,#5843);
#5842 = CARTESIAN_POINT('',(2.465190328816E-32,-12.));
#5843 = VECTOR('',#5844,1.);
#5844 = DIRECTION('',(-1.,0.));
#5845 = ( GEOMETRIC_REPRESENTATION_CONTEXT(2) 
PARAMETRIC_REPRESENTATION_CONTEXT() REPRESENTATION_CONTEXT('2D SPACE',''
  ) );
#5846 = PCURVE('',#5847,#5852);
#5847 = PLANE('',#5848);
#5848 = AXIS2_PLACEMENT_3D('',#5849,#5850,#5851);
#5849 = CARTESIAN_POINT('',(-40.,-130.,35.000000000001));
#5850 = DIRECTION('',(-3.885780586188E-15,-8.881784197001E-16,1.));
#5851 = DIRECTION('',(-7.771561172376E-16,1.,-4.440892098501E-15));
#5852 = DEFINITIONAL_REPRESENTATION('',(#5853),#5861);
#5853 = ( BOUNDED_CURVE() B_SPLINE_CURVE(2,(#5854,#5855,#5856,#5857,
#5858,#5859,#5860),.UNSPECIFIED.,.T.,.F.) B_SPLINE_CURVE_WITH_KNOTS((1,2
    ,2,2,2,1),(-2.094395102393,0.,2.094395102393,4.188790204786,
6.28318530718,8.377580409573),.UNSPECIFIED.) CURVE() 
GEOMETRIC_REPRESENTATION_ITEM() RATIONAL_B_SPLINE_CURVE((1.,0.5,1.,0.5,
1.,0.5,1.)) REPRESENTATION_ITEM('') );
#5854 = CARTESIAN_POINT('',(-102.75,-10.));
#5855 = CARTESIAN_POINT('',(-102.75,-5.236860279186));
#5856 = CARTESIAN_POINT('',(-98.625,-7.618430139593));
#5857 = CARTESIAN_POINT('',(-94.5,-10.));
#5858 = CARTESIAN_POINT('',(-98.625,-12.3815698604));
#5859 = CARTESIAN_POINT('',(-102.75,-14.76313972081));
#5860 = CARTESIAN_POINT('',(-102.75,-10.));
#5861 = ( GEOMETRIC_REPRESENTATION_CONTEXT(2) 
PARAMETRIC_REPRESENTATION_CONTEXT() REPRESENTATION_CONTEXT('2D SPACE',''
  ) );
#5862 = ORIENTED_EDGE('',*,*,#5784,.F.);
#5863 = ADVANCED_FACE('',(#5864),#2961,.F.);
#5864 = FACE_BOUND('',#5865,.T.);
#5865 = EDGE_LOOP('',(#5866,#5867,#5890,#5916));
#5866 = ORIENTED_EDGE('',*,*,#2945,.F.);
#5867 = ORIENTED_EDGE('',*,*,#5868,.T.);
#5868 = EDGE_CURVE('',#2913,#5869,#5871,.T.);
#5869 = VERTEX_POINT('',#5870);
#5870 = CARTESIAN_POINT('',(-27.25,-130.,35.000000000001));
#5871 = SURFACE_CURVE('',#5872,(#5876,#5883),.PCURVE_S1.);
#5872 = LINE('',#5873,#5874);
#5873 = CARTESIAN_POINT('',(-27.25,-130.,47.000000000001));
#5874 = VECTOR('',#5875,1.);
#5875 = DIRECTION('',(2.553512956638E-15,1.221245327088E-15,-1.));
#5876 = PCURVE('',#2961,#5877);
#5877 = DEFINITIONAL_REPRESENTATION('',(#5878),#5882);
#5878 = LINE('',#5879,#5880);
#5879 = CARTESIAN_POINT('',(-0.,0.));
#5880 = VECTOR('',#5881,1.);
#5881 = DIRECTION('',(3.774758283726E-15,-1.));
#5882 = ( GEOMETRIC_REPRESENTATION_CONTEXT(2) 
PARAMETRIC_REPRESENTATION_CONTEXT() REPRESENTATION_CONTEXT('2D SPACE',''
  ) );
#5883 = PCURVE('',#2933,#5884);
#5884 = DEFINITIONAL_REPRESENTATION('',(#5885),#5889);
#5885 = LINE('',#5886,#5887);
#5886 = CARTESIAN_POINT('',(-4.712388980385,0.));
#5887 = VECTOR('',#5888,1.);
#5888 = DIRECTION('',(-0.,-1.));
#5889 = ( GEOMETRIC_REPRESENTATION_CONTEXT(2) 
PARAMETRIC_REPRESENTATION_CONTEXT() REPRESENTATION_CONTEXT('2D SPACE',''
  ) );
#5890 = ORIENTED_EDGE('',*,*,#5891,.F.);
#5891 = EDGE_CURVE('',#5810,#5869,#5892,.T.);
#5892 = SURFACE_CURVE('',#5893,(#5897,#5904),.PCURVE_S1.);
#5893 = LINE('',#5894,#5895);
#5894 = CARTESIAN_POINT('',(-27.25,-130.,35.000000000001));
#5895 = VECTOR('',#5896,1.);
#5896 = DIRECTION('',(-5.906386491006E-16,1.,-4.218847493576E-15));
#5897 = PCURVE('',#2961,#5898);
#5898 = DEFINITIONAL_REPRESENTATION('',(#5899),#5903);
#5899 = LINE('',#5900,#5901);
#5900 = CARTESIAN_POINT('',(2.6645352591E-14,-12.));
#5901 = VECTOR('',#5902,1.);
#5902 = DIRECTION('',(1.,-3.663735981263E-15));
#5903 = ( GEOMETRIC_REPRESENTATION_CONTEXT(2) 
PARAMETRIC_REPRESENTATION_CONTEXT() REPRESENTATION_CONTEXT('2D SPACE',''
  ) );
#5904 = PCURVE('',#5905,#5910);
#5905 = PLANE('',#5906);
#5906 = AXIS2_PLACEMENT_3D('',#5907,#5908,#5909);
#5907 = CARTESIAN_POINT('',(-40.,-130.,35.000000000001));
#5908 = DIRECTION('',(-4.218847493576E-15,-9.992007221626E-16,1.));
#5909 = DIRECTION('',(-7.771561172376E-16,1.,-4.107825191113E-15));
#5910 = DEFINITIONAL_REPRESENTATION('',(#5911),#5915);
#5911 = LINE('',#5912,#5913);
#5912 = CARTESIAN_POINT('',(-1.576794250724E-13,-12.75));
#5913 = VECTOR('',#5914,1.);
#5914 = DIRECTION('',(1.,3.144151605738E-15));
#5915 = ( GEOMETRIC_REPRESENTATION_CONTEXT(2) 
PARAMETRIC_REPRESENTATION_CONTEXT() REPRESENTATION_CONTEXT('2D SPACE',''
  ) );
#5916 = ORIENTED_EDGE('',*,*,#5809,.F.);
#5917 = ADVANCED_FACE('',(#5918),#2933,.F.);
#5918 = FACE_BOUND('',#5919,.T.);
#5919 = EDGE_LOOP('',(#5920,#5921,#5922,#5953));
#5920 = ORIENTED_EDGE('',*,*,#2912,.F.);
#5921 = ORIENTED_EDGE('',*,*,#5738,.T.);
#5922 = ORIENTED_EDGE('',*,*,#5923,.T.);
#5923 = EDGE_CURVE('',#5739,#5869,#5924,.T.);
#5924 = SURFACE_CURVE('',#5925,(#5930,#5937),.PCURVE_S1.);
#5925 = CIRCLE('',#5926,2.75);
#5926 = AXIS2_PLACEMENT_3D('',#5927,#5928,#5929);
#5927 = CARTESIAN_POINT('',(-30.,-130.,35.000000000001));
#5928 = DIRECTION('',(-1.887379141863E-15,-4.107825191113E-15,-1.));
#5929 = DIRECTION('',(5.551115123126E-16,-1.,4.107825191113E-15));
#5930 = PCURVE('',#2933,#5931);
#5931 = DEFINITIONAL_REPRESENTATION('',(#5932),#5936);
#5932 = LINE('',#5933,#5934);
#5933 = CARTESIAN_POINT('',(-0.,-12.));
#5934 = VECTOR('',#5935,1.);
#5935 = DIRECTION('',(-1.,0.));
#5936 = ( GEOMETRIC_REPRESENTATION_CONTEXT(2) 
PARAMETRIC_REPRESENTATION_CONTEXT() REPRESENTATION_CONTEXT('2D SPACE',''
  ) );
#5937 = PCURVE('',#5938,#5943);
#5938 = PLANE('',#5939);
#5939 = AXIS2_PLACEMENT_3D('',#5940,#5941,#5942);
#5940 = CARTESIAN_POINT('',(-40.,-130.,35.000000000001));
#5941 = DIRECTION('',(-3.885780586188E-15,-8.881784197001E-16,1.));
#5942 = DIRECTION('',(-7.771561172376E-16,1.,-4.440892098501E-15));
#5943 = DEFINITIONAL_REPRESENTATION('',(#5944),#5952);
#5944 = ( BOUNDED_CURVE() B_SPLINE_CURVE(2,(#5945,#5946,#5947,#5948,
#5949,#5950,#5951),.UNSPECIFIED.,.T.,.F.) B_SPLINE_CURVE_WITH_KNOTS((1,2
    ,2,2,2,1),(-2.094395102393,0.,2.094395102393,4.188790204786,
6.28318530718,8.377580409573),.UNSPECIFIED.) CURVE() 
GEOMETRIC_REPRESENTATION_ITEM() RATIONAL_B_SPLINE_CURVE((1.,0.5,1.,0.5,
1.,0.5,1.)) REPRESENTATION_ITEM('') );
#5945 = CARTESIAN_POINT('',(-2.75,-10.));
#5946 = CARTESIAN_POINT('',(-2.75,-5.236860279186));
#5947 = CARTESIAN_POINT('',(1.375,-7.618430139593));
#5948 = CARTESIAN_POINT('',(5.5,-10.));
#5949 = CARTESIAN_POINT('',(1.375,-12.3815698604));
#5950 = CARTESIAN_POINT('',(-2.75,-14.76313972081));
#5951 = CARTESIAN_POINT('',(-2.75,-10.));
#5952 = ( GEOMETRIC_REPRESENTATION_CONTEXT(2) 
PARAMETRIC_REPRESENTATION_CONTEXT() REPRESENTATION_CONTEXT('2D SPACE',''
  ) );
#5953 = ORIENTED_EDGE('',*,*,#5868,.F.);
#5954 = ADVANCED_FACE('',(#5955),#3025,.F.);
#5955 = FACE_BOUND('',#5956,.F.);
#5956 = EDGE_LOOP('',(#5957,#5958,#5981,#6010));
#5957 = ORIENTED_EDGE('',*,*,#3006,.F.);
#5958 = ORIENTED_EDGE('',*,*,#5959,.T.);
#5959 = EDGE_CURVE('',#3007,#5960,#5962,.T.);
#5960 = VERTEX_POINT('',#5961);
#5961 = CARTESIAN_POINT('',(32.75,-130.,35.000000000001));
#5962 = SURFACE_CURVE('',#5963,(#5967,#5974),.PCURVE_S1.);
#5963 = LINE('',#5964,#5965);
#5964 = CARTESIAN_POINT('',(32.75,-130.,47.000000000001));
#5965 = VECTOR('',#5966,1.);
#5966 = DIRECTION('',(5.107025913276E-15,5.551115123126E-16,-1.));
#5967 = PCURVE('',#3025,#5968);
#5968 = DEFINITIONAL_REPRESENTATION('',(#5969),#5973);
#5969 = LINE('',#5970,#5971);
#5970 = CARTESIAN_POINT('',(1.570796326795,0.));
#5971 = VECTOR('',#5972,1.);
#5972 = DIRECTION('',(0.,-1.));
#5973 = ( GEOMETRIC_REPRESENTATION_CONTEXT(2) 
PARAMETRIC_REPRESENTATION_CONTEXT() REPRESENTATION_CONTEXT('2D SPACE',''
  ) );
#5974 = PCURVE('',#3053,#5975);
#5975 = DEFINITIONAL_REPRESENTATION('',(#5976),#5980);
#5976 = LINE('',#5977,#5978);
#5977 = CARTESIAN_POINT('',(0.,0.));
#5978 = VECTOR('',#5979,1.);
#5979 = DIRECTION('',(-2.886579864025E-15,-1.));
#5980 = ( GEOMETRIC_REPRESENTATION_CONTEXT(2) 
PARAMETRIC_REPRESENTATION_CONTEXT() REPRESENTATION_CONTEXT('2D SPACE',''
  ) );
#5981 = ORIENTED_EDGE('',*,*,#5982,.T.);
#5982 = EDGE_CURVE('',#5960,#5983,#5985,.T.);
#5983 = VERTEX_POINT('',#5984);
#5984 = CARTESIAN_POINT('',(27.25,-130.,35.000000000001));
#5985 = SURFACE_CURVE('',#5986,(#5991,#5998),.PCURVE_S1.);
#5986 = CIRCLE('',#5987,2.75);
#5987 = AXIS2_PLACEMENT_3D('',#5988,#5989,#5990);
#5988 = CARTESIAN_POINT('',(30.,-130.,35.000000000001));
#5989 = DIRECTION('',(-8.881784197001E-16,3.663735981263E-15,1.));
#5990 = DIRECTION('',(1.554312234475E-15,-1.,3.663735981263E-15));
#5991 = PCURVE('',#3025,#5992);
#5992 = DEFINITIONAL_REPRESENTATION('',(#5993),#5997);
#5993 = LINE('',#5994,#5995);
#5994 = CARTESIAN_POINT('',(0.,-12.));
#5995 = VECTOR('',#5996,1.);
#5996 = DIRECTION('',(1.,0.));
#5997 = ( GEOMETRIC_REPRESENTATION_CONTEXT(2) 
PARAMETRIC_REPRESENTATION_CONTEXT() REPRESENTATION_CONTEXT('2D SPACE',''
  ) );
#5998 = PCURVE('',#5999,#6004);
#5999 = PLANE('',#6000);
#6000 = AXIS2_PLACEMENT_3D('',#6001,#6002,#6003);
#6001 = CARTESIAN_POINT('',(40.,-130.,35.000000000001));
#6002 = DIRECTION('',(-3.774758283726E-15,-2.22044604925E-16,1.));
#6003 = DIRECTION('',(1.33226762955E-15,-1.,3.996802888651E-15));
#6004 = DEFINITIONAL_REPRESENTATION('',(#6005),#6009);
#6005 = CIRCLE('',#6006,2.75);
#6006 = AXIS2_PLACEMENT_2D('',#6007,#6008);
#6007 = CARTESIAN_POINT('',(8.437694987151E-15,-10.));
#6008 = DIRECTION('',(1.,3.10862446895E-15));
#6009 = ( GEOMETRIC_REPRESENTATION_CONTEXT(2) 
PARAMETRIC_REPRESENTATION_CONTEXT() REPRESENTATION_CONTEXT('2D SPACE',''
  ) );
#6010 = ORIENTED_EDGE('',*,*,#6011,.F.);
#6011 = EDGE_CURVE('',#3009,#5983,#6012,.T.);
#6012 = SURFACE_CURVE('',#6013,(#6017,#6024),.PCURVE_S1.);
#6013 = LINE('',#6014,#6015);
#6014 = CARTESIAN_POINT('',(27.25,-130.,47.000000000001));
#6015 = VECTOR('',#6016,1.);
#6016 = DIRECTION('',(5.107025913276E-15,5.551115123126E-16,-1.));
#6017 = PCURVE('',#3025,#6018);
#6018 = DEFINITIONAL_REPRESENTATION('',(#6019),#6023);
#6019 = LINE('',#6020,#6021);
#6020 = CARTESIAN_POINT('',(4.712388980385,0.));
#6021 = VECTOR('',#6022,1.);
#6022 = DIRECTION('',(0.,-1.));
#6023 = ( GEOMETRIC_REPRESENTATION_CONTEXT(2) 
PARAMETRIC_REPRESENTATION_CONTEXT() REPRESENTATION_CONTEXT('2D SPACE',''
  ) );
#6024 = PCURVE('',#3108,#6025);
#6025 = DEFINITIONAL_REPRESENTATION('',(#6026),#6030);
#6026 = LINE('',#6027,#6028);
#6027 = CARTESIAN_POINT('',(0.,0.));
#6028 = VECTOR('',#6029,1.);
#6029 = DIRECTION('',(-2.886579864025E-15,-1.));
#6030 = ( GEOMETRIC_REPRESENTATION_CONTEXT(2) 
PARAMETRIC_REPRESENTATION_CONTEXT() REPRESENTATION_CONTEXT('2D SPACE',''
  ) );
#6031 = ADVANCED_FACE('',(#6032),#3053,.T.);
#6032 = FACE_BOUND('',#6033,.T.);
#6033 = EDGE_LOOP('',(#6034,#6035,#6036,#6059));
#6034 = ORIENTED_EDGE('',*,*,#3037,.F.);
#6035 = ORIENTED_EDGE('',*,*,#5959,.T.);
#6036 = ORIENTED_EDGE('',*,*,#6037,.F.);
#6037 = EDGE_CURVE('',#6038,#5960,#6040,.T.);
#6038 = VERTEX_POINT('',#6039);
#6039 = CARTESIAN_POINT('',(32.75,-230.,35.000000000001));
#6040 = SURFACE_CURVE('',#6041,(#6045,#6052),.PCURVE_S1.);
#6041 = LINE('',#6042,#6043);
#6042 = CARTESIAN_POINT('',(32.75,-130.,35.000000000001));
#6043 = VECTOR('',#6044,1.);
#6044 = DIRECTION('',(-1.554312234475E-15,1.,-3.774758283726E-15));
#6045 = PCURVE('',#3053,#6046);
#6046 = DEFINITIONAL_REPRESENTATION('',(#6047),#6051);
#6047 = LINE('',#6048,#6049);
#6048 = CARTESIAN_POINT('',(-1.998401444325E-14,-12.));
#6049 = VECTOR('',#6050,1.);
#6050 = DIRECTION('',(-1.,-2.775557561563E-15));
#6051 = ( GEOMETRIC_REPRESENTATION_CONTEXT(2) 
PARAMETRIC_REPRESENTATION_CONTEXT() REPRESENTATION_CONTEXT('2D SPACE',''
  ) );
#6052 = PCURVE('',#4161,#6053);
#6053 = DEFINITIONAL_REPRESENTATION('',(#6054),#6058);
#6054 = LINE('',#6055,#6056);
#6055 = CARTESIAN_POINT('',(1.151856388049E-14,-7.25));
#6056 = VECTOR('',#6057,1.);
#6057 = DIRECTION('',(-1.,-3.330669073875E-15));
#6058 = ( GEOMETRIC_REPRESENTATION_CONTEXT(2) 
PARAMETRIC_REPRESENTATION_CONTEXT() REPRESENTATION_CONTEXT('2D SPACE',''
  ) );
#6059 = ORIENTED_EDGE('',*,*,#6060,.F.);
#6060 = EDGE_CURVE('',#3038,#6038,#6061,.T.);
#6061 = SURFACE_CURVE('',#6062,(#6066,#6073),.PCURVE_S1.);
#6062 = LINE('',#6063,#6064);
#6063 = CARTESIAN_POINT('',(32.75,-230.,47.000000000001));
#6064 = VECTOR('',#6065,1.);
#6065 = DIRECTION('',(5.107025913276E-15,5.551115123126E-16,-1.));
#6066 = PCURVE('',#3053,#6067);
#6067 = DEFINITIONAL_REPRESENTATION('',(#6068),#6072);
#6068 = LINE('',#6069,#6070);
#6069 = CARTESIAN_POINT('',(100.,2.704503287987E-13));
#6070 = VECTOR('',#6071,1.);
#6071 = DIRECTION('',(-2.886579864025E-15,-1.));
#6072 = ( GEOMETRIC_REPRESENTATION_CONTEXT(2) 
PARAMETRIC_REPRESENTATION_CONTEXT() REPRESENTATION_CONTEXT('2D SPACE',''
  ) );
#6073 = PCURVE('',#3082,#6074);
#6074 = DEFINITIONAL_REPRESENTATION('',(#6075),#6079);
#6075 = LINE('',#6076,#6077);
#6076 = CARTESIAN_POINT('',(7.853981633974,0.));
#6077 = VECTOR('',#6078,1.);
#6078 = DIRECTION('',(0.,-1.));
#6079 = ( GEOMETRIC_REPRESENTATION_CONTEXT(2) 
PARAMETRIC_REPRESENTATION_CONTEXT() REPRESENTATION_CONTEXT('2D SPACE',''
  ) );
#6080 = ADVANCED_FACE('',(#6081),#3108,.F.);
#6081 = FACE_BOUND('',#6082,.F.);
#6082 = EDGE_LOOP('',(#6083,#6084,#6085,#6113));
#6083 = ORIENTED_EDGE('',*,*,#3094,.F.);
#6084 = ORIENTED_EDGE('',*,*,#6011,.T.);
#6085 = ORIENTED_EDGE('',*,*,#6086,.F.);
#6086 = EDGE_CURVE('',#6087,#5983,#6089,.T.);
#6087 = VERTEX_POINT('',#6088);
#6088 = CARTESIAN_POINT('',(27.25,-230.,35.000000000001));
#6089 = SURFACE_CURVE('',#6090,(#6094,#6101),.PCURVE_S1.);
#6090 = LINE('',#6091,#6092);
#6091 = CARTESIAN_POINT('',(27.25,-130.,35.000000000001));
#6092 = VECTOR('',#6093,1.);
#6093 = DIRECTION('',(-1.518785097687E-15,1.,-3.774758283726E-15));
#6094 = PCURVE('',#3108,#6095);
#6095 = DEFINITIONAL_REPRESENTATION('',(#6096),#6100);
#6096 = LINE('',#6097,#6098);
#6097 = CARTESIAN_POINT('',(-1.998401444325E-14,-12.));
#6098 = VECTOR('',#6099,1.);
#6099 = DIRECTION('',(-1.,-2.775557561563E-15));
#6100 = ( GEOMETRIC_REPRESENTATION_CONTEXT(2) 
PARAMETRIC_REPRESENTATION_CONTEXT() REPRESENTATION_CONTEXT('2D SPACE',''
  ) );
#6101 = PCURVE('',#6102,#6107);
#6102 = PLANE('',#6103);
#6103 = AXIS2_PLACEMENT_3D('',#6104,#6105,#6106);
#6104 = CARTESIAN_POINT('',(40.,-130.,35.000000000001));
#6105 = DIRECTION('',(-3.996802888651E-15,-4.440892098501E-16,1.));
#6106 = DIRECTION('',(1.554312234475E-15,-1.,4.218847493576E-15));
#6107 = DEFINITIONAL_REPRESENTATION('',(#6108),#6112);
#6108 = LINE('',#6109,#6110);
#6109 = CARTESIAN_POINT('',(-1.304512053934E-15,-12.75));
#6110 = VECTOR('',#6111,1.);
#6111 = DIRECTION('',(-1.,-3.295141937087E-15));
#6112 = ( GEOMETRIC_REPRESENTATION_CONTEXT(2) 
PARAMETRIC_REPRESENTATION_CONTEXT() REPRESENTATION_CONTEXT('2D SPACE',''
  ) );
#6113 = ORIENTED_EDGE('',*,*,#6114,.F.);
#6114 = EDGE_CURVE('',#3066,#6087,#6115,.T.);
#6115 = SURFACE_CURVE('',#6116,(#6120,#6127),.PCURVE_S1.);
#6116 = LINE('',#6117,#6118);
#6117 = CARTESIAN_POINT('',(27.25,-230.,47.000000000001));
#6118 = VECTOR('',#6119,1.);
#6119 = DIRECTION('',(5.107025913276E-15,5.551115123126E-16,-1.));
#6120 = PCURVE('',#3108,#6121);
#6121 = DEFINITIONAL_REPRESENTATION('',(#6122),#6126);
#6122 = LINE('',#6123,#6124);
#6123 = CARTESIAN_POINT('',(100.,2.704503287987E-13));
#6124 = VECTOR('',#6125,1.);
#6125 = DIRECTION('',(-2.886579864025E-15,-1.));
#6126 = ( GEOMETRIC_REPRESENTATION_CONTEXT(2) 
PARAMETRIC_REPRESENTATION_CONTEXT() REPRESENTATION_CONTEXT('2D SPACE',''
  ) );
#6127 = PCURVE('',#3082,#6128);
#6128 = DEFINITIONAL_REPRESENTATION('',(#6129),#6133);
#6129 = LINE('',#6130,#6131);
#6130 = CARTESIAN_POINT('',(4.712388980385,0.));
#6131 = VECTOR('',#6132,1.);
#6132 = DIRECTION('',(0.,-1.));
#6133 = ( GEOMETRIC_REPRESENTATION_CONTEXT(2) 
PARAMETRIC_REPRESENTATION_CONTEXT() REPRESENTATION_CONTEXT('2D SPACE',''
  ) );
#6134 = ADVANCED_FACE('',(#6135),#3082,.F.);
#6135 = FACE_BOUND('',#6136,.F.);
#6136 = EDGE_LOOP('',(#6137,#6138,#6139,#6166));
#6137 = ORIENTED_EDGE('',*,*,#3065,.F.);
#6138 = ORIENTED_EDGE('',*,*,#6114,.T.);
#6139 = ORIENTED_EDGE('',*,*,#6140,.T.);
#6140 = EDGE_CURVE('',#6087,#6038,#6141,.T.);
#6141 = SURFACE_CURVE('',#6142,(#6147,#6154),.PCURVE_S1.);
#6142 = CIRCLE('',#6143,2.75);
#6143 = AXIS2_PLACEMENT_3D('',#6144,#6145,#6146);
#6144 = CARTESIAN_POINT('',(30.,-230.,35.000000000001));
#6145 = DIRECTION('',(-8.881784197001E-16,3.663735981263E-15,1.));
#6146 = DIRECTION('',(1.554312234475E-15,-1.,3.663735981263E-15));
#6147 = PCURVE('',#3082,#6148);
#6148 = DEFINITIONAL_REPRESENTATION('',(#6149),#6153);
#6149 = LINE('',#6150,#6151);
#6150 = CARTESIAN_POINT('',(-2.465190328816E-32,-12.));
#6151 = VECTOR('',#6152,1.);
#6152 = DIRECTION('',(1.,0.));
#6153 = ( GEOMETRIC_REPRESENTATION_CONTEXT(2) 
PARAMETRIC_REPRESENTATION_CONTEXT() REPRESENTATION_CONTEXT('2D SPACE',''
  ) );
#6154 = PCURVE('',#6155,#6160);
#6155 = PLANE('',#6156);
#6156 = AXIS2_PLACEMENT_3D('',#6157,#6158,#6159);
#6157 = CARTESIAN_POINT('',(40.,-130.,35.000000000001));
#6158 = DIRECTION('',(-3.774758283726E-15,-2.22044604925E-16,1.));
#6159 = DIRECTION('',(1.33226762955E-15,-1.,3.996802888651E-15));
#6160 = DEFINITIONAL_REPRESENTATION('',(#6161),#6165);
#6161 = CIRCLE('',#6162,2.75);
#6162 = AXIS2_PLACEMENT_2D('',#6163,#6164);
#6163 = CARTESIAN_POINT('',(100.,-10.));
#6164 = DIRECTION('',(1.,3.10862446895E-15));
#6165 = ( GEOMETRIC_REPRESENTATION_CONTEXT(2) 
PARAMETRIC_REPRESENTATION_CONTEXT() REPRESENTATION_CONTEXT('2D SPACE',''
  ) );
#6166 = ORIENTED_EDGE('',*,*,#6060,.F.);
#6167 = ADVANCED_FACE('',(#6168),#3164,.F.);
#6168 = FACE_BOUND('',#6169,.F.);
#6169 = EDGE_LOOP('',(#6170,#6196,#6197));
#6170 = ORIENTED_EDGE('',*,*,#6171,.F.);
#6171 = EDGE_CURVE('',#3332,#3149,#6172,.T.);
#6172 = SURFACE_CURVE('',#6173,(#6177,#6184),.PCURVE_S1.);
#6173 = LINE('',#6174,#6175);
#6174 = CARTESIAN_POINT('',(-5.978253901004E-13,-8.540507802008E-14,
    76.925000000001));
#6175 = VECTOR('',#6176,1.);
#6176 = DIRECTION('',(0.707106781187,-3.061680294433E-15,-0.707106781187
    ));
#6177 = PCURVE('',#3164,#6178);
#6178 = DEFINITIONAL_REPRESENTATION('',(#6179),#6183);
#6179 = LINE('',#6180,#6181);
#6180 = CARTESIAN_POINT('',(-12.925,-49.925));
#6181 = VECTOR('',#6182,1.);
#6182 = DIRECTION('',(0.707106781187,0.707106781187));
#6183 = ( GEOMETRIC_REPRESENTATION_CONTEXT(2) 
PARAMETRIC_REPRESENTATION_CONTEXT() REPRESENTATION_CONTEXT('2D SPACE',''
  ) );
#6184 = PCURVE('',#6185,#6190);
#6185 = CONICAL_SURFACE('',#6186,12.925,0.785398163397);
#6186 = AXIS2_PLACEMENT_3D('',#6187,#6188,#6189);
#6187 = CARTESIAN_POINT('',(-4.760627782441E-13,-7.816055564881E-14,
    64.000000000001));
#6188 = DIRECTION('',(7.436449660064E-15,1.223289932013E-15,-1.));
#6189 = DIRECTION('',(-1.,5.993159728051E-15,1.223289932013E-15));
#6190 = DEFINITIONAL_REPRESENTATION('',(#6191),#6195);
#6191 = LINE('',#6192,#6193);
#6192 = CARTESIAN_POINT('',(-3.14159265359,-12.925));
#6193 = VECTOR('',#6194,1.);
#6194 = DIRECTION('',(-0.,1.));
#6195 = ( GEOMETRIC_REPRESENTATION_CONTEXT(2) 
PARAMETRIC_REPRESENTATION_CONTEXT() REPRESENTATION_CONTEXT('2D SPACE',''
  ) );
#6196 = ORIENTED_EDGE('',*,*,#3331,.T.);
#6197 = ORIENTED_EDGE('',*,*,#3148,.F.);
#6198 = ADVANCED_FACE('',(#6199),#3192,.F.);
#6199 = FACE_BOUND('',#6200,.T.);
#6200 = EDGE_LOOP('',(#6201,#6223,#6224,#6246));
#6201 = ORIENTED_EDGE('',*,*,#6202,.T.);
#6202 = EDGE_CURVE('',#3149,#3454,#6203,.T.);
#6203 = SURFACE_CURVE('',#6204,(#6209,#6216),.PCURVE_S1.);
#6204 = CIRCLE('',#6205,15.925);
#6205 = AXIS2_PLACEMENT_3D('',#6206,#6207,#6208);
#6206 = CARTESIAN_POINT('',(-4.537434292639E-13,-7.450068585277E-14,
    61.000000000001));
#6207 = DIRECTION('',(1.223289932013E-15,7.436449660064E-15,1.));
#6208 = DIRECTION('',(-1.,5.993159728051E-15,1.223289932013E-15));
#6209 = PCURVE('',#3192,#6210);
#6210 = DEFINITIONAL_REPRESENTATION('',(#6211),#6215);
#6211 = LINE('',#6212,#6213);
#6212 = CARTESIAN_POINT('',(-0.,0.));
#6213 = VECTOR('',#6214,1.);
#6214 = DIRECTION('',(-1.,0.));
#6215 = ( GEOMETRIC_REPRESENTATION_CONTEXT(2) 
PARAMETRIC_REPRESENTATION_CONTEXT() REPRESENTATION_CONTEXT('2D SPACE',''
  ) );
#6216 = PCURVE('',#6185,#6217);
#6217 = DEFINITIONAL_REPRESENTATION('',(#6218),#6222);
#6218 = LINE('',#6219,#6220);
#6219 = CARTESIAN_POINT('',(-0.,3.));
#6220 = VECTOR('',#6221,1.);
#6221 = DIRECTION('',(-1.,0.));
#6222 = ( GEOMETRIC_REPRESENTATION_CONTEXT(2) 
PARAMETRIC_REPRESENTATION_CONTEXT() REPRESENTATION_CONTEXT('2D SPACE',''
  ) );
#6223 = ORIENTED_EDGE('',*,*,#3453,.T.);
#6224 = ORIENTED_EDGE('',*,*,#6225,.F.);
#6225 = EDGE_CURVE('',#3177,#3431,#6226,.T.);
#6226 = SURFACE_CURVE('',#6227,(#6232,#6239),.PCURVE_S1.);
#6227 = CIRCLE('',#6228,15.925);
#6228 = AXIS2_PLACEMENT_3D('',#6229,#6230,#6231);
#6229 = CARTESIAN_POINT('',(-2.008441408217E-13,-3.296882816434E-14,27.)
  );
#6230 = DIRECTION('',(1.223289932013E-15,7.436449660064E-15,1.));
#6231 = DIRECTION('',(-1.,5.993159728051E-15,1.223289932013E-15));
#6232 = PCURVE('',#3192,#6233);
#6233 = DEFINITIONAL_REPRESENTATION('',(#6234),#6238);
#6234 = LINE('',#6235,#6236);
#6235 = CARTESIAN_POINT('',(-0.,34.));
#6236 = VECTOR('',#6237,1.);
#6237 = DIRECTION('',(-1.,0.));
#6238 = ( GEOMETRIC_REPRESENTATION_CONTEXT(2) 
PARAMETRIC_REPRESENTATION_CONTEXT() REPRESENTATION_CONTEXT('2D SPACE',''
  ) );
#6239 = PCURVE('',#3220,#6240);
#6240 = DEFINITIONAL_REPRESENTATION('',(#6241),#6245);
#6241 = CIRCLE('',#6242,15.925);
#6242 = AXIS2_PLACEMENT_2D('',#6243,#6244);
#6243 = CARTESIAN_POINT('',(2.647286281997,2.653206551844E-15));
#6244 = DIRECTION('',(5.993159728051E-15,1.));
#6245 = ( GEOMETRIC_REPRESENTATION_CONTEXT(2) 
PARAMETRIC_REPRESENTATION_CONTEXT() REPRESENTATION_CONTEXT('2D SPACE',''
  ) );
#6246 = ORIENTED_EDGE('',*,*,#3176,.F.);
#6247 = ADVANCED_FACE('',(#6248,#6254),#3220,.T.);
#6248 = FACE_BOUND('',#6249,.T.);
#6249 = EDGE_LOOP('',(#6250,#6251,#6252,#6253));
#6250 = ORIENTED_EDGE('',*,*,#6225,.T.);
#6251 = ORIENTED_EDGE('',*,*,#3430,.T.);
#6252 = ORIENTED_EDGE('',*,*,#5162,.T.);
#6253 = ORIENTED_EDGE('',*,*,#3204,.F.);
#6254 = FACE_BOUND('',#6255,.T.);
#6255 = EDGE_LOOP('',(#6256,#6287,#6311));
#6256 = ORIENTED_EDGE('',*,*,#6257,.F.);
#6257 = EDGE_CURVE('',#6258,#6260,#6262,.T.);
#6258 = VERTEX_POINT('',#6259);
#6259 = CARTESIAN_POINT('',(-1.40906484493E-13,-12.925,27.));
#6260 = VERTEX_POINT('',#6261);
#6261 = CARTESIAN_POINT('',(12.925000000001,1.565978342181E-14,27.));
#6262 = SURFACE_CURVE('',#6263,(#6268,#6275),.PCURVE_S1.);
#6263 = CIRCLE('',#6264,12.925000000001);
#6264 = AXIS2_PLACEMENT_3D('',#6265,#6266,#6267);
#6265 = CARTESIAN_POINT('',(-2.008441408217E-13,-3.896882816434E-14,27.)
  );
#6266 = DIRECTION('',(1.223289932013E-15,7.216449660064E-15,1.));
#6267 = DIRECTION('',(2.886579864025E-15,-1.,7.216449660064E-15));
#6268 = PCURVE('',#3220,#6269);
#6269 = DEFINITIONAL_REPRESENTATION('',(#6270),#6274);
#6270 = CIRCLE('',#6271,12.925000000001);
#6271 = AXIS2_PLACEMENT_2D('',#6272,#6273);
#6272 = CARTESIAN_POINT('',(2.647286281997,2.653206551844E-15));
#6273 = DIRECTION('',(-1.,-5.773159728051E-15));
#6274 = ( GEOMETRIC_REPRESENTATION_CONTEXT(2) 
PARAMETRIC_REPRESENTATION_CONTEXT() REPRESENTATION_CONTEXT('2D SPACE',''
  ) );
#6275 = PCURVE('',#6276,#6281);
#6276 = CYLINDRICAL_SURFACE('',#6277,12.925000000001);
#6277 = AXIS2_PLACEMENT_3D('',#6278,#6279,#6280);
#6278 = CARTESIAN_POINT('',(-9.670384558083E-14,-1.876276911616E-14,13.)
  );
#6279 = DIRECTION('',(-7.436449660064E-15,-1.443289932013E-15,1.));
#6280 = DIRECTION('',(2.886579864025E-15,-1.,7.216449660064E-15));
#6281 = DEFINITIONAL_REPRESENTATION('',(#6282),#6286);
#6282 = LINE('',#6283,#6284);
#6283 = CARTESIAN_POINT('',(0.,14.));
#6284 = VECTOR('',#6285,1.);
#6285 = DIRECTION('',(1.,0.));
#6286 = ( GEOMETRIC_REPRESENTATION_CONTEXT(2) 
PARAMETRIC_REPRESENTATION_CONTEXT() REPRESENTATION_CONTEXT('2D SPACE',''
  ) );
#6287 = ORIENTED_EDGE('',*,*,#6288,.F.);
#6288 = EDGE_CURVE('',#6289,#6258,#6291,.T.);
#6289 = VERTEX_POINT('',#6290);
#6290 = CARTESIAN_POINT('',(-12.925,8.727787290688E-14,27.));
#6291 = SURFACE_CURVE('',#6292,(#6297,#6304),.PCURVE_S1.);
#6292 = CIRCLE('',#6293,12.925000000001);
#6293 = AXIS2_PLACEMENT_3D('',#6294,#6295,#6296);
#6294 = CARTESIAN_POINT('',(-2.008441408217E-13,-3.896882816434E-14,27.)
  );
#6295 = DIRECTION('',(1.223289932013E-15,7.216449660064E-15,1.));
#6296 = DIRECTION('',(2.886579864025E-15,-1.,7.216449660064E-15));
#6297 = PCURVE('',#3220,#6298);
#6298 = DEFINITIONAL_REPRESENTATION('',(#6299),#6303);
#6299 = CIRCLE('',#6300,12.925000000001);
#6300 = AXIS2_PLACEMENT_2D('',#6301,#6302);
#6301 = CARTESIAN_POINT('',(2.647286281997,2.653206551844E-15));
#6302 = DIRECTION('',(-1.,-5.773159728051E-15));
#6303 = ( GEOMETRIC_REPRESENTATION_CONTEXT(2) 
PARAMETRIC_REPRESENTATION_CONTEXT() REPRESENTATION_CONTEXT('2D SPACE',''
  ) );
#6304 = PCURVE('',#6276,#6305);
#6305 = DEFINITIONAL_REPRESENTATION('',(#6306),#6310);
#6306 = LINE('',#6307,#6308);
#6307 = CARTESIAN_POINT('',(0.,14.));
#6308 = VECTOR('',#6309,1.);
#6309 = DIRECTION('',(1.,0.));
#6310 = ( GEOMETRIC_REPRESENTATION_CONTEXT(2) 
PARAMETRIC_REPRESENTATION_CONTEXT() REPRESENTATION_CONTEXT('2D SPACE',''
  ) );
#6311 = ORIENTED_EDGE('',*,*,#6312,.F.);
#6312 = EDGE_CURVE('',#6260,#6289,#6313,.T.);
#6313 = SURFACE_CURVE('',#6314,(#6319,#6326),.PCURVE_S1.);
#6314 = CIRCLE('',#6315,12.925000000001);
#6315 = AXIS2_PLACEMENT_3D('',#6316,#6317,#6318);
#6316 = CARTESIAN_POINT('',(-2.008441408217E-13,-3.896882816434E-14,27.)
  );
#6317 = DIRECTION('',(1.223289932013E-15,7.216449660064E-15,1.));
#6318 = DIRECTION('',(2.886579864025E-15,-1.,7.216449660064E-15));
#6319 = PCURVE('',#3220,#6320);
#6320 = DEFINITIONAL_REPRESENTATION('',(#6321),#6325);
#6321 = CIRCLE('',#6322,12.925000000001);
#6322 = AXIS2_PLACEMENT_2D('',#6323,#6324);
#6323 = CARTESIAN_POINT('',(2.647286281997,2.653206551844E-15));
#6324 = DIRECTION('',(-1.,-5.773159728051E-15));
#6325 = ( GEOMETRIC_REPRESENTATION_CONTEXT(2) 
PARAMETRIC_REPRESENTATION_CONTEXT() REPRESENTATION_CONTEXT('2D SPACE',''
  ) );
#6326 = PCURVE('',#6276,#6327);
#6327 = DEFINITIONAL_REPRESENTATION('',(#6328),#6332);
#6328 = LINE('',#6329,#6330);
#6329 = CARTESIAN_POINT('',(0.,14.));
#6330 = VECTOR('',#6331,1.);
#6331 = DIRECTION('',(1.,0.));
#6332 = ( GEOMETRIC_REPRESENTATION_CONTEXT(2) 
PARAMETRIC_REPRESENTATION_CONTEXT() REPRESENTATION_CONTEXT('2D SPACE',''
  ) );
#6333 = ADVANCED_FACE('',(#6334),#3296,.F.);
#6334 = FACE_BOUND('',#6335,.F.);
#6335 = EDGE_LOOP('',(#6336,#6357,#6358));
#6336 = ORIENTED_EDGE('',*,*,#6337,.T.);
#6337 = EDGE_CURVE('',#3281,#3454,#6338,.T.);
#6338 = SURFACE_CURVE('',#6339,(#6343,#6350),.PCURVE_S1.);
#6339 = LINE('',#6340,#6341);
#6340 = CARTESIAN_POINT('',(-12.925,-1.775246616375E-14,64.000000000001)
  );
#6341 = VECTOR('',#6342,1.);
#6342 = DIRECTION('',(-0.707106781187,5.102800490722E-15,-0.707106781187
    ));
#6343 = PCURVE('',#3296,#6344);
#6344 = DEFINITIONAL_REPRESENTATION('',(#6345),#6349);
#6345 = LINE('',#6346,#6347);
#6346 = CARTESIAN_POINT('',(8.000000000002,-37.));
#6347 = VECTOR('',#6348,1.);
#6348 = DIRECTION('',(-0.707106781187,0.707106781187));
#6349 = ( GEOMETRIC_REPRESENTATION_CONTEXT(2) 
PARAMETRIC_REPRESENTATION_CONTEXT() REPRESENTATION_CONTEXT('2D SPACE',''
  ) );
#6350 = PCURVE('',#6185,#6351);
#6351 = DEFINITIONAL_REPRESENTATION('',(#6352),#6356);
#6352 = LINE('',#6353,#6354);
#6353 = CARTESIAN_POINT('',(-6.28318530718,0.));
#6354 = VECTOR('',#6355,1.);
#6355 = DIRECTION('',(-0.,1.));
#6356 = ( GEOMETRIC_REPRESENTATION_CONTEXT(2) 
PARAMETRIC_REPRESENTATION_CONTEXT() REPRESENTATION_CONTEXT('2D SPACE',''
  ) );
#6357 = ORIENTED_EDGE('',*,*,#3476,.T.);
#6358 = ORIENTED_EDGE('',*,*,#3278,.T.);
#6359 = ADVANCED_FACE('',(#6360),#3369,.F.);
#6360 = FACE_BOUND('',#6361,.T.);
#6361 = EDGE_LOOP('',(#6362,#6383,#6384,#6385,#6407));
#6362 = ORIENTED_EDGE('',*,*,#6363,.F.);
#6363 = EDGE_CURVE('',#3776,#3281,#6364,.T.);
#6364 = SEAM_CURVE('',#6365,(#6369,#6376),.PCURVE_S1.);
#6365 = LINE('',#6366,#6367);
#6366 = CARTESIAN_POINT('',(-9.925000000001,-3.940181514395E-14,
    67.000000000001));
#6367 = VECTOR('',#6368,1.);
#6368 = DIRECTION('',(-0.707106781187,5.102800490722E-15,-0.707106781187
    ));
#6369 = PCURVE('',#3369,#6370);
#6370 = DEFINITIONAL_REPRESENTATION('',(#6371),#6375);
#6371 = LINE('',#6372,#6373);
#6372 = CARTESIAN_POINT('',(-0.,0.));
#6373 = VECTOR('',#6374,1.);
#6374 = DIRECTION('',(-0.,1.));
#6375 = ( GEOMETRIC_REPRESENTATION_CONTEXT(2) 
PARAMETRIC_REPRESENTATION_CONTEXT() REPRESENTATION_CONTEXT('2D SPACE',''
  ) );
#6376 = PCURVE('',#3369,#6377);
#6377 = DEFINITIONAL_REPRESENTATION('',(#6378),#6382);
#6378 = LINE('',#6379,#6380);
#6379 = CARTESIAN_POINT('',(-6.28318530718,0.));
#6380 = VECTOR('',#6381,1.);
#6381 = DIRECTION('',(-0.,1.));
#6382 = ( GEOMETRIC_REPRESENTATION_CONTEXT(2) 
PARAMETRIC_REPRESENTATION_CONTEXT() REPRESENTATION_CONTEXT('2D SPACE',''
  ) );
#6383 = ORIENTED_EDGE('',*,*,#3775,.T.);
#6384 = ORIENTED_EDGE('',*,*,#6363,.T.);
#6385 = ORIENTED_EDGE('',*,*,#6386,.F.);
#6386 = EDGE_CURVE('',#3332,#3281,#6387,.T.);
#6387 = SURFACE_CURVE('',#6388,(#6393,#6400),.PCURVE_S1.);
#6388 = CIRCLE('',#6389,12.925);
#6389 = AXIS2_PLACEMENT_3D('',#6390,#6391,#6392);
#6390 = CARTESIAN_POINT('',(-4.760627782441E-13,-7.816055564881E-14,
    64.000000000001));
#6391 = DIRECTION('',(1.223289932013E-15,7.436449660064E-15,1.));
#6392 = DIRECTION('',(-1.,5.993159728051E-15,1.223289932013E-15));
#6393 = PCURVE('',#3369,#6394);
#6394 = DEFINITIONAL_REPRESENTATION('',(#6395),#6399);
#6395 = LINE('',#6396,#6397);
#6396 = CARTESIAN_POINT('',(-0.,3.));
#6397 = VECTOR('',#6398,1.);
#6398 = DIRECTION('',(-1.,0.));
#6399 = ( GEOMETRIC_REPRESENTATION_CONTEXT(2) 
PARAMETRIC_REPRESENTATION_CONTEXT() REPRESENTATION_CONTEXT('2D SPACE',''
  ) );
#6400 = PCURVE('',#6185,#6401);
#6401 = DEFINITIONAL_REPRESENTATION('',(#6402),#6406);
#6402 = LINE('',#6403,#6404);
#6403 = CARTESIAN_POINT('',(-0.,0.));
#6404 = VECTOR('',#6405,1.);
#6405 = DIRECTION('',(-1.,0.));
#6406 = ( GEOMETRIC_REPRESENTATION_CONTEXT(2) 
PARAMETRIC_REPRESENTATION_CONTEXT() REPRESENTATION_CONTEXT('2D SPACE',''
  ) );
#6407 = ORIENTED_EDGE('',*,*,#3354,.F.);
#6408 = ADVANCED_FACE('',(#6409,#6415),#3588,.T.);
#6409 = FACE_BOUND('',#6410,.F.);
#6410 = EDGE_LOOP('',(#6411,#6412,#6413,#6414));
#6411 = ORIENTED_EDGE('',*,*,#3572,.T.);
#6412 = ORIENTED_EDGE('',*,*,#5016,.F.);
#6413 = ORIENTED_EDGE('',*,*,#5064,.F.);
#6414 = ORIENTED_EDGE('',*,*,#5092,.F.);
#6415 = FACE_BOUND('',#6416,.F.);
#6416 = EDGE_LOOP('',(#6417));
#6417 = ORIENTED_EDGE('',*,*,#5479,.T.);
#6418 = ADVANCED_FACE('',(#6419,#6425),#4078,.T.);
#6419 = FACE_BOUND('',#6420,.F.);
#6420 = EDGE_LOOP('',(#6421,#6422,#6423,#6424));
#6421 = ORIENTED_EDGE('',*,*,#4062,.T.);
#6422 = ORIENTED_EDGE('',*,*,#4231,.T.);
#6423 = ORIENTED_EDGE('',*,*,#4280,.T.);
#6424 = ORIENTED_EDGE('',*,*,#4329,.T.);
#6425 = FACE_BOUND('',#6426,.T.);
#6426 = EDGE_LOOP('',(#6427));
#6427 = ORIENTED_EDGE('',*,*,#5637,.T.);
#6428 = ADVANCED_FACE('',(#6429,#6435),#4005,.T.);
#6429 = FACE_BOUND('',#6430,.F.);
#6430 = EDGE_LOOP('',(#6431,#6432,#6433,#6434));
#6431 = ORIENTED_EDGE('',*,*,#3989,.T.);
#6432 = ORIENTED_EDGE('',*,*,#4356,.T.);
#6433 = ORIENTED_EDGE('',*,*,#4405,.T.);
#6434 = ORIENTED_EDGE('',*,*,#4528,.T.);
#6435 = FACE_BOUND('',#6436,.T.);
#6436 = EDGE_LOOP('',(#6437));
#6437 = ORIENTED_EDGE('',*,*,#5425,.T.);
#6438 = ADVANCED_FACE('',(#6439),#4133,.F.);
#6439 = FACE_BOUND('',#6440,.F.);
#6440 = EDGE_LOOP('',(#6441,#6462,#6483,#6506,#6534,#6555));
#6441 = ORIENTED_EDGE('',*,*,#6442,.T.);
#6442 = EDGE_CURVE('',#4116,#6038,#6443,.T.);
#6443 = SURFACE_CURVE('',#6444,(#6448,#6455),.PCURVE_S1.);
#6444 = LINE('',#6445,#6446);
#6445 = CARTESIAN_POINT('',(40.,-230.,35.000000000001));
#6446 = VECTOR('',#6447,1.);
#6447 = DIRECTION('',(-1.,3.330669073875E-15,6.661338147751E-16));
#6448 = PCURVE('',#4133,#6449);
#6449 = DEFINITIONAL_REPRESENTATION('',(#6450),#6454);
#6450 = LINE('',#6451,#6452);
#6451 = CARTESIAN_POINT('',(0.,0.));
#6452 = VECTOR('',#6453,1.);
#6453 = DIRECTION('',(-3.330669073875E-15,-1.));
#6454 = ( GEOMETRIC_REPRESENTATION_CONTEXT(2) 
PARAMETRIC_REPRESENTATION_CONTEXT() REPRESENTATION_CONTEXT('2D SPACE',''
  ) );
#6455 = PCURVE('',#4161,#6456);
#6456 = DEFINITIONAL_REPRESENTATION('',(#6457),#6461);
#6457 = LINE('',#6458,#6459);
#6458 = CARTESIAN_POINT('',(100.,3.05089287167E-13));
#6459 = VECTOR('',#6460,1.);
#6460 = DIRECTION('',(-3.330669073875E-15,-1.));
#6461 = ( GEOMETRIC_REPRESENTATION_CONTEXT(2) 
PARAMETRIC_REPRESENTATION_CONTEXT() REPRESENTATION_CONTEXT('2D SPACE',''
  ) );
#6462 = ORIENTED_EDGE('',*,*,#6463,.T.);
#6463 = EDGE_CURVE('',#6038,#6087,#6464,.T.);
#6464 = SURFACE_CURVE('',#6465,(#6469,#6476),.PCURVE_S1.);
#6465 = LINE('',#6466,#6467);
#6466 = CARTESIAN_POINT('',(40.,-230.,35.000000000001));
#6467 = VECTOR('',#6468,1.);
#6468 = DIRECTION('',(-1.,3.330669073875E-15,6.661338147751E-16));
#6469 = PCURVE('',#4133,#6470);
#6470 = DEFINITIONAL_REPRESENTATION('',(#6471),#6475);
#6471 = LINE('',#6472,#6473);
#6472 = CARTESIAN_POINT('',(0.,0.));
#6473 = VECTOR('',#6474,1.);
#6474 = DIRECTION('',(-3.330669073875E-15,-1.));
#6475 = ( GEOMETRIC_REPRESENTATION_CONTEXT(2) 
PARAMETRIC_REPRESENTATION_CONTEXT() REPRESENTATION_CONTEXT('2D SPACE',''
  ) );
#6476 = PCURVE('',#6155,#6477);
#6477 = DEFINITIONAL_REPRESENTATION('',(#6478),#6482);
#6478 = LINE('',#6479,#6480);
#6479 = CARTESIAN_POINT('',(100.,3.517186542013E-13));
#6480 = VECTOR('',#6481,1.);
#6481 = DIRECTION('',(-3.330669073875E-15,-1.));
#6482 = ( GEOMETRIC_REPRESENTATION_CONTEXT(2) 
PARAMETRIC_REPRESENTATION_CONTEXT() REPRESENTATION_CONTEXT('2D SPACE',''
  ) );
#6483 = ORIENTED_EDGE('',*,*,#6484,.T.);
#6484 = EDGE_CURVE('',#6087,#6485,#6487,.T.);
#6485 = VERTEX_POINT('',#6486);
#6486 = CARTESIAN_POINT('',(24.,-230.,35.000000000001));
#6487 = SURFACE_CURVE('',#6488,(#6492,#6499),.PCURVE_S1.);
#6488 = LINE('',#6489,#6490);
#6489 = CARTESIAN_POINT('',(40.,-230.,35.000000000001));
#6490 = VECTOR('',#6491,1.);
#6491 = DIRECTION('',(-1.,3.330669073875E-15,6.661338147751E-16));
#6492 = PCURVE('',#4133,#6493);
#6493 = DEFINITIONAL_REPRESENTATION('',(#6494),#6498);
#6494 = LINE('',#6495,#6496);
#6495 = CARTESIAN_POINT('',(0.,0.));
#6496 = VECTOR('',#6497,1.);
#6497 = DIRECTION('',(-3.330669073875E-15,-1.));
#6498 = ( GEOMETRIC_REPRESENTATION_CONTEXT(2) 
PARAMETRIC_REPRESENTATION_CONTEXT() REPRESENTATION_CONTEXT('2D SPACE',''
  ) );
#6499 = PCURVE('',#6102,#6500);
#6500 = DEFINITIONAL_REPRESENTATION('',(#6501),#6505);
#6501 = LINE('',#6502,#6503);
#6502 = CARTESIAN_POINT('',(100.,3.05089287167E-13));
#6503 = VECTOR('',#6504,1.);
#6504 = DIRECTION('',(-3.330669073875E-15,-1.));
#6505 = ( GEOMETRIC_REPRESENTATION_CONTEXT(2) 
PARAMETRIC_REPRESENTATION_CONTEXT() REPRESENTATION_CONTEXT('2D SPACE',''
  ) );
#6506 = ORIENTED_EDGE('',*,*,#6507,.T.);
#6507 = EDGE_CURVE('',#6485,#6508,#6510,.T.);
#6508 = VERTEX_POINT('',#6509);
#6509 = CARTESIAN_POINT('',(24.,-230.,25.000000000001));
#6510 = SURFACE_CURVE('',#6511,(#6515,#6522),.PCURVE_S1.);
#6511 = LINE('',#6512,#6513);
#6512 = CARTESIAN_POINT('',(24.000000000001,-230.,35.000000000001));
#6513 = VECTOR('',#6514,1.);
#6514 = DIRECTION('',(4.440892098501E-15,8.881784197001E-16,-1.));
#6515 = PCURVE('',#4133,#6516);
#6516 = DEFINITIONAL_REPRESENTATION('',(#6517),#6521);
#6517 = LINE('',#6518,#6519);
#6518 = CARTESIAN_POINT('',(-3.5527136788E-14,-16.));
#6519 = VECTOR('',#6520,1.);
#6520 = DIRECTION('',(1.,3.330669073875E-15));
#6521 = ( GEOMETRIC_REPRESENTATION_CONTEXT(2) 
PARAMETRIC_REPRESENTATION_CONTEXT() REPRESENTATION_CONTEXT('2D SPACE',''
  ) );
#6522 = PCURVE('',#6523,#6528);
#6523 = PLANE('',#6524);
#6524 = AXIS2_PLACEMENT_3D('',#6525,#6526,#6527);
#6525 = CARTESIAN_POINT('',(24.,-180.,30.000000000001));
#6526 = DIRECTION('',(1.,-3.552713678801E-15,-8.881784197001E-16));
#6527 = DIRECTION('',(-4.440892098501E-15,-8.881784197001E-16,1.));
#6528 = DEFINITIONAL_REPRESENTATION('',(#6529),#6533);
#6529 = LINE('',#6530,#6531);
#6530 = CARTESIAN_POINT('',(5.,50.));
#6531 = VECTOR('',#6532,1.);
#6532 = DIRECTION('',(-1.,-3.552713678801E-15));
#6533 = ( GEOMETRIC_REPRESENTATION_CONTEXT(2) 
PARAMETRIC_REPRESENTATION_CONTEXT() REPRESENTATION_CONTEXT('2D SPACE',''
  ) );
#6534 = ORIENTED_EDGE('',*,*,#6535,.F.);
#6535 = EDGE_CURVE('',#4118,#6508,#6536,.T.);
#6536 = SURFACE_CURVE('',#6537,(#6541,#6548),.PCURVE_S1.);
#6537 = LINE('',#6538,#6539);
#6538 = CARTESIAN_POINT('',(40.000000000001,-230.,25.000000000001));
#6539 = VECTOR('',#6540,1.);
#6540 = DIRECTION('',(-1.,3.330669073875E-15,6.661338147751E-16));
#6541 = PCURVE('',#4133,#6542);
#6542 = DEFINITIONAL_REPRESENTATION('',(#6543),#6547);
#6543 = LINE('',#6544,#6545);
#6544 = CARTESIAN_POINT('',(10.,3.28626015289E-14));
#6545 = VECTOR('',#6546,1.);
#6546 = DIRECTION('',(-3.330669073875E-15,-1.));
#6547 = ( GEOMETRIC_REPRESENTATION_CONTEXT(2) 
PARAMETRIC_REPRESENTATION_CONTEXT() REPRESENTATION_CONTEXT('2D SPACE',''
  ) );
#6548 = PCURVE('',#4215,#6549);
#6549 = DEFINITIONAL_REPRESENTATION('',(#6550),#6554);
#6550 = LINE('',#6551,#6552);
#6551 = CARTESIAN_POINT('',(0.,0.));
#6552 = VECTOR('',#6553,1.);
#6553 = DIRECTION('',(3.330669073875E-15,-1.));
#6554 = ( GEOMETRIC_REPRESENTATION_CONTEXT(2) 
PARAMETRIC_REPRESENTATION_CONTEXT() REPRESENTATION_CONTEXT('2D SPACE',''
  ) );
#6555 = ORIENTED_EDGE('',*,*,#4115,.F.);
#6556 = ADVANCED_FACE('',(#6557),#4161,.F.);
#6557 = FACE_BOUND('',#6558,.F.);
#6558 = EDGE_LOOP('',(#6559,#6560,#6581,#6582));
#6559 = ORIENTED_EDGE('',*,*,#4145,.F.);
#6560 = ORIENTED_EDGE('',*,*,#6561,.T.);
#6561 = EDGE_CURVE('',#4146,#5960,#6562,.T.);
#6562 = SURFACE_CURVE('',#6563,(#6567,#6574),.PCURVE_S1.);
#6563 = LINE('',#6564,#6565);
#6564 = CARTESIAN_POINT('',(40.,-130.,35.000000000001));
#6565 = VECTOR('',#6566,1.);
#6566 = DIRECTION('',(-1.,3.330669073875E-15,6.661338147751E-16));
#6567 = PCURVE('',#4161,#6568);
#6568 = DEFINITIONAL_REPRESENTATION('',(#6569),#6573);
#6569 = LINE('',#6570,#6571);
#6570 = CARTESIAN_POINT('',(0.,0.));
#6571 = VECTOR('',#6572,1.);
#6572 = DIRECTION('',(-3.330669073875E-15,-1.));
#6573 = ( GEOMETRIC_REPRESENTATION_CONTEXT(2) 
PARAMETRIC_REPRESENTATION_CONTEXT() REPRESENTATION_CONTEXT('2D SPACE',''
  ) );
#6574 = PCURVE('',#4189,#6575);
#6575 = DEFINITIONAL_REPRESENTATION('',(#6576),#6580);
#6576 = LINE('',#6577,#6578);
#6577 = CARTESIAN_POINT('',(10.,-2.57571741713E-14));
#6578 = VECTOR('',#6579,1.);
#6579 = DIRECTION('',(3.330669073875E-15,-1.));
#6580 = ( GEOMETRIC_REPRESENTATION_CONTEXT(2) 
PARAMETRIC_REPRESENTATION_CONTEXT() REPRESENTATION_CONTEXT('2D SPACE',''
  ) );
#6581 = ORIENTED_EDGE('',*,*,#6037,.F.);
#6582 = ORIENTED_EDGE('',*,*,#6442,.F.);
#6583 = ADVANCED_FACE('',(#6584),#4215,.F.);
#6584 = FACE_BOUND('',#6585,.F.);
#6585 = EDGE_LOOP('',(#6586,#6587,#6610,#6631));
#6586 = ORIENTED_EDGE('',*,*,#6535,.T.);
#6587 = ORIENTED_EDGE('',*,*,#6588,.T.);
#6588 = EDGE_CURVE('',#6508,#6589,#6591,.T.);
#6589 = VERTEX_POINT('',#6590);
#6590 = CARTESIAN_POINT('',(24.,-130.,25.000000000001));
#6591 = SURFACE_CURVE('',#6592,(#6596,#6603),.PCURVE_S1.);
#6592 = LINE('',#6593,#6594);
#6593 = CARTESIAN_POINT('',(24.000000000001,-230.,25.000000000001));
#6594 = VECTOR('',#6595,1.);
#6595 = DIRECTION('',(-1.7763568394E-15,1.,-4.440892098501E-15));
#6596 = PCURVE('',#4215,#6597);
#6597 = DEFINITIONAL_REPRESENTATION('',(#6598),#6602);
#6598 = LINE('',#6599,#6600);
#6599 = CARTESIAN_POINT('',(-1.95399252334E-14,-16.));
#6600 = VECTOR('',#6601,1.);
#6601 = DIRECTION('',(1.,-3.330669073875E-15));
#6602 = ( GEOMETRIC_REPRESENTATION_CONTEXT(2) 
PARAMETRIC_REPRESENTATION_CONTEXT() REPRESENTATION_CONTEXT('2D SPACE',''
  ) );
#6603 = PCURVE('',#6523,#6604);
#6604 = DEFINITIONAL_REPRESENTATION('',(#6605),#6609);
#6605 = LINE('',#6606,#6607);
#6606 = CARTESIAN_POINT('',(-5.,50.));
#6607 = VECTOR('',#6608,1.);
#6608 = DIRECTION('',(-3.552713678801E-15,-1.));
#6609 = ( GEOMETRIC_REPRESENTATION_CONTEXT(2) 
PARAMETRIC_REPRESENTATION_CONTEXT() REPRESENTATION_CONTEXT('2D SPACE',''
  ) );
#6610 = ORIENTED_EDGE('',*,*,#6611,.F.);
#6611 = EDGE_CURVE('',#4174,#6589,#6612,.T.);
#6612 = SURFACE_CURVE('',#6613,(#6617,#6624),.PCURVE_S1.);
#6613 = LINE('',#6614,#6615);
#6614 = CARTESIAN_POINT('',(40.,-130.,25.000000000001));
#6615 = VECTOR('',#6616,1.);
#6616 = DIRECTION('',(-1.,3.330669073875E-15,6.661338147751E-16));
#6617 = PCURVE('',#4215,#6618);
#6618 = DEFINITIONAL_REPRESENTATION('',(#6619),#6623);
#6619 = LINE('',#6620,#6621);
#6620 = CARTESIAN_POINT('',(100.,-3.121947145246E-13));
#6621 = VECTOR('',#6622,1.);
#6622 = DIRECTION('',(3.330669073875E-15,-1.));
#6623 = ( GEOMETRIC_REPRESENTATION_CONTEXT(2) 
PARAMETRIC_REPRESENTATION_CONTEXT() REPRESENTATION_CONTEXT('2D SPACE',''
  ) );
#6624 = PCURVE('',#4189,#6625);
#6625 = DEFINITIONAL_REPRESENTATION('',(#6626),#6630);
#6626 = LINE('',#6627,#6628);
#6627 = CARTESIAN_POINT('',(0.,0.));
#6628 = VECTOR('',#6629,1.);
#6629 = DIRECTION('',(3.330669073875E-15,-1.));
#6630 = ( GEOMETRIC_REPRESENTATION_CONTEXT(2) 
PARAMETRIC_REPRESENTATION_CONTEXT() REPRESENTATION_CONTEXT('2D SPACE',''
  ) );
#6631 = ORIENTED_EDGE('',*,*,#4201,.F.);
#6632 = ADVANCED_FACE('',(#6633),#4189,.F.);
#6633 = FACE_BOUND('',#6634,.F.);
#6634 = EDGE_LOOP('',(#6635,#6636,#6659,#6680,#6701,#6702));
#6635 = ORIENTED_EDGE('',*,*,#6611,.T.);
#6636 = ORIENTED_EDGE('',*,*,#6637,.T.);
#6637 = EDGE_CURVE('',#6589,#6638,#6640,.T.);
#6638 = VERTEX_POINT('',#6639);
#6639 = CARTESIAN_POINT('',(24.,-130.,35.000000000001));
#6640 = SURFACE_CURVE('',#6641,(#6645,#6652),.PCURVE_S1.);
#6641 = LINE('',#6642,#6643);
#6642 = CARTESIAN_POINT('',(24.,-130.,25.000000000001));
#6643 = VECTOR('',#6644,1.);
#6644 = DIRECTION('',(-4.440892098501E-15,-8.881784197001E-16,1.));
#6645 = PCURVE('',#4189,#6646);
#6646 = DEFINITIONAL_REPRESENTATION('',(#6647),#6651);
#6647 = LINE('',#6648,#6649);
#6648 = CARTESIAN_POINT('',(-5.048709793414E-29,-16.));
#6649 = VECTOR('',#6650,1.);
#6650 = DIRECTION('',(1.,-3.330669073875E-15));
#6651 = ( GEOMETRIC_REPRESENTATION_CONTEXT(2) 
PARAMETRIC_REPRESENTATION_CONTEXT() REPRESENTATION_CONTEXT('2D SPACE',''
  ) );
#6652 = PCURVE('',#6523,#6653);
#6653 = DEFINITIONAL_REPRESENTATION('',(#6654),#6658);
#6654 = LINE('',#6655,#6656);
#6655 = CARTESIAN_POINT('',(-5.,-50.));
#6656 = VECTOR('',#6657,1.);
#6657 = DIRECTION('',(1.,3.552713678801E-15));
#6658 = ( GEOMETRIC_REPRESENTATION_CONTEXT(2) 
PARAMETRIC_REPRESENTATION_CONTEXT() REPRESENTATION_CONTEXT('2D SPACE',''
  ) );
#6659 = ORIENTED_EDGE('',*,*,#6660,.F.);
#6660 = EDGE_CURVE('',#5983,#6638,#6661,.T.);
#6661 = SURFACE_CURVE('',#6662,(#6666,#6673),.PCURVE_S1.);
#6662 = LINE('',#6663,#6664);
#6663 = CARTESIAN_POINT('',(40.,-130.,35.000000000001));
#6664 = VECTOR('',#6665,1.);
#6665 = DIRECTION('',(-1.,3.330669073875E-15,6.661338147751E-16));
#6666 = PCURVE('',#4189,#6667);
#6667 = DEFINITIONAL_REPRESENTATION('',(#6668),#6672);
#6668 = LINE('',#6669,#6670);
#6669 = CARTESIAN_POINT('',(10.,-2.57571741713E-14));
#6670 = VECTOR('',#6671,1.);
#6671 = DIRECTION('',(3.330669073875E-15,-1.));
#6672 = ( GEOMETRIC_REPRESENTATION_CONTEXT(2) 
PARAMETRIC_REPRESENTATION_CONTEXT() REPRESENTATION_CONTEXT('2D SPACE',''
  ) );
#6673 = PCURVE('',#6102,#6674);
#6674 = DEFINITIONAL_REPRESENTATION('',(#6675),#6679);
#6675 = LINE('',#6676,#6677);
#6676 = CARTESIAN_POINT('',(0.,0.));
#6677 = VECTOR('',#6678,1.);
#6678 = DIRECTION('',(-3.330669073875E-15,-1.));
#6679 = ( GEOMETRIC_REPRESENTATION_CONTEXT(2) 
PARAMETRIC_REPRESENTATION_CONTEXT() REPRESENTATION_CONTEXT('2D SPACE',''
  ) );
#6680 = ORIENTED_EDGE('',*,*,#6681,.F.);
#6681 = EDGE_CURVE('',#5960,#5983,#6682,.T.);
#6682 = SURFACE_CURVE('',#6683,(#6687,#6694),.PCURVE_S1.);
#6683 = LINE('',#6684,#6685);
#6684 = CARTESIAN_POINT('',(40.,-130.,35.000000000001));
#6685 = VECTOR('',#6686,1.);
#6686 = DIRECTION('',(-1.,3.330669073875E-15,6.661338147751E-16));
#6687 = PCURVE('',#4189,#6688);
#6688 = DEFINITIONAL_REPRESENTATION('',(#6689),#6693);
#6689 = LINE('',#6690,#6691);
#6690 = CARTESIAN_POINT('',(10.,-2.57571741713E-14));
#6691 = VECTOR('',#6692,1.);
#6692 = DIRECTION('',(3.330669073875E-15,-1.));
#6693 = ( GEOMETRIC_REPRESENTATION_CONTEXT(2) 
PARAMETRIC_REPRESENTATION_CONTEXT() REPRESENTATION_CONTEXT('2D SPACE',''
  ) );
#6694 = PCURVE('',#5999,#6695);
#6695 = DEFINITIONAL_REPRESENTATION('',(#6696),#6700);
#6696 = LINE('',#6697,#6698);
#6697 = CARTESIAN_POINT('',(5.684341886081E-14,4.973799150321E-14));
#6698 = VECTOR('',#6699,1.);
#6699 = DIRECTION('',(-3.330669073875E-15,-1.));
#6700 = ( GEOMETRIC_REPRESENTATION_CONTEXT(2) 
PARAMETRIC_REPRESENTATION_CONTEXT() REPRESENTATION_CONTEXT('2D SPACE',''
  ) );
#6701 = ORIENTED_EDGE('',*,*,#6561,.F.);
#6702 = ORIENTED_EDGE('',*,*,#4173,.F.);
#6703 = ADVANCED_FACE('',(#6704,#6710),#4493,.T.);
#6704 = FACE_BOUND('',#6705,.T.);
#6705 = EDGE_LOOP('',(#6706,#6707,#6708,#6709));
#6706 = ORIENTED_EDGE('',*,*,#4728,.T.);
#6707 = ORIENTED_EDGE('',*,*,#4625,.T.);
#6708 = ORIENTED_EDGE('',*,*,#4576,.T.);
#6709 = ORIENTED_EDGE('',*,*,#4477,.T.);
#6710 = FACE_BOUND('',#6711,.F.);
#6711 = EDGE_LOOP('',(#6712));
#6712 = ORIENTED_EDGE('',*,*,#5325,.T.);
#6713 = ADVANCED_FACE('',(#6714,#6720),#4693,.T.);
#6714 = FACE_BOUND('',#6715,.T.);
#6715 = EDGE_LOOP('',(#6716,#6717,#6718,#6719));
#6716 = ORIENTED_EDGE('',*,*,#4677,.T.);
#6717 = ORIENTED_EDGE('',*,*,#4966,.T.);
#6718 = ORIENTED_EDGE('',*,*,#4939,.T.);
#6719 = ORIENTED_EDGE('',*,*,#4890,.T.);
#6720 = FACE_BOUND('',#6721,.F.);
#6721 = EDGE_LOOP('',(#6722));
#6722 = ORIENTED_EDGE('',*,*,#5375,.T.);
#6723 = ADVANCED_FACE('',(#6724),#4770,.F.);
#6724 = FACE_BOUND('',#6725,.T.);
#6725 = EDGE_LOOP('',(#6726,#6727,#6748,#6749));
#6726 = ORIENTED_EDGE('',*,*,#4752,.F.);
#6727 = ORIENTED_EDGE('',*,*,#6728,.T.);
#6728 = EDGE_CURVE('',#4753,#5739,#6729,.T.);
#6729 = SURFACE_CURVE('',#6730,(#6734,#6741),.PCURVE_S1.);
#6730 = LINE('',#6731,#6732);
#6731 = CARTESIAN_POINT('',(-40.,-130.,35.000000000001));
#6732 = VECTOR('',#6733,1.);
#6733 = DIRECTION('',(1.,-3.663735981263E-15,-4.440892098501E-16));
#6734 = PCURVE('',#4770,#6735);
#6735 = DEFINITIONAL_REPRESENTATION('',(#6736),#6740);
#6736 = LINE('',#6737,#6738);
#6737 = CARTESIAN_POINT('',(-0.,0.));
#6738 = VECTOR('',#6739,1.);
#6739 = DIRECTION('',(-2.886579864025E-15,-1.));
#6740 = ( GEOMETRIC_REPRESENTATION_CONTEXT(2) 
PARAMETRIC_REPRESENTATION_CONTEXT() REPRESENTATION_CONTEXT('2D SPACE',''
  ) );
#6741 = PCURVE('',#4852,#6742);
#6742 = DEFINITIONAL_REPRESENTATION('',(#6743),#6747);
#6743 = LINE('',#6744,#6745);
#6744 = CARTESIAN_POINT('',(-10.,3.175237850428E-14));
#6745 = VECTOR('',#6746,1.);
#6746 = DIRECTION('',(2.886579864025E-15,-1.));
#6747 = ( GEOMETRIC_REPRESENTATION_CONTEXT(2) 
PARAMETRIC_REPRESENTATION_CONTEXT() REPRESENTATION_CONTEXT('2D SPACE',''
  ) );
#6748 = ORIENTED_EDGE('',*,*,#5761,.F.);
#6749 = ORIENTED_EDGE('',*,*,#6750,.F.);
#6750 = EDGE_CURVE('',#4755,#5762,#6751,.T.);
#6751 = SURFACE_CURVE('',#6752,(#6756,#6763),.PCURVE_S1.);
#6752 = LINE('',#6753,#6754);
#6753 = CARTESIAN_POINT('',(-40.,-230.,35.000000000002));
#6754 = VECTOR('',#6755,1.);
#6755 = DIRECTION('',(1.,-3.663735981263E-15,-4.440892098501E-16));
#6756 = PCURVE('',#4770,#6757);
#6757 = DEFINITIONAL_REPRESENTATION('',(#6758),#6762);
#6758 = LINE('',#6759,#6760);
#6759 = CARTESIAN_POINT('',(-100.,-3.166356066231E-13));
#6760 = VECTOR('',#6761,1.);
#6761 = DIRECTION('',(-2.886579864025E-15,-1.));
#6762 = ( GEOMETRIC_REPRESENTATION_CONTEXT(2) 
PARAMETRIC_REPRESENTATION_CONTEXT() REPRESENTATION_CONTEXT('2D SPACE',''
  ) );
#6763 = PCURVE('',#4798,#6764);
#6764 = DEFINITIONAL_REPRESENTATION('',(#6765),#6769);
#6765 = LINE('',#6766,#6767);
#6766 = CARTESIAN_POINT('',(-0.,0.));
#6767 = VECTOR('',#6768,1.);
#6768 = DIRECTION('',(-2.886579864025E-15,-1.));
#6769 = ( GEOMETRIC_REPRESENTATION_CONTEXT(2) 
PARAMETRIC_REPRESENTATION_CONTEXT() REPRESENTATION_CONTEXT('2D SPACE',''
  ) );
#6770 = ADVANCED_FACE('',(#6771),#4852,.F.);
#6771 = FACE_BOUND('',#6772,.T.);
#6772 = EDGE_LOOP('',(#6773,#6796,#6824,#6845,#6866,#6867));
#6773 = ORIENTED_EDGE('',*,*,#6774,.T.);
#6774 = EDGE_CURVE('',#4811,#6775,#6777,.T.);
#6775 = VERTEX_POINT('',#6776);
#6776 = CARTESIAN_POINT('',(-24.,-130.,25.000000000001));
#6777 = SURFACE_CURVE('',#6778,(#6782,#6789),.PCURVE_S1.);
#6778 = LINE('',#6779,#6780);
#6779 = CARTESIAN_POINT('',(-40.,-130.,25.000000000001));
#6780 = VECTOR('',#6781,1.);
#6781 = DIRECTION('',(1.,-3.663735981263E-15,-4.440892098501E-16));
#6782 = PCURVE('',#4852,#6783);
#6783 = DEFINITIONAL_REPRESENTATION('',(#6784),#6788);
#6784 = LINE('',#6785,#6786);
#6785 = CARTESIAN_POINT('',(-0.,0.));
#6786 = VECTOR('',#6787,1.);
#6787 = DIRECTION('',(2.886579864025E-15,-1.));
#6788 = ( GEOMETRIC_REPRESENTATION_CONTEXT(2) 
PARAMETRIC_REPRESENTATION_CONTEXT() REPRESENTATION_CONTEXT('2D SPACE',''
  ) );
#6789 = PCURVE('',#4826,#6790);
#6790 = DEFINITIONAL_REPRESENTATION('',(#6791),#6795);
#6791 = LINE('',#6792,#6793);
#6792 = CARTESIAN_POINT('',(-100.,3.166356066231E-13));
#6793 = VECTOR('',#6794,1.);
#6794 = DIRECTION('',(2.886579864025E-15,-1.));
#6795 = ( GEOMETRIC_REPRESENTATION_CONTEXT(2) 
PARAMETRIC_REPRESENTATION_CONTEXT() REPRESENTATION_CONTEXT('2D SPACE',''
  ) );
#6796 = ORIENTED_EDGE('',*,*,#6797,.T.);
#6797 = EDGE_CURVE('',#6775,#6798,#6800,.T.);
#6798 = VERTEX_POINT('',#6799);
#6799 = CARTESIAN_POINT('',(-24.,-130.,35.000000000001));
#6800 = SURFACE_CURVE('',#6801,(#6805,#6812),.PCURVE_S1.);
#6801 = LINE('',#6802,#6803);
#6802 = CARTESIAN_POINT('',(-24.,-130.,25.000000000001));
#6803 = VECTOR('',#6804,1.);
#6804 = DIRECTION('',(-4.440892098501E-15,-1.665334536938E-15,1.));
#6805 = PCURVE('',#4852,#6806);
#6806 = DEFINITIONAL_REPRESENTATION('',(#6807),#6811);
#6807 = LINE('',#6808,#6809);
#6808 = CARTESIAN_POINT('',(3.375077994861E-14,-16.));
#6809 = VECTOR('',#6810,1.);
#6810 = DIRECTION('',(-1.,3.552713678801E-15));
#6811 = ( GEOMETRIC_REPRESENTATION_CONTEXT(2) 
PARAMETRIC_REPRESENTATION_CONTEXT() REPRESENTATION_CONTEXT('2D SPACE',''
  ) );
#6812 = PCURVE('',#6813,#6818);
#6813 = PLANE('',#6814);
#6814 = AXIS2_PLACEMENT_3D('',#6815,#6816,#6817);
#6815 = CARTESIAN_POINT('',(-24.,-180.,30.000000000001));
#6816 = DIRECTION('',(-1.,4.107825191113E-15,8.881784197001E-16));
#6817 = DIRECTION('',(4.440892098501E-15,1.665334536938E-15,-1.));
#6818 = DEFINITIONAL_REPRESENTATION('',(#6819),#6823);
#6819 = LINE('',#6820,#6821);
#6820 = CARTESIAN_POINT('',(5.,-50.));
#6821 = VECTOR('',#6822,1.);
#6822 = DIRECTION('',(-1.,4.440892098501E-15));
#6823 = ( GEOMETRIC_REPRESENTATION_CONTEXT(2) 
PARAMETRIC_REPRESENTATION_CONTEXT() REPRESENTATION_CONTEXT('2D SPACE',''
  ) );
#6824 = ORIENTED_EDGE('',*,*,#6825,.F.);
#6825 = EDGE_CURVE('',#5869,#6798,#6826,.T.);
#6826 = SURFACE_CURVE('',#6827,(#6831,#6838),.PCURVE_S1.);
#6827 = LINE('',#6828,#6829);
#6828 = CARTESIAN_POINT('',(-40.,-130.,35.000000000001));
#6829 = VECTOR('',#6830,1.);
#6830 = DIRECTION('',(1.,-3.663735981263E-15,-4.440892098501E-16));
#6831 = PCURVE('',#4852,#6832);
#6832 = DEFINITIONAL_REPRESENTATION('',(#6833),#6837);
#6833 = LINE('',#6834,#6835);
#6834 = CARTESIAN_POINT('',(-10.,3.175237850428E-14));
#6835 = VECTOR('',#6836,1.);
#6836 = DIRECTION('',(2.886579864025E-15,-1.));
#6837 = ( GEOMETRIC_REPRESENTATION_CONTEXT(2) 
PARAMETRIC_REPRESENTATION_CONTEXT() REPRESENTATION_CONTEXT('2D SPACE',''
  ) );
#6838 = PCURVE('',#5905,#6839);
#6839 = DEFINITIONAL_REPRESENTATION('',(#6840),#6844);
#6840 = LINE('',#6841,#6842);
#6841 = CARTESIAN_POINT('',(-0.,0.));
#6842 = VECTOR('',#6843,1.);
#6843 = DIRECTION('',(-2.886579864025E-15,-1.));
#6844 = ( GEOMETRIC_REPRESENTATION_CONTEXT(2) 
PARAMETRIC_REPRESENTATION_CONTEXT() REPRESENTATION_CONTEXT('2D SPACE',''
  ) );
#6845 = ORIENTED_EDGE('',*,*,#6846,.F.);
#6846 = EDGE_CURVE('',#5739,#5869,#6847,.T.);
#6847 = SURFACE_CURVE('',#6848,(#6852,#6859),.PCURVE_S1.);
#6848 = LINE('',#6849,#6850);
#6849 = CARTESIAN_POINT('',(-40.,-130.,35.000000000001));
#6850 = VECTOR('',#6851,1.);
#6851 = DIRECTION('',(1.,-3.663735981263E-15,-4.440892098501E-16));
#6852 = PCURVE('',#4852,#6853);
#6853 = DEFINITIONAL_REPRESENTATION('',(#6854),#6858);
#6854 = LINE('',#6855,#6856);
#6855 = CARTESIAN_POINT('',(-10.,3.175237850428E-14));
#6856 = VECTOR('',#6857,1.);
#6857 = DIRECTION('',(2.886579864025E-15,-1.));
#6858 = ( GEOMETRIC_REPRESENTATION_CONTEXT(2) 
PARAMETRIC_REPRESENTATION_CONTEXT() REPRESENTATION_CONTEXT('2D SPACE',''
  ) );
#6859 = PCURVE('',#5938,#6860);
#6860 = DEFINITIONAL_REPRESENTATION('',(#6861),#6865);
#6861 = LINE('',#6862,#6863);
#6862 = CARTESIAN_POINT('',(-2.84217094304E-14,7.105427357601E-15));
#6863 = VECTOR('',#6864,1.);
#6864 = DIRECTION('',(-3.10862446895E-15,-1.));
#6865 = ( GEOMETRIC_REPRESENTATION_CONTEXT(2) 
PARAMETRIC_REPRESENTATION_CONTEXT() REPRESENTATION_CONTEXT('2D SPACE',''
  ) );
#6866 = ORIENTED_EDGE('',*,*,#6728,.F.);
#6867 = ORIENTED_EDGE('',*,*,#4838,.F.);
#6868 = ADVANCED_FACE('',(#6869),#4798,.F.);
#6869 = FACE_BOUND('',#6870,.T.);
#6870 = EDGE_LOOP('',(#6871,#6872,#6893,#6916,#6939,#6960));
#6871 = ORIENTED_EDGE('',*,*,#6750,.T.);
#6872 = ORIENTED_EDGE('',*,*,#6873,.T.);
#6873 = EDGE_CURVE('',#5762,#5810,#6874,.T.);
#6874 = SURFACE_CURVE('',#6875,(#6879,#6886),.PCURVE_S1.);
#6875 = LINE('',#6876,#6877);
#6876 = CARTESIAN_POINT('',(-40.,-230.,35.000000000002));
#6877 = VECTOR('',#6878,1.);
#6878 = DIRECTION('',(1.,-3.663735981263E-15,-4.440892098501E-16));
#6879 = PCURVE('',#4798,#6880);
#6880 = DEFINITIONAL_REPRESENTATION('',(#6881),#6885);
#6881 = LINE('',#6882,#6883);
#6882 = CARTESIAN_POINT('',(-0.,0.));
#6883 = VECTOR('',#6884,1.);
#6884 = DIRECTION('',(-2.886579864025E-15,-1.));
#6885 = ( GEOMETRIC_REPRESENTATION_CONTEXT(2) 
PARAMETRIC_REPRESENTATION_CONTEXT() REPRESENTATION_CONTEXT('2D SPACE',''
  ) );
#6886 = PCURVE('',#5847,#6887);
#6887 = DEFINITIONAL_REPRESENTATION('',(#6888),#6892);
#6888 = LINE('',#6889,#6890);
#6889 = CARTESIAN_POINT('',(-100.,-3.086420008458E-13));
#6890 = VECTOR('',#6891,1.);
#6891 = DIRECTION('',(-3.10862446895E-15,-1.));
#6892 = ( GEOMETRIC_REPRESENTATION_CONTEXT(2) 
PARAMETRIC_REPRESENTATION_CONTEXT() REPRESENTATION_CONTEXT('2D SPACE',''
  ) );
#6893 = ORIENTED_EDGE('',*,*,#6894,.T.);
#6894 = EDGE_CURVE('',#5810,#6895,#6897,.T.);
#6895 = VERTEX_POINT('',#6896);
#6896 = CARTESIAN_POINT('',(-24.,-230.,35.000000000001));
#6897 = SURFACE_CURVE('',#6898,(#6902,#6909),.PCURVE_S1.);
#6898 = LINE('',#6899,#6900);
#6899 = CARTESIAN_POINT('',(-40.,-230.,35.000000000002));
#6900 = VECTOR('',#6901,1.);
#6901 = DIRECTION('',(1.,-3.663735981263E-15,-4.440892098501E-16));
#6902 = PCURVE('',#4798,#6903);
#6903 = DEFINITIONAL_REPRESENTATION('',(#6904),#6908);
#6904 = LINE('',#6905,#6906);
#6905 = CARTESIAN_POINT('',(-0.,0.));
#6906 = VECTOR('',#6907,1.);
#6907 = DIRECTION('',(-2.886579864025E-15,-1.));
#6908 = ( GEOMETRIC_REPRESENTATION_CONTEXT(2) 
PARAMETRIC_REPRESENTATION_CONTEXT() REPRESENTATION_CONTEXT('2D SPACE',''
  ) );
#6909 = PCURVE('',#5905,#6910);
#6910 = DEFINITIONAL_REPRESENTATION('',(#6911),#6915);
#6911 = LINE('',#6912,#6913);
#6912 = CARTESIAN_POINT('',(-100.,-3.166356066231E-13));
#6913 = VECTOR('',#6914,1.);
#6914 = DIRECTION('',(-2.886579864025E-15,-1.));
#6915 = ( GEOMETRIC_REPRESENTATION_CONTEXT(2) 
PARAMETRIC_REPRESENTATION_CONTEXT() REPRESENTATION_CONTEXT('2D SPACE',''
  ) );
#6916 = ORIENTED_EDGE('',*,*,#6917,.T.);
#6917 = EDGE_CURVE('',#6895,#6918,#6920,.T.);
#6918 = VERTEX_POINT('',#6919);
#6919 = CARTESIAN_POINT('',(-24.,-230.,25.000000000001));
#6920 = SURFACE_CURVE('',#6921,(#6925,#6932),.PCURVE_S1.);
#6921 = LINE('',#6922,#6923);
#6922 = CARTESIAN_POINT('',(-24.,-230.,35.000000000002));
#6923 = VECTOR('',#6924,1.);
#6924 = DIRECTION('',(4.440892098501E-15,1.665334536938E-15,-1.));
#6925 = PCURVE('',#4798,#6926);
#6926 = DEFINITIONAL_REPRESENTATION('',(#6927),#6931);
#6927 = LINE('',#6928,#6929);
#6928 = CARTESIAN_POINT('',(3.37507799486E-14,-16.));
#6929 = VECTOR('',#6930,1.);
#6930 = DIRECTION('',(-1.,-3.552713678801E-15));
#6931 = ( GEOMETRIC_REPRESENTATION_CONTEXT(2) 
PARAMETRIC_REPRESENTATION_CONTEXT() REPRESENTATION_CONTEXT('2D SPACE',''
  ) );
#6932 = PCURVE('',#6813,#6933);
#6933 = DEFINITIONAL_REPRESENTATION('',(#6934),#6938);
#6934 = LINE('',#6935,#6936);
#6935 = CARTESIAN_POINT('',(-5.,50.));
#6936 = VECTOR('',#6937,1.);
#6937 = DIRECTION('',(1.,-4.440892098501E-15));
#6938 = ( GEOMETRIC_REPRESENTATION_CONTEXT(2) 
PARAMETRIC_REPRESENTATION_CONTEXT() REPRESENTATION_CONTEXT('2D SPACE',''
  ) );
#6939 = ORIENTED_EDGE('',*,*,#6940,.F.);
#6940 = EDGE_CURVE('',#4783,#6918,#6941,.T.);
#6941 = SURFACE_CURVE('',#6942,(#6946,#6953),.PCURVE_S1.);
#6942 = LINE('',#6943,#6944);
#6943 = CARTESIAN_POINT('',(-40.,-230.,25.000000000001));
#6944 = VECTOR('',#6945,1.);
#6945 = DIRECTION('',(1.,-3.663735981263E-15,-4.440892098501E-16));
#6946 = PCURVE('',#4798,#6947);
#6947 = DEFINITIONAL_REPRESENTATION('',(#6948),#6952);
#6948 = LINE('',#6949,#6950);
#6949 = CARTESIAN_POINT('',(-10.,-3.175237850428E-14));
#6950 = VECTOR('',#6951,1.);
#6951 = DIRECTION('',(-2.886579864025E-15,-1.));
#6952 = ( GEOMETRIC_REPRESENTATION_CONTEXT(2) 
PARAMETRIC_REPRESENTATION_CONTEXT() REPRESENTATION_CONTEXT('2D SPACE',''
  ) );
#6953 = PCURVE('',#4826,#6954);
#6954 = DEFINITIONAL_REPRESENTATION('',(#6955),#6959);
#6955 = LINE('',#6956,#6957);
#6956 = CARTESIAN_POINT('',(-0.,0.));
#6957 = VECTOR('',#6958,1.);
#6958 = DIRECTION('',(2.886579864025E-15,-1.));
#6959 = ( GEOMETRIC_REPRESENTATION_CONTEXT(2) 
PARAMETRIC_REPRESENTATION_CONTEXT() REPRESENTATION_CONTEXT('2D SPACE',''
  ) );
#6960 = ORIENTED_EDGE('',*,*,#4782,.F.);
#6961 = ADVANCED_FACE('',(#6962),#4826,.F.);
#6962 = FACE_BOUND('',#6963,.T.);
#6963 = EDGE_LOOP('',(#6964,#6965,#6986,#6987));
#6964 = ORIENTED_EDGE('',*,*,#6940,.T.);
#6965 = ORIENTED_EDGE('',*,*,#6966,.T.);
#6966 = EDGE_CURVE('',#6918,#6775,#6967,.T.);
#6967 = SURFACE_CURVE('',#6968,(#6972,#6979),.PCURVE_S1.);
#6968 = LINE('',#6969,#6970);
#6969 = CARTESIAN_POINT('',(-24.,-230.,25.000000000002));
#6970 = VECTOR('',#6971,1.);
#6971 = DIRECTION('',(-1.221245327088E-15,1.,-4.551914400963E-15));
#6972 = PCURVE('',#4826,#6973);
#6973 = DEFINITIONAL_REPRESENTATION('',(#6974),#6978);
#6974 = LINE('',#6975,#6976);
#6975 = CARTESIAN_POINT('',(1.900701818158E-13,-16.));
#6976 = VECTOR('',#6977,1.);
#6977 = DIRECTION('',(-1.,3.552713678801E-15));
#6978 = ( GEOMETRIC_REPRESENTATION_CONTEXT(2) 
PARAMETRIC_REPRESENTATION_CONTEXT() REPRESENTATION_CONTEXT('2D SPACE',''
  ) );
#6979 = PCURVE('',#6813,#6980);
#6980 = DEFINITIONAL_REPRESENTATION('',(#6981),#6985);
#6981 = LINE('',#6982,#6983);
#6982 = CARTESIAN_POINT('',(5.,50.));
#6983 = VECTOR('',#6984,1.);
#6984 = DIRECTION('',(4.440892098501E-15,-1.));
#6985 = ( GEOMETRIC_REPRESENTATION_CONTEXT(2) 
PARAMETRIC_REPRESENTATION_CONTEXT() REPRESENTATION_CONTEXT('2D SPACE',''
  ) );
#6986 = ORIENTED_EDGE('',*,*,#6774,.F.);
#6987 = ORIENTED_EDGE('',*,*,#4810,.F.);
#6988 = ADVANCED_FACE('',(#6989,#7103),#5706,.T.);
#6989 = FACE_BOUND('',#6990,.T.);
#6990 = EDGE_LOOP('',(#6991,#7021,#7049,#7077));
#6991 = ORIENTED_EDGE('',*,*,#6992,.T.);
#6992 = EDGE_CURVE('',#6993,#6995,#6997,.T.);
#6993 = VERTEX_POINT('',#6994);
#6994 = CARTESIAN_POINT('',(-4.,30.890622673699,11.5));
#6995 = VERTEX_POINT('',#6996);
#6996 = CARTESIAN_POINT('',(-4.,6.841463659191,11.5));
#6997 = SURFACE_CURVE('',#6998,(#7002,#7009),.PCURVE_S1.);
#6998 = LINE('',#6999,#7000);
#6999 = CARTESIAN_POINT('',(-4.,30.890622673699,11.5));
#7000 = VECTOR('',#7001,1.);
#7001 = DIRECTION('',(4.440892098501E-16,-1.,1.554312234475E-15));
#7002 = PCURVE('',#5706,#7003);
#7003 = DEFINITIONAL_REPRESENTATION('',(#7004),#7008);
#7004 = LINE('',#7005,#7006);
#7005 = CARTESIAN_POINT('',(12.024579507253,4.25));
#7006 = VECTOR('',#7007,1.);
#7007 = DIRECTION('',(-1.,1.554312234475E-15));
#7008 = ( GEOMETRIC_REPRESENTATION_CONTEXT(2) 
PARAMETRIC_REPRESENTATION_CONTEXT() REPRESENTATION_CONTEXT('2D SPACE',''
  ) );
#7009 = PCURVE('',#7010,#7015);
#7010 = PLANE('',#7011);
#7011 = AXIS2_PLACEMENT_3D('',#7012,#7013,#7014);
#7012 = CARTESIAN_POINT('',(-6.753670149553E-14,18.885061783105,11.5));
#7013 = DIRECTION('',(3.847532195041E-15,-7.81162231426E-16,-1.));
#7014 = DIRECTION('',(-1.,4.440892098501E-16,-3.181398380266E-15));
#7015 = DEFINITIONAL_REPRESENTATION('',(#7016),#7020);
#7016 = LINE('',#7017,#7018);
#7017 = CARTESIAN_POINT('',(4.,12.005560890595));
#7018 = VECTOR('',#7019,1.);
#7019 = DIRECTION('',(-6.661338147751E-16,-1.));
#7020 = ( GEOMETRIC_REPRESENTATION_CONTEXT(2) 
PARAMETRIC_REPRESENTATION_CONTEXT() REPRESENTATION_CONTEXT('2D SPACE',''
  ) );
#7021 = ORIENTED_EDGE('',*,*,#7022,.F.);
#7022 = EDGE_CURVE('',#7023,#6995,#7025,.T.);
#7023 = VERTEX_POINT('',#7024);
#7024 = CARTESIAN_POINT('',(-4.,6.841463659191,3.));
#7025 = SURFACE_CURVE('',#7026,(#7030,#7037),.PCURVE_S1.);
#7026 = LINE('',#7027,#7028);
#7027 = CARTESIAN_POINT('',(-4.,6.841463659191,3.));
#7028 = VECTOR('',#7029,1.);
#7029 = DIRECTION('',(-5.438048215738E-15,5.551115123126E-16,1.));
#7030 = PCURVE('',#5706,#7031);
#7031 = DEFINITIONAL_REPRESENTATION('',(#7032),#7036);
#7032 = LINE('',#7033,#7034);
#7033 = CARTESIAN_POINT('',(-12.02457950725,-4.25));
#7034 = VECTOR('',#7035,1.);
#7035 = DIRECTION('',(-5.551115123126E-16,1.));
#7036 = ( GEOMETRIC_REPRESENTATION_CONTEXT(2) 
PARAMETRIC_REPRESENTATION_CONTEXT() REPRESENTATION_CONTEXT('2D SPACE',''
  ) );
#7037 = PCURVE('',#7038,#7043);
#7038 = CYLINDRICAL_SURFACE('',#7039,7.925000000002);
#7039 = AXIS2_PLACEMENT_3D('',#7040,#7041,#7042);
#7040 = CARTESIAN_POINT('',(-2.231934898019E-14,-4.329869796038E-15,3.)
  );
#7041 = DIRECTION('',(-7.436449660064E-15,-1.443289932013E-15,1.));
#7042 = DIRECTION('',(2.886579864025E-15,-1.,7.216449660064E-15));
#7043 = DEFINITIONAL_REPRESENTATION('',(#7044),#7048);
#7044 = LINE('',#7045,#7046);
#7045 = CARTESIAN_POINT('',(3.670663984648,-1.489869763453E-16));
#7046 = VECTOR('',#7047,1.);
#7047 = DIRECTION('',(0.,1.));
#7048 = ( GEOMETRIC_REPRESENTATION_CONTEXT(2) 
PARAMETRIC_REPRESENTATION_CONTEXT() REPRESENTATION_CONTEXT('2D SPACE',''
  ) );
#7049 = ORIENTED_EDGE('',*,*,#7050,.F.);
#7050 = EDGE_CURVE('',#7051,#7023,#7053,.T.);
#7051 = VERTEX_POINT('',#7052);
#7052 = CARTESIAN_POINT('',(-4.,30.890622673699,3.));
#7053 = SURFACE_CURVE('',#7054,(#7058,#7065),.PCURVE_S1.);
#7054 = LINE('',#7055,#7056);
#7055 = CARTESIAN_POINT('',(-4.,10.462499948656,3.));
#7056 = VECTOR('',#7057,1.);
#7057 = DIRECTION('',(6.661338147751E-16,-1.,2.775557561563E-15));
#7058 = PCURVE('',#5706,#7059);
#7059 = DEFINITIONAL_REPRESENTATION('',(#7060),#7064);
#7060 = LINE('',#7061,#7062);
#7061 = CARTESIAN_POINT('',(-8.40354321779,-4.25));
#7062 = VECTOR('',#7063,1.);
#7063 = DIRECTION('',(-1.,2.553512956638E-15));
#7064 = ( GEOMETRIC_REPRESENTATION_CONTEXT(2) 
PARAMETRIC_REPRESENTATION_CONTEXT() REPRESENTATION_CONTEXT('2D SPACE',''
  ) );
#7065 = PCURVE('',#7066,#7071);
#7066 = PLANE('',#7067);
#7067 = AXIS2_PLACEMENT_3D('',#7068,#7069,#7070);
#7068 = CARTESIAN_POINT('',(2.082149955311E-13,11.40274179121,3.));
#7069 = DIRECTION('',(-3.050077186596E-15,1.826555736873E-15,1.));
#7070 = DIRECTION('',(-4.440892098501E-16,1.,-3.158823366423E-15));
#7071 = DEFINITIONAL_REPRESENTATION('',(#7072),#7076);
#7072 = LINE('',#7073,#7074);
#7073 = CARTESIAN_POINT('',(-0.940241842555,4.));
#7074 = VECTOR('',#7075,1.);
#7075 = DIRECTION('',(-1.,-1.110223024625E-15));
#7076 = ( GEOMETRIC_REPRESENTATION_CONTEXT(2) 
PARAMETRIC_REPRESENTATION_CONTEXT() REPRESENTATION_CONTEXT('2D SPACE',''
  ) );
#7077 = ORIENTED_EDGE('',*,*,#7078,.F.);
#7078 = EDGE_CURVE('',#6993,#7051,#7079,.T.);
#7079 = SURFACE_CURVE('',#7080,(#7084,#7091),.PCURVE_S1.);
#7080 = LINE('',#7081,#7082);
#7081 = CARTESIAN_POINT('',(-4.,30.890622673699,11.5));
#7082 = VECTOR('',#7083,1.);
#7083 = DIRECTION('',(4.882936703426E-15,2.22044604925E-16,-1.));
#7084 = PCURVE('',#5706,#7085);
#7085 = DEFINITIONAL_REPRESENTATION('',(#7086),#7090);
#7086 = LINE('',#7087,#7088);
#7087 = CARTESIAN_POINT('',(12.024579507253,4.25));
#7088 = VECTOR('',#7089,1.);
#7089 = DIRECTION('',(1.33226762955E-15,-1.));
#7090 = ( GEOMETRIC_REPRESENTATION_CONTEXT(2) 
PARAMETRIC_REPRESENTATION_CONTEXT() REPRESENTATION_CONTEXT('2D SPACE',''
  ) );
#7091 = PCURVE('',#7092,#7097);
#7092 = PLANE('',#7093);
#7093 = AXIS2_PLACEMENT_3D('',#7094,#7095,#7096);
#7094 = CARTESIAN_POINT('',(4.,30.890622673699,11.5));
#7095 = DIRECTION('',(-6.661338147751E-16,1.,-1.7763568394E-15));
#7096 = DIRECTION('',(-1.,1.33226762955E-15,-2.662490654175E-15));
#7097 = DEFINITIONAL_REPRESENTATION('',(#7098),#7102);
#7098 = LINE('',#7099,#7100);
#7099 = CARTESIAN_POINT('',(8.,8.865427357599E-15));
#7100 = VECTOR('',#7101,1.);
#7101 = DIRECTION('',(-1.554312234475E-15,-1.));
#7102 = ( GEOMETRIC_REPRESENTATION_CONTEXT(2) 
PARAMETRIC_REPRESENTATION_CONTEXT() REPRESENTATION_CONTEXT('2D SPACE',''
  ) );
#7103 = FACE_BOUND('',#7104,.T.);
#7104 = EDGE_LOOP('',(#7105));
#7105 = ORIENTED_EDGE('',*,*,#5691,.T.);
#7106 = ADVANCED_FACE('',(#7107),#5847,.T.);
#7107 = FACE_BOUND('',#7108,.F.);
#7108 = EDGE_LOOP('',(#7109,#7110));
#7109 = ORIENTED_EDGE('',*,*,#5832,.T.);
#7110 = ORIENTED_EDGE('',*,*,#6873,.T.);
#7111 = ADVANCED_FACE('',(#7112),#5905,.F.);
#7112 = FACE_BOUND('',#7113,.T.);
#7113 = EDGE_LOOP('',(#7114,#7115,#7116,#7137));
#7114 = ORIENTED_EDGE('',*,*,#5891,.T.);
#7115 = ORIENTED_EDGE('',*,*,#6825,.T.);
#7116 = ORIENTED_EDGE('',*,*,#7117,.T.);
#7117 = EDGE_CURVE('',#6798,#6895,#7118,.T.);
#7118 = SURFACE_CURVE('',#7119,(#7123,#7130),.PCURVE_S1.);
#7119 = LINE('',#7120,#7121);
#7120 = CARTESIAN_POINT('',(-24.,-130.,35.000000000001));
#7121 = VECTOR('',#7122,1.);
#7122 = DIRECTION('',(1.221245327088E-15,-1.,4.551914400963E-15));
#7123 = PCURVE('',#5905,#7124);
#7124 = DEFINITIONAL_REPRESENTATION('',(#7125),#7129);
#7125 = LINE('',#7126,#7127);
#7126 = CARTESIAN_POINT('',(-1.33226762955E-13,-16.));
#7127 = VECTOR('',#7128,1.);
#7128 = DIRECTION('',(-1.,-3.552713678801E-15));
#7129 = ( GEOMETRIC_REPRESENTATION_CONTEXT(2) 
PARAMETRIC_REPRESENTATION_CONTEXT() REPRESENTATION_CONTEXT('2D SPACE',''
  ) );
#7130 = PCURVE('',#6813,#7131);
#7131 = DEFINITIONAL_REPRESENTATION('',(#7132),#7136);
#7132 = LINE('',#7133,#7134);
#7133 = CARTESIAN_POINT('',(-5.,-50.));
#7134 = VECTOR('',#7135,1.);
#7135 = DIRECTION('',(-4.440892098501E-15,1.));
#7136 = ( GEOMETRIC_REPRESENTATION_CONTEXT(2) 
PARAMETRIC_REPRESENTATION_CONTEXT() REPRESENTATION_CONTEXT('2D SPACE',''
  ) );
#7137 = ORIENTED_EDGE('',*,*,#6894,.F.);
#7138 = ADVANCED_FACE('',(#7139),#5938,.T.);
#7139 = FACE_BOUND('',#7140,.F.);
#7140 = EDGE_LOOP('',(#7141,#7142));
#7141 = ORIENTED_EDGE('',*,*,#6846,.F.);
#7142 = ORIENTED_EDGE('',*,*,#5923,.T.);
#7143 = ADVANCED_FACE('',(#7144),#5999,.T.);
#7144 = FACE_BOUND('',#7145,.T.);
#7145 = EDGE_LOOP('',(#7146,#7147));
#7146 = ORIENTED_EDGE('',*,*,#6681,.F.);
#7147 = ORIENTED_EDGE('',*,*,#5982,.T.);
#7148 = ADVANCED_FACE('',(#7149),#6102,.F.);
#7149 = FACE_BOUND('',#7150,.F.);
#7150 = EDGE_LOOP('',(#7151,#7152,#7153,#7174));
#7151 = ORIENTED_EDGE('',*,*,#6086,.T.);
#7152 = ORIENTED_EDGE('',*,*,#6660,.T.);
#7153 = ORIENTED_EDGE('',*,*,#7154,.T.);
#7154 = EDGE_CURVE('',#6638,#6485,#7155,.T.);
#7155 = SURFACE_CURVE('',#7156,(#7160,#7167),.PCURVE_S1.);
#7156 = LINE('',#7157,#7158);
#7157 = CARTESIAN_POINT('',(24.,-130.,35.000000000001));
#7158 = VECTOR('',#7159,1.);
#7159 = DIRECTION('',(1.7763568394E-15,-1.,4.440892098501E-15));
#7160 = PCURVE('',#6102,#7161);
#7161 = DEFINITIONAL_REPRESENTATION('',(#7162),#7166);
#7162 = LINE('',#7163,#7164);
#7163 = CARTESIAN_POINT('',(-3.730349362741E-14,-16.));
#7164 = VECTOR('',#7165,1.);
#7165 = DIRECTION('',(1.,3.330669073875E-15));
#7166 = ( GEOMETRIC_REPRESENTATION_CONTEXT(2) 
PARAMETRIC_REPRESENTATION_CONTEXT() REPRESENTATION_CONTEXT('2D SPACE',''
  ) );
#7167 = PCURVE('',#6523,#7168);
#7168 = DEFINITIONAL_REPRESENTATION('',(#7169),#7173);
#7169 = LINE('',#7170,#7171);
#7170 = CARTESIAN_POINT('',(5.,-50.));
#7171 = VECTOR('',#7172,1.);
#7172 = DIRECTION('',(3.552713678801E-15,1.));
#7173 = ( GEOMETRIC_REPRESENTATION_CONTEXT(2) 
PARAMETRIC_REPRESENTATION_CONTEXT() REPRESENTATION_CONTEXT('2D SPACE',''
  ) );
#7174 = ORIENTED_EDGE('',*,*,#6484,.F.);
#7175 = ADVANCED_FACE('',(#7176),#6155,.T.);
#7176 = FACE_BOUND('',#7177,.T.);
#7177 = EDGE_LOOP('',(#7178,#7179));
#7178 = ORIENTED_EDGE('',*,*,#6140,.T.);
#7179 = ORIENTED_EDGE('',*,*,#6463,.T.);
#7180 = ADVANCED_FACE('',(#7181),#6185,.F.);
#7181 = FACE_BOUND('',#7182,.T.);
#7182 = EDGE_LOOP('',(#7183,#7184,#7185,#7186));
#7183 = ORIENTED_EDGE('',*,*,#6171,.F.);
#7184 = ORIENTED_EDGE('',*,*,#6386,.T.);
#7185 = ORIENTED_EDGE('',*,*,#6337,.T.);
#7186 = ORIENTED_EDGE('',*,*,#6202,.F.);
#7187 = ADVANCED_FACE('',(#7188),#6276,.F.);
#7188 = FACE_BOUND('',#7189,.F.);
#7189 = EDGE_LOOP('',(#7190,#7213,#7240,#7241,#7242,#7243));
#7190 = ORIENTED_EDGE('',*,*,#7191,.F.);
#7191 = EDGE_CURVE('',#7192,#6258,#7194,.T.);
#7192 = VERTEX_POINT('',#7193);
#7193 = CARTESIAN_POINT('',(-5.62883073485E-14,-12.925,13.));
#7194 = SEAM_CURVE('',#7195,(#7199,#7206),.PCURVE_S1.);
#7195 = LINE('',#7196,#7197);
#7196 = CARTESIAN_POINT('',(-5.650480083829E-14,-12.925,13.));
#7197 = VECTOR('',#7198,1.);
#7198 = DIRECTION('',(-7.216449660064E-15,-1.443289932013E-15,1.));
#7199 = PCURVE('',#6276,#7200);
#7200 = DEFINITIONAL_REPRESENTATION('',(#7201),#7205);
#7201 = LINE('',#7202,#7203);
#7202 = CARTESIAN_POINT('',(0.,0.));
#7203 = VECTOR('',#7204,1.);
#7204 = DIRECTION('',(0.,1.));
#7205 = ( GEOMETRIC_REPRESENTATION_CONTEXT(2) 
PARAMETRIC_REPRESENTATION_CONTEXT() REPRESENTATION_CONTEXT('2D SPACE',''
  ) );
#7206 = PCURVE('',#6276,#7207);
#7207 = DEFINITIONAL_REPRESENTATION('',(#7208),#7212);
#7208 = LINE('',#7209,#7210);
#7209 = CARTESIAN_POINT('',(6.28318530718,0.));
#7210 = VECTOR('',#7211,1.);
#7211 = DIRECTION('',(0.,1.));
#7212 = ( GEOMETRIC_REPRESENTATION_CONTEXT(2) 
PARAMETRIC_REPRESENTATION_CONTEXT() REPRESENTATION_CONTEXT('2D SPACE',''
  ) );
#7213 = ORIENTED_EDGE('',*,*,#7214,.T.);
#7214 = EDGE_CURVE('',#7192,#7192,#7215,.T.);
#7215 = SURFACE_CURVE('',#7216,(#7221,#7228),.PCURVE_S1.);
#7216 = CIRCLE('',#7217,12.925000000001);
#7217 = AXIS2_PLACEMENT_3D('',#7218,#7219,#7220);
#7218 = CARTESIAN_POINT('',(-9.670384558083E-14,-1.876276911616E-14,13.)
  );
#7219 = DIRECTION('',(1.223289932013E-15,7.216449660064E-15,1.));
#7220 = DIRECTION('',(2.886579864025E-15,-1.,7.216449660064E-15));
#7221 = PCURVE('',#6276,#7222);
#7222 = DEFINITIONAL_REPRESENTATION('',(#7223),#7227);
#7223 = LINE('',#7224,#7225);
#7224 = CARTESIAN_POINT('',(0.,0.));
#7225 = VECTOR('',#7226,1.);
#7226 = DIRECTION('',(1.,0.));
#7227 = ( GEOMETRIC_REPRESENTATION_CONTEXT(2) 
PARAMETRIC_REPRESENTATION_CONTEXT() REPRESENTATION_CONTEXT('2D SPACE',''
  ) );
#7228 = PCURVE('',#7229,#7234);
#7229 = PLANE('',#7230);
#7230 = AXIS2_PLACEMENT_3D('',#7231,#7232,#7233);
#7231 = CARTESIAN_POINT('',(-9.670384558083E-14,-1.876276911616E-14,13.)
  );
#7232 = DIRECTION('',(-7.436449660064E-15,-1.443289932013E-15,1.));
#7233 = DIRECTION('',(2.886579864025E-15,-1.,7.216449660064E-15));
#7234 = DEFINITIONAL_REPRESENTATION('',(#7235),#7239);
#7235 = CIRCLE('',#7236,12.925000000001);
#7236 = AXIS2_PLACEMENT_2D('',#7237,#7238);
#7237 = CARTESIAN_POINT('',(5.324934164434E-44,1.262177448354E-29));
#7238 = DIRECTION('',(1.,5.773159728051E-15));
#7239 = ( GEOMETRIC_REPRESENTATION_CONTEXT(2) 
PARAMETRIC_REPRESENTATION_CONTEXT() REPRESENTATION_CONTEXT('2D SPACE',''
  ) );
#7240 = ORIENTED_EDGE('',*,*,#7191,.T.);
#7241 = ORIENTED_EDGE('',*,*,#6288,.F.);
#7242 = ORIENTED_EDGE('',*,*,#6312,.F.);
#7243 = ORIENTED_EDGE('',*,*,#6257,.F.);
#7244 = ADVANCED_FACE('',(#7245),#6523,.T.);
#7245 = FACE_BOUND('',#7246,.T.);
#7246 = EDGE_LOOP('',(#7247,#7248,#7249,#7250));
#7247 = ORIENTED_EDGE('',*,*,#6507,.T.);
#7248 = ORIENTED_EDGE('',*,*,#6588,.T.);
#7249 = ORIENTED_EDGE('',*,*,#6637,.T.);
#7250 = ORIENTED_EDGE('',*,*,#7154,.T.);
#7251 = ADVANCED_FACE('',(#7252),#6813,.T.);
#7252 = FACE_BOUND('',#7253,.F.);
#7253 = EDGE_LOOP('',(#7254,#7255,#7256,#7257));
#7254 = ORIENTED_EDGE('',*,*,#6917,.T.);
#7255 = ORIENTED_EDGE('',*,*,#6966,.T.);
#7256 = ORIENTED_EDGE('',*,*,#6797,.T.);
#7257 = ORIENTED_EDGE('',*,*,#7117,.T.);
#7258 = ADVANCED_FACE('',(#7259),#7010,.T.);
#7259 = FACE_BOUND('',#7260,.T.);
#7260 = EDGE_LOOP('',(#7261,#7291,#7317,#7318));
#7261 = ORIENTED_EDGE('',*,*,#7262,.F.);
#7262 = EDGE_CURVE('',#7263,#7265,#7267,.T.);
#7263 = VERTEX_POINT('',#7264);
#7264 = CARTESIAN_POINT('',(4.,6.841463659191,11.5));
#7265 = VERTEX_POINT('',#7266);
#7266 = CARTESIAN_POINT('',(4.,30.890622673699,11.5));
#7267 = SURFACE_CURVE('',#7268,(#7272,#7279),.PCURVE_S1.);
#7268 = LINE('',#7269,#7270);
#7269 = CARTESIAN_POINT('',(4.,1.093569679256E-14,11.5));
#7270 = VECTOR('',#7271,1.);
#7271 = DIRECTION('',(-4.440892098501E-16,1.,-1.887379141863E-15));
#7272 = PCURVE('',#7010,#7273);
#7273 = DEFINITIONAL_REPRESENTATION('',(#7274),#7278);
#7274 = LINE('',#7275,#7276);
#7275 = CARTESIAN_POINT('',(-4.,-18.8850617831));
#7276 = VECTOR('',#7277,1.);
#7277 = DIRECTION('',(6.661338147751E-16,1.));
#7278 = ( GEOMETRIC_REPRESENTATION_CONTEXT(2) 
PARAMETRIC_REPRESENTATION_CONTEXT() REPRESENTATION_CONTEXT('2D SPACE',''
  ) );
#7279 = PCURVE('',#7280,#7285);
#7280 = PLANE('',#7281);
#7281 = AXIS2_PLACEMENT_3D('',#7282,#7283,#7284);
#7282 = CARTESIAN_POINT('',(4.,18.866043166446,7.25));
#7283 = DIRECTION('',(-1.,-7.851641389658E-15,-3.0564936228E-15));
#7284 = DIRECTION('',(9.850042833983E-15,-1.,1.7763568394E-15));
#7285 = DEFINITIONAL_REPRESENTATION('',(#7286),#7290);
#7286 = LINE('',#7287,#7288);
#7287 = CARTESIAN_POINT('',(18.866043166446,4.25));
#7288 = VECTOR('',#7289,1.);
#7289 = DIRECTION('',(-1.,-1.887379141863E-15));
#7290 = ( GEOMETRIC_REPRESENTATION_CONTEXT(2) 
PARAMETRIC_REPRESENTATION_CONTEXT() REPRESENTATION_CONTEXT('2D SPACE',''
  ) );
#7291 = ORIENTED_EDGE('',*,*,#7292,.T.);
#7292 = EDGE_CURVE('',#7263,#6995,#7293,.T.);
#7293 = SURFACE_CURVE('',#7294,(#7299,#7310),.PCURVE_S1.);
#7294 = CIRCLE('',#7295,7.925000000002);
#7295 = AXIS2_PLACEMENT_3D('',#7296,#7297,#7298);
#7296 = CARTESIAN_POINT('',(-6.254755448099E-14,6.383782391595E-15,11.5)
  );
#7297 = DIRECTION('',(-2.773512956638E-15,3.219646771413E-15,1.));
#7298 = DIRECTION('',(8.881784197001E-16,-1.,3.219646771413E-15));
#7299 = PCURVE('',#7010,#7300);
#7300 = DEFINITIONAL_REPRESENTATION('',(#7301),#7309);
#7301 = ( BOUNDED_CURVE() B_SPLINE_CURVE(2,(#7302,#7303,#7304,#7305,
#7306,#7307,#7308),.UNSPECIFIED.,.T.,.F.) B_SPLINE_CURVE_WITH_KNOTS((1,2
    ,2,2,2,1),(-2.094395102393,0.,2.094395102393,4.188790204786,
6.28318530718,8.377580409573),.UNSPECIFIED.) CURVE() 
GEOMETRIC_REPRESENTATION_ITEM() RATIONAL_B_SPLINE_CURVE((1.,0.5,1.,0.5,
1.,0.5,1.)) REPRESENTATION_ITEM('') );
#7302 = CARTESIAN_POINT('',(-1.798099056732E-14,-26.8100617831));
#7303 = CARTESIAN_POINT('',(-13.72650264998,-26.8100617831));
#7304 = CARTESIAN_POINT('',(-6.863251324993,-14.9225617831));
#7305 = CARTESIAN_POINT('',(6.473496666504E-15,-3.035061783102));
#7306 = CARTESIAN_POINT('',(6.863251324993,-14.9225617831));
#7307 = CARTESIAN_POINT('',(13.726502649986,-26.8100617831));
#7308 = CARTESIAN_POINT('',(-1.798099056732E-14,-26.8100617831));
#7309 = ( GEOMETRIC_REPRESENTATION_CONTEXT(2) 
PARAMETRIC_REPRESENTATION_CONTEXT() REPRESENTATION_CONTEXT('2D SPACE',''
  ) );
#7310 = PCURVE('',#7038,#7311);
#7311 = DEFINITIONAL_REPRESENTATION('',(#7312),#7316);
#7312 = LINE('',#7313,#7314);
#7313 = CARTESIAN_POINT('',(1.998401444325E-15,8.5));
#7314 = VECTOR('',#7315,1.);
#7315 = DIRECTION('',(1.,0.));
#7316 = ( GEOMETRIC_REPRESENTATION_CONTEXT(2) 
PARAMETRIC_REPRESENTATION_CONTEXT() REPRESENTATION_CONTEXT('2D SPACE',''
  ) );
#7317 = ORIENTED_EDGE('',*,*,#6992,.F.);
#7318 = ORIENTED_EDGE('',*,*,#7319,.F.);
#7319 = EDGE_CURVE('',#7265,#6993,#7320,.T.);
#7320 = SURFACE_CURVE('',#7321,(#7325,#7332),.PCURVE_S1.);
#7321 = LINE('',#7322,#7323);
#7322 = CARTESIAN_POINT('',(4.,30.890622673699,11.5));
#7323 = VECTOR('',#7324,1.);
#7324 = DIRECTION('',(-1.,1.554312234475E-15,-2.44044604925E-15));
#7325 = PCURVE('',#7010,#7326);
#7326 = DEFINITIONAL_REPRESENTATION('',(#7327),#7331);
#7327 = LINE('',#7328,#7329);
#7328 = CARTESIAN_POINT('',(-4.,12.005560890595));
#7329 = VECTOR('',#7330,1.);
#7330 = DIRECTION('',(1.,1.554312234475E-15));
#7331 = ( GEOMETRIC_REPRESENTATION_CONTEXT(2) 
PARAMETRIC_REPRESENTATION_CONTEXT() REPRESENTATION_CONTEXT('2D SPACE',''
  ) );
#7332 = PCURVE('',#7092,#7333);
#7333 = DEFINITIONAL_REPRESENTATION('',(#7334),#7338);
#7334 = LINE('',#7335,#7336);
#7335 = CARTESIAN_POINT('',(-2.22044604925E-15,8.881784197001E-15));
#7336 = VECTOR('',#7337,1.);
#7337 = DIRECTION('',(1.,1.554312234475E-15));
#7338 = ( GEOMETRIC_REPRESENTATION_CONTEXT(2) 
PARAMETRIC_REPRESENTATION_CONTEXT() REPRESENTATION_CONTEXT('2D SPACE',''
  ) );
#7339 = ADVANCED_FACE('',(#7340),#7092,.F.);
#7340 = FACE_BOUND('',#7341,.F.);
#7341 = EDGE_LOOP('',(#7342,#7343,#7366,#7387));
#7342 = ORIENTED_EDGE('',*,*,#7319,.F.);
#7343 = ORIENTED_EDGE('',*,*,#7344,.T.);
#7344 = EDGE_CURVE('',#7265,#7345,#7347,.T.);
#7345 = VERTEX_POINT('',#7346);
#7346 = CARTESIAN_POINT('',(4.,30.890622673699,3.));
#7347 = SURFACE_CURVE('',#7348,(#7352,#7359),.PCURVE_S1.);
#7348 = LINE('',#7349,#7350);
#7349 = CARTESIAN_POINT('',(4.,30.890622673699,11.5));
#7350 = VECTOR('',#7351,1.);
#7351 = DIRECTION('',(4.882936703426E-15,2.22044604925E-16,-1.));
#7352 = PCURVE('',#7092,#7353);
#7353 = DEFINITIONAL_REPRESENTATION('',(#7354),#7358);
#7354 = LINE('',#7355,#7356);
#7355 = CARTESIAN_POINT('',(0.,0.));
#7356 = VECTOR('',#7357,1.);
#7357 = DIRECTION('',(-1.554312234475E-15,-1.));
#7358 = ( GEOMETRIC_REPRESENTATION_CONTEXT(2) 
PARAMETRIC_REPRESENTATION_CONTEXT() REPRESENTATION_CONTEXT('2D SPACE',''
  ) );
#7359 = PCURVE('',#7280,#7360);
#7360 = DEFINITIONAL_REPRESENTATION('',(#7361),#7365);
#7361 = LINE('',#7362,#7363);
#7362 = CARTESIAN_POINT('',(-12.02457950725,4.25));
#7363 = VECTOR('',#7364,1.);
#7364 = DIRECTION('',(-1.33226762955E-15,-1.));
#7365 = ( GEOMETRIC_REPRESENTATION_CONTEXT(2) 
PARAMETRIC_REPRESENTATION_CONTEXT() REPRESENTATION_CONTEXT('2D SPACE',''
  ) );
#7366 = ORIENTED_EDGE('',*,*,#7367,.F.);
#7367 = EDGE_CURVE('',#7051,#7345,#7368,.T.);
#7368 = SURFACE_CURVE('',#7369,(#7373,#7380),.PCURVE_S1.);
#7369 = LINE('',#7370,#7371);
#7370 = CARTESIAN_POINT('',(1.999999943442,30.890622673699,3.));
#7371 = VECTOR('',#7372,1.);
#7372 = DIRECTION('',(1.,-1.33226762955E-15,1.726797751018E-15));
#7373 = PCURVE('',#7092,#7374);
#7374 = DEFINITIONAL_REPRESENTATION('',(#7375),#7379);
#7375 = LINE('',#7376,#7377);
#7376 = CARTESIAN_POINT('',(2.000000056558,-8.5));
#7377 = VECTOR('',#7378,1.);
#7378 = DIRECTION('',(-1.,-2.267960532708E-15));
#7379 = ( GEOMETRIC_REPRESENTATION_CONTEXT(2) 
PARAMETRIC_REPRESENTATION_CONTEXT() REPRESENTATION_CONTEXT('2D SPACE',''
  ) );
#7380 = PCURVE('',#7066,#7381);
#7381 = DEFINITIONAL_REPRESENTATION('',(#7382),#7386);
#7382 = LINE('',#7383,#7384);
#7383 = CARTESIAN_POINT('',(19.487880882489,-1.999999943442));
#7384 = VECTOR('',#7385,1.);
#7385 = DIRECTION('',(-1.33226762955E-15,-1.));
#7386 = ( GEOMETRIC_REPRESENTATION_CONTEXT(2) 
PARAMETRIC_REPRESENTATION_CONTEXT() REPRESENTATION_CONTEXT('2D SPACE',''
  ) );
#7387 = ORIENTED_EDGE('',*,*,#7078,.F.);
#7388 = ADVANCED_FACE('',(#7389),#7038,.F.);
#7389 = FACE_BOUND('',#7390,.F.);
#7390 = EDGE_LOOP('',(#7391,#7415,#7438,#7460,#7461,#7485,#7506,#7507));
#7391 = ORIENTED_EDGE('',*,*,#7392,.T.);
#7392 = EDGE_CURVE('',#7023,#7393,#7395,.T.);
#7393 = VERTEX_POINT('',#7394);
#7394 = CARTESIAN_POINT('',(-1.298960938811E-14,-7.925000000002,3.));
#7395 = SURFACE_CURVE('',#7396,(#7401,#7408),.PCURVE_S1.);
#7396 = CIRCLE('',#7397,7.925000000002);
#7397 = AXIS2_PLACEMENT_3D('',#7398,#7399,#7400);
#7398 = CARTESIAN_POINT('',(-2.231934898019E-14,-4.329869796038E-15,3.)
  );
#7399 = DIRECTION('',(1.223289932013E-15,7.216449660064E-15,1.));
#7400 = DIRECTION('',(2.886579864025E-15,-1.,7.216449660064E-15));
#7401 = PCURVE('',#7038,#7402);
#7402 = DEFINITIONAL_REPRESENTATION('',(#7403),#7407);
#7403 = LINE('',#7404,#7405);
#7404 = CARTESIAN_POINT('',(0.,0.));
#7405 = VECTOR('',#7406,1.);
#7406 = DIRECTION('',(1.,0.));
#7407 = ( GEOMETRIC_REPRESENTATION_CONTEXT(2) 
PARAMETRIC_REPRESENTATION_CONTEXT() REPRESENTATION_CONTEXT('2D SPACE',''
  ) );
#7408 = PCURVE('',#7066,#7409);
#7409 = DEFINITIONAL_REPRESENTATION('',(#7410),#7414);
#7410 = CIRCLE('',#7411,7.925000000002);
#7411 = AXIS2_PLACEMENT_2D('',#7412,#7413);
#7412 = CARTESIAN_POINT('',(-11.40274179121,2.254705099191E-13));
#7413 = DIRECTION('',(-1.,-3.330669073875E-15));
#7414 = ( GEOMETRIC_REPRESENTATION_CONTEXT(2) 
PARAMETRIC_REPRESENTATION_CONTEXT() REPRESENTATION_CONTEXT('2D SPACE',''
  ) );
#7415 = ORIENTED_EDGE('',*,*,#7416,.T.);
#7416 = EDGE_CURVE('',#7393,#7417,#7419,.T.);
#7417 = VERTEX_POINT('',#7418);
#7418 = CARTESIAN_POINT('',(-5.62883073485E-14,-7.925000000002,13.));
#7419 = SEAM_CURVE('',#7420,(#7424,#7431),.PCURVE_S1.);
#7420 = LINE('',#7421,#7422);
#7421 = CARTESIAN_POINT('',(1.226796442215E-15,-7.925000000002,3.));
#7422 = VECTOR('',#7423,1.);
#7423 = DIRECTION('',(-7.216449660064E-15,-1.443289932013E-15,1.));
#7424 = PCURVE('',#7038,#7425);
#7425 = DEFINITIONAL_REPRESENTATION('',(#7426),#7430);
#7426 = LINE('',#7427,#7428);
#7427 = CARTESIAN_POINT('',(0.,0.));
#7428 = VECTOR('',#7429,1.);
#7429 = DIRECTION('',(0.,1.));
#7430 = ( GEOMETRIC_REPRESENTATION_CONTEXT(2) 
PARAMETRIC_REPRESENTATION_CONTEXT() REPRESENTATION_CONTEXT('2D SPACE',''
  ) );
#7431 = PCURVE('',#7038,#7432);
#7432 = DEFINITIONAL_REPRESENTATION('',(#7433),#7437);
#7433 = LINE('',#7434,#7435);
#7434 = CARTESIAN_POINT('',(6.28318530718,0.));
#7435 = VECTOR('',#7436,1.);
#7436 = DIRECTION('',(0.,1.));
#7437 = ( GEOMETRIC_REPRESENTATION_CONTEXT(2) 
PARAMETRIC_REPRESENTATION_CONTEXT() REPRESENTATION_CONTEXT('2D SPACE',''
  ) );
#7438 = ORIENTED_EDGE('',*,*,#7439,.F.);
#7439 = EDGE_CURVE('',#7417,#7417,#7440,.T.);
#7440 = SURFACE_CURVE('',#7441,(#7446,#7453),.PCURVE_S1.);
#7441 = CIRCLE('',#7442,7.925000000002);
#7442 = AXIS2_PLACEMENT_3D('',#7443,#7444,#7445);
#7443 = CARTESIAN_POINT('',(-9.670384558083E-14,-1.876276911616E-14,13.)
  );
#7444 = DIRECTION('',(1.223289932013E-15,7.216449660064E-15,1.));
#7445 = DIRECTION('',(2.886579864025E-15,-1.,7.216449660064E-15));
#7446 = PCURVE('',#7038,#7447);
#7447 = DEFINITIONAL_REPRESENTATION('',(#7448),#7452);
#7448 = LINE('',#7449,#7450);
#7449 = CARTESIAN_POINT('',(0.,10.));
#7450 = VECTOR('',#7451,1.);
#7451 = DIRECTION('',(1.,0.));
#7452 = ( GEOMETRIC_REPRESENTATION_CONTEXT(2) 
PARAMETRIC_REPRESENTATION_CONTEXT() REPRESENTATION_CONTEXT('2D SPACE',''
  ) );
#7453 = PCURVE('',#7229,#7454);
#7454 = DEFINITIONAL_REPRESENTATION('',(#7455),#7459);
#7455 = CIRCLE('',#7456,7.925000000002);
#7456 = AXIS2_PLACEMENT_2D('',#7457,#7458);
#7457 = CARTESIAN_POINT('',(0.,0.));
#7458 = DIRECTION('',(1.,5.773159728051E-15));
#7459 = ( GEOMETRIC_REPRESENTATION_CONTEXT(2) 
PARAMETRIC_REPRESENTATION_CONTEXT() REPRESENTATION_CONTEXT('2D SPACE',''
  ) );
#7460 = ORIENTED_EDGE('',*,*,#7416,.F.);
#7461 = ORIENTED_EDGE('',*,*,#7462,.T.);
#7462 = EDGE_CURVE('',#7393,#7463,#7465,.T.);
#7463 = VERTEX_POINT('',#7464);
#7464 = CARTESIAN_POINT('',(4.,6.841463659191,3.));
#7465 = SURFACE_CURVE('',#7466,(#7471,#7478),.PCURVE_S1.);
#7466 = CIRCLE('',#7467,7.925000000002);
#7467 = AXIS2_PLACEMENT_3D('',#7468,#7469,#7470);
#7468 = CARTESIAN_POINT('',(-2.231934898019E-14,-4.329869796038E-15,3.)
  );
#7469 = DIRECTION('',(1.223289932013E-15,7.216449660064E-15,1.));
#7470 = DIRECTION('',(2.886579864025E-15,-1.,7.216449660064E-15));
#7471 = PCURVE('',#7038,#7472);
#7472 = DEFINITIONAL_REPRESENTATION('',(#7473),#7477);
#7473 = LINE('',#7474,#7475);
#7474 = CARTESIAN_POINT('',(0.,0.));
#7475 = VECTOR('',#7476,1.);
#7476 = DIRECTION('',(1.,0.));
#7477 = ( GEOMETRIC_REPRESENTATION_CONTEXT(2) 
PARAMETRIC_REPRESENTATION_CONTEXT() REPRESENTATION_CONTEXT('2D SPACE',''
  ) );
#7478 = PCURVE('',#7066,#7479);
#7479 = DEFINITIONAL_REPRESENTATION('',(#7480),#7484);
#7480 = CIRCLE('',#7481,7.925000000002);
#7481 = AXIS2_PLACEMENT_2D('',#7482,#7483);
#7482 = CARTESIAN_POINT('',(-11.40274179121,2.254705099191E-13));
#7483 = DIRECTION('',(-1.,-3.330669073875E-15));
#7484 = ( GEOMETRIC_REPRESENTATION_CONTEXT(2) 
PARAMETRIC_REPRESENTATION_CONTEXT() REPRESENTATION_CONTEXT('2D SPACE',''
  ) );
#7485 = ORIENTED_EDGE('',*,*,#7486,.T.);
#7486 = EDGE_CURVE('',#7463,#7263,#7487,.T.);
#7487 = SURFACE_CURVE('',#7488,(#7492,#7499),.PCURVE_S1.);
#7488 = LINE('',#7489,#7490);
#7489 = CARTESIAN_POINT('',(4.,6.841463659191,3.));
#7490 = VECTOR('',#7491,1.);
#7491 = DIRECTION('',(-5.438048215738E-15,5.551115123126E-16,1.));
#7492 = PCURVE('',#7038,#7493);
#7493 = DEFINITIONAL_REPRESENTATION('',(#7494),#7498);
#7494 = LINE('',#7495,#7496);
#7495 = CARTESIAN_POINT('',(2.612521322531,-1.32630136945E-16));
#7496 = VECTOR('',#7497,1.);
#7497 = DIRECTION('',(0.,1.));
#7498 = ( GEOMETRIC_REPRESENTATION_CONTEXT(2) 
PARAMETRIC_REPRESENTATION_CONTEXT() REPRESENTATION_CONTEXT('2D SPACE',''
  ) );
#7499 = PCURVE('',#7280,#7500);
#7500 = DEFINITIONAL_REPRESENTATION('',(#7501),#7505);
#7501 = LINE('',#7502,#7503);
#7502 = CARTESIAN_POINT('',(12.024579507255,-4.25));
#7503 = VECTOR('',#7504,1.);
#7504 = DIRECTION('',(5.551115123125E-16,1.));
#7505 = ( GEOMETRIC_REPRESENTATION_CONTEXT(2) 
PARAMETRIC_REPRESENTATION_CONTEXT() REPRESENTATION_CONTEXT('2D SPACE',''
  ) );
#7506 = ORIENTED_EDGE('',*,*,#7292,.T.);
#7507 = ORIENTED_EDGE('',*,*,#7022,.F.);
#7508 = ADVANCED_FACE('',(#7509),#7066,.T.);
#7509 = FACE_BOUND('',#7510,.T.);
#7510 = EDGE_LOOP('',(#7511,#7512,#7513,#7514,#7535));
#7511 = ORIENTED_EDGE('',*,*,#7050,.T.);
#7512 = ORIENTED_EDGE('',*,*,#7392,.T.);
#7513 = ORIENTED_EDGE('',*,*,#7462,.T.);
#7514 = ORIENTED_EDGE('',*,*,#7515,.F.);
#7515 = EDGE_CURVE('',#7345,#7463,#7516,.T.);
#7516 = SURFACE_CURVE('',#7517,(#7521,#7528),.PCURVE_S1.);
#7517 = LINE('',#7518,#7519);
#7518 = CARTESIAN_POINT('',(4.,13.478312070455,3.));
#7519 = VECTOR('',#7520,1.);
#7520 = DIRECTION('',(6.661338147751E-16,-1.,3.058161691736E-15));
#7521 = PCURVE('',#7066,#7522);
#7522 = DEFINITIONAL_REPRESENTATION('',(#7523),#7527);
#7523 = LINE('',#7524,#7525);
#7524 = CARTESIAN_POINT('',(2.075570279244,-4.));
#7525 = VECTOR('',#7526,1.);
#7526 = DIRECTION('',(-1.,-1.110223024625E-15));
#7527 = ( GEOMETRIC_REPRESENTATION_CONTEXT(2) 
PARAMETRIC_REPRESENTATION_CONTEXT() REPRESENTATION_CONTEXT('2D SPACE',''
  ) );
#7528 = PCURVE('',#7280,#7529);
#7529 = DEFINITIONAL_REPRESENTATION('',(#7530),#7534);
#7530 = LINE('',#7531,#7532);
#7531 = CARTESIAN_POINT('',(5.387731095991,-4.25));
#7532 = VECTOR('',#7533,1.);
#7533 = DIRECTION('',(1.,2.836117086811E-15));
#7534 = ( GEOMETRIC_REPRESENTATION_CONTEXT(2) 
PARAMETRIC_REPRESENTATION_CONTEXT() REPRESENTATION_CONTEXT('2D SPACE',''
  ) );
#7535 = ORIENTED_EDGE('',*,*,#7367,.F.);
#7536 = ADVANCED_FACE('',(#7537,#7540),#7229,.T.);
#7537 = FACE_BOUND('',#7538,.F.);
#7538 = EDGE_LOOP('',(#7539));
#7539 = ORIENTED_EDGE('',*,*,#7439,.T.);
#7540 = FACE_BOUND('',#7541,.F.);
#7541 = EDGE_LOOP('',(#7542));
#7542 = ORIENTED_EDGE('',*,*,#7214,.F.);
#7543 = ADVANCED_FACE('',(#7544),#7280,.T.);
#7544 = FACE_BOUND('',#7545,.T.);
#7545 = EDGE_LOOP('',(#7546,#7547,#7548,#7549));
#7546 = ORIENTED_EDGE('',*,*,#7344,.T.);
#7547 = ORIENTED_EDGE('',*,*,#7515,.T.);
#7548 = ORIENTED_EDGE('',*,*,#7486,.T.);
#7549 = ORIENTED_EDGE('',*,*,#7262,.T.);
#7550 = ( GEOMETRIC_REPRESENTATION_CONTEXT(3) 
GLOBAL_UNCERTAINTY_ASSIGNED_CONTEXT((#7554)) 
GLOBAL_UNIT_ASSIGNED_CONTEXT((#7551,#7552,#7553)) REPRESENTATION_CONTEXT
('Context #1','3D Context with UNIT and UNCERTAINTY') );
#7551 = ( LENGTH_UNIT() NAMED_UNIT(*) SI_UNIT(.MILLI.,.METRE.) );
#7552 = ( NAMED_UNIT(*) PLANE_ANGLE_UNIT() SI_UNIT($,.RADIAN.) );
#7553 = ( NAMED_UNIT(*) SI_UNIT($,.STERADIAN.) SOLID_ANGLE_UNIT() );
#7554 = UNCERTAINTY_MEASURE_WITH_UNIT(LENGTH_MEASURE(2.E-05),#7551,
  'distance_accuracy_value','confusion accuracy');
#7555 = PRODUCT_RELATED_PRODUCT_CATEGORY('part',$,(#7));
#7556 = MECHANICAL_DESIGN_GEOMETRIC_PRESENTATION_REPRESENTATION('',(
    #7557),#7550);
#7557 = STYLED_ITEM('color',(#7558),#15);
#7558 = PRESENTATION_STYLE_ASSIGNMENT((#7559,#7565));
#7559 = SURFACE_STYLE_USAGE(.BOTH.,#7560);
#7560 = SURFACE_SIDE_STYLE('',(#7561));
#7561 = SURFACE_STYLE_FILL_AREA(#7562);
#7562 = FILL_AREA_STYLE('',(#7563));
#7563 = FILL_AREA_STYLE_COLOUR('',#7564);
#7564 = COLOUR_RGB('',0.678431390124,0.709803936702,0.741176476869);
#7565 = CURVE_STYLE('',#7566,POSITIVE_LENGTH_MEASURE(0.1),#7567);
#7566 = DRAUGHTING_PRE_DEFINED_CURVE_FONT('continuous');
#7567 = COLOUR_RGB('',9.803921802644E-02,9.803921802644E-02,
  9.803921802644E-02);
ENDSEC;
END-ISO-10303-21;
