ISO-10303-21;
HEADER;
FILE_DESCRIPTION(('FreeCAD Model'),'2;1');
FILE_NAME('Open CASCADE Shape Model','2026-04-12T11:08:01',(''),(''),
  'Open CASCADE STEP processor 7.8','FreeCAD','Unknown');
FILE_SCHEMA(('AUTOMOTIVE_DESIGN { 1 0 10303 214 1 1 1 1 }'));
ENDSEC;
DATA;
#1 = APPLICATION_PROTOCOL_DEFINITION('international standard',
  'automotive_design',2000,#2);
#2 = APPLICATION_CONTEXT(
  'core data for automotive mechanical design processes');
#3 = SHAPE_DEFINITION_REPRESENTATION(#4,#10);
#4 = PRODUCT_DEFINITION_SHAPE('','',#5);
#5 = PRODUCT_DEFINITION('design','',#6,#9);
#6 = PRODUCT_DEFINITION_FORMATION('','',#7);
#7 = PRODUCT('Softer Plastic','Softer Plastic','',(#8));
#8 = PRODUCT_CONTEXT('',#2,'mechanical');
#9 = PRODUCT_DEFINITION_CONTEXT('part definition',#2,'design');
#10 = ADVANCED_BREP_SHAPE_REPRESENTATION('',(#11,#15),#8225);
#11 = AXIS2_PLACEMENT_3D('',#12,#13,#14);
#12 = CARTESIAN_POINT('',(0.,0.,0.));
#13 = DIRECTION('',(0.,0.,1.));
#14 = DIRECTION('',(1.,0.,-0.));
#15 = MANIFOLD_SOLID_BREP('',#16);
#16 = CLOSED_SHELL('',(#17,#1565,#1641,#1802,#1851,#1900,#1949,#1998,
    #2047,#2096,#2145,#2194,#2243,#2292,#2341,#2390,#2439,#2488,#2644,
    #2693,#2844,#2893,#2942,#2991,#3040,#3089,#3138,#3187,#3236,#3285,
    #3334,#3383,#3432,#3481,#3530,#3681,#3730,#3758,#3808,#3858,#3908,
    #3979,#4062,#4111,#4160,#4209,#4258,#4307,#4334,#4384,#4434,#4484,
    #4534,#4584,#4669,#5299,#5348,#6528,#6555,#6582,#6589,#6616,#7151,
    #7178,#7205,#7232,#7239,#7266,#7293,#7320,#7347,#7374,#7401,#7428,
    #7455,#7482,#7509,#7536,#7563,#7590,#7617,#7644,#7671,#7698,#7725,
    #7732,#7759,#7786,#7813,#7840,#7867,#7894,#7921,#7948,#7975,#8002,
    #8029,#8056,#8083,#8110,#8137,#8164,#8191,#8218));
#17 = ADVANCED_FACE('',(#18,#1034,#1069,#1104,#1139,#1390,#1425,#1460,
    #1495,#1530),#32,.T.);
#18 = FACE_BOUND('',#19,.T.);
#19 = EDGE_LOOP('',(#20,#55,#84,#112,#140,#168,#196,#224,#252,#280,#308,
    #336,#364,#392,#420,#448,#476,#504,#532,#560,#588,#616,#644,#672,
    #700,#728,#756,#784,#812,#840,#868,#896,#924,#952,#980,#1008));
#20 = ORIENTED_EDGE('',*,*,#21,.F.);
#21 = EDGE_CURVE('',#22,#24,#26,.T.);
#22 = VERTEX_POINT('',#23);
#23 = CARTESIAN_POINT('',(14.589572474892,14.999999999999,
    7.390101718172E-14));
#24 = VERTEX_POINT('',#25);
#25 = CARTESIAN_POINT('',(36.776695296634,15.000000000003,
    8.220611899068E-14));
#26 = SURFACE_CURVE('',#27,(#31,#43),.PCURVE_S1.);
#27 = LINE('',#28,#29);
#28 = CARTESIAN_POINT('',(14.589572474892,14.999999999999,
    8.754356841424E-14));
#29 = VECTOR('',#30,1.);
#30 = DIRECTION('',(1.,1.884096003611E-13,-1.110223024625E-16));
#31 = PCURVE('',#32,#37);
#32 = PLANE('',#33);
#33 = AXIS2_PLACEMENT_3D('',#34,#35,#36);
#34 = CARTESIAN_POINT('',(4.692337219762E-14,-118.1845789074,
    5.172718983532E-14));
#35 = DIRECTION('',(2.775557561563E-16,-1.110223024625E-16,1.));
#36 = DIRECTION('',(1.,4.996003610813E-16,-1.110223024625E-16));
#37 = DEFINITIONAL_REPRESENTATION('',(#38),#42);
#38 = LINE('',#39,#40);
#39 = CARTESIAN_POINT('',(14.589572474892,133.18457890749));
#40 = VECTOR('',#41,1.);
#41 = DIRECTION('',(1.,1.880210223025E-13));
#42 = ( GEOMETRIC_REPRESENTATION_CONTEXT(2) 
PARAMETRIC_REPRESENTATION_CONTEXT() REPRESENTATION_CONTEXT('2D SPACE',''
  ) );
#43 = PCURVE('',#44,#49);
#44 = PLANE('',#45);
#45 = AXIS2_PLACEMENT_3D('',#46,#47,#48);
#46 = CARTESIAN_POINT('',(14.589572474892,14.999999999999,-3.));
#47 = DIRECTION('',(-1.880230669074E-13,1.,2.175557561563E-16));
#48 = DIRECTION('',(1.,1.881896003611E-13,-5.102230246246E-17));
#49 = DEFINITIONAL_REPRESENTATION('',(#50),#54);
#50 = LINE('',#51,#52);
#51 = CARTESIAN_POINT('',(-2.095957200481E-15,-3.));
#52 = VECTOR('',#53,1.);
#53 = DIRECTION('',(1.,-5.102230246254E-17));
#54 = ( GEOMETRIC_REPRESENTATION_CONTEXT(2) 
PARAMETRIC_REPRESENTATION_CONTEXT() REPRESENTATION_CONTEXT('2D SPACE',''
  ) );
#55 = ORIENTED_EDGE('',*,*,#56,.T.);
#56 = EDGE_CURVE('',#22,#57,#59,.T.);
#57 = VERTEX_POINT('',#58);
#58 = CARTESIAN_POINT('',(-14.58957247489,14.999999999999,
    5.976032096603E-14));
#59 = SURFACE_CURVE('',#60,(#65,#72),.PCURVE_S1.);
#60 = CIRCLE('',#61,20.925000000002);
#61 = AXIS2_PLACEMENT_3D('',#62,#63,#64);
#62 = CARTESIAN_POINT('',(1.887379141863E-29,-1.262177448354E-29,8.5E-14
    ));
#63 = DIRECTION('',(-9.989776975375E-16,2.612444243844E-15,1.));
#64 = DIRECTION('',(5.530669073875E-16,-1.,2.612444243844E-15));
#65 = PCURVE('',#32,#66);
#66 = DEFINITIONAL_REPRESENTATION('',(#67),#71);
#67 = CIRCLE('',#68,20.925000000002);
#68 = AXIS2_PLACEMENT_2D('',#69,#70);
#69 = CARTESIAN_POINT('',(5.561124065873E-15,118.18457890749));
#70 = DIRECTION('',(1.089776975375E-16,-1.));
#71 = ( GEOMETRIC_REPRESENTATION_CONTEXT(2) 
PARAMETRIC_REPRESENTATION_CONTEXT() REPRESENTATION_CONTEXT('2D SPACE',''
  ) );
#72 = PCURVE('',#73,#78);
#73 = CYLINDRICAL_SURFACE('',#74,20.925000000002);
#74 = AXIS2_PLACEMENT_3D('',#75,#76,#77);
#75 = CARTESIAN_POINT('',(-8.326672684688E-16,3.066907387538E-18,-3.));
#76 = DIRECTION('',(9.424442438437E-16,-2.778977697537E-15,-1.));
#77 = DIRECTION('',(2.230669073875E-16,-1.,2.612444243844E-15));
#78 = DEFINITIONAL_REPRESENTATION('',(#79),#83);
#79 = LINE('',#80,#81);
#80 = CARTESIAN_POINT('',(-0.,-3.));
#81 = VECTOR('',#82,1.);
#82 = DIRECTION('',(-1.,0.));
#83 = ( GEOMETRIC_REPRESENTATION_CONTEXT(2) 
PARAMETRIC_REPRESENTATION_CONTEXT() REPRESENTATION_CONTEXT('2D SPACE',''
  ) );
#84 = ORIENTED_EDGE('',*,*,#85,.T.);
#85 = EDGE_CURVE('',#57,#86,#88,.T.);
#86 = VERTEX_POINT('',#87);
#87 = CARTESIAN_POINT('',(-36.77669529663,15.000000000003,
    9.445521915707E-14));
#88 = SURFACE_CURVE('',#89,(#93,#100),.PCURVE_S1.);
#89 = LINE('',#90,#91);
#90 = CARTESIAN_POINT('',(-14.58957247489,14.999999999999,
    9.078310427045E-14));
#91 = VECTOR('',#92,1.);
#92 = DIRECTION('',(-1.,1.879703996389E-13,1.110223024626E-16));
#93 = PCURVE('',#32,#94);
#94 = DEFINITIONAL_REPRESENTATION('',(#95),#99);
#95 = LINE('',#96,#97);
#96 = CARTESIAN_POINT('',(-14.58957247489,133.18457890749));
#97 = VECTOR('',#98,1.);
#98 = DIRECTION('',(-1.,1.883589776975E-13));
#99 = ( GEOMETRIC_REPRESENTATION_CONTEXT(2) 
PARAMETRIC_REPRESENTATION_CONTEXT() REPRESENTATION_CONTEXT('2D SPACE',''
  ) );
#100 = PCURVE('',#101,#106);
#101 = PLANE('',#102);
#102 = AXIS2_PLACEMENT_3D('',#103,#104,#105);
#103 = CARTESIAN_POINT('',(-14.58957247489,14.999999999999,-3.));
#104 = DIRECTION('',(-1.883569330926E-13,-1.,-2.175557561563E-16));
#105 = DIRECTION('',(-1.,1.881903996389E-13,5.102230246257E-17));
#106 = DEFINITIONAL_REPRESENTATION('',(#107),#111);
#107 = LINE('',#108,#109);
#108 = CARTESIAN_POINT('',(2.095957200482E-15,-3.));
#109 = VECTOR('',#110,1.);
#110 = DIRECTION('',(1.,5.102230246249E-17));
#111 = ( GEOMETRIC_REPRESENTATION_CONTEXT(2) 
PARAMETRIC_REPRESENTATION_CONTEXT() REPRESENTATION_CONTEXT('2D SPACE',''
  ) );
#112 = ORIENTED_EDGE('',*,*,#113,.F.);
#113 = EDGE_CURVE('',#114,#86,#116,.T.);
#114 = VERTEX_POINT('',#115);
#115 = CARTESIAN_POINT('',(-40.,11.776695296637,9.427628980222E-14));
#116 = SURFACE_CURVE('',#117,(#121,#128),.PCURVE_S1.);
#117 = LINE('',#118,#119);
#118 = CARTESIAN_POINT('',(-86.68449237519,-34.90779707855,
    9.159312284395E-14));
#119 = VECTOR('',#120,1.);
#120 = DIRECTION('',(0.707106781187,0.707106781187,-3.925231146709E-17)
  );
#121 = PCURVE('',#32,#122);
#122 = DEFINITIONAL_REPRESENTATION('',(#123),#127);
#123 = LINE('',#124,#125);
#124 = CARTESIAN_POINT('',(-86.68449237519,83.276781828939));
#125 = VECTOR('',#126,1.);
#126 = DIRECTION('',(0.707106781187,0.707106781187));
#127 = ( GEOMETRIC_REPRESENTATION_CONTEXT(2) 
PARAMETRIC_REPRESENTATION_CONTEXT() REPRESENTATION_CONTEXT('2D SPACE',''
  ) );
#128 = PCURVE('',#129,#134);
#129 = PLANE('',#130);
#130 = AXIS2_PLACEMENT_3D('',#131,#132,#133);
#131 = CARTESIAN_POINT('',(-88.38834764831,-36.61165235168,-3.));
#132 = DIRECTION('',(0.707106781187,-0.707106781187,-3.140184917368E-16)
  );
#133 = DIRECTION('',(-0.707106781187,-0.707106781187,-7.395570986447E-32
    ));
#134 = DEFINITIONAL_REPRESENTATION('',(#135),#139);
#135 = LINE('',#136,#137);
#136 = CARTESIAN_POINT('',(-2.409615235577,-3.));
#137 = VECTOR('',#138,1.);
#138 = DIRECTION('',(-1.,3.925231146709E-17));
#139 = ( GEOMETRIC_REPRESENTATION_CONTEXT(2) 
PARAMETRIC_REPRESENTATION_CONTEXT() REPRESENTATION_CONTEXT('2D SPACE',''
  ) );
#140 = ORIENTED_EDGE('',*,*,#141,.T.);
#141 = EDGE_CURVE('',#114,#142,#144,.T.);
#142 = VERTEX_POINT('',#143);
#143 = CARTESIAN_POINT('',(-40.,-5.,8.655111512313E-14));
#144 = SURFACE_CURVE('',#145,(#149,#156),.PCURVE_S1.);
#145 = LINE('',#146,#147);
#146 = CARTESIAN_POINT('',(-40.,15.,9.360422844084E-14));
#147 = VECTOR('',#148,1.);
#148 = DIRECTION('',(-2.693309261245E-17,-1.,-2.775557561563E-16));
#149 = PCURVE('',#32,#150);
#150 = DEFINITIONAL_REPRESENTATION('',(#151),#155);
#151 = LINE('',#152,#153);
#152 = CARTESIAN_POINT('',(-40.,133.18457890749));
#153 = VECTOR('',#154,1.);
#154 = DIRECTION('',(-4.710223024625E-16,-1.));
#155 = ( GEOMETRIC_REPRESENTATION_CONTEXT(2) 
PARAMETRIC_REPRESENTATION_CONTEXT() REPRESENTATION_CONTEXT('2D SPACE',''
  ) );
#156 = PCURVE('',#157,#162);
#157 = PLANE('',#158);
#158 = AXIS2_PLACEMENT_3D('',#159,#160,#161);
#159 = CARTESIAN_POINT('',(-40.,15.,-3.));
#160 = DIRECTION('',(1.,-4.903996389187E-16,-1.110223024625E-16));
#161 = DIRECTION('',(-6.569330926125E-16,-1.,-2.775557561563E-16));
#162 = DEFINITIONAL_REPRESENTATION('',(#163),#167);
#163 = LINE('',#164,#165);
#164 = CARTESIAN_POINT('',(8.049116928532E-15,-3.));
#165 = VECTOR('',#166,1.);
#166 = DIRECTION('',(1.,1.110223024625E-16));
#167 = ( GEOMETRIC_REPRESENTATION_CONTEXT(2) 
PARAMETRIC_REPRESENTATION_CONTEXT() REPRESENTATION_CONTEXT('2D SPACE',''
  ) );
#168 = ORIENTED_EDGE('',*,*,#169,.T.);
#169 = EDGE_CURVE('',#142,#170,#172,.T.);
#170 = VERTEX_POINT('',#171);
#171 = CARTESIAN_POINT('',(-21.75434782608,-5.,8.551260365171E-14));
#172 = SURFACE_CURVE('',#173,(#177,#184),.PCURVE_S1.);
#173 = LINE('',#174,#175);
#174 = CARTESIAN_POINT('',(-40.,-5.,8.805311331772E-14));
#175 = VECTOR('',#176,1.);
#176 = DIRECTION('',(1.,-4.039963891868E-17,-1.110223024625E-16));
#177 = PCURVE('',#32,#178);
#178 = DEFINITIONAL_REPRESENTATION('',(#179),#183);
#179 = LINE('',#180,#181);
#180 = CARTESIAN_POINT('',(-40.,113.18457890749));
#181 = VECTOR('',#182,1.);
#182 = DIRECTION('',(1.,-4.289776975375E-16));
#183 = ( GEOMETRIC_REPRESENTATION_CONTEXT(2) 
PARAMETRIC_REPRESENTATION_CONTEXT() REPRESENTATION_CONTEXT('2D SPACE',''
  ) );
#184 = PCURVE('',#185,#190);
#185 = PLANE('',#186);
#186 = AXIS2_PLACEMENT_3D('',#187,#188,#189);
#187 = CARTESIAN_POINT('',(-40.,-5.,-3.));
#188 = DIRECTION('',(4.269330926125E-16,1.,2.175557561563E-16));
#189 = DIRECTION('',(1.,-2.603996389187E-16,-5.102230246252E-17));
#190 = DEFINITIONAL_REPRESENTATION('',(#191),#195);
#191 = LINE('',#192,#193);
#192 = CARTESIAN_POINT('',(-3.196003610813E-16,-3.));
#193 = VECTOR('',#194,1.);
#194 = DIRECTION('',(1.,-5.102230246252E-17));
#195 = ( GEOMETRIC_REPRESENTATION_CONTEXT(2) 
PARAMETRIC_REPRESENTATION_CONTEXT() REPRESENTATION_CONTEXT('2D SPACE',''
  ) );
#196 = ORIENTED_EDGE('',*,*,#197,.T.);
#197 = EDGE_CURVE('',#170,#198,#200,.T.);
#198 = VERTEX_POINT('',#199);
#199 = CARTESIAN_POINT('',(-30.04782608695,-55.,7.479151498337E-14));
#200 = SURFACE_CURVE('',#201,(#205,#212),.PCURVE_S1.);
#201 = LINE('',#202,#203);
#202 = CARTESIAN_POINT('',(-21.75434782608,-5.,8.602743900344E-14));
#203 = VECTOR('',#204,1.);
#204 = DIRECTION('',(-0.16363383332,-0.986521144524,-2.556476172966E-16)
  );
#205 = PCURVE('',#32,#206);
#206 = DEFINITIONAL_REPRESENTATION('',(#207),#211);
#207 = LINE('',#208,#209);
#208 = CARTESIAN_POINT('',(-21.75434782608,113.18457890749));
#209 = VECTOR('',#210,1.);
#210 = DIRECTION('',(-0.16363383332,-0.986521144524));
#211 = ( GEOMETRIC_REPRESENTATION_CONTEXT(2) 
PARAMETRIC_REPRESENTATION_CONTEXT() REPRESENTATION_CONTEXT('2D SPACE',''
  ) );
#212 = PCURVE('',#213,#218);
#213 = PLANE('',#214);
#214 = AXIS2_PLACEMENT_3D('',#215,#216,#217);
#215 = CARTESIAN_POINT('',(-21.75434782608,-5.,-3.));
#216 = DIRECTION('',(0.986521144524,-0.16363383332,-1.449433612329E-16)
  );
#217 = DIRECTION('',(-0.16363383332,-0.986521144524,-2.656476172966E-16)
  );
#218 = DEFINITIONAL_REPRESENTATION('',(#219),#223);
#219 = LINE('',#220,#221);
#220 = CARTESIAN_POINT('',(3.611341611235E-15,-3.));
#221 = VECTOR('',#222,1.);
#222 = DIRECTION('',(1.,1.17692853829E-16));
#223 = ( GEOMETRIC_REPRESENTATION_CONTEXT(2) 
PARAMETRIC_REPRESENTATION_CONTEXT() REPRESENTATION_CONTEXT('2D SPACE',''
  ) );
#224 = ORIENTED_EDGE('',*,*,#225,.T.);
#225 = EDGE_CURVE('',#198,#226,#228,.T.);
#226 = VERTEX_POINT('',#227);
#227 = CARTESIAN_POINT('',(-50.,-55.,7.611421941381E-14));
#228 = SURFACE_CURVE('',#229,(#233,#240),.PCURVE_S1.);
#229 = LINE('',#230,#231);
#230 = CARTESIAN_POINT('',(-30.04782608695,-55.,7.307041224757E-14));
#231 = VECTOR('',#232,1.);
#232 = DIRECTION('',(-1.,-1.396003610813E-16,1.110223024625E-16));
#233 = PCURVE('',#32,#234);
#234 = DEFINITIONAL_REPRESENTATION('',(#235),#239);
#235 = LINE('',#236,#237);
#236 = CARTESIAN_POINT('',(-30.04782608695,63.184578907493));
#237 = VECTOR('',#238,1.);
#238 = DIRECTION('',(-1.,2.489776975375E-16));
#239 = ( GEOMETRIC_REPRESENTATION_CONTEXT(2) 
PARAMETRIC_REPRESENTATION_CONTEXT() REPRESENTATION_CONTEXT('2D SPACE',''
  ) );
#240 = PCURVE('',#241,#246);
#241 = PLANE('',#242);
#242 = AXIS2_PLACEMENT_3D('',#243,#244,#245);
#243 = CARTESIAN_POINT('',(-30.04782608695,-55.,-3.));
#244 = DIRECTION('',(-2.469330926125E-16,-1.,-2.175557561563E-16));
#245 = DIRECTION('',(-1.,8.039963891868E-17,5.102230246252E-17));
#246 = DEFINITIONAL_REPRESENTATION('',(#247),#251);
#247 = LINE('',#248,#249);
#248 = CARTESIAN_POINT('',(-1.744396803292E-14,-3.));
#249 = VECTOR('',#250,1.);
#250 = DIRECTION('',(1.,5.102230246252E-17));
#251 = ( GEOMETRIC_REPRESENTATION_CONTEXT(2) 
PARAMETRIC_REPRESENTATION_CONTEXT() REPRESENTATION_CONTEXT('2D SPACE',''
  ) );
#252 = ORIENTED_EDGE('',*,*,#253,.T.);
#253 = EDGE_CURVE('',#226,#254,#256,.T.);
#254 = VERTEX_POINT('',#255);
#255 = CARTESIAN_POINT('',(-50.,-75.,7.167332731531E-14));
#256 = SURFACE_CURVE('',#257,(#261,#268),.PCURVE_S1.);
#257 = LINE('',#258,#259);
#258 = CARTESIAN_POINT('',(-50.,-55.,7.528554853453E-14));
#259 = VECTOR('',#260,1.);
#260 = DIRECTION('',(-2.693309261245E-17,-1.,-2.775557561563E-16));
#261 = PCURVE('',#32,#262);
#262 = DEFINITIONAL_REPRESENTATION('',(#263),#267);
#263 = LINE('',#264,#265);
#264 = CARTESIAN_POINT('',(-50.,63.184578907493));
#265 = VECTOR('',#266,1.);
#266 = DIRECTION('',(-4.710223024625E-16,-1.));
#267 = ( GEOMETRIC_REPRESENTATION_CONTEXT(2) 
PARAMETRIC_REPRESENTATION_CONTEXT() REPRESENTATION_CONTEXT('2D SPACE',''
  ) );
#268 = PCURVE('',#269,#274);
#269 = PLANE('',#270);
#270 = AXIS2_PLACEMENT_3D('',#271,#272,#273);
#271 = CARTESIAN_POINT('',(-50.,-55.,-3.));
#272 = DIRECTION('',(1.,-4.903996389187E-16,-1.110223024625E-16));
#273 = DIRECTION('',(-6.569330926125E-16,-1.,-2.775557561563E-16));
#274 = DEFINITIONAL_REPRESENTATION('',(#275),#279);
#275 = LINE('',#276,#277);
#276 = CARTESIAN_POINT('',(1.337818744673E-14,-3.));
#277 = VECTOR('',#278,1.);
#278 = DIRECTION('',(1.,1.110223024625E-16));
#279 = ( GEOMETRIC_REPRESENTATION_CONTEXT(2) 
PARAMETRIC_REPRESENTATION_CONTEXT() REPRESENTATION_CONTEXT('2D SPACE',''
  ) );
#280 = ORIENTED_EDGE('',*,*,#281,.T.);
#281 = EDGE_CURVE('',#254,#282,#284,.T.);
#282 = VERTEX_POINT('',#283);
#283 = CARTESIAN_POINT('',(-33.3652173913,-75.,6.990307951604E-14));
#284 = SURFACE_CURVE('',#285,(#289,#296),.PCURVE_S1.);
#285 = LINE('',#286,#287);
#286 = CARTESIAN_POINT('',(-50.,-75.,6.97344334114E-14));
#287 = VECTOR('',#288,1.);
#288 = DIRECTION('',(1.,-3.503996389187E-16,-1.110223024625E-16));
#289 = PCURVE('',#32,#290);
#290 = DEFINITIONAL_REPRESENTATION('',(#291),#295);
#291 = LINE('',#292,#293);
#292 = CARTESIAN_POINT('',(-50.,43.184578907493));
#293 = VECTOR('',#294,1.);
#294 = DIRECTION('',(1.,-7.389776975375E-16));
#295 = ( GEOMETRIC_REPRESENTATION_CONTEXT(2) 
PARAMETRIC_REPRESENTATION_CONTEXT() REPRESENTATION_CONTEXT('2D SPACE',''
  ) );
#296 = PCURVE('',#297,#302);
#297 = PLANE('',#298);
#298 = AXIS2_PLACEMENT_3D('',#299,#300,#301);
#299 = CARTESIAN_POINT('',(-50.,-75.,-3.));
#300 = DIRECTION('',(7.469330926125E-16,1.,2.175557561563E-16));
#301 = DIRECTION('',(1.,-5.803996389187E-16,-5.102230246252E-17));
#302 = DEFINITIONAL_REPRESENTATION('',(#303),#307);
#303 = LINE('',#304,#305);
#304 = CARTESIAN_POINT('',(2.810210906932E-14,-3.));
#305 = VECTOR('',#306,1.);
#306 = DIRECTION('',(1.,-5.102230246252E-17));
#307 = ( GEOMETRIC_REPRESENTATION_CONTEXT(2) 
PARAMETRIC_REPRESENTATION_CONTEXT() REPRESENTATION_CONTEXT('2D SPACE',''
  ) );
#308 = ORIENTED_EDGE('',*,*,#309,.T.);
#309 = EDGE_CURVE('',#282,#310,#312,.T.);
#310 = VERTEX_POINT('',#311);
#311 = CARTESIAN_POINT('',(-40.,-114.9999999999,6.212620858137E-14));
#312 = SURFACE_CURVE('',#313,(#317,#324),.PCURVE_S1.);
#313 = LINE('',#314,#315);
#314 = CARTESIAN_POINT('',(-33.3652173913,-75.,6.788760154522E-14));
#315 = VECTOR('',#316,1.);
#316 = DIRECTION('',(-0.16363383332,-0.986521144524,-2.556476172966E-16)
  );
#317 = PCURVE('',#32,#318);
#318 = DEFINITIONAL_REPRESENTATION('',(#319),#323);
#319 = LINE('',#320,#321);
#320 = CARTESIAN_POINT('',(-33.3652173913,43.184578907493));
#321 = VECTOR('',#322,1.);
#322 = DIRECTION('',(-0.16363383332,-0.986521144524));
#323 = ( GEOMETRIC_REPRESENTATION_CONTEXT(2) 
PARAMETRIC_REPRESENTATION_CONTEXT() REPRESENTATION_CONTEXT('2D SPACE',''
  ) );
#324 = PCURVE('',#325,#330);
#325 = PLANE('',#326);
#326 = AXIS2_PLACEMENT_3D('',#327,#328,#329);
#327 = CARTESIAN_POINT('',(-33.3652173913,-75.,-3.));
#328 = DIRECTION('',(0.986521144524,-0.16363383332,-1.449433612329E-16)
  );
#329 = DIRECTION('',(-0.16363383332,-0.986521144524,-2.656476172966E-16)
  );
#330 = DEFINITIONAL_REPRESENTATION('',(#331),#335);
#331 = LINE('',#332,#333);
#332 = CARTESIAN_POINT('',(1.324961631382E-14,-3.));
#333 = VECTOR('',#334,1.);
#334 = DIRECTION('',(1.,1.17692853829E-16));
#335 = ( GEOMETRIC_REPRESENTATION_CONTEXT(2) 
PARAMETRIC_REPRESENTATION_CONTEXT() REPRESENTATION_CONTEXT('2D SPACE',''
  ) );
#336 = ORIENTED_EDGE('',*,*,#337,.T.);
#337 = EDGE_CURVE('',#310,#338,#340,.T.);
#338 = VERTEX_POINT('',#339);
#339 = CARTESIAN_POINT('',(-40.,-145.,5.546487043362E-14));
#340 = SURFACE_CURVE('',#341,(#345,#352),.PCURVE_S1.);
#341 = LINE('',#342,#343);
#342 = CARTESIAN_POINT('',(-40.,-114.9999999999,5.752198014053E-14));
#343 = VECTOR('',#344,1.);
#344 = DIRECTION('',(8.030669073875E-16,-1.,-2.775557561563E-16));
#345 = PCURVE('',#32,#346);
#346 = DEFINITIONAL_REPRESENTATION('',(#347),#351);
#347 = LINE('',#348,#349);
#348 = CARTESIAN_POINT('',(-40.,3.184578907497));
#349 = VECTOR('',#350,1.);
#350 = DIRECTION('',(3.589776975375E-16,-1.));
#351 = ( GEOMETRIC_REPRESENTATION_CONTEXT(2) 
PARAMETRIC_REPRESENTATION_CONTEXT() REPRESENTATION_CONTEXT('2D SPACE',''
  ) );
#352 = PCURVE('',#353,#358);
#353 = PLANE('',#354);
#354 = AXIS2_PLACEMENT_3D('',#355,#356,#357);
#355 = CARTESIAN_POINT('',(-40.,-114.9999999999,-3.));
#356 = DIRECTION('',(1.,4.596003610813E-16,-1.110223024625E-16));
#357 = DIRECTION('',(2.930669073875E-16,-1.,-2.775557561563E-16));
#358 = DEFINITIONAL_REPRESENTATION('',(#359),#363);
#359 = LINE('',#360,#361);
#360 = CARTESIAN_POINT('',(1.337818744673E-14,-3.));
#361 = VECTOR('',#362,1.);
#362 = DIRECTION('',(1.,1.110223024625E-16));
#363 = ( GEOMETRIC_REPRESENTATION_CONTEXT(2) 
PARAMETRIC_REPRESENTATION_CONTEXT() REPRESENTATION_CONTEXT('2D SPACE',''
  ) );
#364 = ORIENTED_EDGE('',*,*,#365,.T.);
#365 = EDGE_CURVE('',#338,#366,#368,.T.);
#366 = VERTEX_POINT('',#367);
#367 = CARTESIAN_POINT('',(-60.,-145.,5.57955395075E-14));
#368 = SURFACE_CURVE('',#369,(#373,#380),.PCURVE_S1.);
#369 = LINE('',#370,#371);
#370 = CARTESIAN_POINT('',(-40.,-145.,4.919530745584E-14));
#371 = VECTOR('',#372,1.);
#372 = DIRECTION('',(-1.,9.203996389187E-16,1.110223024625E-16));
#373 = PCURVE('',#32,#374);
#374 = DEFINITIONAL_REPRESENTATION('',(#375),#379);
#375 = LINE('',#376,#377);
#376 = CARTESIAN_POINT('',(-40.,-26.8154210925));
#377 = VECTOR('',#378,1.);
#378 = DIRECTION('',(-1.,1.308977697537E-15));
#379 = ( GEOMETRIC_REPRESENTATION_CONTEXT(2) 
PARAMETRIC_REPRESENTATION_CONTEXT() REPRESENTATION_CONTEXT('2D SPACE',''
  ) );
#380 = PCURVE('',#381,#386);
#381 = PLANE('',#382);
#382 = AXIS2_PLACEMENT_3D('',#383,#384,#385);
#383 = CARTESIAN_POINT('',(-40.,-145.,-3.));
#384 = DIRECTION('',(-1.306933092612E-15,-1.,-2.175557561563E-16));
#385 = DIRECTION('',(-1.,1.140399638919E-15,5.102230246252E-17));
#386 = DEFINITIONAL_REPRESENTATION('',(#387),#391);
#387 = LINE('',#388,#389);
#388 = CARTESIAN_POINT('',(-4.941839114213E-14,-3.));
#389 = VECTOR('',#390,1.);
#390 = DIRECTION('',(1.,5.102230246252E-17));
#391 = ( GEOMETRIC_REPRESENTATION_CONTEXT(2) 
PARAMETRIC_REPRESENTATION_CONTEXT() REPRESENTATION_CONTEXT('2D SPACE',''
  ) );
#392 = ORIENTED_EDGE('',*,*,#393,.T.);
#393 = EDGE_CURVE('',#366,#394,#396,.T.);
#394 = VERTEX_POINT('',#395);
#395 = CARTESIAN_POINT('',(-60.,-165.,5.1354647409E-14));
#396 = SURFACE_CURVE('',#397,(#401,#408),.PCURVE_S1.);
#397 = LINE('',#398,#399);
#398 = CARTESIAN_POINT('',(-60.,-145.,5.141575350509E-14));
#399 = VECTOR('',#400,1.);
#400 = DIRECTION('',(3.330669073875E-16,-1.,-2.775557561563E-16));
#401 = PCURVE('',#32,#402);
#402 = DEFINITIONAL_REPRESENTATION('',(#403),#407);
#403 = LINE('',#404,#405);
#404 = CARTESIAN_POINT('',(-60.,-26.8154210925));
#405 = VECTOR('',#406,1.);
#406 = DIRECTION('',(-1.110223024625E-16,-1.));
#407 = ( GEOMETRIC_REPRESENTATION_CONTEXT(2) 
PARAMETRIC_REPRESENTATION_CONTEXT() REPRESENTATION_CONTEXT('2D SPACE',''
  ) );
#408 = PCURVE('',#409,#414);
#409 = PLANE('',#410);
#410 = AXIS2_PLACEMENT_3D('',#411,#412,#413);
#411 = CARTESIAN_POINT('',(-60.,-145.,-3.));
#412 = DIRECTION('',(1.,2.196003610813E-16,-1.110223024625E-16));
#413 = DIRECTION('',(5.306690738755E-17,-1.,-2.775557561563E-16));
#414 = DEFINITIONAL_REPRESENTATION('',(#415),#419);
#415 = LINE('',#416,#417);
#416 = CARTESIAN_POINT('',(-8.326672684689E-16,-3.));
#417 = VECTOR('',#418,1.);
#418 = DIRECTION('',(1.,1.110223024625E-16));
#419 = ( GEOMETRIC_REPRESENTATION_CONTEXT(2) 
PARAMETRIC_REPRESENTATION_CONTEXT() REPRESENTATION_CONTEXT('2D SPACE',''
  ) );
#420 = ORIENTED_EDGE('',*,*,#421,.T.);
#421 = EDGE_CURVE('',#394,#422,#424,.T.);
#422 = VERTEX_POINT('',#423);
#423 = CARTESIAN_POINT('',(-40.,-165.,5.102397833512E-14));
#424 = SURFACE_CURVE('',#425,(#429,#436),.PCURVE_S1.);
#425 = LINE('',#426,#427);
#426 = CARTESIAN_POINT('',(-60.,-165.,4.586463838196E-14));
#427 = VECTOR('',#428,1.);
#428 = DIRECTION('',(1.,-9.203996389187E-16,-1.110223024625E-16));
#429 = PCURVE('',#32,#430);
#430 = DEFINITIONAL_REPRESENTATION('',(#431),#435);
#431 = LINE('',#432,#433);
#432 = CARTESIAN_POINT('',(-60.,-46.8154210925));
#433 = VECTOR('',#434,1.);
#434 = DIRECTION('',(1.,-1.308977697537E-15));
#435 = ( GEOMETRIC_REPRESENTATION_CONTEXT(2) 
PARAMETRIC_REPRESENTATION_CONTEXT() REPRESENTATION_CONTEXT('2D SPACE',''
  ) );
#436 = PCURVE('',#437,#442);
#437 = PLANE('',#438);
#438 = AXIS2_PLACEMENT_3D('',#439,#440,#441);
#439 = CARTESIAN_POINT('',(-60.,-165.,-3.));
#440 = DIRECTION('',(1.306933092612E-15,1.,2.175557561563E-16));
#441 = DIRECTION('',(1.,-1.140399638919E-15,-5.102230246252E-17));
#442 = DEFINITIONAL_REPRESENTATION('',(#443),#447);
#443 = LINE('',#444,#445);
#444 = CARTESIAN_POINT('',(4.941839114213E-14,-3.));
#445 = VECTOR('',#446,1.);
#446 = DIRECTION('',(1.,-5.102230246252E-17));
#447 = ( GEOMETRIC_REPRESENTATION_CONTEXT(2) 
PARAMETRIC_REPRESENTATION_CONTEXT() REPRESENTATION_CONTEXT('2D SPACE',''
  ) );
#448 = ORIENTED_EDGE('',*,*,#449,.T.);
#449 = EDGE_CURVE('',#422,#450,#452,.T.);
#450 = VERTEX_POINT('',#451);
#451 = CARTESIAN_POINT('',(-40.,-225.,3.770130203962E-14));
#452 = SURFACE_CURVE('',#453,(#457,#464),.PCURVE_S1.);
#453 = LINE('',#454,#455);
#454 = CARTESIAN_POINT('',(-40.,-165.,4.364419233271E-14));
#455 = VECTOR('',#456,1.);
#456 = DIRECTION('',(6.930669073875E-16,-1.,-2.775557561563E-16));
#457 = PCURVE('',#32,#458);
#458 = DEFINITIONAL_REPRESENTATION('',(#459),#463);
#459 = LINE('',#460,#461);
#460 = CARTESIAN_POINT('',(-40.,-46.8154210925));
#461 = VECTOR('',#462,1.);
#462 = DIRECTION('',(2.489776975375E-16,-1.));
#463 = ( GEOMETRIC_REPRESENTATION_CONTEXT(2) 
PARAMETRIC_REPRESENTATION_CONTEXT() REPRESENTATION_CONTEXT('2D SPACE',''
  ) );
#464 = PCURVE('',#465,#470);
#465 = PLANE('',#466);
#466 = AXIS2_PLACEMENT_3D('',#467,#468,#469);
#467 = CARTESIAN_POINT('',(-40.,-165.,-3.));
#468 = DIRECTION('',(1.,4.596003610813E-16,-1.110223024625E-16));
#469 = DIRECTION('',(2.930669073875E-16,-1.,-2.775557561563E-16));
#470 = DEFINITIONAL_REPRESENTATION('',(#471),#475);
#471 = LINE('',#472,#473);
#472 = CARTESIAN_POINT('',(-8.326672684689E-16,-3.));
#473 = VECTOR('',#474,1.);
#474 = DIRECTION('',(1.,1.110223024625E-16));
#475 = ( GEOMETRIC_REPRESENTATION_CONTEXT(2) 
PARAMETRIC_REPRESENTATION_CONTEXT() REPRESENTATION_CONTEXT('2D SPACE',''
  ) );
#476 = ORIENTED_EDGE('',*,*,#477,.T.);
#477 = EDGE_CURVE('',#450,#478,#480,.T.);
#478 = VERTEX_POINT('',#479);
#479 = CARTESIAN_POINT('',(-60.,-225.,3.803197111349E-14));
#480 = SURFACE_CURVE('',#481,(#485,#492),.PCURVE_S1.);
#481 = LINE('',#482,#483);
#482 = CARTESIAN_POINT('',(-40.,-225.,2.699084696334E-14));
#483 = VECTOR('',#484,1.);
#484 = DIRECTION('',(-1.,9.203996389187E-16,1.110223024625E-16));
#485 = PCURVE('',#32,#486);
#486 = DEFINITIONAL_REPRESENTATION('',(#487),#491);
#487 = LINE('',#488,#489);
#488 = CARTESIAN_POINT('',(-40.,-106.8154210925));
#489 = VECTOR('',#490,1.);
#490 = DIRECTION('',(-1.,1.308977697537E-15));
#491 = ( GEOMETRIC_REPRESENTATION_CONTEXT(2) 
PARAMETRIC_REPRESENTATION_CONTEXT() REPRESENTATION_CONTEXT('2D SPACE',''
  ) );
#492 = PCURVE('',#493,#498);
#493 = PLANE('',#494);
#494 = AXIS2_PLACEMENT_3D('',#495,#496,#497);
#495 = CARTESIAN_POINT('',(-40.,-225.,-3.));
#496 = DIRECTION('',(-1.306933092612E-15,-1.,-2.175557561563E-16));
#497 = DIRECTION('',(-1.,1.140399638919E-15,5.102230246252E-17));
#498 = DEFINITIONAL_REPRESENTATION('',(#499),#503);
#499 = LINE('',#500,#501);
#500 = CARTESIAN_POINT('',(-7.784010057253E-14,-3.));
#501 = VECTOR('',#502,1.);
#502 = DIRECTION('',(1.,5.102230246252E-17));
#503 = ( GEOMETRIC_REPRESENTATION_CONTEXT(2) 
PARAMETRIC_REPRESENTATION_CONTEXT() REPRESENTATION_CONTEXT('2D SPACE',''
  ) );
#504 = ORIENTED_EDGE('',*,*,#505,.T.);
#505 = EDGE_CURVE('',#478,#506,#508,.T.);
#506 = VERTEX_POINT('',#507);
#507 = CARTESIAN_POINT('',(-60.,-241.7766952966,4.130679643441E-14));
#508 = SURFACE_CURVE('',#509,(#513,#520),.PCURVE_S1.);
#509 = LINE('',#510,#511);
#510 = CARTESIAN_POINT('',(-60.,-225.,2.921129301259E-14));
#511 = VECTOR('',#512,1.);
#512 = DIRECTION('',(3.330669073875E-16,-1.,-2.775557561563E-16));
#513 = PCURVE('',#32,#514);
#514 = DEFINITIONAL_REPRESENTATION('',(#515),#519);
#515 = LINE('',#516,#517);
#516 = CARTESIAN_POINT('',(-60.,-106.8154210925));
#517 = VECTOR('',#518,1.);
#518 = DIRECTION('',(-1.110223024625E-16,-1.));
#519 = ( GEOMETRIC_REPRESENTATION_CONTEXT(2) 
PARAMETRIC_REPRESENTATION_CONTEXT() REPRESENTATION_CONTEXT('2D SPACE',''
  ) );
#520 = PCURVE('',#521,#526);
#521 = PLANE('',#522);
#522 = AXIS2_PLACEMENT_3D('',#523,#524,#525);
#523 = CARTESIAN_POINT('',(-60.,-225.,-3.));
#524 = DIRECTION('',(1.,2.196003610813E-16,-1.110223024625E-16));
#525 = DIRECTION('',(5.306690738755E-17,-1.,-2.775557561563E-16));
#526 = DEFINITIONAL_REPRESENTATION('',(#527),#531);
#527 = LINE('',#528,#529);
#528 = CARTESIAN_POINT('',(-8.326672684689E-16,-3.));
#529 = VECTOR('',#530,1.);
#530 = DIRECTION('',(1.,1.110223024625E-16));
#531 = ( GEOMETRIC_REPRESENTATION_CONTEXT(2) 
PARAMETRIC_REPRESENTATION_CONTEXT() REPRESENTATION_CONTEXT('2D SPACE',''
  ) );
#532 = ORIENTED_EDGE('',*,*,#533,.F.);
#533 = EDGE_CURVE('',#534,#506,#536,.T.);
#534 = VERTEX_POINT('',#535);
#535 = CARTESIAN_POINT('',(-56.77669529663,-245.,4.005429095044E-14));
#536 = SURFACE_CURVE('',#537,(#541,#548),.PCURVE_S1.);
#537 = LINE('',#538,#539);
#538 = CARTESIAN_POINT('',(-90.09220292144,-211.6844923751,
    6.288899536053E-14));
#539 = VECTOR('',#540,1.);
#540 = DIRECTION('',(-0.707106781187,0.707106781187,2.747661802697E-16)
  );
#541 = PCURVE('',#32,#542);
#542 = DEFINITIONAL_REPRESENTATION('',(#543),#547);
#543 = LINE('',#544,#545);
#544 = CARTESIAN_POINT('',(-90.09220292144,-93.49991346769));
#545 = VECTOR('',#546,1.);
#546 = DIRECTION('',(-0.707106781187,0.707106781187));
#547 = ( GEOMETRIC_REPRESENTATION_CONTEXT(2) 
PARAMETRIC_REPRESENTATION_CONTEXT() REPRESENTATION_CONTEXT('2D SPACE',''
  ) );
#548 = PCURVE('',#549,#554);
#549 = PLANE('',#550);
#550 = AXIS2_PLACEMENT_3D('',#551,#552,#553);
#551 = CARTESIAN_POINT('',(-88.38834764831,-213.3883476483,-3.));
#552 = DIRECTION('',(0.707106781187,0.707106781187,7.395570986447E-32));
#553 = DIRECTION('',(-0.707106781187,0.707106781187,3.140184917368E-16)
  );
#554 = DEFINITIONAL_REPRESENTATION('',(#555),#559);
#555 = LINE('',#556,#557);
#556 = CARTESIAN_POINT('',(2.409615235577,3.));
#557 = VECTOR('',#558,1.);
#558 = DIRECTION('',(1.,-3.925231146709E-17));
#559 = ( GEOMETRIC_REPRESENTATION_CONTEXT(2) 
PARAMETRIC_REPRESENTATION_CONTEXT() REPRESENTATION_CONTEXT('2D SPACE',''
  ) );
#560 = ORIENTED_EDGE('',*,*,#561,.F.);
#561 = EDGE_CURVE('',#562,#534,#564,.T.);
#562 = VERTEX_POINT('',#563);
#563 = CARTESIAN_POINT('',(56.776695296637,-245.,2.11438526363E-14));
#564 = SURFACE_CURVE('',#565,(#569,#576),.PCURVE_S1.);
#565 = LINE('',#566,#567);
#566 = CARTESIAN_POINT('',(60.,-245.,1.033750159396E-14));
#567 = VECTOR('',#568,1.);
#568 = DIRECTION('',(-1.,-2.960036108132E-17,1.110223024625E-16));
#569 = PCURVE('',#32,#570);
#570 = DEFINITIONAL_REPRESENTATION('',(#571),#575);
#571 = LINE('',#572,#573);
#572 = CARTESIAN_POINT('',(60.,-126.8154210925));
#573 = VECTOR('',#574,1.);
#574 = DIRECTION('',(-1.,3.589776975375E-16));
#575 = ( GEOMETRIC_REPRESENTATION_CONTEXT(2) 
PARAMETRIC_REPRESENTATION_CONTEXT() REPRESENTATION_CONTEXT('2D SPACE',''
  ) );
#576 = PCURVE('',#577,#582);
#577 = PLANE('',#578);
#578 = AXIS2_PLACEMENT_3D('',#579,#580,#581);
#579 = CARTESIAN_POINT('',(60.,-245.,-3.));
#580 = DIRECTION('',(-3.669330926125E-16,-1.,-2.175557561563E-16));
#581 = DIRECTION('',(-1.,2.003996389187E-16,5.102230246252E-17));
#582 = DEFINITIONAL_REPRESENTATION('',(#583),#587);
#583 = LINE('',#584,#585);
#584 = CARTESIAN_POINT('',(-8.494552793013E-14,-3.));
#585 = VECTOR('',#586,1.);
#586 = DIRECTION('',(1.,5.102230246252E-17));
#587 = ( GEOMETRIC_REPRESENTATION_CONTEXT(2) 
PARAMETRIC_REPRESENTATION_CONTEXT() REPRESENTATION_CONTEXT('2D SPACE',''
  ) );
#588 = ORIENTED_EDGE('',*,*,#589,.F.);
#589 = EDGE_CURVE('',#590,#562,#592,.T.);
#590 = VERTEX_POINT('',#591);
#591 = CARTESIAN_POINT('',(60.,-241.7766952966,2.132278199115E-14));
#592 = SURFACE_CURVE('',#593,(#597,#604),.PCURVE_S1.);
#593 = LINE('',#594,#595);
#594 = CARTESIAN_POINT('',(90.092202921445,-211.6844923751,
    2.288002015149E-14));
#595 = VECTOR('',#596,1.);
#596 = DIRECTION('',(-0.707106781187,-0.707106781187,3.925231146709E-17)
  );
#597 = PCURVE('',#32,#598);
#598 = DEFINITIONAL_REPRESENTATION('',(#599),#603);
#599 = LINE('',#600,#601);
#600 = CARTESIAN_POINT('',(90.092202921445,-93.49991346769));
#601 = VECTOR('',#602,1.);
#602 = DIRECTION('',(-0.707106781187,-0.707106781187));
#603 = ( GEOMETRIC_REPRESENTATION_CONTEXT(2) 
PARAMETRIC_REPRESENTATION_CONTEXT() REPRESENTATION_CONTEXT('2D SPACE',''
  ) );
#604 = PCURVE('',#605,#610);
#605 = PLANE('',#606);
#606 = AXIS2_PLACEMENT_3D('',#607,#608,#609);
#607 = CARTESIAN_POINT('',(88.388347648319,-213.3883476483,-3.));
#608 = DIRECTION('',(-0.707106781187,0.707106781187,3.140184917368E-16)
  );
#609 = DIRECTION('',(0.707106781187,0.707106781187,7.395570986447E-32));
#610 = DEFINITIONAL_REPRESENTATION('',(#611),#615);
#611 = LINE('',#612,#613);
#612 = CARTESIAN_POINT('',(2.409615235577,-3.));
#613 = VECTOR('',#614,1.);
#614 = DIRECTION('',(-1.,-3.925231146709E-17));
#615 = ( GEOMETRIC_REPRESENTATION_CONTEXT(2) 
PARAMETRIC_REPRESENTATION_CONTEXT() REPRESENTATION_CONTEXT('2D SPACE',''
  ) );
#616 = ORIENTED_EDGE('',*,*,#617,.F.);
#617 = EDGE_CURVE('',#618,#590,#620,.T.);
#618 = VERTEX_POINT('',#619);
#619 = CARTESIAN_POINT('',(60.,-225.,3.204795667024E-14));
#620 = SURFACE_CURVE('',#621,(#625,#632),.PCURVE_S1.);
#621 = LINE('',#622,#623);
#622 = CARTESIAN_POINT('',(60.,-225.,1.588861671708E-14));
#623 = VECTOR('',#624,1.);
#624 = DIRECTION('',(3.330669073875E-16,-1.,-2.775557561563E-16));
#625 = PCURVE('',#32,#626);
#626 = DEFINITIONAL_REPRESENTATION('',(#627),#631);
#627 = LINE('',#628,#629);
#628 = CARTESIAN_POINT('',(60.,-106.8154210925));
#629 = VECTOR('',#630,1.);
#630 = DIRECTION('',(-1.110223024625E-16,-1.));
#631 = ( GEOMETRIC_REPRESENTATION_CONTEXT(2) 
PARAMETRIC_REPRESENTATION_CONTEXT() REPRESENTATION_CONTEXT('2D SPACE',''
  ) );
#632 = PCURVE('',#633,#638);
#633 = PLANE('',#634);
#634 = AXIS2_PLACEMENT_3D('',#635,#636,#637);
#635 = CARTESIAN_POINT('',(60.,-225.,-3.));
#636 = DIRECTION('',(1.,2.196003610813E-16,-1.110223024625E-16));
#637 = DIRECTION('',(5.306690738755E-17,-1.,-2.775557561563E-16));
#638 = DEFINITIONAL_REPRESENTATION('',(#639),#643);
#639 = LINE('',#640,#641);
#640 = CARTESIAN_POINT('',(-8.326672684689E-16,-3.));
#641 = VECTOR('',#642,1.);
#642 = DIRECTION('',(1.,1.110223024625E-16));
#643 = ( GEOMETRIC_REPRESENTATION_CONTEXT(2) 
PARAMETRIC_REPRESENTATION_CONTEXT() REPRESENTATION_CONTEXT('2D SPACE',''
  ) );
#644 = ORIENTED_EDGE('',*,*,#645,.F.);
#645 = EDGE_CURVE('',#646,#618,#648,.T.);
#646 = VERTEX_POINT('',#647);
#647 = CARTESIAN_POINT('',(40.,-225.,3.337862574412E-14));
#648 = SURFACE_CURVE('',#649,(#653,#660),.PCURVE_S1.);
#649 = LINE('',#650,#651);
#650 = CARTESIAN_POINT('',(40.,-225.,1.810906276633E-14));
#651 = VECTOR('',#652,1.);
#652 = DIRECTION('',(1.,4.996003610813E-16,-1.110223024625E-16));
#653 = PCURVE('',#32,#654);
#654 = DEFINITIONAL_REPRESENTATION('',(#655),#659);
#655 = LINE('',#656,#657);
#656 = CARTESIAN_POINT('',(40.,-106.8154210925));
#657 = VECTOR('',#658,1.);
#658 = DIRECTION('',(1.,1.110223024625E-16));
#659 = ( GEOMETRIC_REPRESENTATION_CONTEXT(2) 
PARAMETRIC_REPRESENTATION_CONTEXT() REPRESENTATION_CONTEXT('2D SPACE',''
  ) );
#660 = PCURVE('',#661,#666);
#661 = PLANE('',#662);
#662 = AXIS2_PLACEMENT_3D('',#663,#664,#665);
#663 = CARTESIAN_POINT('',(40.,-225.,-3.));
#664 = DIRECTION('',(-1.130669073875E-16,1.,2.175557561563E-16));
#665 = DIRECTION('',(1.,2.796003610813E-16,-5.102230246252E-17));
#666 = DEFINITIONAL_REPRESENTATION('',(#667),#671);
#667 = LINE('',#668,#669);
#668 = CARTESIAN_POINT('',(7.784010057253E-14,-3.));
#669 = VECTOR('',#670,1.);
#670 = DIRECTION('',(1.,-5.102230246252E-17));
#671 = ( GEOMETRIC_REPRESENTATION_CONTEXT(2) 
PARAMETRIC_REPRESENTATION_CONTEXT() REPRESENTATION_CONTEXT('2D SPACE',''
  ) );
#672 = ORIENTED_EDGE('',*,*,#673,.T.);
#673 = EDGE_CURVE('',#646,#674,#676,.T.);
#674 = VERTEX_POINT('',#675);
#675 = CARTESIAN_POINT('',(40.,-165.,4.670130203962E-14));
#676 = SURFACE_CURVE('',#677,(#681,#688),.PCURVE_S1.);
#677 = LINE('',#678,#679);
#678 = CARTESIAN_POINT('',(40.,-225.,1.810906276633E-14));
#679 = VECTOR('',#680,1.);
#680 = DIRECTION('',(-6.930669073875E-16,1.,2.775557561563E-16));
#681 = PCURVE('',#32,#682);
#682 = DEFINITIONAL_REPRESENTATION('',(#683),#687);
#683 = LINE('',#684,#685);
#684 = CARTESIAN_POINT('',(40.,-106.8154210925));
#685 = VECTOR('',#686,1.);
#686 = DIRECTION('',(-2.489776975375E-16,1.));
#687 = ( GEOMETRIC_REPRESENTATION_CONTEXT(2) 
PARAMETRIC_REPRESENTATION_CONTEXT() REPRESENTATION_CONTEXT('2D SPACE',''
  ) );
#688 = PCURVE('',#689,#694);
#689 = PLANE('',#690);
#690 = AXIS2_PLACEMENT_3D('',#691,#692,#693);
#691 = CARTESIAN_POINT('',(40.,-225.,-3.));
#692 = DIRECTION('',(-1.,-4.596003610813E-16,1.110223024625E-16));
#693 = DIRECTION('',(-2.930669073875E-16,1.,2.775557561563E-16));
#694 = DEFINITIONAL_REPRESENTATION('',(#695),#699);
#695 = LINE('',#696,#697);
#696 = CARTESIAN_POINT('',(8.326672684689E-16,-3.));
#697 = VECTOR('',#698,1.);
#698 = DIRECTION('',(1.,-1.110223024625E-16));
#699 = ( GEOMETRIC_REPRESENTATION_CONTEXT(2) 
PARAMETRIC_REPRESENTATION_CONTEXT() REPRESENTATION_CONTEXT('2D SPACE',''
  ) );
#700 = ORIENTED_EDGE('',*,*,#701,.F.);
#701 = EDGE_CURVE('',#702,#674,#704,.T.);
#702 = VERTEX_POINT('',#703);
#703 = CARTESIAN_POINT('',(60.,-165.,4.537063296574E-14));
#704 = SURFACE_CURVE('',#705,(#709,#716),.PCURVE_S1.);
#705 = LINE('',#706,#707);
#706 = CARTESIAN_POINT('',(60.,-165.,3.254196208646E-14));
#707 = VECTOR('',#708,1.);
#708 = DIRECTION('',(-1.,-4.996003610813E-16,1.110223024625E-16));
#709 = PCURVE('',#32,#710);
#710 = DEFINITIONAL_REPRESENTATION('',(#711),#715);
#711 = LINE('',#712,#713);
#712 = CARTESIAN_POINT('',(60.,-46.8154210925));
#713 = VECTOR('',#714,1.);
#714 = DIRECTION('',(-1.,-1.110223024625E-16));
#715 = ( GEOMETRIC_REPRESENTATION_CONTEXT(2) 
PARAMETRIC_REPRESENTATION_CONTEXT() REPRESENTATION_CONTEXT('2D SPACE',''
  ) );
#716 = PCURVE('',#717,#722);
#717 = PLANE('',#718);
#718 = AXIS2_PLACEMENT_3D('',#719,#720,#721);
#719 = CARTESIAN_POINT('',(60.,-165.,-3.));
#720 = DIRECTION('',(1.130669073875E-16,-1.,-2.175557561563E-16));
#721 = DIRECTION('',(-1.,-2.796003610813E-16,5.102230246252E-17));
#722 = DEFINITIONAL_REPRESENTATION('',(#723),#727);
#723 = LINE('',#724,#725);
#724 = CARTESIAN_POINT('',(-4.941839114213E-14,-3.));
#725 = VECTOR('',#726,1.);
#726 = DIRECTION('',(1.,5.102230246252E-17));
#727 = ( GEOMETRIC_REPRESENTATION_CONTEXT(2) 
PARAMETRIC_REPRESENTATION_CONTEXT() REPRESENTATION_CONTEXT('2D SPACE',''
  ) );
#728 = ORIENTED_EDGE('',*,*,#729,.F.);
#729 = EDGE_CURVE('',#730,#702,#732,.T.);
#730 = VERTEX_POINT('',#731);
#731 = CARTESIAN_POINT('',(60.,-145.,4.981152506424E-14));
#732 = SURFACE_CURVE('',#733,(#737,#744),.PCURVE_S1.);
#733 = LINE('',#734,#735);
#734 = CARTESIAN_POINT('',(60.,-145.,3.809307720959E-14));
#735 = VECTOR('',#736,1.);
#736 = DIRECTION('',(3.330669073875E-16,-1.,-2.775557561563E-16));
#737 = PCURVE('',#32,#738);
#738 = DEFINITIONAL_REPRESENTATION('',(#739),#743);
#739 = LINE('',#740,#741);
#740 = CARTESIAN_POINT('',(60.,-26.8154210925));
#741 = VECTOR('',#742,1.);
#742 = DIRECTION('',(-1.110223024625E-16,-1.));
#743 = ( GEOMETRIC_REPRESENTATION_CONTEXT(2) 
PARAMETRIC_REPRESENTATION_CONTEXT() REPRESENTATION_CONTEXT('2D SPACE',''
  ) );
#744 = PCURVE('',#745,#750);
#745 = PLANE('',#746);
#746 = AXIS2_PLACEMENT_3D('',#747,#748,#749);
#747 = CARTESIAN_POINT('',(60.,-145.,-3.));
#748 = DIRECTION('',(1.,2.196003610813E-16,-1.110223024625E-16));
#749 = DIRECTION('',(5.306690738755E-17,-1.,-2.775557561563E-16));
#750 = DEFINITIONAL_REPRESENTATION('',(#751),#755);
#751 = LINE('',#752,#753);
#752 = CARTESIAN_POINT('',(-8.326672684689E-16,-3.));
#753 = VECTOR('',#754,1.);
#754 = DIRECTION('',(1.,1.110223024625E-16));
#755 = ( GEOMETRIC_REPRESENTATION_CONTEXT(2) 
PARAMETRIC_REPRESENTATION_CONTEXT() REPRESENTATION_CONTEXT('2D SPACE',''
  ) );
#756 = ORIENTED_EDGE('',*,*,#757,.F.);
#757 = EDGE_CURVE('',#758,#730,#760,.T.);
#758 = VERTEX_POINT('',#759);
#759 = CARTESIAN_POINT('',(40.,-145.,5.114219413812E-14));
#760 = SURFACE_CURVE('',#761,(#765,#772),.PCURVE_S1.);
#761 = LINE('',#762,#763);
#762 = CARTESIAN_POINT('',(40.,-145.,4.031352325884E-14));
#763 = VECTOR('',#764,1.);
#764 = DIRECTION('',(1.,4.996003610813E-16,-1.110223024625E-16));
#765 = PCURVE('',#32,#766);
#766 = DEFINITIONAL_REPRESENTATION('',(#767),#771);
#767 = LINE('',#768,#769);
#768 = CARTESIAN_POINT('',(40.,-26.8154210925));
#769 = VECTOR('',#770,1.);
#770 = DIRECTION('',(1.,1.110223024625E-16));
#771 = ( GEOMETRIC_REPRESENTATION_CONTEXT(2) 
PARAMETRIC_REPRESENTATION_CONTEXT() REPRESENTATION_CONTEXT('2D SPACE',''
  ) );
#772 = PCURVE('',#773,#778);
#773 = PLANE('',#774);
#774 = AXIS2_PLACEMENT_3D('',#775,#776,#777);
#775 = CARTESIAN_POINT('',(40.,-145.,-3.));
#776 = DIRECTION('',(-1.130669073875E-16,1.,2.175557561563E-16));
#777 = DIRECTION('',(1.,2.796003610813E-16,-5.102230246252E-17));
#778 = DEFINITIONAL_REPRESENTATION('',(#779),#783);
#779 = LINE('',#780,#781);
#780 = CARTESIAN_POINT('',(4.941839114213E-14,-3.));
#781 = VECTOR('',#782,1.);
#782 = DIRECTION('',(1.,-5.102230246252E-17));
#783 = ( GEOMETRIC_REPRESENTATION_CONTEXT(2) 
PARAMETRIC_REPRESENTATION_CONTEXT() REPRESENTATION_CONTEXT('2D SPACE',''
  ) );
#784 = ORIENTED_EDGE('',*,*,#785,.T.);
#785 = EDGE_CURVE('',#758,#786,#788,.T.);
#786 = VERTEX_POINT('',#787);
#787 = CARTESIAN_POINT('',(40.,-114.9999999999,5.780353228587E-14));
#788 = SURFACE_CURVE('',#789,(#793,#800),.PCURVE_S1.);
#789 = LINE('',#790,#791);
#790 = CARTESIAN_POINT('',(40.,-145.,4.031352325884E-14));
#791 = VECTOR('',#792,1.);
#792 = DIRECTION('',(-8.030669073875E-16,1.,2.775557561563E-16));
#793 = PCURVE('',#32,#794);
#794 = DEFINITIONAL_REPRESENTATION('',(#795),#799);
#795 = LINE('',#796,#797);
#796 = CARTESIAN_POINT('',(40.,-26.8154210925));
#797 = VECTOR('',#798,1.);
#798 = DIRECTION('',(-3.589776975375E-16,1.));
#799 = ( GEOMETRIC_REPRESENTATION_CONTEXT(2) 
PARAMETRIC_REPRESENTATION_CONTEXT() REPRESENTATION_CONTEXT('2D SPACE',''
  ) );
#800 = PCURVE('',#801,#806);
#801 = PLANE('',#802);
#802 = AXIS2_PLACEMENT_3D('',#803,#804,#805);
#803 = CARTESIAN_POINT('',(40.,-145.,-3.));
#804 = DIRECTION('',(-1.,-4.596003610813E-16,1.110223024625E-16));
#805 = DIRECTION('',(-2.930669073875E-16,1.,2.775557561563E-16));
#806 = DEFINITIONAL_REPRESENTATION('',(#807),#811);
#807 = LINE('',#808,#809);
#808 = CARTESIAN_POINT('',(8.326672684689E-16,-3.));
#809 = VECTOR('',#810,1.);
#810 = DIRECTION('',(1.,-1.110223024625E-16));
#811 = ( GEOMETRIC_REPRESENTATION_CONTEXT(2) 
PARAMETRIC_REPRESENTATION_CONTEXT() REPRESENTATION_CONTEXT('2D SPACE',''
  ) );
#812 = ORIENTED_EDGE('',*,*,#813,.F.);
#813 = EDGE_CURVE('',#814,#786,#816,.T.);
#814 = VERTEX_POINT('',#815);
#815 = CARTESIAN_POINT('',(33.365217391305,-75.,6.679022974521E-14));
#816 = SURFACE_CURVE('',#817,(#821,#828),.PCURVE_S1.);
#817 = LINE('',#818,#819);
#818 = CARTESIAN_POINT('',(33.365217391305,-75.,6.047903503133E-14));
#819 = VECTOR('',#820,1.);
#820 = DIRECTION('',(0.16363383332,-0.986521144524,-2.919816271685E-16)
  );
#821 = PCURVE('',#32,#822);
#822 = DEFINITIONAL_REPRESENTATION('',(#823),#827);
#823 = LINE('',#824,#825);
#824 = CARTESIAN_POINT('',(33.365217391305,43.184578907493));
#825 = VECTOR('',#826,1.);
#826 = DIRECTION('',(0.16363383332,-0.986521144524));
#827 = ( GEOMETRIC_REPRESENTATION_CONTEXT(2) 
PARAMETRIC_REPRESENTATION_CONTEXT() REPRESENTATION_CONTEXT('2D SPACE',''
  ) );
#828 = PCURVE('',#829,#834);
#829 = PLANE('',#830);
#830 = AXIS2_PLACEMENT_3D('',#831,#832,#833);
#831 = CARTESIAN_POINT('',(33.365217391305,-75.,-3.));
#832 = DIRECTION('',(0.986521144524,0.16363383332,-7.410833655314E-17));
#833 = DIRECTION('',(0.16363383332,-0.986521144524,-2.819816271685E-16)
  );
#834 = DEFINITIONAL_REPRESENTATION('',(#835),#839);
#835 = LINE('',#836,#837);
#836 = CARTESIAN_POINT('',(-1.489250404722E-14,-3.));
#837 = VECTOR('',#838,1.);
#838 = DIRECTION('',(1.,1.013588439571E-16));
#839 = ( GEOMETRIC_REPRESENTATION_CONTEXT(2) 
PARAMETRIC_REPRESENTATION_CONTEXT() REPRESENTATION_CONTEXT('2D SPACE',''
  ) );
#840 = ORIENTED_EDGE('',*,*,#841,.F.);
#841 = EDGE_CURVE('',#842,#814,#844,.T.);
#842 = VERTEX_POINT('',#843);
#843 = CARTESIAN_POINT('',(50.,-75.,6.601998194593E-14));
#844 = SURFACE_CURVE('',#845,(#849,#856),.PCURVE_S1.);
#845 = LINE('',#846,#847);
#846 = CARTESIAN_POINT('',(50.,-75.,5.863220316515E-14));
#847 = VECTOR('',#848,1.);
#848 = DIRECTION('',(-1.,3.503996389187E-16,1.110223024625E-16));
#849 = PCURVE('',#32,#850);
#850 = DEFINITIONAL_REPRESENTATION('',(#851),#855);
#851 = LINE('',#852,#853);
#852 = CARTESIAN_POINT('',(50.,43.184578907493));
#853 = VECTOR('',#854,1.);
#854 = DIRECTION('',(-1.,7.389776975375E-16));
#855 = ( GEOMETRIC_REPRESENTATION_CONTEXT(2) 
PARAMETRIC_REPRESENTATION_CONTEXT() REPRESENTATION_CONTEXT('2D SPACE',''
  ) );
#856 = PCURVE('',#857,#862);
#857 = PLANE('',#858);
#858 = AXIS2_PLACEMENT_3D('',#859,#860,#861);
#859 = CARTESIAN_POINT('',(50.,-75.,-3.));
#860 = DIRECTION('',(-7.469330926125E-16,-1.,-2.175557561563E-16));
#861 = DIRECTION('',(-1.,5.803996389187E-16,5.102230246252E-17));
#862 = DEFINITIONAL_REPRESENTATION('',(#863),#867);
#863 = LINE('',#864,#865);
#864 = CARTESIAN_POINT('',(-2.810210906932E-14,-3.));
#865 = VECTOR('',#866,1.);
#866 = DIRECTION('',(1.,5.102230246252E-17));
#867 = ( GEOMETRIC_REPRESENTATION_CONTEXT(2) 
PARAMETRIC_REPRESENTATION_CONTEXT() REPRESENTATION_CONTEXT('2D SPACE',''
  ) );
#868 = ORIENTED_EDGE('',*,*,#869,.F.);
#869 = EDGE_CURVE('',#870,#842,#872,.T.);
#870 = VERTEX_POINT('',#871);
#871 = CARTESIAN_POINT('',(50.,-55.,7.046087404443E-14));
#872 = SURFACE_CURVE('',#873,(#877,#884),.PCURVE_S1.);
#873 = LINE('',#874,#875);
#874 = CARTESIAN_POINT('',(50.,-55.,6.418331828828E-14));
#875 = VECTOR('',#876,1.);
#876 = DIRECTION('',(3.330669073875E-16,-1.,-2.775557561563E-16));
#877 = PCURVE('',#32,#878);
#878 = DEFINITIONAL_REPRESENTATION('',(#879),#883);
#879 = LINE('',#880,#881);
#880 = CARTESIAN_POINT('',(50.,63.184578907493));
#881 = VECTOR('',#882,1.);
#882 = DIRECTION('',(-1.110223024625E-16,-1.));
#883 = ( GEOMETRIC_REPRESENTATION_CONTEXT(2) 
PARAMETRIC_REPRESENTATION_CONTEXT() REPRESENTATION_CONTEXT('2D SPACE',''
  ) );
#884 = PCURVE('',#885,#890);
#885 = PLANE('',#886);
#886 = AXIS2_PLACEMENT_3D('',#887,#888,#889);
#887 = CARTESIAN_POINT('',(50.,-55.,-3.));
#888 = DIRECTION('',(1.,-1.303996389187E-16,-1.110223024625E-16));
#889 = DIRECTION('',(-2.969330926125E-16,-1.,-2.775557561563E-16));
#890 = DEFINITIONAL_REPRESENTATION('',(#891),#895);
#891 = LINE('',#892,#893);
#892 = CARTESIAN_POINT('',(-1.504352198367E-14,-3.));
#893 = VECTOR('',#894,1.);
#894 = DIRECTION('',(1.,1.110223024625E-16));
#895 = ( GEOMETRIC_REPRESENTATION_CONTEXT(2) 
PARAMETRIC_REPRESENTATION_CONTEXT() REPRESENTATION_CONTEXT('2D SPACE',''
  ) );
#896 = ORIENTED_EDGE('',*,*,#897,.F.);
#897 = EDGE_CURVE('',#898,#870,#900,.T.);
#898 = VERTEX_POINT('',#899);
#899 = CARTESIAN_POINT('',(30.047826086958,-55.,7.078357847487E-14));
#900 = SURFACE_CURVE('',#901,(#905,#912),.PCURVE_S1.);
#901 = LINE('',#902,#903);
#902 = CARTESIAN_POINT('',(30.047826086958,-55.,6.639845457524E-14));
#903 = VECTOR('',#904,1.);
#904 = DIRECTION('',(1.,4.996003610813E-16,-1.110223024625E-16));
#905 = PCURVE('',#32,#906);
#906 = DEFINITIONAL_REPRESENTATION('',(#907),#911);
#907 = LINE('',#908,#909);
#908 = CARTESIAN_POINT('',(30.047826086958,63.184578907493));
#909 = VECTOR('',#910,1.);
#910 = DIRECTION('',(1.,1.110223024625E-16));
#911 = ( GEOMETRIC_REPRESENTATION_CONTEXT(2) 
PARAMETRIC_REPRESENTATION_CONTEXT() REPRESENTATION_CONTEXT('2D SPACE',''
  ) );
#912 = PCURVE('',#913,#918);
#913 = PLANE('',#914);
#914 = AXIS2_PLACEMENT_3D('',#915,#916,#917);
#915 = CARTESIAN_POINT('',(30.047826086958,-55.,-3.));
#916 = DIRECTION('',(-1.130669073875E-16,1.,2.175557561563E-16));
#917 = DIRECTION('',(1.,2.796003610813E-16,-5.102230246252E-17));
#918 = DEFINITIONAL_REPRESENTATION('',(#919),#923);
#919 = LINE('',#920,#921);
#920 = CARTESIAN_POINT('',(1.744396803292E-14,-3.));
#921 = VECTOR('',#922,1.);
#922 = DIRECTION('',(1.,-5.102230246252E-17));
#923 = ( GEOMETRIC_REPRESENTATION_CONTEXT(2) 
PARAMETRIC_REPRESENTATION_CONTEXT() REPRESENTATION_CONTEXT('2D SPACE',''
  ) );
#924 = ORIENTED_EDGE('',*,*,#925,.F.);
#925 = EDGE_CURVE('',#926,#898,#928,.T.);
#926 = VERTEX_POINT('',#927);
#927 = CARTESIAN_POINT('',(21.754347826089,-5.,8.226695029904E-14));
#928 = SURFACE_CURVE('',#929,(#933,#940),.PCURVE_S1.);
#929 = LINE('',#930,#931);
#930 = CARTESIAN_POINT('',(21.754347826089,-5.,8.1197003435E-14));
#931 = VECTOR('',#932,1.);
#932 = DIRECTION('',(0.16363383332,-0.986521144524,-2.919816271685E-16)
  );
#933 = PCURVE('',#32,#934);
#934 = DEFINITIONAL_REPRESENTATION('',(#935),#939);
#935 = LINE('',#936,#937);
#936 = CARTESIAN_POINT('',(21.754347826089,113.18457890749));
#937 = VECTOR('',#938,1.);
#938 = DIRECTION('',(0.16363383332,-0.986521144524));
#939 = ( GEOMETRIC_REPRESENTATION_CONTEXT(2) 
PARAMETRIC_REPRESENTATION_CONTEXT() REPRESENTATION_CONTEXT('2D SPACE',''
  ) );
#940 = PCURVE('',#941,#946);
#941 = PLANE('',#942);
#942 = AXIS2_PLACEMENT_3D('',#943,#944,#945);
#943 = CARTESIAN_POINT('',(21.754347826089,-5.,-3.));
#944 = DIRECTION('',(0.986521144524,0.16363383332,-7.410833655314E-17));
#945 = DIRECTION('',(0.16363383332,-0.986521144524,-2.819816271685E-16)
  );
#946 = DEFINITIONAL_REPRESENTATION('',(#947),#951);
#947 = LINE('',#948,#949);
#948 = CARTESIAN_POINT('',(-3.501815762342E-15,-3.));
#949 = VECTOR('',#950,1.);
#950 = DIRECTION('',(1.,1.013588439571E-16));
#951 = ( GEOMETRIC_REPRESENTATION_CONTEXT(2) 
PARAMETRIC_REPRESENTATION_CONTEXT() REPRESENTATION_CONTEXT('2D SPACE',''
  ) );
#952 = ORIENTED_EDGE('',*,*,#953,.F.);
#953 = EDGE_CURVE('',#954,#926,#956,.T.);
#954 = VERTEX_POINT('',#955);
#955 = CARTESIAN_POINT('',(40.,-5.,8.222843882762E-14));
#956 = SURFACE_CURVE('',#957,(#961,#968),.PCURVE_S1.);
#957 = LINE('',#958,#959);
#958 = CARTESIAN_POINT('',(40.,-5.,7.917132912072E-14));
#959 = VECTOR('',#960,1.);
#960 = DIRECTION('',(-1.,-3.096003610813E-16,1.110223024625E-16));
#961 = PCURVE('',#32,#962);
#962 = DEFINITIONAL_REPRESENTATION('',(#963),#967);
#963 = LINE('',#964,#965);
#964 = CARTESIAN_POINT('',(40.,113.18457890749));
#965 = VECTOR('',#966,1.);
#966 = DIRECTION('',(-1.,7.897769753748E-17));
#967 = ( GEOMETRIC_REPRESENTATION_CONTEXT(2) 
PARAMETRIC_REPRESENTATION_CONTEXT() REPRESENTATION_CONTEXT('2D SPACE',''
  ) );
#968 = PCURVE('',#969,#974);
#969 = PLANE('',#970);
#970 = AXIS2_PLACEMENT_3D('',#971,#972,#973);
#971 = CARTESIAN_POINT('',(40.,-5.,-3.));
#972 = DIRECTION('',(-8.693309261245E-17,-1.,-2.175557561563E-16));
#973 = DIRECTION('',(-1.,-7.960036108132E-17,5.102230246252E-17));
#974 = DEFINITIONAL_REPRESENTATION('',(#975),#979);
#975 = LINE('',#976,#977);
#976 = CARTESIAN_POINT('',(3.196003610813E-16,-3.));
#977 = VECTOR('',#978,1.);
#978 = DIRECTION('',(1.,5.102230246252E-17));
#979 = ( GEOMETRIC_REPRESENTATION_CONTEXT(2) 
PARAMETRIC_REPRESENTATION_CONTEXT() REPRESENTATION_CONTEXT('2D SPACE',''
  ) );
#980 = ORIENTED_EDGE('',*,*,#981,.F.);
#981 = EDGE_CURVE('',#982,#954,#984,.T.);
#982 = VERTEX_POINT('',#983);
#983 = CARTESIAN_POINT('',(40.,11.776695296637,8.095361350671E-14));
#984 = SURFACE_CURVE('',#985,(#989,#996),.PCURVE_S1.);
#985 = LINE('',#986,#987);
#986 = CARTESIAN_POINT('',(40.,15.,8.472244424384E-14));
#987 = VECTOR('',#988,1.);
#988 = DIRECTION('',(3.330669073875E-16,-1.,-2.775557561563E-16));
#989 = PCURVE('',#32,#990);
#990 = DEFINITIONAL_REPRESENTATION('',(#991),#995);
#991 = LINE('',#992,#993);
#992 = CARTESIAN_POINT('',(40.,133.18457890749));
#993 = VECTOR('',#994,1.);
#994 = DIRECTION('',(-1.110223024625E-16,-1.));
#995 = ( GEOMETRIC_REPRESENTATION_CONTEXT(2) 
PARAMETRIC_REPRESENTATION_CONTEXT() REPRESENTATION_CONTEXT('2D SPACE',''
  ) );
#996 = PCURVE('',#997,#1002);
#997 = PLANE('',#998);
#998 = AXIS2_PLACEMENT_3D('',#999,#1000,#1001);
#999 = CARTESIAN_POINT('',(40.,15.,-3.));
#1000 = DIRECTION('',(1.,-1.303996389187E-16,-1.110223024625E-16));
#1001 = DIRECTION('',(-2.969330926125E-16,-1.,-2.775557561563E-16));
#1002 = DEFINITIONAL_REPRESENTATION('',(#1003),#1007);
#1003 = LINE('',#1004,#1005);
#1004 = CARTESIAN_POINT('',(-9.71445146547E-15,-3.));
#1005 = VECTOR('',#1006,1.);
#1006 = DIRECTION('',(1.,1.110223024625E-16));
#1007 = ( GEOMETRIC_REPRESENTATION_CONTEXT(2) 
PARAMETRIC_REPRESENTATION_CONTEXT() REPRESENTATION_CONTEXT('2D SPACE',''
  ) );
#1008 = ORIENTED_EDGE('',*,*,#1009,.F.);
#1009 = EDGE_CURVE('',#24,#982,#1010,.T.);
#1010 = SURFACE_CURVE('',#1011,(#1015,#1022),.PCURVE_S1.);
#1011 = LINE('',#1012,#1013);
#1012 = CARTESIAN_POINT('',(86.684492375192,-34.90779707855,
    5.309747511879E-14));
#1013 = VECTOR('',#1014,1.);
#1014 = DIRECTION('',(0.707106781187,-0.707106781187,-2.747661802697E-16
    ));
#1015 = PCURVE('',#32,#1016);
#1016 = DEFINITIONAL_REPRESENTATION('',(#1017),#1021);
#1017 = LINE('',#1018,#1019);
#1018 = CARTESIAN_POINT('',(86.684492375192,83.276781828939));
#1019 = VECTOR('',#1020,1.);
#1020 = DIRECTION('',(0.707106781187,-0.707106781187));
#1021 = ( GEOMETRIC_REPRESENTATION_CONTEXT(2) 
PARAMETRIC_REPRESENTATION_CONTEXT() REPRESENTATION_CONTEXT('2D SPACE',''
  ) );
#1022 = PCURVE('',#1023,#1028);
#1023 = PLANE('',#1024);
#1024 = AXIS2_PLACEMENT_3D('',#1025,#1026,#1027);
#1025 = CARTESIAN_POINT('',(88.388347648318,-36.61165235168,-3.));
#1026 = DIRECTION('',(-0.707106781187,-0.707106781187,
    -7.395570986447E-32));
#1027 = DIRECTION('',(0.707106781187,-0.707106781187,-3.140184917368E-16
    ));
#1028 = DEFINITIONAL_REPRESENTATION('',(#1029),#1033);
#1029 = LINE('',#1030,#1031);
#1030 = CARTESIAN_POINT('',(-2.409615235577,3.));
#1031 = VECTOR('',#1032,1.);
#1032 = DIRECTION('',(1.,3.925231146709E-17));
#1033 = ( GEOMETRIC_REPRESENTATION_CONTEXT(2) 
PARAMETRIC_REPRESENTATION_CONTEXT() REPRESENTATION_CONTEXT('2D SPACE',''
  ) );
#1034 = FACE_BOUND('',#1035,.T.);
#1035 = EDGE_LOOP('',(#1036));
#1036 = ORIENTED_EDGE('',*,*,#1037,.T.);
#1037 = EDGE_CURVE('',#1038,#1038,#1040,.T.);
#1038 = VERTEX_POINT('',#1039);
#1039 = CARTESIAN_POINT('',(-50.,-232.25,4.175681319085E-14));
#1040 = SURFACE_CURVE('',#1041,(#1046,#1057),.PCURVE_S1.);
#1041 = CIRCLE('',#1042,2.75);
#1042 = AXIS2_PLACEMENT_3D('',#1043,#1044,#1045);
#1043 = CARTESIAN_POINT('',(-50.,-235.,2.53255124264E-14));
#1044 = DIRECTION('',(-1.110223024625E-16,2.775557561563E-16,-1.));
#1045 = DIRECTION('',(-3.330669073875E-16,1.,2.775557561563E-16));
#1046 = PCURVE('',#32,#1047);
#1047 = DEFINITIONAL_REPRESENTATION('',(#1048),#1056);
#1048 = ( BOUNDED_CURVE() B_SPLINE_CURVE(2,(#1049,#1050,#1051,#1052,
#1053,#1054,#1055),.UNSPECIFIED.,.T.,.F.) B_SPLINE_CURVE_WITH_KNOTS((1,2
    ,2,2,2,1),(-2.094395102393,0.,2.094395102393,4.188790204786,
6.28318530718,8.377580409573),.UNSPECIFIED.) CURVE() 
GEOMETRIC_REPRESENTATION_ITEM() RATIONAL_B_SPLINE_CURVE((1.,0.5,1.,0.5,
1.,0.5,1.)) REPRESENTATION_ITEM('') );
#1049 = CARTESIAN_POINT('',(-50.,-114.0654210925));
#1050 = CARTESIAN_POINT('',(-45.23686027918,-114.0654210925));
#1051 = CARTESIAN_POINT('',(-47.61843013959,-118.1904210925));
#1052 = CARTESIAN_POINT('',(-50.,-122.3154210925));
#1053 = CARTESIAN_POINT('',(-52.3815698604,-118.1904210925));
#1054 = CARTESIAN_POINT('',(-54.76313972081,-114.0654210925));
#1055 = CARTESIAN_POINT('',(-50.,-114.0654210925));
#1056 = ( GEOMETRIC_REPRESENTATION_CONTEXT(2) 
PARAMETRIC_REPRESENTATION_CONTEXT() REPRESENTATION_CONTEXT('2D SPACE',''
  ) );
#1057 = PCURVE('',#1058,#1063);
#1058 = CYLINDRICAL_SURFACE('',#1059,2.75);
#1059 = AXIS2_PLACEMENT_3D('',#1060,#1061,#1062);
#1060 = CARTESIAN_POINT('',(-50.,-235.,2.26255124264E-14));
#1061 = DIRECTION('',(2.175557561563E-16,-1.110223024625E-16,1.));
#1062 = DIRECTION('',(-5.306690738755E-17,1.,2.775557561563E-16));
#1063 = DEFINITIONAL_REPRESENTATION('',(#1064),#1068);
#1064 = LINE('',#1065,#1066);
#1065 = CARTESIAN_POINT('',(-0.,0.));
#1066 = VECTOR('',#1067,1.);
#1067 = DIRECTION('',(-1.,0.));
#1068 = ( GEOMETRIC_REPRESENTATION_CONTEXT(2) 
PARAMETRIC_REPRESENTATION_CONTEXT() REPRESENTATION_CONTEXT('2D SPACE',''
  ) );
#1069 = FACE_BOUND('',#1070,.T.);
#1070 = EDGE_LOOP('',(#1071));
#1071 = ORIENTED_EDGE('',*,*,#1072,.T.);
#1072 = EDGE_CURVE('',#1073,#1073,#1075,.T.);
#1073 = VERTEX_POINT('',#1074);
#1074 = CARTESIAN_POINT('',(-50.,-152.25,5.952038158485E-14));
#1075 = SURFACE_CURVE('',#1076,(#1081,#1092),.PCURVE_S1.);
#1076 = CIRCLE('',#1077,2.75);
#1077 = AXIS2_PLACEMENT_3D('',#1078,#1079,#1080);
#1078 = CARTESIAN_POINT('',(-50.,-155.,4.75299729189E-14));
#1079 = DIRECTION('',(-1.110223024625E-16,2.775557561563E-16,-1.));
#1080 = DIRECTION('',(-3.330669073875E-16,1.,2.775557561563E-16));
#1081 = PCURVE('',#32,#1082);
#1082 = DEFINITIONAL_REPRESENTATION('',(#1083),#1091);
#1083 = ( BOUNDED_CURVE() B_SPLINE_CURVE(2,(#1084,#1085,#1086,#1087,
#1088,#1089,#1090),.UNSPECIFIED.,.T.,.F.) B_SPLINE_CURVE_WITH_KNOTS((1,2
    ,2,2,2,1),(-2.094395102393,0.,2.094395102393,4.188790204786,
6.28318530718,8.377580409573),.UNSPECIFIED.) CURVE() 
GEOMETRIC_REPRESENTATION_ITEM() RATIONAL_B_SPLINE_CURVE((1.,0.5,1.,0.5,
1.,0.5,1.)) REPRESENTATION_ITEM('') );
#1084 = CARTESIAN_POINT('',(-50.,-34.0654210925));
#1085 = CARTESIAN_POINT('',(-45.23686027918,-34.0654210925));
#1086 = CARTESIAN_POINT('',(-47.61843013959,-38.1904210925));
#1087 = CARTESIAN_POINT('',(-50.,-42.3154210925));
#1088 = CARTESIAN_POINT('',(-52.3815698604,-38.1904210925));
#1089 = CARTESIAN_POINT('',(-54.76313972081,-34.0654210925));
#1090 = CARTESIAN_POINT('',(-50.,-34.0654210925));
#1091 = ( GEOMETRIC_REPRESENTATION_CONTEXT(2) 
PARAMETRIC_REPRESENTATION_CONTEXT() REPRESENTATION_CONTEXT('2D SPACE',''
  ) );
#1092 = PCURVE('',#1093,#1098);
#1093 = CYLINDRICAL_SURFACE('',#1094,2.75);
#1094 = AXIS2_PLACEMENT_3D('',#1095,#1096,#1097);
#1095 = CARTESIAN_POINT('',(-50.,-155.,4.48299729189E-14));
#1096 = DIRECTION('',(2.175557561563E-16,-1.110223024625E-16,1.));
#1097 = DIRECTION('',(-5.306690738755E-17,1.,2.775557561563E-16));
#1098 = DEFINITIONAL_REPRESENTATION('',(#1099),#1103);
#1099 = LINE('',#1100,#1101);
#1100 = CARTESIAN_POINT('',(-0.,0.));
#1101 = VECTOR('',#1102,1.);
#1102 = DIRECTION('',(-1.,0.));
#1103 = ( GEOMETRIC_REPRESENTATION_CONTEXT(2) 
PARAMETRIC_REPRESENTATION_CONTEXT() REPRESENTATION_CONTEXT('2D SPACE',''
  ) );
#1104 = FACE_BOUND('',#1105,.T.);
#1105 = EDGE_LOOP('',(#1106));
#1106 = ORIENTED_EDGE('',*,*,#1107,.T.);
#1107 = EDGE_CURVE('',#1108,#1108,#1110,.T.);
#1108 = VERTEX_POINT('',#1109);
#1109 = CARTESIAN_POINT('',(50.,-232.25,2.510346782147E-14));
#1110 = SURFACE_CURVE('',#1111,(#1116,#1127),.PCURVE_S1.);
#1111 = CIRCLE('',#1112,2.75);
#1112 = AXIS2_PLACEMENT_3D('',#1113,#1114,#1115);
#1113 = CARTESIAN_POINT('',(50.,-235.,1.422328218015E-14));
#1114 = DIRECTION('',(-1.110223024625E-16,2.775557561563E-16,-1.));
#1115 = DIRECTION('',(-3.330669073875E-16,1.,2.775557561563E-16));
#1116 = PCURVE('',#32,#1117);
#1117 = DEFINITIONAL_REPRESENTATION('',(#1118),#1126);
#1118 = ( BOUNDED_CURVE() B_SPLINE_CURVE(2,(#1119,#1120,#1121,#1122,
#1123,#1124,#1125),.UNSPECIFIED.,.T.,.F.) B_SPLINE_CURVE_WITH_KNOTS((1,2
    ,2,2,2,1),(-2.094395102393,0.,2.094395102393,4.188790204786,
6.28318530718,8.377580409573),.UNSPECIFIED.) CURVE() 
GEOMETRIC_REPRESENTATION_ITEM() RATIONAL_B_SPLINE_CURVE((1.,0.5,1.,0.5,
1.,0.5,1.)) REPRESENTATION_ITEM('') );
#1119 = CARTESIAN_POINT('',(50.,-114.0654210925));
#1120 = CARTESIAN_POINT('',(54.763139720814,-114.0654210925));
#1121 = CARTESIAN_POINT('',(52.381569860407,-118.1904210925));
#1122 = CARTESIAN_POINT('',(50.,-122.3154210925));
#1123 = CARTESIAN_POINT('',(47.618430139593,-118.1904210925));
#1124 = CARTESIAN_POINT('',(45.236860279186,-114.0654210925));
#1125 = CARTESIAN_POINT('',(50.,-114.0654210925));
#1126 = ( GEOMETRIC_REPRESENTATION_CONTEXT(2) 
PARAMETRIC_REPRESENTATION_CONTEXT() REPRESENTATION_CONTEXT('2D SPACE',''
  ) );
#1127 = PCURVE('',#1128,#1133);
#1128 = CYLINDRICAL_SURFACE('',#1129,2.75);
#1129 = AXIS2_PLACEMENT_3D('',#1130,#1131,#1132);
#1130 = CARTESIAN_POINT('',(50.,-235.,1.707328218015E-14));
#1131 = DIRECTION('',(2.175557561563E-16,-1.110223024625E-16,1.));
#1132 = DIRECTION('',(-5.306690738755E-17,1.,2.775557561563E-16));
#1133 = DEFINITIONAL_REPRESENTATION('',(#1134),#1138);
#1134 = LINE('',#1135,#1136);
#1135 = CARTESIAN_POINT('',(-0.,0.));
#1136 = VECTOR('',#1137,1.);
#1137 = DIRECTION('',(-1.,0.));
#1138 = ( GEOMETRIC_REPRESENTATION_CONTEXT(2) 
PARAMETRIC_REPRESENTATION_CONTEXT() REPRESENTATION_CONTEXT('2D SPACE',''
  ) );
#1139 = FACE_BOUND('',#1140,.T.);
#1140 = EDGE_LOOP('',(#1141,#1171,#1199,#1227,#1255,#1283,#1311,#1339,
    #1368));
#1141 = ORIENTED_EDGE('',*,*,#1142,.T.);
#1142 = EDGE_CURVE('',#1143,#1145,#1147,.T.);
#1143 = VERTEX_POINT('',#1144);
#1144 = CARTESIAN_POINT('',(16.89881876819,-12.34040312307,
    9.144566141111E-14));
#1145 = VERTEX_POINT('',#1146);
#1146 = CARTESIAN_POINT('',(25.,-115.,5.530153409128E-14));
#1147 = SURFACE_CURVE('',#1148,(#1152,#1159),.PCURVE_S1.);
#1148 = LINE('',#1149,#1150);
#1149 = CARTESIAN_POINT('',(16.89881876819,-12.34040312307,
    7.969870431136E-14));
#1150 = VECTOR('',#1151,1.);
#1151 = DIRECTION('',(7.866847876273E-02,-0.996900832806,
    -2.854295201057E-16));
#1152 = PCURVE('',#32,#1153);
#1153 = DEFINITIONAL_REPRESENTATION('',(#1154),#1158);
#1154 = LINE('',#1155,#1156);
#1155 = CARTESIAN_POINT('',(16.89881876819,105.84417578442));
#1156 = VECTOR('',#1157,1.);
#1157 = DIRECTION('',(7.866847876273E-02,-0.996900832806));
#1158 = ( GEOMETRIC_REPRESENTATION_CONTEXT(2) 
PARAMETRIC_REPRESENTATION_CONTEXT() REPRESENTATION_CONTEXT('2D SPACE',''
  ) );
#1159 = PCURVE('',#1160,#1165);
#1160 = PLANE('',#1161);
#1161 = AXIS2_PLACEMENT_3D('',#1162,#1163,#1164);
#1162 = CARTESIAN_POINT('',(16.89881876819,-12.34040312307,
    8.070870431136E-14));
#1163 = DIRECTION('',(-0.996900832806,-7.866847876273E-02,
    8.884333667626E-17));
#1164 = DIRECTION('',(7.866847876273E-02,-0.996900832806,
    -2.854295201057E-16));
#1165 = DEFINITIONAL_REPRESENTATION('',(#1166),#1170);
#1166 = LINE('',#1167,#1168);
#1167 = CARTESIAN_POINT('',(-3.541703225117E-15,-1.01E-15));
#1168 = VECTOR('',#1169,1.);
#1169 = DIRECTION('',(1.,-1.019442701415E-16));
#1170 = ( GEOMETRIC_REPRESENTATION_CONTEXT(2) 
PARAMETRIC_REPRESENTATION_CONTEXT() REPRESENTATION_CONTEXT('2D SPACE',''
  ) );
#1171 = ORIENTED_EDGE('',*,*,#1172,.T.);
#1172 = EDGE_CURVE('',#1145,#1173,#1175,.T.);
#1173 = VERTEX_POINT('',#1174);
#1174 = CARTESIAN_POINT('',(20.,-115.,5.613420135975E-14));
#1175 = SURFACE_CURVE('',#1176,(#1180,#1187),.PCURVE_S1.);
#1176 = LINE('',#1177,#1178);
#1177 = CARTESIAN_POINT('',(25.,-115.,5.030553048046E-14));
#1178 = VECTOR('',#1179,1.);
#1179 = DIRECTION('',(-1.,-4.996003610813E-16,1.110223024625E-16));
#1180 = PCURVE('',#32,#1181);
#1181 = DEFINITIONAL_REPRESENTATION('',(#1182),#1186);
#1182 = LINE('',#1183,#1184);
#1183 = CARTESIAN_POINT('',(25.,3.184578907494));
#1184 = VECTOR('',#1185,1.);
#1185 = DIRECTION('',(-1.,-1.110223024625E-16));
#1186 = ( GEOMETRIC_REPRESENTATION_CONTEXT(2) 
PARAMETRIC_REPRESENTATION_CONTEXT() REPRESENTATION_CONTEXT('2D SPACE',''
  ) );
#1187 = PCURVE('',#1188,#1193);
#1188 = PLANE('',#1189);
#1189 = AXIS2_PLACEMENT_3D('',#1190,#1191,#1192);
#1190 = CARTESIAN_POINT('',(25.,-115.,5.176553048046E-14));
#1191 = DIRECTION('',(-1.130669073875E-16,1.,2.175557561563E-16));
#1192 = DIRECTION('',(-1.,-2.796003610813E-16,5.102230246252E-17));
#1193 = DEFINITIONAL_REPRESENTATION('',(#1194),#1198);
#1194 = LINE('',#1195,#1196);
#1195 = CARTESIAN_POINT('',(-3.19744231092E-14,-1.46E-15));
#1196 = VECTOR('',#1197,1.);
#1197 = DIRECTION('',(1.,-5.102230246252E-17));
#1198 = ( GEOMETRIC_REPRESENTATION_CONTEXT(2) 
PARAMETRIC_REPRESENTATION_CONTEXT() REPRESENTATION_CONTEXT('2D SPACE',''
  ) );
#1199 = ORIENTED_EDGE('',*,*,#1200,.F.);
#1200 = EDGE_CURVE('',#1201,#1173,#1203,.T.);
#1201 = VERTEX_POINT('',#1202);
#1202 = CARTESIAN_POINT('',(20.000000000002,-220.,3.281951784262E-14));
#1203 = SURFACE_CURVE('',#1204,(#1208,#1215),.PCURVE_S1.);
#1204 = LINE('',#1205,#1206);
#1205 = CARTESIAN_POINT('',(20.,-220.,2.171728759637E-14));
#1206 = VECTOR('',#1207,1.);
#1207 = DIRECTION('',(-7.730669073875E-16,1.,2.775557561563E-16));
#1208 = PCURVE('',#32,#1209);
#1209 = DEFINITIONAL_REPRESENTATION('',(#1210),#1214);
#1210 = LINE('',#1211,#1212);
#1211 = CARTESIAN_POINT('',(20.,-101.8154210925));
#1212 = VECTOR('',#1213,1.);
#1213 = DIRECTION('',(-3.289776975375E-16,1.));
#1214 = ( GEOMETRIC_REPRESENTATION_CONTEXT(2) 
PARAMETRIC_REPRESENTATION_CONTEXT() REPRESENTATION_CONTEXT('2D SPACE',''
  ) );
#1215 = PCURVE('',#1216,#1221);
#1216 = PLANE('',#1217);
#1217 = AXIS2_PLACEMENT_3D('',#1218,#1219,#1220);
#1218 = CARTESIAN_POINT('',(20.,-220.,2.290728759637E-14));
#1219 = DIRECTION('',(1.,6.596003610813E-16,-1.110223024625E-16));
#1220 = DIRECTION('',(-4.930669073875E-16,1.,2.775557561563E-16));
#1221 = DEFINITIONAL_REPRESENTATION('',(#1222),#1226);
#1222 = LINE('',#1223,#1224);
#1223 = CARTESIAN_POINT('',(-3.30291349826E-31,-1.19E-15));
#1224 = VECTOR('',#1225,1.);
#1225 = DIRECTION('',(1.,1.110223024625E-16));
#1226 = ( GEOMETRIC_REPRESENTATION_CONTEXT(2) 
PARAMETRIC_REPRESENTATION_CONTEXT() REPRESENTATION_CONTEXT('2D SPACE',''
  ) );
#1227 = ORIENTED_EDGE('',*,*,#1228,.F.);
#1228 = EDGE_CURVE('',#1229,#1201,#1231,.T.);
#1229 = VERTEX_POINT('',#1230);
#1230 = CARTESIAN_POINT('',(-20.,-220.,3.948085599037E-14));
#1231 = SURFACE_CURVE('',#1232,(#1236,#1243),.PCURVE_S1.);
#1232 = LINE('',#1233,#1234);
#1233 = CARTESIAN_POINT('',(-20.,-220.,2.615817969487E-14));
#1234 = VECTOR('',#1235,1.);
#1235 = DIRECTION('',(1.,4.996003610813E-16,-1.110223024625E-16));
#1236 = PCURVE('',#32,#1237);
#1237 = DEFINITIONAL_REPRESENTATION('',(#1238),#1242);
#1238 = LINE('',#1239,#1240);
#1239 = CARTESIAN_POINT('',(-20.,-101.8154210925));
#1240 = VECTOR('',#1241,1.);
#1241 = DIRECTION('',(1.,1.110223024625E-16));
#1242 = ( GEOMETRIC_REPRESENTATION_CONTEXT(2) 
PARAMETRIC_REPRESENTATION_CONTEXT() REPRESENTATION_CONTEXT('2D SPACE',''
  ) );
#1243 = PCURVE('',#1244,#1249);
#1244 = PLANE('',#1245);
#1245 = AXIS2_PLACEMENT_3D('',#1246,#1247,#1248);
#1246 = CARTESIAN_POINT('',(-20.,-220.,2.511817969487E-14));
#1247 = DIRECTION('',(1.130669073875E-16,-1.,-2.175557561563E-16));
#1248 = DIRECTION('',(1.,2.796003610813E-16,-5.102230246252E-17));
#1249 = DEFINITIONAL_REPRESENTATION('',(#1250),#1254);
#1250 = LINE('',#1251,#1252);
#1251 = CARTESIAN_POINT('',(6.039613253961E-14,1.04E-15));
#1252 = VECTOR('',#1253,1.);
#1253 = DIRECTION('',(1.,5.102230246252E-17));
#1254 = ( GEOMETRIC_REPRESENTATION_CONTEXT(2) 
PARAMETRIC_REPRESENTATION_CONTEXT() REPRESENTATION_CONTEXT('2D SPACE',''
  ) );
#1255 = ORIENTED_EDGE('',*,*,#1256,.T.);
#1256 = EDGE_CURVE('',#1229,#1257,#1259,.T.);
#1257 = VERTEX_POINT('',#1258);
#1258 = CARTESIAN_POINT('',(-20.,-115.,6.27955395075E-14));
#1259 = SURFACE_CURVE('',#1260,(#1264,#1271),.PCURVE_S1.);
#1260 = LINE('',#1261,#1262);
#1261 = CARTESIAN_POINT('',(-20.,-220.,2.615817969487E-14));
#1262 = VECTOR('',#1263,1.);
#1263 = DIRECTION('',(-7.730669073875E-16,1.,2.775557561563E-16));
#1264 = PCURVE('',#32,#1265);
#1265 = DEFINITIONAL_REPRESENTATION('',(#1266),#1270);
#1266 = LINE('',#1267,#1268);
#1267 = CARTESIAN_POINT('',(-20.,-101.8154210925));
#1268 = VECTOR('',#1269,1.);
#1269 = DIRECTION('',(-3.289776975375E-16,1.));
#1270 = ( GEOMETRIC_REPRESENTATION_CONTEXT(2) 
PARAMETRIC_REPRESENTATION_CONTEXT() REPRESENTATION_CONTEXT('2D SPACE',''
  ) );
#1271 = PCURVE('',#1272,#1277);
#1272 = PLANE('',#1273);
#1273 = AXIS2_PLACEMENT_3D('',#1274,#1275,#1276);
#1274 = CARTESIAN_POINT('',(-20.,-220.,2.511817969487E-14));
#1275 = DIRECTION('',(1.,6.596003610813E-16,-1.110223024625E-16));
#1276 = DIRECTION('',(-4.930669073875E-16,1.,2.775557561563E-16));
#1277 = DEFINITIONAL_REPRESENTATION('',(#1278),#1282);
#1278 = LINE('',#1279,#1280);
#1279 = CARTESIAN_POINT('',(2.886579864025E-31,1.04E-15));
#1280 = VECTOR('',#1281,1.);
#1281 = DIRECTION('',(1.,1.110223024625E-16));
#1282 = ( GEOMETRIC_REPRESENTATION_CONTEXT(2) 
PARAMETRIC_REPRESENTATION_CONTEXT() REPRESENTATION_CONTEXT('2D SPACE',''
  ) );
#1283 = ORIENTED_EDGE('',*,*,#1284,.T.);
#1284 = EDGE_CURVE('',#1257,#1285,#1287,.T.);
#1285 = VERTEX_POINT('',#1286);
#1286 = CARTESIAN_POINT('',(-25.,-115.,6.362820677597E-14));
#1287 = SURFACE_CURVE('',#1288,(#1292,#1299),.PCURVE_S1.);
#1288 = LINE('',#1289,#1290);
#1289 = CARTESIAN_POINT('',(-20.,-115.,5.530153409128E-14));
#1290 = VECTOR('',#1291,1.);
#1291 = DIRECTION('',(-1.,-4.996003610813E-16,1.110223024625E-16));
#1292 = PCURVE('',#32,#1293);
#1293 = DEFINITIONAL_REPRESENTATION('',(#1294),#1298);
#1294 = LINE('',#1295,#1296);
#1295 = CARTESIAN_POINT('',(-20.,3.184578907494));
#1296 = VECTOR('',#1297,1.);
#1297 = DIRECTION('',(-1.,-1.110223024625E-16));
#1298 = ( GEOMETRIC_REPRESENTATION_CONTEXT(2) 
PARAMETRIC_REPRESENTATION_CONTEXT() REPRESENTATION_CONTEXT('2D SPACE',''
  ) );
#1299 = PCURVE('',#1300,#1305);
#1300 = PLANE('',#1301);
#1301 = AXIS2_PLACEMENT_3D('',#1302,#1303,#1304);
#1302 = CARTESIAN_POINT('',(-20.,-115.,5.426153409128E-14));
#1303 = DIRECTION('',(-1.130669073875E-16,1.,2.175557561563E-16));
#1304 = DIRECTION('',(-1.,-2.796003610813E-16,5.102230246252E-17));
#1305 = DEFINITIONAL_REPRESENTATION('',(#1306),#1310);
#1306 = LINE('',#1307,#1308);
#1307 = CARTESIAN_POINT('',(-3.19744231092E-14,1.04E-15));
#1308 = VECTOR('',#1309,1.);
#1309 = DIRECTION('',(1.,-5.102230246252E-17));
#1310 = ( GEOMETRIC_REPRESENTATION_CONTEXT(2) 
PARAMETRIC_REPRESENTATION_CONTEXT() REPRESENTATION_CONTEXT('2D SPACE',''
  ) );
#1311 = ORIENTED_EDGE('',*,*,#1312,.F.);
#1312 = EDGE_CURVE('',#1313,#1285,#1315,.T.);
#1313 = VERTEX_POINT('',#1314);
#1314 = CARTESIAN_POINT('',(-16.89881876819,-12.34040312307,
    8.807409871673E-14));
#1315 = SURFACE_CURVE('',#1316,(#1320,#1327),.PCURVE_S1.);
#1316 = LINE('',#1317,#1318);
#1317 = CARTESIAN_POINT('',(-16.89881876819,-12.34040312307,
    8.345099584844E-14));
#1318 = VECTOR('',#1319,1.);
#1319 = DIRECTION('',(-7.866847876273E-02,-0.996900832806,
    -2.679616088188E-16));
#1320 = PCURVE('',#32,#1321);
#1321 = DEFINITIONAL_REPRESENTATION('',(#1322),#1326);
#1322 = LINE('',#1323,#1324);
#1323 = CARTESIAN_POINT('',(-16.89881876819,105.84417578442));
#1324 = VECTOR('',#1325,1.);
#1325 = DIRECTION('',(-7.866847876273E-02,-0.996900832806));
#1326 = ( GEOMETRIC_REPRESENTATION_CONTEXT(2) 
PARAMETRIC_REPRESENTATION_CONTEXT() REPRESENTATION_CONTEXT('2D SPACE',''
  ) );
#1327 = PCURVE('',#1328,#1333);
#1328 = PLANE('',#1329);
#1329 = AXIS2_PLACEMENT_3D('',#1330,#1331,#1332);
#1330 = CARTESIAN_POINT('',(-16.89881876819,-12.34040312307,
    8.259099584844E-14));
#1331 = DIRECTION('',(-0.996900832806,7.866847876273E-02,
    1.325131148936E-16));
#1332 = DIRECTION('',(-7.866847876273E-02,-0.996900832806,
    -2.679616088188E-16));
#1333 = DEFINITIONAL_REPRESENTATION('',(#1334),#1338);
#1334 = LINE('',#1335,#1336);
#1335 = CARTESIAN_POINT('',(3.541703225117E-15,8.6E-16));
#1336 = VECTOR('',#1337,1.);
#1337 = DIRECTION('',(1.,-1.194121814284E-16));
#1338 = ( GEOMETRIC_REPRESENTATION_CONTEXT(2) 
PARAMETRIC_REPRESENTATION_CONTEXT() REPRESENTATION_CONTEXT('2D SPACE',''
  ) );
#1339 = ORIENTED_EDGE('',*,*,#1340,.T.);
#1340 = EDGE_CURVE('',#1313,#1341,#1343,.T.);
#1341 = VERTEX_POINT('',#1342);
#1342 = CARTESIAN_POINT('',(1.01309958766E-14,-20.925,1.053537166419E-13
    ));
#1343 = SURFACE_CURVE('',#1344,(#1349,#1356),.PCURVE_S1.);
#1344 = CIRCLE('',#1345,20.925000000002);
#1345 = AXIS2_PLACEMENT_3D('',#1346,#1347,#1348);
#1346 = CARTESIAN_POINT('',(1.887379141863E-29,-1.262177448354E-29,
    8.5E-14));
#1347 = DIRECTION('',(-4.389776975375E-16,9.424442438437E-16,1.));
#1348 = DIRECTION('',(5.530669073875E-16,-1.,9.424442438437E-16));
#1349 = PCURVE('',#32,#1350);
#1350 = DEFINITIONAL_REPRESENTATION('',(#1351),#1355);
#1351 = CIRCLE('',#1352,20.925000000002);
#1352 = AXIS2_PLACEMENT_2D('',#1353,#1354);
#1353 = CARTESIAN_POINT('',(5.561124065873E-15,118.18457890749));
#1354 = DIRECTION('',(1.089776975375E-16,-1.));
#1355 = ( GEOMETRIC_REPRESENTATION_CONTEXT(2) 
PARAMETRIC_REPRESENTATION_CONTEXT() REPRESENTATION_CONTEXT('2D SPACE',''
  ) );
#1356 = PCURVE('',#1357,#1362);
#1357 = CYLINDRICAL_SURFACE('',#1358,20.925000000002);
#1358 = AXIS2_PLACEMENT_3D('',#1359,#1360,#1361);
#1359 = CARTESIAN_POINT('',(2.361444373378E-29,-9.445777493511E-30,
    8.508E-14));
#1360 = DIRECTION('',(-3.324442438437E-16,1.108977697537E-15,1.));
#1361 = DIRECTION('',(2.730669073875E-16,-1.,9.424442438437E-16));
#1362 = DEFINITIONAL_REPRESENTATION('',(#1363),#1367);
#1363 = LINE('',#1364,#1365);
#1364 = CARTESIAN_POINT('',(0.,0.));
#1365 = VECTOR('',#1366,1.);
#1366 = DIRECTION('',(1.,0.));
#1367 = ( GEOMETRIC_REPRESENTATION_CONTEXT(2) 
PARAMETRIC_REPRESENTATION_CONTEXT() REPRESENTATION_CONTEXT('2D SPACE',''
  ) );
#1368 = ORIENTED_EDGE('',*,*,#1369,.T.);
#1369 = EDGE_CURVE('',#1341,#1143,#1370,.T.);
#1370 = SURFACE_CURVE('',#1371,(#1376,#1383),.PCURVE_S1.);
#1371 = CIRCLE('',#1372,20.925000000002);
#1372 = AXIS2_PLACEMENT_3D('',#1373,#1374,#1375);
#1373 = CARTESIAN_POINT('',(1.887379141863E-29,-1.262177448354E-29,
    8.5E-14));
#1374 = DIRECTION('',(-4.389776975375E-16,9.424442438437E-16,1.));
#1375 = DIRECTION('',(5.530669073875E-16,-1.,9.424442438437E-16));
#1376 = PCURVE('',#32,#1377);
#1377 = DEFINITIONAL_REPRESENTATION('',(#1378),#1382);
#1378 = CIRCLE('',#1379,20.925000000002);
#1379 = AXIS2_PLACEMENT_2D('',#1380,#1381);
#1380 = CARTESIAN_POINT('',(5.561124065873E-15,118.18457890749));
#1381 = DIRECTION('',(1.089776975375E-16,-1.));
#1382 = ( GEOMETRIC_REPRESENTATION_CONTEXT(2) 
PARAMETRIC_REPRESENTATION_CONTEXT() REPRESENTATION_CONTEXT('2D SPACE',''
  ) );
#1383 = PCURVE('',#1357,#1384);
#1384 = DEFINITIONAL_REPRESENTATION('',(#1385),#1389);
#1385 = LINE('',#1386,#1387);
#1386 = CARTESIAN_POINT('',(6.28318530718,-0.));
#1387 = VECTOR('',#1388,1.);
#1388 = DIRECTION('',(1.,0.));
#1389 = ( GEOMETRIC_REPRESENTATION_CONTEXT(2) 
PARAMETRIC_REPRESENTATION_CONTEXT() REPRESENTATION_CONTEXT('2D SPACE',''
  ) );
#1390 = FACE_BOUND('',#1391,.T.);
#1391 = EDGE_LOOP('',(#1392));
#1392 = ORIENTED_EDGE('',*,*,#1393,.T.);
#1393 = EDGE_CURVE('',#1394,#1394,#1396,.T.);
#1394 = VERTEX_POINT('',#1395);
#1395 = CARTESIAN_POINT('',(50.,-152.25,4.286703621548E-14));
#1396 = SURFACE_CURVE('',#1397,(#1402,#1413),.PCURVE_S1.);
#1397 = CIRCLE('',#1398,2.75);
#1398 = AXIS2_PLACEMENT_3D('',#1399,#1400,#1401);
#1399 = CARTESIAN_POINT('',(50.,-155.,3.642774267265E-14));
#1400 = DIRECTION('',(-1.110223024625E-16,2.775557561563E-16,-1.));
#1401 = DIRECTION('',(-3.330669073875E-16,1.,2.775557561563E-16));
#1402 = PCURVE('',#32,#1403);
#1403 = DEFINITIONAL_REPRESENTATION('',(#1404),#1412);
#1404 = ( BOUNDED_CURVE() B_SPLINE_CURVE(2,(#1405,#1406,#1407,#1408,
#1409,#1410,#1411),.UNSPECIFIED.,.T.,.F.) B_SPLINE_CURVE_WITH_KNOTS((1,2
    ,2,2,2,1),(-2.094395102393,0.,2.094395102393,4.188790204786,
6.28318530718,8.377580409573),.UNSPECIFIED.) CURVE() 
GEOMETRIC_REPRESENTATION_ITEM() RATIONAL_B_SPLINE_CURVE((1.,0.5,1.,0.5,
1.,0.5,1.)) REPRESENTATION_ITEM('') );
#1405 = CARTESIAN_POINT('',(50.,-34.0654210925));
#1406 = CARTESIAN_POINT('',(54.763139720814,-34.0654210925));
#1407 = CARTESIAN_POINT('',(52.381569860407,-38.1904210925));
#1408 = CARTESIAN_POINT('',(50.,-42.3154210925));
#1409 = CARTESIAN_POINT('',(47.618430139593,-38.1904210925));
#1410 = CARTESIAN_POINT('',(45.236860279186,-34.0654210925));
#1411 = CARTESIAN_POINT('',(50.,-34.0654210925));
#1412 = ( GEOMETRIC_REPRESENTATION_CONTEXT(2) 
PARAMETRIC_REPRESENTATION_CONTEXT() REPRESENTATION_CONTEXT('2D SPACE',''
  ) );
#1413 = PCURVE('',#1414,#1419);
#1414 = CYLINDRICAL_SURFACE('',#1415,2.75);
#1415 = AXIS2_PLACEMENT_3D('',#1416,#1417,#1418);
#1416 = CARTESIAN_POINT('',(50.,-155.,3.927774267265E-14));
#1417 = DIRECTION('',(2.175557561563E-16,-1.110223024625E-16,1.));
#1418 = DIRECTION('',(-5.306690738755E-17,1.,2.775557561563E-16));
#1419 = DEFINITIONAL_REPRESENTATION('',(#1420),#1424);
#1420 = LINE('',#1421,#1422);
#1421 = CARTESIAN_POINT('',(-0.,0.));
#1422 = VECTOR('',#1423,1.);
#1423 = DIRECTION('',(-1.,0.));
#1424 = ( GEOMETRIC_REPRESENTATION_CONTEXT(2) 
PARAMETRIC_REPRESENTATION_CONTEXT() REPRESENTATION_CONTEXT('2D SPACE',''
  ) );
#1425 = FACE_BOUND('',#1426,.T.);
#1426 = EDGE_LOOP('',(#1427));
#1427 = ORIENTED_EDGE('',*,*,#1428,.T.);
#1428 = EDGE_CURVE('',#1429,#1429,#1431,.T.);
#1429 = VERTEX_POINT('',#1430);
#1430 = CARTESIAN_POINT('',(-40.,-62.25,7.783906149117E-14));
#1431 = SURFACE_CURVE('',#1432,(#1437,#1448),.PCURVE_S1.);
#1432 = CIRCLE('',#1433,2.75);
#1433 = AXIS2_PLACEMENT_3D('',#1434,#1435,#1436);
#1434 = CARTESIAN_POINT('',(-40.,-65.,7.139976794834E-14));
#1435 = DIRECTION('',(-1.110223024625E-16,2.775557561563E-16,-1.));
#1436 = DIRECTION('',(-3.330669073875E-16,1.,2.775557561563E-16));
#1437 = PCURVE('',#32,#1438);
#1438 = DEFINITIONAL_REPRESENTATION('',(#1439),#1447);
#1439 = ( BOUNDED_CURVE() B_SPLINE_CURVE(2,(#1440,#1441,#1442,#1443,
#1444,#1445,#1446),.UNSPECIFIED.,.T.,.F.) B_SPLINE_CURVE_WITH_KNOTS((1,2
    ,2,2,2,1),(-2.094395102393,0.,2.094395102393,4.188790204786,
6.28318530718,8.377580409573),.UNSPECIFIED.) CURVE() 
GEOMETRIC_REPRESENTATION_ITEM() RATIONAL_B_SPLINE_CURVE((1.,0.5,1.,0.5,
1.,0.5,1.)) REPRESENTATION_ITEM('') );
#1440 = CARTESIAN_POINT('',(-40.,55.934578907493));
#1441 = CARTESIAN_POINT('',(-35.23686027918,55.934578907493));
#1442 = CARTESIAN_POINT('',(-37.61843013959,51.809578907493));
#1443 = CARTESIAN_POINT('',(-40.,47.684578907493));
#1444 = CARTESIAN_POINT('',(-42.3815698604,51.809578907493));
#1445 = CARTESIAN_POINT('',(-44.76313972081,55.934578907493));
#1446 = CARTESIAN_POINT('',(-40.,55.934578907493));
#1447 = ( GEOMETRIC_REPRESENTATION_CONTEXT(2) 
PARAMETRIC_REPRESENTATION_CONTEXT() REPRESENTATION_CONTEXT('2D SPACE',''
  ) );
#1448 = PCURVE('',#1449,#1454);
#1449 = CYLINDRICAL_SURFACE('',#1450,2.75);
#1450 = AXIS2_PLACEMENT_3D('',#1451,#1452,#1453);
#1451 = CARTESIAN_POINT('',(-40.,-65.,6.924976794834E-14));
#1452 = DIRECTION('',(2.175557561563E-16,-1.110223024625E-16,1.));
#1453 = DIRECTION('',(-5.306690738755E-17,1.,2.775557561563E-16));
#1454 = DEFINITIONAL_REPRESENTATION('',(#1455),#1459);
#1455 = LINE('',#1456,#1457);
#1456 = CARTESIAN_POINT('',(-0.,0.));
#1457 = VECTOR('',#1458,1.);
#1458 = DIRECTION('',(-1.,0.));
#1459 = ( GEOMETRIC_REPRESENTATION_CONTEXT(2) 
PARAMETRIC_REPRESENTATION_CONTEXT() REPRESENTATION_CONTEXT('2D SPACE',''
  ) );
#1460 = FACE_BOUND('',#1461,.T.);
#1461 = EDGE_LOOP('',(#1462));
#1462 = ORIENTED_EDGE('',*,*,#1463,.T.);
#1463 = EDGE_CURVE('',#1464,#1464,#1466,.T.);
#1464 = VERTEX_POINT('',#1465);
#1465 = CARTESIAN_POINT('',(-30.,7.75,9.171684929898E-14));
#1466 = SURFACE_CURVE('',#1467,(#1472,#1483),.PCURVE_S1.);
#1467 = CIRCLE('',#1468,2.75);
#1468 = AXIS2_PLACEMENT_3D('',#1469,#1470,#1471);
#1469 = CARTESIAN_POINT('',(-30.,5.,8.971844785466E-14));
#1470 = DIRECTION('',(-1.110223024625E-16,2.775557561563E-16,-1.));
#1471 = DIRECTION('',(-3.330669073875E-16,1.,2.775557561563E-16));
#1472 = PCURVE('',#32,#1473);
#1473 = DEFINITIONAL_REPRESENTATION('',(#1474),#1482);
#1474 = ( BOUNDED_CURVE() B_SPLINE_CURVE(2,(#1475,#1476,#1477,#1478,
#1479,#1480,#1481),.UNSPECIFIED.,.T.,.F.) B_SPLINE_CURVE_WITH_KNOTS((1,2
    ,2,2,2,1),(-2.094395102393,0.,2.094395102393,4.188790204786,
6.28318530718,8.377580409573),.UNSPECIFIED.) CURVE() 
GEOMETRIC_REPRESENTATION_ITEM() RATIONAL_B_SPLINE_CURVE((1.,0.5,1.,0.5,
1.,0.5,1.)) REPRESENTATION_ITEM('') );
#1475 = CARTESIAN_POINT('',(-30.,125.93457890749));
#1476 = CARTESIAN_POINT('',(-25.23686027918,125.93457890749));
#1477 = CARTESIAN_POINT('',(-27.61843013959,121.80957890749));
#1478 = CARTESIAN_POINT('',(-30.,117.68457890749));
#1479 = CARTESIAN_POINT('',(-32.3815698604,121.80957890749));
#1480 = CARTESIAN_POINT('',(-34.76313972081,125.93457890749));
#1481 = CARTESIAN_POINT('',(-30.,125.93457890749));
#1482 = ( GEOMETRIC_REPRESENTATION_CONTEXT(2) 
PARAMETRIC_REPRESENTATION_CONTEXT() REPRESENTATION_CONTEXT('2D SPACE',''
  ) );
#1483 = PCURVE('',#1484,#1489);
#1484 = CYLINDRICAL_SURFACE('',#1485,2.75);
#1485 = AXIS2_PLACEMENT_3D('',#1486,#1487,#1488);
#1486 = CARTESIAN_POINT('',(-30.,5.,8.812844785466E-14));
#1487 = DIRECTION('',(2.175557561563E-16,-1.110223024625E-16,1.));
#1488 = DIRECTION('',(-5.306690738755E-17,1.,2.775557561563E-16));
#1489 = DEFINITIONAL_REPRESENTATION('',(#1490),#1494);
#1490 = LINE('',#1491,#1492);
#1491 = CARTESIAN_POINT('',(-0.,0.));
#1492 = VECTOR('',#1493,1.);
#1493 = DIRECTION('',(-1.,0.));
#1494 = ( GEOMETRIC_REPRESENTATION_CONTEXT(2) 
PARAMETRIC_REPRESENTATION_CONTEXT() REPRESENTATION_CONTEXT('2D SPACE',''
  ) );
#1495 = FACE_BOUND('',#1496,.T.);
#1496 = EDGE_LOOP('',(#1497));
#1497 = ORIENTED_EDGE('',*,*,#1498,.T.);
#1498 = EDGE_CURVE('',#1499,#1499,#1501,.T.);
#1499 = VERTEX_POINT('',#1500);
#1500 = CARTESIAN_POINT('',(40.,-62.25,6.451638519567E-14));
#1501 = SURFACE_CURVE('',#1502,(#1507,#1518),.PCURVE_S1.);
#1502 = CIRCLE('',#1503,2.75);
#1503 = AXIS2_PLACEMENT_3D('',#1504,#1505,#1506);
#1504 = CARTESIAN_POINT('',(40.,-65.,6.251798375134E-14));
#1505 = DIRECTION('',(-1.110223024625E-16,2.775557561563E-16,-1.));
#1506 = DIRECTION('',(-3.330669073875E-16,1.,2.775557561563E-16));
#1507 = PCURVE('',#32,#1508);
#1508 = DEFINITIONAL_REPRESENTATION('',(#1509),#1517);
#1509 = ( BOUNDED_CURVE() B_SPLINE_CURVE(2,(#1510,#1511,#1512,#1513,
#1514,#1515,#1516),.UNSPECIFIED.,.T.,.F.) B_SPLINE_CURVE_WITH_KNOTS((1,2
    ,2,2,2,1),(-2.094395102393,0.,2.094395102393,4.188790204786,
6.28318530718,8.377580409573),.UNSPECIFIED.) CURVE() 
GEOMETRIC_REPRESENTATION_ITEM() RATIONAL_B_SPLINE_CURVE((1.,0.5,1.,0.5,
1.,0.5,1.)) REPRESENTATION_ITEM('') );
#1510 = CARTESIAN_POINT('',(40.,55.934578907493));
#1511 = CARTESIAN_POINT('',(44.763139720814,55.934578907493));
#1512 = CARTESIAN_POINT('',(42.381569860407,51.809578907493));
#1513 = CARTESIAN_POINT('',(40.,47.684578907493));
#1514 = CARTESIAN_POINT('',(37.618430139593,51.809578907493));
#1515 = CARTESIAN_POINT('',(35.236860279186,55.934578907493));
#1516 = CARTESIAN_POINT('',(40.,55.934578907493));
#1517 = ( GEOMETRIC_REPRESENTATION_CONTEXT(2) 
PARAMETRIC_REPRESENTATION_CONTEXT() REPRESENTATION_CONTEXT('2D SPACE',''
  ) );
#1518 = PCURVE('',#1519,#1524);
#1519 = CYLINDRICAL_SURFACE('',#1520,2.75);
#1520 = AXIS2_PLACEMENT_3D('',#1521,#1522,#1523);
#1521 = CARTESIAN_POINT('',(40.,-65.,6.481798375134E-14));
#1522 = DIRECTION('',(2.175557561563E-16,-1.110223024625E-16,1.));
#1523 = DIRECTION('',(-5.306690738755E-17,1.,2.775557561563E-16));
#1524 = DEFINITIONAL_REPRESENTATION('',(#1525),#1529);
#1525 = LINE('',#1526,#1527);
#1526 = CARTESIAN_POINT('',(-0.,0.));
#1527 = VECTOR('',#1528,1.);
#1528 = DIRECTION('',(-1.,0.));
#1529 = ( GEOMETRIC_REPRESENTATION_CONTEXT(2) 
PARAMETRIC_REPRESENTATION_CONTEXT() REPRESENTATION_CONTEXT('2D SPACE',''
  ) );
#1530 = FACE_BOUND('',#1531,.T.);
#1531 = EDGE_LOOP('',(#1532));
#1532 = ORIENTED_EDGE('',*,*,#1533,.T.);
#1533 = EDGE_CURVE('',#1534,#1534,#1536,.T.);
#1534 = VERTEX_POINT('',#1535);
#1535 = CARTESIAN_POINT('',(30.,7.75,8.172484207736E-14));
#1536 = SURFACE_CURVE('',#1537,(#1542,#1553),.PCURVE_S1.);
#1537 = CIRCLE('',#1538,2.75);
#1538 = AXIS2_PLACEMENT_3D('',#1539,#1540,#1541);
#1539 = CARTESIAN_POINT('',(30.,5.,8.305710970691E-14));
#1540 = DIRECTION('',(-1.110223024625E-16,2.775557561563E-16,-1.));
#1541 = DIRECTION('',(-3.330669073875E-16,1.,2.775557561563E-16));
#1542 = PCURVE('',#32,#1543);
#1543 = DEFINITIONAL_REPRESENTATION('',(#1544),#1552);
#1544 = ( BOUNDED_CURVE() B_SPLINE_CURVE(2,(#1545,#1546,#1547,#1548,
#1549,#1550,#1551),.UNSPECIFIED.,.T.,.F.) B_SPLINE_CURVE_WITH_KNOTS((1,2
    ,2,2,2,1),(-2.094395102393,0.,2.094395102393,4.188790204786,
6.28318530718,8.377580409573),.UNSPECIFIED.) CURVE() 
GEOMETRIC_REPRESENTATION_ITEM() RATIONAL_B_SPLINE_CURVE((1.,0.5,1.,0.5,
1.,0.5,1.)) REPRESENTATION_ITEM('') );
#1545 = CARTESIAN_POINT('',(30.,125.93457890749));
#1546 = CARTESIAN_POINT('',(34.763139720814,125.93457890749));
#1547 = CARTESIAN_POINT('',(32.381569860407,121.80957890749));
#1548 = CARTESIAN_POINT('',(30.,117.68457890749));
#1549 = CARTESIAN_POINT('',(27.618430139593,121.80957890749));
#1550 = CARTESIAN_POINT('',(25.236860279186,125.93457890749));
#1551 = CARTESIAN_POINT('',(30.,125.93457890749));
#1552 = ( GEOMETRIC_REPRESENTATION_CONTEXT(2) 
PARAMETRIC_REPRESENTATION_CONTEXT() REPRESENTATION_CONTEXT('2D SPACE',''
  ) );
#1553 = PCURVE('',#1554,#1559);
#1554 = CYLINDRICAL_SURFACE('',#1555,2.75);
#1555 = AXIS2_PLACEMENT_3D('',#1556,#1557,#1558);
#1556 = CARTESIAN_POINT('',(30.,5.,8.479710970691E-14));
#1557 = DIRECTION('',(2.175557561563E-16,-1.110223024625E-16,1.));
#1558 = DIRECTION('',(-5.306690738755E-17,1.,2.775557561563E-16));
#1559 = DEFINITIONAL_REPRESENTATION('',(#1560),#1564);
#1560 = LINE('',#1561,#1562);
#1561 = CARTESIAN_POINT('',(-0.,0.));
#1562 = VECTOR('',#1563,1.);
#1563 = DIRECTION('',(-1.,0.));
#1564 = ( GEOMETRIC_REPRESENTATION_CONTEXT(2) 
PARAMETRIC_REPRESENTATION_CONTEXT() REPRESENTATION_CONTEXT('2D SPACE',''
  ) );
#1565 = ADVANCED_FACE('',(#1566),#44,.F.);
#1566 = FACE_BOUND('',#1567,.F.);
#1567 = EDGE_LOOP('',(#1568,#1569,#1592,#1620));
#1568 = ORIENTED_EDGE('',*,*,#21,.F.);
#1569 = ORIENTED_EDGE('',*,*,#1570,.T.);
#1570 = EDGE_CURVE('',#22,#1571,#1573,.T.);
#1571 = VERTEX_POINT('',#1572);
#1572 = CARTESIAN_POINT('',(14.589572474892,14.999999999999,4.));
#1573 = SURFACE_CURVE('',#1574,(#1578,#1585),.PCURVE_S1.);
#1574 = LINE('',#1575,#1576);
#1575 = CARTESIAN_POINT('',(14.589572474892,14.999999999999,-3.));
#1576 = VECTOR('',#1577,1.);
#1577 = DIRECTION('',(2.775557561563E-16,-5.102230246252E-17,1.));
#1578 = PCURVE('',#44,#1579);
#1579 = DEFINITIONAL_REPRESENTATION('',(#1580),#1584);
#1580 = LINE('',#1581,#1582);
#1581 = CARTESIAN_POINT('',(1.7763568394E-15,1.33226762955E-14));
#1582 = VECTOR('',#1583,1.);
#1583 = DIRECTION('',(1.710223024625E-16,-1.));
#1584 = ( GEOMETRIC_REPRESENTATION_CONTEXT(2) 
PARAMETRIC_REPRESENTATION_CONTEXT() REPRESENTATION_CONTEXT('2D SPACE',''
  ) );
#1585 = PCURVE('',#73,#1586);
#1586 = DEFINITIONAL_REPRESENTATION('',(#1587),#1591);
#1587 = LINE('',#1588,#1589);
#1588 = CARTESIAN_POINT('',(-2.37006428189,0.));
#1589 = VECTOR('',#1590,1.);
#1590 = DIRECTION('',(-0.,-1.));
#1591 = ( GEOMETRIC_REPRESENTATION_CONTEXT(2) 
PARAMETRIC_REPRESENTATION_CONTEXT() REPRESENTATION_CONTEXT('2D SPACE',''
  ) );
#1592 = ORIENTED_EDGE('',*,*,#1593,.T.);
#1593 = EDGE_CURVE('',#1571,#1594,#1596,.T.);
#1594 = VERTEX_POINT('',#1595);
#1595 = CARTESIAN_POINT('',(36.776695296634,15.000000000003,4.));
#1596 = SURFACE_CURVE('',#1597,(#1601,#1608),.PCURVE_S1.);
#1597 = LINE('',#1598,#1599);
#1598 = CARTESIAN_POINT('',(14.589572474892,14.999999999999,4.));
#1599 = VECTOR('',#1600,1.);
#1600 = DIRECTION('',(1.,1.884096003611E-13,-1.110223024625E-16));
#1601 = PCURVE('',#44,#1602);
#1602 = DEFINITIONAL_REPRESENTATION('',(#1603),#1607);
#1603 = LINE('',#1604,#1605);
#1604 = CARTESIAN_POINT('',(-7.457341758564E-16,-7.));
#1605 = VECTOR('',#1606,1.);
#1606 = DIRECTION('',(1.,-5.102230246254E-17));
#1607 = ( GEOMETRIC_REPRESENTATION_CONTEXT(2) 
PARAMETRIC_REPRESENTATION_CONTEXT() REPRESENTATION_CONTEXT('2D SPACE',''
  ) );
#1608 = PCURVE('',#1609,#1614);
#1609 = PLANE('',#1610);
#1610 = AXIS2_PLACEMENT_3D('',#1611,#1612,#1613);
#1611 = CARTESIAN_POINT('',(-9.052122693578E-14,-119.7571034933,4.));
#1612 = DIRECTION('',(2.775557561563E-16,-1.110223024625E-16,1.));
#1613 = DIRECTION('',(1.,4.996003610813E-16,-1.110223024625E-16));
#1614 = DEFINITIONAL_REPRESENTATION('',(#1615),#1619);
#1615 = LINE('',#1616,#1617);
#1616 = CARTESIAN_POINT('',(14.589572474892,134.75710349334));
#1617 = VECTOR('',#1618,1.);
#1618 = DIRECTION('',(1.,1.880210223025E-13));
#1619 = ( GEOMETRIC_REPRESENTATION_CONTEXT(2) 
PARAMETRIC_REPRESENTATION_CONTEXT() REPRESENTATION_CONTEXT('2D SPACE',''
  ) );
#1620 = ORIENTED_EDGE('',*,*,#1621,.F.);
#1621 = EDGE_CURVE('',#24,#1594,#1622,.T.);
#1622 = SURFACE_CURVE('',#1623,(#1627,#1634),.PCURVE_S1.);
#1623 = LINE('',#1624,#1625);
#1624 = CARTESIAN_POINT('',(36.776695296634,15.000000000003,-3.));
#1625 = VECTOR('',#1626,1.);
#1626 = DIRECTION('',(1.62044604925E-16,-1.62044604925E-16,1.));
#1627 = PCURVE('',#44,#1628);
#1628 = DEFINITIONAL_REPRESENTATION('',(#1629),#1633);
#1629 = LINE('',#1630,#1631);
#1630 = CARTESIAN_POINT('',(22.187122821742,2.226250551844E-14));
#1631 = VECTOR('',#1632,1.);
#1632 = DIRECTION('',(1.110223024625E-16,-1.));
#1633 = ( GEOMETRIC_REPRESENTATION_CONTEXT(2) 
PARAMETRIC_REPRESENTATION_CONTEXT() REPRESENTATION_CONTEXT('2D SPACE',''
  ) );
#1634 = PCURVE('',#1023,#1635);
#1635 = DEFINITIONAL_REPRESENTATION('',(#1636),#1640);
#1636 = LINE('',#1637,#1638);
#1637 = CARTESIAN_POINT('',(-72.98989873223,1.793602939429E-14));
#1638 = VECTOR('',#1639,1.);
#1639 = DIRECTION('',(-8.485281374238E-17,1.));
#1640 = ( GEOMETRIC_REPRESENTATION_CONTEXT(2) 
PARAMETRIC_REPRESENTATION_CONTEXT() REPRESENTATION_CONTEXT('2D SPACE',''
  ) );
#1641 = ADVANCED_FACE('',(#1642),#1023,.F.);
#1642 = FACE_BOUND('',#1643,.F.);
#1643 = EDGE_LOOP('',(#1644,#1645,#1646,#1669,#1697,#1725,#1753,#1781));
#1644 = ORIENTED_EDGE('',*,*,#1009,.F.);
#1645 = ORIENTED_EDGE('',*,*,#1621,.T.);
#1646 = ORIENTED_EDGE('',*,*,#1647,.F.);
#1647 = EDGE_CURVE('',#1648,#1594,#1650,.T.);
#1648 = VERTEX_POINT('',#1649);
#1649 = CARTESIAN_POINT('',(34.776695296637,17.,4.));
#1650 = SURFACE_CURVE('',#1651,(#1655,#1662),.PCURVE_S1.);
#1651 = LINE('',#1652,#1653);
#1652 = CARTESIAN_POINT('',(87.077623521654,-35.30092822501,4.));
#1653 = VECTOR('',#1654,1.);
#1654 = DIRECTION('',(0.707106781187,-0.707106781187,-2.747661802697E-16
    ));
#1655 = PCURVE('',#1023,#1656);
#1656 = DEFINITIONAL_REPRESENTATION('',(#1657),#1661);
#1657 = LINE('',#1658,#1659);
#1658 = CARTESIAN_POINT('',(-1.853643836458,7.));
#1659 = VECTOR('',#1660,1.);
#1660 = DIRECTION('',(1.,3.925231146709E-17));
#1661 = ( GEOMETRIC_REPRESENTATION_CONTEXT(2) 
PARAMETRIC_REPRESENTATION_CONTEXT() REPRESENTATION_CONTEXT('2D SPACE',''
  ) );
#1662 = PCURVE('',#1609,#1663);
#1663 = DEFINITIONAL_REPRESENTATION('',(#1664),#1668);
#1664 = LINE('',#1665,#1666);
#1665 = CARTESIAN_POINT('',(87.077623521654,84.456175268325));
#1666 = VECTOR('',#1667,1.);
#1667 = DIRECTION('',(0.707106781187,-0.707106781187));
#1668 = ( GEOMETRIC_REPRESENTATION_CONTEXT(2) 
PARAMETRIC_REPRESENTATION_CONTEXT() REPRESENTATION_CONTEXT('2D SPACE',''
  ) );
#1669 = ORIENTED_EDGE('',*,*,#1670,.F.);
#1670 = EDGE_CURVE('',#1671,#1648,#1673,.T.);
#1671 = VERTEX_POINT('',#1672);
#1672 = CARTESIAN_POINT('',(34.776695296637,17.,-3.));
#1673 = SURFACE_CURVE('',#1674,(#1678,#1685),.PCURVE_S1.);
#1674 = LINE('',#1675,#1676);
#1675 = CARTESIAN_POINT('',(34.776695296637,17.,-3.));
#1676 = VECTOR('',#1677,1.);
#1677 = DIRECTION('',(1.62044604925E-16,-1.62044604925E-16,1.));
#1678 = PCURVE('',#1023,#1679);
#1679 = DEFINITIONAL_REPRESENTATION('',(#1680),#1684);
#1680 = LINE('',#1681,#1682);
#1681 = CARTESIAN_POINT('',(-75.81832585697,1.749194018444E-14));
#1682 = VECTOR('',#1683,1.);
#1683 = DIRECTION('',(-8.485281374239E-17,1.));
#1684 = ( GEOMETRIC_REPRESENTATION_CONTEXT(2) 
PARAMETRIC_REPRESENTATION_CONTEXT() REPRESENTATION_CONTEXT('2D SPACE',''
  ) );
#1685 = PCURVE('',#1686,#1691);
#1686 = PLANE('',#1687);
#1687 = AXIS2_PLACEMENT_3D('',#1688,#1689,#1690);
#1688 = CARTESIAN_POINT('',(15.380364917652,16.999999999999,-3.));
#1689 = DIRECTION('',(-3.460306690739E-14,1.,2.175557561563E-16));
#1690 = DIRECTION('',(1.,3.476960036108E-14,-5.102230246251E-17));
#1691 = DEFINITIONAL_REPRESENTATION('',(#1692),#1696);
#1692 = LINE('',#1693,#1694);
#1693 = CARTESIAN_POINT('',(19.396330378986,2.28696584786E-14));
#1694 = VECTOR('',#1695,1.);
#1695 = DIRECTION('',(1.110223024625E-16,-1.));
#1696 = ( GEOMETRIC_REPRESENTATION_CONTEXT(2) 
PARAMETRIC_REPRESENTATION_CONTEXT() REPRESENTATION_CONTEXT('2D SPACE',''
  ) );
#1697 = ORIENTED_EDGE('',*,*,#1698,.F.);
#1698 = EDGE_CURVE('',#1699,#1671,#1701,.T.);
#1699 = VERTEX_POINT('',#1700);
#1700 = CARTESIAN_POINT('',(42.,9.776695296637,-3.));
#1701 = SURFACE_CURVE('',#1702,(#1706,#1713),.PCURVE_S1.);
#1702 = LINE('',#1703,#1704);
#1703 = CARTESIAN_POINT('',(87.100943511853,-35.32424821521,-3.));
#1704 = VECTOR('',#1705,1.);
#1705 = DIRECTION('',(-0.707106781187,0.707106781187,2.747661802697E-16)
  );
#1706 = PCURVE('',#1023,#1707);
#1707 = DEFINITIONAL_REPRESENTATION('',(#1708),#1712);
#1708 = LINE('',#1709,#1710);
#1709 = CARTESIAN_POINT('',(-1.820664390045,3.584359292198E-14));
#1710 = VECTOR('',#1711,1.);
#1711 = DIRECTION('',(-1.,-3.925231146709E-17));
#1712 = ( GEOMETRIC_REPRESENTATION_CONTEXT(2) 
PARAMETRIC_REPRESENTATION_CONTEXT() REPRESENTATION_CONTEXT('2D SPACE',''
  ) );
#1713 = PCURVE('',#1714,#1719);
#1714 = PLANE('',#1715);
#1715 = AXIS2_PLACEMENT_3D('',#1716,#1717,#1718);
#1716 = CARTESIAN_POINT('',(-1.822344707022E-13,-119.8503834541,-3.));
#1717 = DIRECTION('',(-2.775557561563E-16,1.110223024625E-16,-1.));
#1718 = DIRECTION('',(-1.,-4.996003610813E-16,1.110223024625E-16));
#1719 = DEFINITIONAL_REPRESENTATION('',(#1720),#1724);
#1720 = LINE('',#1721,#1722);
#1721 = CARTESIAN_POINT('',(-87.10094351185,84.526135238923));
#1722 = VECTOR('',#1723,1.);
#1723 = DIRECTION('',(0.707106781187,0.707106781187));
#1724 = ( GEOMETRIC_REPRESENTATION_CONTEXT(2) 
PARAMETRIC_REPRESENTATION_CONTEXT() REPRESENTATION_CONTEXT('2D SPACE',''
  ) );
#1725 = ORIENTED_EDGE('',*,*,#1726,.F.);
#1726 = EDGE_CURVE('',#1727,#1699,#1729,.T.);
#1727 = VERTEX_POINT('',#1728);
#1728 = CARTESIAN_POINT('',(42.,9.776695296637,4.));
#1729 = SURFACE_CURVE('',#1730,(#1734,#1741),.PCURVE_S1.);
#1730 = LINE('',#1731,#1732);
#1731 = CARTESIAN_POINT('',(42.,9.776695296637,-3.));
#1732 = VECTOR('',#1733,1.);
#1733 = DIRECTION('',(-1.665334536938E-16,1.665334536938E-16,-1.));
#1734 = PCURVE('',#1023,#1735);
#1735 = DEFINITIONAL_REPRESENTATION('',(#1736),#1740);
#1736 = LINE('',#1737,#1738);
#1737 = CARTESIAN_POINT('',(-65.60303038033,1.892337502326E-14));
#1738 = VECTOR('',#1739,1.);
#1739 = DIRECTION('',(7.850462293419E-17,-1.));
#1740 = ( GEOMETRIC_REPRESENTATION_CONTEXT(2) 
PARAMETRIC_REPRESENTATION_CONTEXT() REPRESENTATION_CONTEXT('2D SPACE',''
  ) );
#1741 = PCURVE('',#1742,#1747);
#1742 = PLANE('',#1743);
#1743 = AXIS2_PLACEMENT_3D('',#1744,#1745,#1746);
#1744 = CARTESIAN_POINT('',(42.,15.000000000004,-3.));
#1745 = DIRECTION('',(1.,-1.303996389187E-16,-1.110223024625E-16));
#1746 = DIRECTION('',(-2.969330926125E-16,-1.,-2.775557561563E-16));
#1747 = DEFINITIONAL_REPRESENTATION('',(#1748),#1752);
#1748 = LINE('',#1749,#1750);
#1749 = CARTESIAN_POINT('',(5.223304703367,2.444322998951E-14));
#1750 = VECTOR('',#1751,1.);
#1751 = DIRECTION('',(1.110223024625E-16,1.));
#1752 = ( GEOMETRIC_REPRESENTATION_CONTEXT(2) 
PARAMETRIC_REPRESENTATION_CONTEXT() REPRESENTATION_CONTEXT('2D SPACE',''
  ) );
#1753 = ORIENTED_EDGE('',*,*,#1754,.F.);
#1754 = EDGE_CURVE('',#1755,#1727,#1757,.T.);
#1755 = VERTEX_POINT('',#1756);
#1756 = CARTESIAN_POINT('',(40.,11.776695296637,4.));
#1757 = SURFACE_CURVE('',#1758,(#1762,#1769),.PCURVE_S1.);
#1758 = LINE('',#1759,#1760);
#1759 = CARTESIAN_POINT('',(87.077623521654,-35.30092822501,4.));
#1760 = VECTOR('',#1761,1.);
#1761 = DIRECTION('',(0.707106781187,-0.707106781187,-2.747661802697E-16
    ));
#1762 = PCURVE('',#1023,#1763);
#1763 = DEFINITIONAL_REPRESENTATION('',(#1764),#1768);
#1764 = LINE('',#1765,#1766);
#1765 = CARTESIAN_POINT('',(-1.853643836458,7.));
#1766 = VECTOR('',#1767,1.);
#1767 = DIRECTION('',(1.,3.925231146709E-17));
#1768 = ( GEOMETRIC_REPRESENTATION_CONTEXT(2) 
PARAMETRIC_REPRESENTATION_CONTEXT() REPRESENTATION_CONTEXT('2D SPACE',''
  ) );
#1769 = PCURVE('',#1770,#1775);
#1770 = PLANE('',#1771);
#1771 = AXIS2_PLACEMENT_3D('',#1772,#1773,#1774);
#1772 = CARTESIAN_POINT('',(-9.052122693578E-14,-119.7571034933,4.));
#1773 = DIRECTION('',(2.775557561563E-16,-1.110223024625E-16,1.));
#1774 = DIRECTION('',(1.,4.996003610813E-16,-1.110223024625E-16));
#1775 = DEFINITIONAL_REPRESENTATION('',(#1776),#1780);
#1776 = LINE('',#1777,#1778);
#1777 = CARTESIAN_POINT('',(87.077623521654,84.456175268325));
#1778 = VECTOR('',#1779,1.);
#1779 = DIRECTION('',(0.707106781187,-0.707106781187));
#1780 = ( GEOMETRIC_REPRESENTATION_CONTEXT(2) 
PARAMETRIC_REPRESENTATION_CONTEXT() REPRESENTATION_CONTEXT('2D SPACE',''
  ) );
#1781 = ORIENTED_EDGE('',*,*,#1782,.T.);
#1782 = EDGE_CURVE('',#1755,#982,#1783,.T.);
#1783 = SURFACE_CURVE('',#1784,(#1788,#1795),.PCURVE_S1.);
#1784 = LINE('',#1785,#1786);
#1785 = CARTESIAN_POINT('',(40.,11.776695296637,-3.));
#1786 = VECTOR('',#1787,1.);
#1787 = DIRECTION('',(-1.665334536938E-16,1.665334536938E-16,-1.));
#1788 = PCURVE('',#1023,#1789);
#1789 = DEFINITIONAL_REPRESENTATION('',(#1790),#1794);
#1790 = LINE('',#1791,#1792);
#1791 = CARTESIAN_POINT('',(-68.43145750507,1.847928581341E-14));
#1792 = VECTOR('',#1793,1.);
#1793 = DIRECTION('',(7.850462293419E-17,-1.));
#1794 = ( GEOMETRIC_REPRESENTATION_CONTEXT(2) 
PARAMETRIC_REPRESENTATION_CONTEXT() REPRESENTATION_CONTEXT('2D SPACE',''
  ) );
#1795 = PCURVE('',#997,#1796);
#1796 = DEFINITIONAL_REPRESENTATION('',(#1797),#1801);
#1797 = LINE('',#1798,#1799);
#1798 = CARTESIAN_POINT('',(3.223304703363,2.47762968969E-14));
#1799 = VECTOR('',#1800,1.);
#1800 = DIRECTION('',(1.110223024625E-16,1.));
#1801 = ( GEOMETRIC_REPRESENTATION_CONTEXT(2) 
PARAMETRIC_REPRESENTATION_CONTEXT() REPRESENTATION_CONTEXT('2D SPACE',''
  ) );
#1802 = ADVANCED_FACE('',(#1803),#997,.F.);
#1803 = FACE_BOUND('',#1804,.F.);
#1804 = EDGE_LOOP('',(#1805,#1806,#1807,#1830));
#1805 = ORIENTED_EDGE('',*,*,#981,.F.);
#1806 = ORIENTED_EDGE('',*,*,#1782,.F.);
#1807 = ORIENTED_EDGE('',*,*,#1808,.T.);
#1808 = EDGE_CURVE('',#1755,#1809,#1811,.T.);
#1809 = VERTEX_POINT('',#1810);
#1810 = CARTESIAN_POINT('',(40.,-5.,4.));
#1811 = SURFACE_CURVE('',#1812,(#1816,#1823),.PCURVE_S1.);
#1812 = LINE('',#1813,#1814);
#1813 = CARTESIAN_POINT('',(40.,15.,4.));
#1814 = VECTOR('',#1815,1.);
#1815 = DIRECTION('',(-2.693309261245E-17,-1.,-2.775557561563E-16));
#1816 = PCURVE('',#997,#1817);
#1817 = DEFINITIONAL_REPRESENTATION('',(#1818),#1822);
#1818 = LINE('',#1819,#1820);
#1819 = CARTESIAN_POINT('',(-9.048317650695E-15,-7.));
#1820 = VECTOR('',#1821,1.);
#1821 = DIRECTION('',(1.,1.110223024625E-16));
#1822 = ( GEOMETRIC_REPRESENTATION_CONTEXT(2) 
PARAMETRIC_REPRESENTATION_CONTEXT() REPRESENTATION_CONTEXT('2D SPACE',''
  ) );
#1823 = PCURVE('',#1770,#1824);
#1824 = DEFINITIONAL_REPRESENTATION('',(#1825),#1829);
#1825 = LINE('',#1826,#1827);
#1826 = CARTESIAN_POINT('',(40.,134.75710349334));
#1827 = VECTOR('',#1828,1.);
#1828 = DIRECTION('',(-4.710223024625E-16,-1.));
#1829 = ( GEOMETRIC_REPRESENTATION_CONTEXT(2) 
PARAMETRIC_REPRESENTATION_CONTEXT() REPRESENTATION_CONTEXT('2D SPACE',''
  ) );
#1830 = ORIENTED_EDGE('',*,*,#1831,.F.);
#1831 = EDGE_CURVE('',#954,#1809,#1832,.T.);
#1832 = SURFACE_CURVE('',#1833,(#1837,#1844),.PCURVE_S1.);
#1833 = LINE('',#1834,#1835);
#1834 = CARTESIAN_POINT('',(40.,-5.,-3.));
#1835 = VECTOR('',#1836,1.);
#1836 = DIRECTION('',(2.775557561563E-16,-5.102230246252E-17,1.));
#1837 = PCURVE('',#997,#1838);
#1838 = DEFINITIONAL_REPRESENTATION('',(#1839),#1843);
#1839 = LINE('',#1840,#1841);
#1840 = CARTESIAN_POINT('',(20.,1.998401444325E-15));
#1841 = VECTOR('',#1842,1.);
#1842 = DIRECTION('',(-1.710223024625E-16,-1.));
#1843 = ( GEOMETRIC_REPRESENTATION_CONTEXT(2) 
PARAMETRIC_REPRESENTATION_CONTEXT() REPRESENTATION_CONTEXT('2D SPACE',''
  ) );
#1844 = PCURVE('',#969,#1845);
#1845 = DEFINITIONAL_REPRESENTATION('',(#1846),#1850);
#1846 = LINE('',#1847,#1848);
#1847 = CARTESIAN_POINT('',(0.,0.));
#1848 = VECTOR('',#1849,1.);
#1849 = DIRECTION('',(-1.710223024625E-16,-1.));
#1850 = ( GEOMETRIC_REPRESENTATION_CONTEXT(2) 
PARAMETRIC_REPRESENTATION_CONTEXT() REPRESENTATION_CONTEXT('2D SPACE',''
  ) );
#1851 = ADVANCED_FACE('',(#1852),#969,.F.);
#1852 = FACE_BOUND('',#1853,.F.);
#1853 = EDGE_LOOP('',(#1854,#1855,#1856,#1879));
#1854 = ORIENTED_EDGE('',*,*,#953,.F.);
#1855 = ORIENTED_EDGE('',*,*,#1831,.T.);
#1856 = ORIENTED_EDGE('',*,*,#1857,.T.);
#1857 = EDGE_CURVE('',#1809,#1858,#1860,.T.);
#1858 = VERTEX_POINT('',#1859);
#1859 = CARTESIAN_POINT('',(21.754347826089,-5.,4.));
#1860 = SURFACE_CURVE('',#1861,(#1865,#1872),.PCURVE_S1.);
#1861 = LINE('',#1862,#1863);
#1862 = CARTESIAN_POINT('',(40.,-5.,4.));
#1863 = VECTOR('',#1864,1.);
#1864 = DIRECTION('',(-1.,-3.096003610813E-16,1.110223024625E-16));
#1865 = PCURVE('',#969,#1866);
#1866 = DEFINITIONAL_REPRESENTATION('',(#1867),#1871);
#1867 = LINE('',#1868,#1869);
#1868 = CARTESIAN_POINT('',(7.457341758564E-16,-7.));
#1869 = VECTOR('',#1870,1.);
#1870 = DIRECTION('',(1.,5.102230246252E-17));
#1871 = ( GEOMETRIC_REPRESENTATION_CONTEXT(2) 
PARAMETRIC_REPRESENTATION_CONTEXT() REPRESENTATION_CONTEXT('2D SPACE',''
  ) );
#1872 = PCURVE('',#1770,#1873);
#1873 = DEFINITIONAL_REPRESENTATION('',(#1874),#1878);
#1874 = LINE('',#1875,#1876);
#1875 = CARTESIAN_POINT('',(40.,114.75710349334));
#1876 = VECTOR('',#1877,1.);
#1877 = DIRECTION('',(-1.,7.897769753748E-17));
#1878 = ( GEOMETRIC_REPRESENTATION_CONTEXT(2) 
PARAMETRIC_REPRESENTATION_CONTEXT() REPRESENTATION_CONTEXT('2D SPACE',''
  ) );
#1879 = ORIENTED_EDGE('',*,*,#1880,.F.);
#1880 = EDGE_CURVE('',#926,#1858,#1881,.T.);
#1881 = SURFACE_CURVE('',#1882,(#1886,#1893),.PCURVE_S1.);
#1882 = LINE('',#1883,#1884);
#1883 = CARTESIAN_POINT('',(21.754347826089,-5.,-3.));
#1884 = VECTOR('',#1885,1.);
#1885 = DIRECTION('',(2.775557561563E-16,-5.102230246252E-17,1.));
#1886 = PCURVE('',#969,#1887);
#1887 = DEFINITIONAL_REPRESENTATION('',(#1888),#1892);
#1888 = LINE('',#1889,#1890);
#1889 = CARTESIAN_POINT('',(18.245652173911,1.74900060601E-15));
#1890 = VECTOR('',#1891,1.);
#1891 = DIRECTION('',(-1.710223024625E-16,-1.));
#1892 = ( GEOMETRIC_REPRESENTATION_CONTEXT(2) 
PARAMETRIC_REPRESENTATION_CONTEXT() REPRESENTATION_CONTEXT('2D SPACE',''
  ) );
#1893 = PCURVE('',#941,#1894);
#1894 = DEFINITIONAL_REPRESENTATION('',(#1895),#1899);
#1895 = LINE('',#1896,#1897);
#1896 = CARTESIAN_POINT('',(-3.504827164576E-15,5.507839656905E-31));
#1897 = VECTOR('',#1898,1.);
#1898 = DIRECTION('',(-1.405501126285E-16,-1.));
#1899 = ( GEOMETRIC_REPRESENTATION_CONTEXT(2) 
PARAMETRIC_REPRESENTATION_CONTEXT() REPRESENTATION_CONTEXT('2D SPACE',''
  ) );
#1900 = ADVANCED_FACE('',(#1901),#941,.F.);
#1901 = FACE_BOUND('',#1902,.F.);
#1902 = EDGE_LOOP('',(#1903,#1904,#1905,#1928));
#1903 = ORIENTED_EDGE('',*,*,#925,.F.);
#1904 = ORIENTED_EDGE('',*,*,#1880,.T.);
#1905 = ORIENTED_EDGE('',*,*,#1906,.T.);
#1906 = EDGE_CURVE('',#1858,#1907,#1909,.T.);
#1907 = VERTEX_POINT('',#1908);
#1908 = CARTESIAN_POINT('',(30.047826086958,-55.,4.));
#1909 = SURFACE_CURVE('',#1910,(#1914,#1921),.PCURVE_S1.);
#1910 = LINE('',#1911,#1912);
#1911 = CARTESIAN_POINT('',(21.754347826089,-5.,4.));
#1912 = VECTOR('',#1913,1.);
#1913 = DIRECTION('',(0.16363383332,-0.986521144524,-2.919816271685E-16)
  );
#1914 = PCURVE('',#941,#1915);
#1915 = DEFINITIONAL_REPRESENTATION('',(#1916),#1920);
#1916 = LINE('',#1917,#1918);
#1917 = CARTESIAN_POINT('',(-3.789869489743E-15,-7.));
#1918 = VECTOR('',#1919,1.);
#1919 = DIRECTION('',(1.,1.013588439571E-16));
#1920 = ( GEOMETRIC_REPRESENTATION_CONTEXT(2) 
PARAMETRIC_REPRESENTATION_CONTEXT() REPRESENTATION_CONTEXT('2D SPACE',''
  ) );
#1921 = PCURVE('',#1770,#1922);
#1922 = DEFINITIONAL_REPRESENTATION('',(#1923),#1927);
#1923 = LINE('',#1924,#1925);
#1924 = CARTESIAN_POINT('',(21.754347826089,114.75710349334));
#1925 = VECTOR('',#1926,1.);
#1926 = DIRECTION('',(0.16363383332,-0.986521144524));
#1927 = ( GEOMETRIC_REPRESENTATION_CONTEXT(2) 
PARAMETRIC_REPRESENTATION_CONTEXT() REPRESENTATION_CONTEXT('2D SPACE',''
  ) );
#1928 = ORIENTED_EDGE('',*,*,#1929,.F.);
#1929 = EDGE_CURVE('',#898,#1907,#1930,.T.);
#1930 = SURFACE_CURVE('',#1931,(#1935,#1942),.PCURVE_S1.);
#1931 = LINE('',#1932,#1933);
#1932 = CARTESIAN_POINT('',(30.047826086958,-55.,-3.));
#1933 = VECTOR('',#1934,1.);
#1934 = DIRECTION('',(2.775557561563E-16,-5.102230246252E-17,1.));
#1935 = PCURVE('',#941,#1936);
#1936 = DEFINITIONAL_REPRESENTATION('',(#1937),#1941);
#1937 = LINE('',#1938,#1939);
#1938 = CARTESIAN_POINT('',(50.683150865584,4.533200119158E-15));
#1939 = VECTOR('',#1940,1.);
#1940 = DIRECTION('',(-1.405501126285E-16,-1.));
#1941 = ( GEOMETRIC_REPRESENTATION_CONTEXT(2) 
PARAMETRIC_REPRESENTATION_CONTEXT() REPRESENTATION_CONTEXT('2D SPACE',''
  ) );
#1942 = PCURVE('',#913,#1943);
#1943 = DEFINITIONAL_REPRESENTATION('',(#1944),#1948);
#1944 = LINE('',#1945,#1946);
#1945 = CARTESIAN_POINT('',(0.,0.));
#1946 = VECTOR('',#1947,1.);
#1947 = DIRECTION('',(1.710223024625E-16,-1.));
#1948 = ( GEOMETRIC_REPRESENTATION_CONTEXT(2) 
PARAMETRIC_REPRESENTATION_CONTEXT() REPRESENTATION_CONTEXT('2D SPACE',''
  ) );
#1949 = ADVANCED_FACE('',(#1950),#913,.F.);
#1950 = FACE_BOUND('',#1951,.F.);
#1951 = EDGE_LOOP('',(#1952,#1953,#1954,#1977));
#1952 = ORIENTED_EDGE('',*,*,#897,.F.);
#1953 = ORIENTED_EDGE('',*,*,#1929,.T.);
#1954 = ORIENTED_EDGE('',*,*,#1955,.T.);
#1955 = EDGE_CURVE('',#1907,#1956,#1958,.T.);
#1956 = VERTEX_POINT('',#1957);
#1957 = CARTESIAN_POINT('',(50.,-55.,4.));
#1958 = SURFACE_CURVE('',#1959,(#1963,#1970),.PCURVE_S1.);
#1959 = LINE('',#1960,#1961);
#1960 = CARTESIAN_POINT('',(30.047826086958,-55.,4.));
#1961 = VECTOR('',#1962,1.);
#1962 = DIRECTION('',(1.,4.996003610813E-16,-1.110223024625E-16));
#1963 = PCURVE('',#913,#1964);
#1964 = DEFINITIONAL_REPRESENTATION('',(#1965),#1969);
#1965 = LINE('',#1966,#1967);
#1966 = CARTESIAN_POINT('',(1.346512053935E-14,-7.));
#1967 = VECTOR('',#1968,1.);
#1968 = DIRECTION('',(1.,-5.102230246252E-17));
#1969 = ( GEOMETRIC_REPRESENTATION_CONTEXT(2) 
PARAMETRIC_REPRESENTATION_CONTEXT() REPRESENTATION_CONTEXT('2D SPACE',''
  ) );
#1970 = PCURVE('',#1770,#1971);
#1971 = DEFINITIONAL_REPRESENTATION('',(#1972),#1976);
#1972 = LINE('',#1973,#1974);
#1973 = CARTESIAN_POINT('',(30.047826086958,64.757103493342));
#1974 = VECTOR('',#1975,1.);
#1975 = DIRECTION('',(1.,1.110223024625E-16));
#1976 = ( GEOMETRIC_REPRESENTATION_CONTEXT(2) 
PARAMETRIC_REPRESENTATION_CONTEXT() REPRESENTATION_CONTEXT('2D SPACE',''
  ) );
#1977 = ORIENTED_EDGE('',*,*,#1978,.F.);
#1978 = EDGE_CURVE('',#870,#1956,#1979,.T.);
#1979 = SURFACE_CURVE('',#1980,(#1984,#1991),.PCURVE_S1.);
#1980 = LINE('',#1981,#1982);
#1981 = CARTESIAN_POINT('',(50.,-55.,-3.));
#1982 = VECTOR('',#1983,1.);
#1983 = DIRECTION('',(2.775557561563E-16,-5.102230246252E-17,1.));
#1984 = PCURVE('',#913,#1985);
#1985 = DEFINITIONAL_REPRESENTATION('',(#1986),#1990);
#1986 = LINE('',#1987,#1988);
#1987 = CARTESIAN_POINT('',(19.952173913042,-1.676175023513E-15));
#1988 = VECTOR('',#1989,1.);
#1989 = DIRECTION('',(1.710223024625E-16,-1.));
#1990 = ( GEOMETRIC_REPRESENTATION_CONTEXT(2) 
PARAMETRIC_REPRESENTATION_CONTEXT() REPRESENTATION_CONTEXT('2D SPACE',''
  ) );
#1991 = PCURVE('',#885,#1992);
#1992 = DEFINITIONAL_REPRESENTATION('',(#1993),#1997);
#1993 = LINE('',#1994,#1995);
#1994 = CARTESIAN_POINT('',(-0.,0.));
#1995 = VECTOR('',#1996,1.);
#1996 = DIRECTION('',(-1.710223024625E-16,-1.));
#1997 = ( GEOMETRIC_REPRESENTATION_CONTEXT(2) 
PARAMETRIC_REPRESENTATION_CONTEXT() REPRESENTATION_CONTEXT('2D SPACE',''
  ) );
#1998 = ADVANCED_FACE('',(#1999),#885,.F.);
#1999 = FACE_BOUND('',#2000,.F.);
#2000 = EDGE_LOOP('',(#2001,#2002,#2003,#2026));
#2001 = ORIENTED_EDGE('',*,*,#869,.F.);
#2002 = ORIENTED_EDGE('',*,*,#1978,.T.);
#2003 = ORIENTED_EDGE('',*,*,#2004,.T.);
#2004 = EDGE_CURVE('',#1956,#2005,#2007,.T.);
#2005 = VERTEX_POINT('',#2006);
#2006 = CARTESIAN_POINT('',(50.,-75.,4.));
#2007 = SURFACE_CURVE('',#2008,(#2012,#2019),.PCURVE_S1.);
#2008 = LINE('',#2009,#2010);
#2009 = CARTESIAN_POINT('',(50.,-55.,4.));
#2010 = VECTOR('',#2011,1.);
#2011 = DIRECTION('',(-2.693309261245E-17,-1.,-2.775557561563E-16));
#2012 = PCURVE('',#885,#2013);
#2013 = DEFINITIONAL_REPRESENTATION('',(#2014),#2018);
#2014 = LINE('',#2015,#2016);
#2015 = CARTESIAN_POINT('',(-1.61537450083E-14,-7.));
#2016 = VECTOR('',#2017,1.);
#2017 = DIRECTION('',(1.,1.110223024625E-16));
#2018 = ( GEOMETRIC_REPRESENTATION_CONTEXT(2) 
PARAMETRIC_REPRESENTATION_CONTEXT() REPRESENTATION_CONTEXT('2D SPACE',''
  ) );
#2019 = PCURVE('',#1770,#2020);
#2020 = DEFINITIONAL_REPRESENTATION('',(#2021),#2025);
#2021 = LINE('',#2022,#2023);
#2022 = CARTESIAN_POINT('',(50.,64.757103493342));
#2023 = VECTOR('',#2024,1.);
#2024 = DIRECTION('',(-4.710223024625E-16,-1.));
#2025 = ( GEOMETRIC_REPRESENTATION_CONTEXT(2) 
PARAMETRIC_REPRESENTATION_CONTEXT() REPRESENTATION_CONTEXT('2D SPACE',''
  ) );
#2026 = ORIENTED_EDGE('',*,*,#2027,.F.);
#2027 = EDGE_CURVE('',#842,#2005,#2028,.T.);
#2028 = SURFACE_CURVE('',#2029,(#2033,#2040),.PCURVE_S1.);
#2029 = LINE('',#2030,#2031);
#2030 = CARTESIAN_POINT('',(50.,-75.,-3.));
#2031 = VECTOR('',#2032,1.);
#2032 = DIRECTION('',(2.775557561563E-16,-5.102230246252E-17,1.));
#2033 = PCURVE('',#885,#2034);
#2034 = DEFINITIONAL_REPRESENTATION('',(#2035),#2039);
#2035 = LINE('',#2036,#2037);
#2036 = CARTESIAN_POINT('',(20.,2.442490654175E-15));
#2037 = VECTOR('',#2038,1.);
#2038 = DIRECTION('',(-1.710223024625E-16,-1.));
#2039 = ( GEOMETRIC_REPRESENTATION_CONTEXT(2) 
PARAMETRIC_REPRESENTATION_CONTEXT() REPRESENTATION_CONTEXT('2D SPACE',''
  ) );
#2040 = PCURVE('',#857,#2041);
#2041 = DEFINITIONAL_REPRESENTATION('',(#2042),#2046);
#2042 = LINE('',#2043,#2044);
#2043 = CARTESIAN_POINT('',(0.,0.));
#2044 = VECTOR('',#2045,1.);
#2045 = DIRECTION('',(-1.710223024625E-16,-1.));
#2046 = ( GEOMETRIC_REPRESENTATION_CONTEXT(2) 
PARAMETRIC_REPRESENTATION_CONTEXT() REPRESENTATION_CONTEXT('2D SPACE',''
  ) );
#2047 = ADVANCED_FACE('',(#2048),#857,.F.);
#2048 = FACE_BOUND('',#2049,.F.);
#2049 = EDGE_LOOP('',(#2050,#2051,#2052,#2075));
#2050 = ORIENTED_EDGE('',*,*,#841,.F.);
#2051 = ORIENTED_EDGE('',*,*,#2027,.T.);
#2052 = ORIENTED_EDGE('',*,*,#2053,.T.);
#2053 = EDGE_CURVE('',#2005,#2054,#2056,.T.);
#2054 = VERTEX_POINT('',#2055);
#2055 = CARTESIAN_POINT('',(33.365217391305,-75.,4.));
#2056 = SURFACE_CURVE('',#2057,(#2061,#2068),.PCURVE_S1.);
#2057 = LINE('',#2058,#2059);
#2058 = CARTESIAN_POINT('',(50.,-75.,4.));
#2059 = VECTOR('',#2060,1.);
#2060 = DIRECTION('',(-1.,3.503996389187E-16,1.110223024625E-16));
#2061 = PCURVE('',#857,#2062);
#2062 = DEFINITIONAL_REPRESENTATION('',(#2063),#2067);
#2063 = LINE('',#2064,#2065);
#2064 = CARTESIAN_POINT('',(-2.057054789695E-14,-7.));
#2065 = VECTOR('',#2066,1.);
#2066 = DIRECTION('',(1.,5.102230246252E-17));
#2067 = ( GEOMETRIC_REPRESENTATION_CONTEXT(2) 
PARAMETRIC_REPRESENTATION_CONTEXT() REPRESENTATION_CONTEXT('2D SPACE',''
  ) );
#2068 = PCURVE('',#1770,#2069);
#2069 = DEFINITIONAL_REPRESENTATION('',(#2070),#2074);
#2070 = LINE('',#2071,#2072);
#2071 = CARTESIAN_POINT('',(50.,44.757103493342));
#2072 = VECTOR('',#2073,1.);
#2073 = DIRECTION('',(-1.,7.389776975375E-16));
#2074 = ( GEOMETRIC_REPRESENTATION_CONTEXT(2) 
PARAMETRIC_REPRESENTATION_CONTEXT() REPRESENTATION_CONTEXT('2D SPACE',''
  ) );
#2075 = ORIENTED_EDGE('',*,*,#2076,.F.);
#2076 = EDGE_CURVE('',#814,#2054,#2077,.T.);
#2077 = SURFACE_CURVE('',#2078,(#2082,#2089),.PCURVE_S1.);
#2078 = LINE('',#2079,#2080);
#2079 = CARTESIAN_POINT('',(33.365217391305,-75.,-3.));
#2080 = VECTOR('',#2081,1.);
#2081 = DIRECTION('',(2.775557561563E-16,-5.102230246252E-17,1.));
#2082 = PCURVE('',#857,#2083);
#2083 = DEFINITIONAL_REPRESENTATION('',(#2084),#2088);
#2084 = LINE('',#2085,#2086);
#2085 = CARTESIAN_POINT('',(16.634782608695,1.84263586953E-15));
#2086 = VECTOR('',#2087,1.);
#2087 = DIRECTION('',(-1.710223024625E-16,-1.));
#2088 = ( GEOMETRIC_REPRESENTATION_CONTEXT(2) 
PARAMETRIC_REPRESENTATION_CONTEXT() REPRESENTATION_CONTEXT('2D SPACE',''
  ) );
#2089 = PCURVE('',#829,#2090);
#2090 = DEFINITIONAL_REPRESENTATION('',(#2091),#2095);
#2091 = LINE('',#2092,#2093);
#2092 = CARTESIAN_POINT('',(-4.322061429082E-14,8.640029511471E-30));
#2093 = VECTOR('',#2094,1.);
#2094 = DIRECTION('',(-1.405501126285E-16,-1.));
#2095 = ( GEOMETRIC_REPRESENTATION_CONTEXT(2) 
PARAMETRIC_REPRESENTATION_CONTEXT() REPRESENTATION_CONTEXT('2D SPACE',''
  ) );
#2096 = ADVANCED_FACE('',(#2097),#829,.F.);
#2097 = FACE_BOUND('',#2098,.F.);
#2098 = EDGE_LOOP('',(#2099,#2100,#2101,#2124));
#2099 = ORIENTED_EDGE('',*,*,#813,.F.);
#2100 = ORIENTED_EDGE('',*,*,#2076,.T.);
#2101 = ORIENTED_EDGE('',*,*,#2102,.T.);
#2102 = EDGE_CURVE('',#2054,#2103,#2105,.T.);
#2103 = VERTEX_POINT('',#2104);
#2104 = CARTESIAN_POINT('',(40.,-114.9999999999,4.));
#2105 = SURFACE_CURVE('',#2106,(#2110,#2117),.PCURVE_S1.);
#2106 = LINE('',#2107,#2108);
#2107 = CARTESIAN_POINT('',(33.365217391305,-75.,4.));
#2108 = VECTOR('',#2109,1.);
#2109 = DIRECTION('',(0.16363383332,-0.986521144524,-2.919816271685E-16)
  );
#2110 = PCURVE('',#829,#2111);
#2111 = DEFINITIONAL_REPRESENTATION('',(#2112),#2116);
#2112 = LINE('',#2113,#2114);
#2113 = CARTESIAN_POINT('',(-1.605676456576E-14,-7.));
#2114 = VECTOR('',#2115,1.);
#2115 = DIRECTION('',(1.,1.013588439571E-16));
#2116 = ( GEOMETRIC_REPRESENTATION_CONTEXT(2) 
PARAMETRIC_REPRESENTATION_CONTEXT() REPRESENTATION_CONTEXT('2D SPACE',''
  ) );
#2117 = PCURVE('',#1770,#2118);
#2118 = DEFINITIONAL_REPRESENTATION('',(#2119),#2123);
#2119 = LINE('',#2120,#2121);
#2120 = CARTESIAN_POINT('',(33.365217391305,44.757103493342));
#2121 = VECTOR('',#2122,1.);
#2122 = DIRECTION('',(0.16363383332,-0.986521144524));
#2123 = ( GEOMETRIC_REPRESENTATION_CONTEXT(2) 
PARAMETRIC_REPRESENTATION_CONTEXT() REPRESENTATION_CONTEXT('2D SPACE',''
  ) );
#2124 = ORIENTED_EDGE('',*,*,#2125,.F.);
#2125 = EDGE_CURVE('',#786,#2103,#2126,.T.);
#2126 = SURFACE_CURVE('',#2127,(#2131,#2138),.PCURVE_S1.);
#2127 = LINE('',#2128,#2129);
#2128 = CARTESIAN_POINT('',(40.,-114.9999999999,-3.));
#2129 = VECTOR('',#2130,1.);
#2130 = DIRECTION('',(2.775557561563E-16,-5.102230246252E-17,1.));
#2131 = PCURVE('',#829,#2132);
#2132 = DEFINITIONAL_REPRESENTATION('',(#2133),#2137);
#2133 = LINE('',#2134,#2135);
#2134 = CARTESIAN_POINT('',(40.546520692465,3.448924411387E-15));
#2135 = VECTOR('',#2136,1.);
#2136 = DIRECTION('',(-1.405501126285E-16,-1.));
#2137 = ( GEOMETRIC_REPRESENTATION_CONTEXT(2) 
PARAMETRIC_REPRESENTATION_CONTEXT() REPRESENTATION_CONTEXT('2D SPACE',''
  ) );
#2138 = PCURVE('',#801,#2139);
#2139 = DEFINITIONAL_REPRESENTATION('',(#2140),#2144);
#2140 = LINE('',#2141,#2142);
#2141 = CARTESIAN_POINT('',(30.000000000002,-3.441691376338E-15));
#2142 = VECTOR('',#2143,1.);
#2143 = DIRECTION('',(1.710223024625E-16,-1.));
#2144 = ( GEOMETRIC_REPRESENTATION_CONTEXT(2) 
PARAMETRIC_REPRESENTATION_CONTEXT() REPRESENTATION_CONTEXT('2D SPACE',''
  ) );
#2145 = ADVANCED_FACE('',(#2146),#801,.T.);
#2146 = FACE_BOUND('',#2147,.T.);
#2147 = EDGE_LOOP('',(#2148,#2149,#2172,#2193));
#2148 = ORIENTED_EDGE('',*,*,#785,.F.);
#2149 = ORIENTED_EDGE('',*,*,#2150,.T.);
#2150 = EDGE_CURVE('',#758,#2151,#2153,.T.);
#2151 = VERTEX_POINT('',#2152);
#2152 = CARTESIAN_POINT('',(40.,-145.,4.));
#2153 = SURFACE_CURVE('',#2154,(#2158,#2165),.PCURVE_S1.);
#2154 = LINE('',#2155,#2156);
#2155 = CARTESIAN_POINT('',(40.,-145.,-3.));
#2156 = VECTOR('',#2157,1.);
#2157 = DIRECTION('',(2.775557561563E-16,-5.102230246252E-17,1.));
#2158 = PCURVE('',#801,#2159);
#2159 = DEFINITIONAL_REPRESENTATION('',(#2160),#2164);
#2160 = LINE('',#2161,#2162);
#2161 = CARTESIAN_POINT('',(0.,0.));
#2162 = VECTOR('',#2163,1.);
#2163 = DIRECTION('',(1.710223024625E-16,-1.));
#2164 = ( GEOMETRIC_REPRESENTATION_CONTEXT(2) 
PARAMETRIC_REPRESENTATION_CONTEXT() REPRESENTATION_CONTEXT('2D SPACE',''
  ) );
#2165 = PCURVE('',#773,#2166);
#2166 = DEFINITIONAL_REPRESENTATION('',(#2167),#2171);
#2167 = LINE('',#2168,#2169);
#2168 = CARTESIAN_POINT('',(2.13162820728E-14,-4.637479864789E-30));
#2169 = VECTOR('',#2170,1.);
#2170 = DIRECTION('',(1.710223024625E-16,-1.));
#2171 = ( GEOMETRIC_REPRESENTATION_CONTEXT(2) 
PARAMETRIC_REPRESENTATION_CONTEXT() REPRESENTATION_CONTEXT('2D SPACE',''
  ) );
#2172 = ORIENTED_EDGE('',*,*,#2173,.T.);
#2173 = EDGE_CURVE('',#2151,#2103,#2174,.T.);
#2174 = SURFACE_CURVE('',#2175,(#2179,#2186),.PCURVE_S1.);
#2175 = LINE('',#2176,#2177);
#2176 = CARTESIAN_POINT('',(40.,-145.,4.));
#2177 = VECTOR('',#2178,1.);
#2178 = DIRECTION('',(-5.730669073875E-16,1.,2.775557561563E-16));
#2179 = PCURVE('',#801,#2180);
#2180 = DEFINITIONAL_REPRESENTATION('',(#2181),#2185);
#2181 = LINE('',#2182,#2183);
#2182 = CARTESIAN_POINT('',(1.942890293094E-15,-7.));
#2183 = VECTOR('',#2184,1.);
#2184 = DIRECTION('',(1.,-1.110223024625E-16));
#2185 = ( GEOMETRIC_REPRESENTATION_CONTEXT(2) 
PARAMETRIC_REPRESENTATION_CONTEXT() REPRESENTATION_CONTEXT('2D SPACE',''
  ) );
#2186 = PCURVE('',#1770,#2187);
#2187 = DEFINITIONAL_REPRESENTATION('',(#2188),#2192);
#2188 = LINE('',#2189,#2190);
#2189 = CARTESIAN_POINT('',(40.,-25.24289650665));
#2190 = VECTOR('',#2191,1.);
#2191 = DIRECTION('',(-1.289776975375E-16,1.));
#2192 = ( GEOMETRIC_REPRESENTATION_CONTEXT(2) 
PARAMETRIC_REPRESENTATION_CONTEXT() REPRESENTATION_CONTEXT('2D SPACE',''
  ) );
#2193 = ORIENTED_EDGE('',*,*,#2125,.F.);
#2194 = ADVANCED_FACE('',(#2195),#773,.F.);
#2195 = FACE_BOUND('',#2196,.F.);
#2196 = EDGE_LOOP('',(#2197,#2198,#2199,#2222));
#2197 = ORIENTED_EDGE('',*,*,#757,.F.);
#2198 = ORIENTED_EDGE('',*,*,#2150,.T.);
#2199 = ORIENTED_EDGE('',*,*,#2200,.T.);
#2200 = EDGE_CURVE('',#2151,#2201,#2203,.T.);
#2201 = VERTEX_POINT('',#2202);
#2202 = CARTESIAN_POINT('',(60.,-145.,4.));
#2203 = SURFACE_CURVE('',#2204,(#2208,#2215),.PCURVE_S1.);
#2204 = LINE('',#2205,#2206);
#2205 = CARTESIAN_POINT('',(40.,-145.,4.));
#2206 = VECTOR('',#2207,1.);
#2207 = DIRECTION('',(1.,4.996003610813E-16,-1.110223024625E-16));
#2208 = PCURVE('',#773,#2209);
#2209 = DEFINITIONAL_REPRESENTATION('',(#2210),#2214);
#2210 = LINE('',#2211,#2212);
#2211 = CARTESIAN_POINT('',(4.188682996975E-14,-7.));
#2212 = VECTOR('',#2213,1.);
#2213 = DIRECTION('',(1.,-5.102230246252E-17));
#2214 = ( GEOMETRIC_REPRESENTATION_CONTEXT(2) 
PARAMETRIC_REPRESENTATION_CONTEXT() REPRESENTATION_CONTEXT('2D SPACE',''
  ) );
#2215 = PCURVE('',#1770,#2216);
#2216 = DEFINITIONAL_REPRESENTATION('',(#2217),#2221);
#2217 = LINE('',#2218,#2219);
#2218 = CARTESIAN_POINT('',(40.,-25.24289650665));
#2219 = VECTOR('',#2220,1.);
#2220 = DIRECTION('',(1.,1.110223024625E-16));
#2221 = ( GEOMETRIC_REPRESENTATION_CONTEXT(2) 
PARAMETRIC_REPRESENTATION_CONTEXT() REPRESENTATION_CONTEXT('2D SPACE',''
  ) );
#2222 = ORIENTED_EDGE('',*,*,#2223,.F.);
#2223 = EDGE_CURVE('',#730,#2201,#2224,.T.);
#2224 = SURFACE_CURVE('',#2225,(#2229,#2236),.PCURVE_S1.);
#2225 = LINE('',#2226,#2227);
#2226 = CARTESIAN_POINT('',(60.,-145.,-3.));
#2227 = VECTOR('',#2228,1.);
#2228 = DIRECTION('',(2.775557561563E-16,-5.102230246252E-17,1.));
#2229 = PCURVE('',#773,#2230);
#2230 = DEFINITIONAL_REPRESENTATION('',(#2231),#2235);
#2231 = LINE('',#2232,#2233);
#2232 = CARTESIAN_POINT('',(20.,-2.130669073875E-15));
#2233 = VECTOR('',#2234,1.);
#2234 = DIRECTION('',(1.710223024625E-16,-1.));
#2235 = ( GEOMETRIC_REPRESENTATION_CONTEXT(2) 
PARAMETRIC_REPRESENTATION_CONTEXT() REPRESENTATION_CONTEXT('2D SPACE',''
  ) );
#2236 = PCURVE('',#745,#2237);
#2237 = DEFINITIONAL_REPRESENTATION('',(#2238),#2242);
#2238 = LINE('',#2239,#2240);
#2239 = CARTESIAN_POINT('',(0.,0.));
#2240 = VECTOR('',#2241,1.);
#2241 = DIRECTION('',(-1.710223024625E-16,-1.));
#2242 = ( GEOMETRIC_REPRESENTATION_CONTEXT(2) 
PARAMETRIC_REPRESENTATION_CONTEXT() REPRESENTATION_CONTEXT('2D SPACE',''
  ) );
#2243 = ADVANCED_FACE('',(#2244),#745,.F.);
#2244 = FACE_BOUND('',#2245,.F.);
#2245 = EDGE_LOOP('',(#2246,#2247,#2248,#2271));
#2246 = ORIENTED_EDGE('',*,*,#729,.F.);
#2247 = ORIENTED_EDGE('',*,*,#2223,.T.);
#2248 = ORIENTED_EDGE('',*,*,#2249,.T.);
#2249 = EDGE_CURVE('',#2201,#2250,#2252,.T.);
#2250 = VERTEX_POINT('',#2251);
#2251 = CARTESIAN_POINT('',(60.,-165.,4.));
#2252 = SURFACE_CURVE('',#2253,(#2257,#2264),.PCURVE_S1.);
#2253 = LINE('',#2254,#2255);
#2254 = CARTESIAN_POINT('',(60.,-145.,4.));
#2255 = VECTOR('',#2256,1.);
#2256 = DIRECTION('',(3.330669073875E-16,-1.,-2.775557561563E-16));
#2257 = PCURVE('',#745,#2258);
#2258 = DEFINITIONAL_REPRESENTATION('',(#2259),#2263);
#2259 = LINE('',#2260,#2261);
#2260 = CARTESIAN_POINT('',(-1.942890293094E-15,-7.));
#2261 = VECTOR('',#2262,1.);
#2262 = DIRECTION('',(1.,1.110223024625E-16));
#2263 = ( GEOMETRIC_REPRESENTATION_CONTEXT(2) 
PARAMETRIC_REPRESENTATION_CONTEXT() REPRESENTATION_CONTEXT('2D SPACE',''
  ) );
#2264 = PCURVE('',#1770,#2265);
#2265 = DEFINITIONAL_REPRESENTATION('',(#2266),#2270);
#2266 = LINE('',#2267,#2268);
#2267 = CARTESIAN_POINT('',(60.,-25.24289650665));
#2268 = VECTOR('',#2269,1.);
#2269 = DIRECTION('',(-1.110223024625E-16,-1.));
#2270 = ( GEOMETRIC_REPRESENTATION_CONTEXT(2) 
PARAMETRIC_REPRESENTATION_CONTEXT() REPRESENTATION_CONTEXT('2D SPACE',''
  ) );
#2271 = ORIENTED_EDGE('',*,*,#2272,.F.);
#2272 = EDGE_CURVE('',#702,#2250,#2273,.T.);
#2273 = SURFACE_CURVE('',#2274,(#2278,#2285),.PCURVE_S1.);
#2274 = LINE('',#2275,#2276);
#2275 = CARTESIAN_POINT('',(60.,-165.,-3.));
#2276 = VECTOR('',#2277,1.);
#2277 = DIRECTION('',(2.775557561563E-16,-5.102230246252E-17,1.));
#2278 = PCURVE('',#745,#2279);
#2279 = DEFINITIONAL_REPRESENTATION('',(#2280),#2284);
#2280 = LINE('',#2281,#2282);
#2281 = CARTESIAN_POINT('',(20.,1.998401444325E-15));
#2282 = VECTOR('',#2283,1.);
#2283 = DIRECTION('',(-1.710223024625E-16,-1.));
#2284 = ( GEOMETRIC_REPRESENTATION_CONTEXT(2) 
PARAMETRIC_REPRESENTATION_CONTEXT() REPRESENTATION_CONTEXT('2D SPACE',''
  ) );
#2285 = PCURVE('',#717,#2286);
#2286 = DEFINITIONAL_REPRESENTATION('',(#2287),#2291);
#2287 = LINE('',#2288,#2289);
#2288 = CARTESIAN_POINT('',(0.,0.));
#2289 = VECTOR('',#2290,1.);
#2290 = DIRECTION('',(-1.710223024625E-16,-1.));
#2291 = ( GEOMETRIC_REPRESENTATION_CONTEXT(2) 
PARAMETRIC_REPRESENTATION_CONTEXT() REPRESENTATION_CONTEXT('2D SPACE',''
  ) );
#2292 = ADVANCED_FACE('',(#2293),#717,.F.);
#2293 = FACE_BOUND('',#2294,.F.);
#2294 = EDGE_LOOP('',(#2295,#2296,#2297,#2320));
#2295 = ORIENTED_EDGE('',*,*,#701,.F.);
#2296 = ORIENTED_EDGE('',*,*,#2272,.T.);
#2297 = ORIENTED_EDGE('',*,*,#2298,.T.);
#2298 = EDGE_CURVE('',#2250,#2299,#2301,.T.);
#2299 = VERTEX_POINT('',#2300);
#2300 = CARTESIAN_POINT('',(40.,-165.,4.));
#2301 = SURFACE_CURVE('',#2302,(#2306,#2313),.PCURVE_S1.);
#2302 = LINE('',#2303,#2304);
#2303 = CARTESIAN_POINT('',(60.,-165.,4.));
#2304 = VECTOR('',#2305,1.);
#2305 = DIRECTION('',(-1.,-4.996003610813E-16,1.110223024625E-16));
#2306 = PCURVE('',#717,#2307);
#2307 = DEFINITIONAL_REPRESENTATION('',(#2308),#2312);
#2308 = LINE('',#2309,#2310);
#2309 = CARTESIAN_POINT('',(-4.188682996975E-14,-7.));
#2310 = VECTOR('',#2311,1.);
#2311 = DIRECTION('',(1.,5.102230246252E-17));
#2312 = ( GEOMETRIC_REPRESENTATION_CONTEXT(2) 
PARAMETRIC_REPRESENTATION_CONTEXT() REPRESENTATION_CONTEXT('2D SPACE',''
  ) );
#2313 = PCURVE('',#1770,#2314);
#2314 = DEFINITIONAL_REPRESENTATION('',(#2315),#2319);
#2315 = LINE('',#2316,#2317);
#2316 = CARTESIAN_POINT('',(60.,-45.24289650665));
#2317 = VECTOR('',#2318,1.);
#2318 = DIRECTION('',(-1.,-1.110223024625E-16));
#2319 = ( GEOMETRIC_REPRESENTATION_CONTEXT(2) 
PARAMETRIC_REPRESENTATION_CONTEXT() REPRESENTATION_CONTEXT('2D SPACE',''
  ) );
#2320 = ORIENTED_EDGE('',*,*,#2321,.F.);
#2321 = EDGE_CURVE('',#674,#2299,#2322,.T.);
#2322 = SURFACE_CURVE('',#2323,(#2327,#2334),.PCURVE_S1.);
#2323 = LINE('',#2324,#2325);
#2324 = CARTESIAN_POINT('',(40.,-165.,-3.));
#2325 = VECTOR('',#2326,1.);
#2326 = DIRECTION('',(2.775557561563E-16,-5.102230246252E-17,1.));
#2327 = PCURVE('',#717,#2328);
#2328 = DEFINITIONAL_REPRESENTATION('',(#2329),#2333);
#2329 = LINE('',#2330,#2331);
#2330 = CARTESIAN_POINT('',(20.,2.130669073875E-15));
#2331 = VECTOR('',#2332,1.);
#2332 = DIRECTION('',(-1.710223024625E-16,-1.));
#2333 = ( GEOMETRIC_REPRESENTATION_CONTEXT(2) 
PARAMETRIC_REPRESENTATION_CONTEXT() REPRESENTATION_CONTEXT('2D SPACE',''
  ) );
#2334 = PCURVE('',#689,#2335);
#2335 = DEFINITIONAL_REPRESENTATION('',(#2336),#2340);
#2336 = LINE('',#2337,#2338);
#2337 = CARTESIAN_POINT('',(60.,-6.883382752676E-15));
#2338 = VECTOR('',#2339,1.);
#2339 = DIRECTION('',(1.710223024625E-16,-1.));
#2340 = ( GEOMETRIC_REPRESENTATION_CONTEXT(2) 
PARAMETRIC_REPRESENTATION_CONTEXT() REPRESENTATION_CONTEXT('2D SPACE',''
  ) );
#2341 = ADVANCED_FACE('',(#2342),#689,.T.);
#2342 = FACE_BOUND('',#2343,.T.);
#2343 = EDGE_LOOP('',(#2344,#2345,#2368,#2389));
#2344 = ORIENTED_EDGE('',*,*,#673,.F.);
#2345 = ORIENTED_EDGE('',*,*,#2346,.T.);
#2346 = EDGE_CURVE('',#646,#2347,#2349,.T.);
#2347 = VERTEX_POINT('',#2348);
#2348 = CARTESIAN_POINT('',(40.,-225.,4.));
#2349 = SURFACE_CURVE('',#2350,(#2354,#2361),.PCURVE_S1.);
#2350 = LINE('',#2351,#2352);
#2351 = CARTESIAN_POINT('',(40.,-225.,-3.));
#2352 = VECTOR('',#2353,1.);
#2353 = DIRECTION('',(2.775557561563E-16,-5.102230246252E-17,1.));
#2354 = PCURVE('',#689,#2355);
#2355 = DEFINITIONAL_REPRESENTATION('',(#2356),#2360);
#2356 = LINE('',#2357,#2358);
#2357 = CARTESIAN_POINT('',(2.84217094304E-14,4.733165431326E-30));
#2358 = VECTOR('',#2359,1.);
#2359 = DIRECTION('',(1.710223024625E-16,-1.));
#2360 = ( GEOMETRIC_REPRESENTATION_CONTEXT(2) 
PARAMETRIC_REPRESENTATION_CONTEXT() REPRESENTATION_CONTEXT('2D SPACE',''
  ) );
#2361 = PCURVE('',#661,#2362);
#2362 = DEFINITIONAL_REPRESENTATION('',(#2363),#2367);
#2363 = LINE('',#2364,#2365);
#2364 = CARTESIAN_POINT('',(4.973799150321E-14,-1.082078635118E-29));
#2365 = VECTOR('',#2366,1.);
#2366 = DIRECTION('',(1.710223024625E-16,-1.));
#2367 = ( GEOMETRIC_REPRESENTATION_CONTEXT(2) 
PARAMETRIC_REPRESENTATION_CONTEXT() REPRESENTATION_CONTEXT('2D SPACE',''
  ) );
#2368 = ORIENTED_EDGE('',*,*,#2369,.T.);
#2369 = EDGE_CURVE('',#2347,#2299,#2370,.T.);
#2370 = SURFACE_CURVE('',#2371,(#2375,#2382),.PCURVE_S1.);
#2371 = LINE('',#2372,#2373);
#2372 = CARTESIAN_POINT('',(40.,-225.,4.));
#2373 = VECTOR('',#2374,1.);
#2374 = DIRECTION('',(-5.730669073875E-16,1.,2.775557561563E-16));
#2375 = PCURVE('',#689,#2376);
#2376 = DEFINITIONAL_REPRESENTATION('',(#2377),#2381);
#2377 = LINE('',#2378,#2379);
#2378 = CARTESIAN_POINT('',(1.942890293094E-15,-7.));
#2379 = VECTOR('',#2380,1.);
#2380 = DIRECTION('',(1.,-1.110223024625E-16));
#2381 = ( GEOMETRIC_REPRESENTATION_CONTEXT(2) 
PARAMETRIC_REPRESENTATION_CONTEXT() REPRESENTATION_CONTEXT('2D SPACE',''
  ) );
#2382 = PCURVE('',#1770,#2383);
#2383 = DEFINITIONAL_REPRESENTATION('',(#2384),#2388);
#2384 = LINE('',#2385,#2386);
#2385 = CARTESIAN_POINT('',(40.,-105.2428965066));
#2386 = VECTOR('',#2387,1.);
#2387 = DIRECTION('',(-1.289776975375E-16,1.));
#2388 = ( GEOMETRIC_REPRESENTATION_CONTEXT(2) 
PARAMETRIC_REPRESENTATION_CONTEXT() REPRESENTATION_CONTEXT('2D SPACE',''
  ) );
#2389 = ORIENTED_EDGE('',*,*,#2321,.F.);
#2390 = ADVANCED_FACE('',(#2391),#661,.F.);
#2391 = FACE_BOUND('',#2392,.F.);
#2392 = EDGE_LOOP('',(#2393,#2394,#2395,#2418));
#2393 = ORIENTED_EDGE('',*,*,#645,.F.);
#2394 = ORIENTED_EDGE('',*,*,#2346,.T.);
#2395 = ORIENTED_EDGE('',*,*,#2396,.T.);
#2396 = EDGE_CURVE('',#2347,#2397,#2399,.T.);
#2397 = VERTEX_POINT('',#2398);
#2398 = CARTESIAN_POINT('',(60.,-225.,4.));
#2399 = SURFACE_CURVE('',#2400,(#2404,#2411),.PCURVE_S1.);
#2400 = LINE('',#2401,#2402);
#2401 = CARTESIAN_POINT('',(40.,-225.,4.));
#2402 = VECTOR('',#2403,1.);
#2403 = DIRECTION('',(1.,4.996003610813E-16,-1.110223024625E-16));
#2404 = PCURVE('',#661,#2405);
#2405 = DEFINITIONAL_REPRESENTATION('',(#2406),#2410);
#2406 = LINE('',#2407,#2408);
#2407 = CARTESIAN_POINT('',(6.320311204255E-14,-7.));
#2408 = VECTOR('',#2409,1.);
#2409 = DIRECTION('',(1.,-5.102230246252E-17));
#2410 = ( GEOMETRIC_REPRESENTATION_CONTEXT(2) 
PARAMETRIC_REPRESENTATION_CONTEXT() REPRESENTATION_CONTEXT('2D SPACE',''
  ) );
#2411 = PCURVE('',#1770,#2412);
#2412 = DEFINITIONAL_REPRESENTATION('',(#2413),#2417);
#2413 = LINE('',#2414,#2415);
#2414 = CARTESIAN_POINT('',(40.,-105.2428965066));
#2415 = VECTOR('',#2416,1.);
#2416 = DIRECTION('',(1.,1.110223024625E-16));
#2417 = ( GEOMETRIC_REPRESENTATION_CONTEXT(2) 
PARAMETRIC_REPRESENTATION_CONTEXT() REPRESENTATION_CONTEXT('2D SPACE',''
  ) );
#2418 = ORIENTED_EDGE('',*,*,#2419,.F.);
#2419 = EDGE_CURVE('',#618,#2397,#2420,.T.);
#2420 = SURFACE_CURVE('',#2421,(#2425,#2432),.PCURVE_S1.);
#2421 = LINE('',#2422,#2423);
#2422 = CARTESIAN_POINT('',(60.,-225.,-3.));
#2423 = VECTOR('',#2424,1.);
#2424 = DIRECTION('',(2.775557561563E-16,-5.102230246252E-17,1.));
#2425 = PCURVE('',#661,#2426);
#2426 = DEFINITIONAL_REPRESENTATION('',(#2427),#2431);
#2427 = LINE('',#2428,#2429);
#2428 = CARTESIAN_POINT('',(20.,-2.130669073875E-15));
#2429 = VECTOR('',#2430,1.);
#2430 = DIRECTION('',(1.710223024625E-16,-1.));
#2431 = ( GEOMETRIC_REPRESENTATION_CONTEXT(2) 
PARAMETRIC_REPRESENTATION_CONTEXT() REPRESENTATION_CONTEXT('2D SPACE',''
  ) );
#2432 = PCURVE('',#633,#2433);
#2433 = DEFINITIONAL_REPRESENTATION('',(#2434),#2438);
#2434 = LINE('',#2435,#2436);
#2435 = CARTESIAN_POINT('',(0.,0.));
#2436 = VECTOR('',#2437,1.);
#2437 = DIRECTION('',(-1.710223024625E-16,-1.));
#2438 = ( GEOMETRIC_REPRESENTATION_CONTEXT(2) 
PARAMETRIC_REPRESENTATION_CONTEXT() REPRESENTATION_CONTEXT('2D SPACE',''
  ) );
#2439 = ADVANCED_FACE('',(#2440),#633,.F.);
#2440 = FACE_BOUND('',#2441,.F.);
#2441 = EDGE_LOOP('',(#2442,#2443,#2444,#2467));
#2442 = ORIENTED_EDGE('',*,*,#617,.F.);
#2443 = ORIENTED_EDGE('',*,*,#2419,.T.);
#2444 = ORIENTED_EDGE('',*,*,#2445,.T.);
#2445 = EDGE_CURVE('',#2397,#2446,#2448,.T.);
#2446 = VERTEX_POINT('',#2447);
#2447 = CARTESIAN_POINT('',(60.,-241.7766952966,4.));
#2448 = SURFACE_CURVE('',#2449,(#2453,#2460),.PCURVE_S1.);
#2449 = LINE('',#2450,#2451);
#2450 = CARTESIAN_POINT('',(60.,-225.,4.));
#2451 = VECTOR('',#2452,1.);
#2452 = DIRECTION('',(3.330669073875E-16,-1.,-2.775557561563E-16));
#2453 = PCURVE('',#633,#2454);
#2454 = DEFINITIONAL_REPRESENTATION('',(#2455),#2459);
#2455 = LINE('',#2456,#2457);
#2456 = CARTESIAN_POINT('',(-1.942890293094E-15,-7.));
#2457 = VECTOR('',#2458,1.);
#2458 = DIRECTION('',(1.,1.110223024625E-16));
#2459 = ( GEOMETRIC_REPRESENTATION_CONTEXT(2) 
PARAMETRIC_REPRESENTATION_CONTEXT() REPRESENTATION_CONTEXT('2D SPACE',''
  ) );
#2460 = PCURVE('',#1770,#2461);
#2461 = DEFINITIONAL_REPRESENTATION('',(#2462),#2466);
#2462 = LINE('',#2463,#2464);
#2463 = CARTESIAN_POINT('',(60.,-105.2428965066));
#2464 = VECTOR('',#2465,1.);
#2465 = DIRECTION('',(-1.110223024625E-16,-1.));
#2466 = ( GEOMETRIC_REPRESENTATION_CONTEXT(2) 
PARAMETRIC_REPRESENTATION_CONTEXT() REPRESENTATION_CONTEXT('2D SPACE',''
  ) );
#2467 = ORIENTED_EDGE('',*,*,#2468,.F.);
#2468 = EDGE_CURVE('',#590,#2446,#2469,.T.);
#2469 = SURFACE_CURVE('',#2470,(#2474,#2481),.PCURVE_S1.);
#2470 = LINE('',#2471,#2472);
#2471 = CARTESIAN_POINT('',(60.,-241.7766952966,-3.));
#2472 = VECTOR('',#2473,1.);
#2473 = DIRECTION('',(1.665334536938E-16,-2.775557561563E-16,1.));
#2474 = PCURVE('',#633,#2475);
#2475 = DEFINITIONAL_REPRESENTATION('',(#2476),#2480);
#2476 = LINE('',#2477,#2478);
#2477 = CARTESIAN_POINT('',(16.776695296637,3.584188024764E-14));
#2478 = VECTOR('',#2479,1.);
#2479 = DIRECTION('',(0.,-1.));
#2480 = ( GEOMETRIC_REPRESENTATION_CONTEXT(2) 
PARAMETRIC_REPRESENTATION_CONTEXT() REPRESENTATION_CONTEXT('2D SPACE',''
  ) );
#2481 = PCURVE('',#605,#2482);
#2482 = DEFINITIONAL_REPRESENTATION('',(#2483),#2487);
#2483 = LINE('',#2484,#2485);
#2484 = CARTESIAN_POINT('',(-40.14718625761,-2.975397705995E-14));
#2485 = VECTOR('',#2486,1.);
#2486 = DIRECTION('',(-7.850462293419E-17,-1.));
#2487 = ( GEOMETRIC_REPRESENTATION_CONTEXT(2) 
PARAMETRIC_REPRESENTATION_CONTEXT() REPRESENTATION_CONTEXT('2D SPACE',''
  ) );
#2488 = ADVANCED_FACE('',(#2489),#605,.F.);
#2489 = FACE_BOUND('',#2490,.F.);
#2490 = EDGE_LOOP('',(#2491,#2492,#2493,#2516,#2544,#2567,#2595,#2623));
#2491 = ORIENTED_EDGE('',*,*,#589,.F.);
#2492 = ORIENTED_EDGE('',*,*,#2468,.T.);
#2493 = ORIENTED_EDGE('',*,*,#2494,.F.);
#2494 = EDGE_CURVE('',#2495,#2446,#2497,.T.);
#2495 = VERTEX_POINT('',#2496);
#2496 = CARTESIAN_POINT('',(62.,-239.7766952966,4.));
#2497 = SURFACE_CURVE('',#2498,(#2502,#2509),.PCURVE_S1.);
#2498 = LINE('',#2499,#2500);
#2499 = CARTESIAN_POINT('',(89.699071774983,-212.0776235216,4.));
#2500 = VECTOR('',#2501,1.);
#2501 = DIRECTION('',(-0.707106781187,-0.707106781187,3.925231146709E-17
    ));
#2502 = PCURVE('',#605,#2503);
#2503 = DEFINITIONAL_REPRESENTATION('',(#2504),#2508);
#2504 = LINE('',#2505,#2506);
#2505 = CARTESIAN_POINT('',(1.853643836458,-7.));
#2506 = VECTOR('',#2507,1.);
#2507 = DIRECTION('',(-1.,-3.925231146709E-17));
#2508 = ( GEOMETRIC_REPRESENTATION_CONTEXT(2) 
PARAMETRIC_REPRESENTATION_CONTEXT() REPRESENTATION_CONTEXT('2D SPACE',''
  ) );
#2509 = PCURVE('',#1770,#2510);
#2510 = DEFINITIONAL_REPRESENTATION('',(#2511),#2515);
#2511 = LINE('',#2512,#2513);
#2512 = CARTESIAN_POINT('',(89.699071774983,-92.32052002831));
#2513 = VECTOR('',#2514,1.);
#2514 = DIRECTION('',(-0.707106781187,-0.707106781187));
#2515 = ( GEOMETRIC_REPRESENTATION_CONTEXT(2) 
PARAMETRIC_REPRESENTATION_CONTEXT() REPRESENTATION_CONTEXT('2D SPACE',''
  ) );
#2516 = ORIENTED_EDGE('',*,*,#2517,.F.);
#2517 = EDGE_CURVE('',#2518,#2495,#2520,.T.);
#2518 = VERTEX_POINT('',#2519);
#2519 = CARTESIAN_POINT('',(62.,-239.7766952966,-3.));
#2520 = SURFACE_CURVE('',#2521,(#2525,#2532),.PCURVE_S1.);
#2521 = LINE('',#2522,#2523);
#2522 = CARTESIAN_POINT('',(62.,-239.7766952966,-3.));
#2523 = VECTOR('',#2524,1.);
#2524 = DIRECTION('',(1.665334536938E-16,-2.775557561563E-16,1.));
#2525 = PCURVE('',#605,#2526);
#2526 = DEFINITIONAL_REPRESENTATION('',(#2527),#2531);
#2527 = LINE('',#2528,#2529);
#2528 = CARTESIAN_POINT('',(-37.31875913286,-3.01980662698E-14));
#2529 = VECTOR('',#2530,1.);
#2530 = DIRECTION('',(-7.850462293419E-17,-1.));
#2531 = ( GEOMETRIC_REPRESENTATION_CONTEXT(2) 
PARAMETRIC_REPRESENTATION_CONTEXT() REPRESENTATION_CONTEXT('2D SPACE',''
  ) );
#2532 = PCURVE('',#2533,#2538);
#2533 = PLANE('',#2534);
#2534 = AXIS2_PLACEMENT_3D('',#2535,#2536,#2537);
#2535 = CARTESIAN_POINT('',(62.,-225.,-3.));
#2536 = DIRECTION('',(1.,2.196003610813E-16,-1.110223024625E-16));
#2537 = DIRECTION('',(5.306690738755E-17,-1.,-2.775557561563E-16));
#2538 = DEFINITIONAL_REPRESENTATION('',(#2539),#2543);
#2539 = LINE('',#2540,#2541);
#2540 = CARTESIAN_POINT('',(14.776695296637,3.573085794518E-14));
#2541 = VECTOR('',#2542,1.);
#2542 = DIRECTION('',(0.,-1.));
#2543 = ( GEOMETRIC_REPRESENTATION_CONTEXT(2) 
PARAMETRIC_REPRESENTATION_CONTEXT() REPRESENTATION_CONTEXT('2D SPACE',''
  ) );
#2544 = ORIENTED_EDGE('',*,*,#2545,.F.);
#2545 = EDGE_CURVE('',#2546,#2518,#2548,.T.);
#2546 = VERTEX_POINT('',#2547);
#2547 = CARTESIAN_POINT('',(54.776695296637,-247.,-3.));
#2548 = SURFACE_CURVE('',#2549,(#2553,#2560),.PCURVE_S1.);
#2549 = LINE('',#2550,#2551);
#2550 = CARTESIAN_POINT('',(89.675751784784,-212.1009435118,-3.));
#2551 = VECTOR('',#2552,1.);
#2552 = DIRECTION('',(0.707106781187,0.707106781187,-3.925231146709E-17)
  );
#2553 = PCURVE('',#605,#2554);
#2554 = DEFINITIONAL_REPRESENTATION('',(#2555),#2559);
#2555 = LINE('',#2556,#2557);
#2556 = CARTESIAN_POINT('',(1.820664390044,-6.483702463811E-14));
#2557 = VECTOR('',#2558,1.);
#2558 = DIRECTION('',(1.,3.925231146709E-17));
#2559 = ( GEOMETRIC_REPRESENTATION_CONTEXT(2) 
PARAMETRIC_REPRESENTATION_CONTEXT() REPRESENTATION_CONTEXT('2D SPACE',''
  ) );
#2560 = PCURVE('',#1714,#2561);
#2561 = DEFINITIONAL_REPRESENTATION('',(#2562),#2566);
#2562 = LINE('',#2563,#2564);
#2563 = CARTESIAN_POINT('',(-89.67575178478,-92.25056005771));
#2564 = VECTOR('',#2565,1.);
#2565 = DIRECTION('',(-0.707106781187,0.707106781187));
#2566 = ( GEOMETRIC_REPRESENTATION_CONTEXT(2) 
PARAMETRIC_REPRESENTATION_CONTEXT() REPRESENTATION_CONTEXT('2D SPACE',''
  ) );
#2567 = ORIENTED_EDGE('',*,*,#2568,.F.);
#2568 = EDGE_CURVE('',#2569,#2546,#2571,.T.);
#2569 = VERTEX_POINT('',#2570);
#2570 = CARTESIAN_POINT('',(54.776695296637,-247.,4.));
#2571 = SURFACE_CURVE('',#2572,(#2576,#2583),.PCURVE_S1.);
#2572 = LINE('',#2573,#2574);
#2573 = CARTESIAN_POINT('',(54.776695296637,-247.,-3.));
#2574 = VECTOR('',#2575,1.);
#2575 = DIRECTION('',(-2.82044604925E-16,1.62044604925E-16,-1.));
#2576 = PCURVE('',#605,#2577);
#2577 = DEFINITIONAL_REPRESENTATION('',(#2578),#2582);
#2578 = LINE('',#2579,#2580);
#2579 = CARTESIAN_POINT('',(-47.53405460951,-3.37507799486E-14));
#2580 = VECTOR('',#2581,1.);
#2581 = DIRECTION('',(-8.485281374239E-17,1.));
#2582 = ( GEOMETRIC_REPRESENTATION_CONTEXT(2) 
PARAMETRIC_REPRESENTATION_CONTEXT() REPRESENTATION_CONTEXT('2D SPACE',''
  ) );
#2583 = PCURVE('',#2584,#2589);
#2584 = PLANE('',#2585);
#2585 = AXIS2_PLACEMENT_3D('',#2586,#2587,#2588);
#2586 = CARTESIAN_POINT('',(60.,-247.,-3.));
#2587 = DIRECTION('',(1.533066907388E-15,-1.,-2.175557561563E-16));
#2588 = DIRECTION('',(-1.,-1.699600361081E-15,5.102230246252E-17));
#2589 = DEFINITIONAL_REPRESENTATION('',(#2590),#2594);
#2590 = LINE('',#2591,#2592);
#2591 = CARTESIAN_POINT('',(5.223304703363,3.044624785448E-14));
#2592 = VECTOR('',#2593,1.);
#2593 = DIRECTION('',(2.310223024625E-16,1.));
#2594 = ( GEOMETRIC_REPRESENTATION_CONTEXT(2) 
PARAMETRIC_REPRESENTATION_CONTEXT() REPRESENTATION_CONTEXT('2D SPACE',''
  ) );
#2595 = ORIENTED_EDGE('',*,*,#2596,.F.);
#2596 = EDGE_CURVE('',#2597,#2569,#2599,.T.);
#2597 = VERTEX_POINT('',#2598);
#2598 = CARTESIAN_POINT('',(56.776695296637,-245.,4.));
#2599 = SURFACE_CURVE('',#2600,(#2604,#2611),.PCURVE_S1.);
#2600 = LINE('',#2601,#2602);
#2601 = CARTESIAN_POINT('',(89.699071774983,-212.0776235216,4.));
#2602 = VECTOR('',#2603,1.);
#2603 = DIRECTION('',(-0.707106781187,-0.707106781187,3.925231146709E-17
    ));
#2604 = PCURVE('',#605,#2605);
#2605 = DEFINITIONAL_REPRESENTATION('',(#2606),#2610);
#2606 = LINE('',#2607,#2608);
#2607 = CARTESIAN_POINT('',(1.853643836458,-7.));
#2608 = VECTOR('',#2609,1.);
#2609 = DIRECTION('',(-1.,-3.925231146709E-17));
#2610 = ( GEOMETRIC_REPRESENTATION_CONTEXT(2) 
PARAMETRIC_REPRESENTATION_CONTEXT() REPRESENTATION_CONTEXT('2D SPACE',''
  ) );
#2611 = PCURVE('',#2612,#2617);
#2612 = PLANE('',#2613);
#2613 = AXIS2_PLACEMENT_3D('',#2614,#2615,#2616);
#2614 = CARTESIAN_POINT('',(-9.052122693578E-14,-119.7571034933,4.));
#2615 = DIRECTION('',(2.775557561563E-16,-1.110223024625E-16,1.));
#2616 = DIRECTION('',(1.,4.996003610813E-16,-1.110223024625E-16));
#2617 = DEFINITIONAL_REPRESENTATION('',(#2618),#2622);
#2618 = LINE('',#2619,#2620);
#2619 = CARTESIAN_POINT('',(89.699071774983,-92.32052002831));
#2620 = VECTOR('',#2621,1.);
#2621 = DIRECTION('',(-0.707106781187,-0.707106781187));
#2622 = ( GEOMETRIC_REPRESENTATION_CONTEXT(2) 
PARAMETRIC_REPRESENTATION_CONTEXT() REPRESENTATION_CONTEXT('2D SPACE',''
  ) );
#2623 = ORIENTED_EDGE('',*,*,#2624,.T.);
#2624 = EDGE_CURVE('',#2597,#562,#2625,.T.);
#2625 = SURFACE_CURVE('',#2626,(#2630,#2637),.PCURVE_S1.);
#2626 = LINE('',#2627,#2628);
#2627 = CARTESIAN_POINT('',(56.776695296637,-245.,-3.));
#2628 = VECTOR('',#2629,1.);
#2629 = DIRECTION('',(-2.82044604925E-16,1.62044604925E-16,-1.));
#2630 = PCURVE('',#605,#2631);
#2631 = DEFINITIONAL_REPRESENTATION('',(#2632),#2636);
#2632 = LINE('',#2633,#2634);
#2633 = CARTESIAN_POINT('',(-44.70562748477,-3.419486915845E-14));
#2634 = VECTOR('',#2635,1.);
#2635 = DIRECTION('',(-8.485281374239E-17,1.));
#2636 = ( GEOMETRIC_REPRESENTATION_CONTEXT(2) 
PARAMETRIC_REPRESENTATION_CONTEXT() REPRESENTATION_CONTEXT('2D SPACE',''
  ) );
#2637 = PCURVE('',#577,#2638);
#2638 = DEFINITIONAL_REPRESENTATION('',(#2639),#2643);
#2639 = LINE('',#2640,#2641);
#2640 = CARTESIAN_POINT('',(3.223304703363,3.001113634217E-14));
#2641 = VECTOR('',#2642,1.);
#2642 = DIRECTION('',(2.310223024625E-16,1.));
#2643 = ( GEOMETRIC_REPRESENTATION_CONTEXT(2) 
PARAMETRIC_REPRESENTATION_CONTEXT() REPRESENTATION_CONTEXT('2D SPACE',''
  ) );
#2644 = ADVANCED_FACE('',(#2645),#577,.F.);
#2645 = FACE_BOUND('',#2646,.F.);
#2646 = EDGE_LOOP('',(#2647,#2648,#2649,#2672));
#2647 = ORIENTED_EDGE('',*,*,#561,.F.);
#2648 = ORIENTED_EDGE('',*,*,#2624,.F.);
#2649 = ORIENTED_EDGE('',*,*,#2650,.T.);
#2650 = EDGE_CURVE('',#2597,#2651,#2653,.T.);
#2651 = VERTEX_POINT('',#2652);
#2652 = CARTESIAN_POINT('',(-56.77669529663,-245.,4.));
#2653 = SURFACE_CURVE('',#2654,(#2658,#2665),.PCURVE_S1.);
#2654 = LINE('',#2655,#2656);
#2655 = CARTESIAN_POINT('',(60.,-245.,4.));
#2656 = VECTOR('',#2657,1.);
#2657 = DIRECTION('',(-1.,-2.960036108132E-17,1.110223024625E-16));
#2658 = PCURVE('',#577,#2659);
#2659 = DEFINITIONAL_REPRESENTATION('',(#2660),#2664);
#2660 = LINE('',#2661,#2662);
#2661 = CARTESIAN_POINT('',(-7.030853940015E-14,-7.));
#2662 = VECTOR('',#2663,1.);
#2663 = DIRECTION('',(1.,5.102230246252E-17));
#2664 = ( GEOMETRIC_REPRESENTATION_CONTEXT(2) 
PARAMETRIC_REPRESENTATION_CONTEXT() REPRESENTATION_CONTEXT('2D SPACE',''
  ) );
#2665 = PCURVE('',#2612,#2666);
#2666 = DEFINITIONAL_REPRESENTATION('',(#2667),#2671);
#2667 = LINE('',#2668,#2669);
#2668 = CARTESIAN_POINT('',(60.,-125.2428965066));
#2669 = VECTOR('',#2670,1.);
#2670 = DIRECTION('',(-1.,3.589776975375E-16));
#2671 = ( GEOMETRIC_REPRESENTATION_CONTEXT(2) 
PARAMETRIC_REPRESENTATION_CONTEXT() REPRESENTATION_CONTEXT('2D SPACE',''
  ) );
#2672 = ORIENTED_EDGE('',*,*,#2673,.F.);
#2673 = EDGE_CURVE('',#534,#2651,#2674,.T.);
#2674 = SURFACE_CURVE('',#2675,(#2679,#2686),.PCURVE_S1.);
#2675 = LINE('',#2676,#2677);
#2676 = CARTESIAN_POINT('',(-56.77669529663,-245.,-3.));
#2677 = VECTOR('',#2678,1.);
#2678 = DIRECTION('',(1.62044604925E-16,-1.62044604925E-16,1.));
#2679 = PCURVE('',#577,#2680);
#2680 = DEFINITIONAL_REPRESENTATION('',(#2681),#2685);
#2681 = LINE('',#2682,#2683);
#2682 = CARTESIAN_POINT('',(116.77669529663,3.339904802399E-14));
#2683 = VECTOR('',#2684,1.);
#2684 = DIRECTION('',(-1.110223024625E-16,-1.));
#2685 = ( GEOMETRIC_REPRESENTATION_CONTEXT(2) 
PARAMETRIC_REPRESENTATION_CONTEXT() REPRESENTATION_CONTEXT('2D SPACE',''
  ) );
#2686 = PCURVE('',#549,#2687);
#2687 = DEFINITIONAL_REPRESENTATION('',(#2688),#2692);
#2688 = LINE('',#2689,#2690);
#2689 = CARTESIAN_POINT('',(-44.70562748477,3.046969447937E-14));
#2690 = VECTOR('',#2691,1.);
#2691 = DIRECTION('',(8.485281374239E-17,1.));
#2692 = ( GEOMETRIC_REPRESENTATION_CONTEXT(2) 
PARAMETRIC_REPRESENTATION_CONTEXT() REPRESENTATION_CONTEXT('2D SPACE',''
  ) );
#2693 = ADVANCED_FACE('',(#2694),#549,.F.);
#2694 = FACE_BOUND('',#2695,.F.);
#2695 = EDGE_LOOP('',(#2696,#2697,#2698,#2721,#2744,#2767,#2795,#2823));
#2696 = ORIENTED_EDGE('',*,*,#533,.F.);
#2697 = ORIENTED_EDGE('',*,*,#2673,.T.);
#2698 = ORIENTED_EDGE('',*,*,#2699,.F.);
#2699 = EDGE_CURVE('',#2700,#2651,#2702,.T.);
#2700 = VERTEX_POINT('',#2701);
#2701 = CARTESIAN_POINT('',(-54.77669529663,-247.,4.));
#2702 = SURFACE_CURVE('',#2703,(#2707,#2714),.PCURVE_S1.);
#2703 = LINE('',#2704,#2705);
#2704 = CARTESIAN_POINT('',(-89.69907177498,-212.0776235216,4.));
#2705 = VECTOR('',#2706,1.);
#2706 = DIRECTION('',(-0.707106781187,0.707106781187,2.747661802697E-16)
  );
#2707 = PCURVE('',#549,#2708);
#2708 = DEFINITIONAL_REPRESENTATION('',(#2709),#2713);
#2709 = LINE('',#2710,#2711);
#2710 = CARTESIAN_POINT('',(1.853643836458,7.));
#2711 = VECTOR('',#2712,1.);
#2712 = DIRECTION('',(1.,-3.925231146709E-17));
#2713 = ( GEOMETRIC_REPRESENTATION_CONTEXT(2) 
PARAMETRIC_REPRESENTATION_CONTEXT() REPRESENTATION_CONTEXT('2D SPACE',''
  ) );
#2714 = PCURVE('',#2612,#2715);
#2715 = DEFINITIONAL_REPRESENTATION('',(#2716),#2720);
#2716 = LINE('',#2717,#2718);
#2717 = CARTESIAN_POINT('',(-89.69907177498,-92.32052002831));
#2718 = VECTOR('',#2719,1.);
#2719 = DIRECTION('',(-0.707106781187,0.707106781187));
#2720 = ( GEOMETRIC_REPRESENTATION_CONTEXT(2) 
PARAMETRIC_REPRESENTATION_CONTEXT() REPRESENTATION_CONTEXT('2D SPACE',''
  ) );
#2721 = ORIENTED_EDGE('',*,*,#2722,.F.);
#2722 = EDGE_CURVE('',#2723,#2700,#2725,.T.);
#2723 = VERTEX_POINT('',#2724);
#2724 = CARTESIAN_POINT('',(-54.77669529663,-247.,-3.));
#2725 = SURFACE_CURVE('',#2726,(#2730,#2737),.PCURVE_S1.);
#2726 = LINE('',#2727,#2728);
#2727 = CARTESIAN_POINT('',(-54.77669529663,-247.,-3.));
#2728 = VECTOR('',#2729,1.);
#2729 = DIRECTION('',(1.62044604925E-16,-1.62044604925E-16,1.));
#2730 = PCURVE('',#549,#2731);
#2731 = DEFINITIONAL_REPRESENTATION('',(#2732),#2736);
#2732 = LINE('',#2733,#2734);
#2733 = CARTESIAN_POINT('',(-47.53405460951,3.002560526952E-14));
#2734 = VECTOR('',#2735,1.);
#2735 = DIRECTION('',(8.485281374239E-17,1.));
#2736 = ( GEOMETRIC_REPRESENTATION_CONTEXT(2) 
PARAMETRIC_REPRESENTATION_CONTEXT() REPRESENTATION_CONTEXT('2D SPACE',''
  ) );
#2737 = PCURVE('',#2584,#2738);
#2738 = DEFINITIONAL_REPRESENTATION('',(#2739),#2743);
#2739 = LINE('',#2740,#2741);
#2740 = CARTESIAN_POINT('',(114.77669529663,3.385211493138E-14));
#2741 = VECTOR('',#2742,1.);
#2742 = DIRECTION('',(-1.110223024625E-16,-1.));
#2743 = ( GEOMETRIC_REPRESENTATION_CONTEXT(2) 
PARAMETRIC_REPRESENTATION_CONTEXT() REPRESENTATION_CONTEXT('2D SPACE',''
  ) );
#2744 = ORIENTED_EDGE('',*,*,#2745,.F.);
#2745 = EDGE_CURVE('',#2746,#2723,#2748,.T.);
#2746 = VERTEX_POINT('',#2747);
#2747 = CARTESIAN_POINT('',(-62.,-239.7766952966,-3.));
#2748 = SURFACE_CURVE('',#2749,(#2753,#2760),.PCURVE_S1.);
#2749 = LINE('',#2750,#2751);
#2750 = CARTESIAN_POINT('',(-89.67575178478,-212.1009435118,-3.));
#2751 = VECTOR('',#2752,1.);
#2752 = DIRECTION('',(0.707106781187,-0.707106781187,-2.747661802697E-16
    ));
#2753 = PCURVE('',#549,#2754);
#2754 = DEFINITIONAL_REPRESENTATION('',(#2755),#2759);
#2755 = LINE('',#2756,#2757);
#2756 = CARTESIAN_POINT('',(1.820664390045,6.515348077209E-14));
#2757 = VECTOR('',#2758,1.);
#2758 = DIRECTION('',(-1.,3.925231146709E-17));
#2759 = ( GEOMETRIC_REPRESENTATION_CONTEXT(2) 
PARAMETRIC_REPRESENTATION_CONTEXT() REPRESENTATION_CONTEXT('2D SPACE',''
  ) );
#2760 = PCURVE('',#1714,#2761);
#2761 = DEFINITIONAL_REPRESENTATION('',(#2762),#2766);
#2762 = LINE('',#2763,#2764);
#2763 = CARTESIAN_POINT('',(89.675751784784,-92.25056005771));
#2764 = VECTOR('',#2765,1.);
#2765 = DIRECTION('',(-0.707106781187,-0.707106781187));
#2766 = ( GEOMETRIC_REPRESENTATION_CONTEXT(2) 
PARAMETRIC_REPRESENTATION_CONTEXT() REPRESENTATION_CONTEXT('2D SPACE',''
  ) );
#2767 = ORIENTED_EDGE('',*,*,#2768,.T.);
#2768 = EDGE_CURVE('',#2746,#2769,#2771,.T.);
#2769 = VERTEX_POINT('',#2770);
#2770 = CARTESIAN_POINT('',(-62.,-239.7766952966,4.));
#2771 = SURFACE_CURVE('',#2772,(#2776,#2783),.PCURVE_S1.);
#2772 = LINE('',#2773,#2774);
#2773 = CARTESIAN_POINT('',(-62.,-239.7766952966,-3.));
#2774 = VECTOR('',#2775,1.);
#2775 = DIRECTION('',(1.665334536938E-16,-1.665334536938E-16,1.));
#2776 = PCURVE('',#549,#2777);
#2777 = DEFINITIONAL_REPRESENTATION('',(#2778),#2782);
#2778 = LINE('',#2779,#2780);
#2779 = CARTESIAN_POINT('',(-37.31875913286,2.726190280114E-14));
#2780 = VECTOR('',#2781,1.);
#2781 = DIRECTION('',(7.850462293419E-17,1.));
#2782 = ( GEOMETRIC_REPRESENTATION_CONTEXT(2) 
PARAMETRIC_REPRESENTATION_CONTEXT() REPRESENTATION_CONTEXT('2D SPACE',''
  ) );
#2783 = PCURVE('',#2784,#2789);
#2784 = PLANE('',#2785);
#2785 = AXIS2_PLACEMENT_3D('',#2786,#2787,#2788);
#2786 = CARTESIAN_POINT('',(-62.,-225.,-3.));
#2787 = DIRECTION('',(1.,-8.403996389187E-16,-1.110223024625E-16));
#2788 = DIRECTION('',(-1.006933092612E-15,-1.,-2.775557561563E-16));
#2789 = DEFINITIONAL_REPRESENTATION('',(#2790),#2794);
#2790 = LINE('',#2791,#2792);
#2791 = CARTESIAN_POINT('',(14.776695296637,2.462862769892E-14));
#2792 = VECTOR('',#2793,1.);
#2793 = DIRECTION('',(-1.110223024625E-16,-1.));
#2794 = ( GEOMETRIC_REPRESENTATION_CONTEXT(2) 
PARAMETRIC_REPRESENTATION_CONTEXT() REPRESENTATION_CONTEXT('2D SPACE',''
  ) );
#2795 = ORIENTED_EDGE('',*,*,#2796,.F.);
#2796 = EDGE_CURVE('',#2797,#2769,#2799,.T.);
#2797 = VERTEX_POINT('',#2798);
#2798 = CARTESIAN_POINT('',(-60.,-241.7766952966,4.));
#2799 = SURFACE_CURVE('',#2800,(#2804,#2811),.PCURVE_S1.);
#2800 = LINE('',#2801,#2802);
#2801 = CARTESIAN_POINT('',(-89.69907177498,-212.0776235216,4.));
#2802 = VECTOR('',#2803,1.);
#2803 = DIRECTION('',(-0.707106781187,0.707106781187,2.747661802697E-16)
  );
#2804 = PCURVE('',#549,#2805);
#2805 = DEFINITIONAL_REPRESENTATION('',(#2806),#2810);
#2806 = LINE('',#2807,#2808);
#2807 = CARTESIAN_POINT('',(1.853643836458,7.));
#2808 = VECTOR('',#2809,1.);
#2809 = DIRECTION('',(1.,-3.925231146709E-17));
#2810 = ( GEOMETRIC_REPRESENTATION_CONTEXT(2) 
PARAMETRIC_REPRESENTATION_CONTEXT() REPRESENTATION_CONTEXT('2D SPACE',''
  ) );
#2811 = PCURVE('',#2812,#2817);
#2812 = PLANE('',#2813);
#2813 = AXIS2_PLACEMENT_3D('',#2814,#2815,#2816);
#2814 = CARTESIAN_POINT('',(-9.052122693578E-14,-119.7571034933,4.));
#2815 = DIRECTION('',(2.775557561563E-16,-1.110223024625E-16,1.));
#2816 = DIRECTION('',(1.,4.996003610813E-16,-1.110223024625E-16));
#2817 = DEFINITIONAL_REPRESENTATION('',(#2818),#2822);
#2818 = LINE('',#2819,#2820);
#2819 = CARTESIAN_POINT('',(-89.69907177498,-92.32052002831));
#2820 = VECTOR('',#2821,1.);
#2821 = DIRECTION('',(-0.707106781187,0.707106781187));
#2822 = ( GEOMETRIC_REPRESENTATION_CONTEXT(2) 
PARAMETRIC_REPRESENTATION_CONTEXT() REPRESENTATION_CONTEXT('2D SPACE',''
  ) );
#2823 = ORIENTED_EDGE('',*,*,#2824,.F.);
#2824 = EDGE_CURVE('',#506,#2797,#2825,.T.);
#2825 = SURFACE_CURVE('',#2826,(#2830,#2837),.PCURVE_S1.);
#2826 = LINE('',#2827,#2828);
#2827 = CARTESIAN_POINT('',(-60.,-241.7766952966,-3.));
#2828 = VECTOR('',#2829,1.);
#2829 = DIRECTION('',(1.665334536938E-16,-1.665334536938E-16,1.));
#2830 = PCURVE('',#549,#2831);
#2831 = DEFINITIONAL_REPRESENTATION('',(#2832),#2836);
#2832 = LINE('',#2833,#2834);
#2833 = CARTESIAN_POINT('',(-40.14718625761,2.726190280114E-14));
#2834 = VECTOR('',#2835,1.);
#2835 = DIRECTION('',(7.850462293419E-17,1.));
#2836 = ( GEOMETRIC_REPRESENTATION_CONTEXT(2) 
PARAMETRIC_REPRESENTATION_CONTEXT() REPRESENTATION_CONTEXT('2D SPACE',''
  ) );
#2837 = PCURVE('',#521,#2838);
#2838 = DEFINITIONAL_REPRESENTATION('',(#2839),#2843);
#2839 = LINE('',#2840,#2841);
#2840 = CARTESIAN_POINT('',(16.776695296637,2.518373921124E-14));
#2841 = VECTOR('',#2842,1.);
#2842 = DIRECTION('',(-1.110223024625E-16,-1.));
#2843 = ( GEOMETRIC_REPRESENTATION_CONTEXT(2) 
PARAMETRIC_REPRESENTATION_CONTEXT() REPRESENTATION_CONTEXT('2D SPACE',''
  ) );
#2844 = ADVANCED_FACE('',(#2845),#521,.T.);
#2845 = FACE_BOUND('',#2846,.T.);
#2846 = EDGE_LOOP('',(#2847,#2848,#2871,#2892));
#2847 = ORIENTED_EDGE('',*,*,#505,.F.);
#2848 = ORIENTED_EDGE('',*,*,#2849,.T.);
#2849 = EDGE_CURVE('',#478,#2850,#2852,.T.);
#2850 = VERTEX_POINT('',#2851);
#2851 = CARTESIAN_POINT('',(-60.,-225.,4.));
#2852 = SURFACE_CURVE('',#2853,(#2857,#2864),.PCURVE_S1.);
#2853 = LINE('',#2854,#2855);
#2854 = CARTESIAN_POINT('',(-60.,-225.,-3.));
#2855 = VECTOR('',#2856,1.);
#2856 = DIRECTION('',(2.775557561563E-16,-5.102230246252E-17,1.));
#2857 = PCURVE('',#521,#2858);
#2858 = DEFINITIONAL_REPRESENTATION('',(#2859),#2863);
#2859 = LINE('',#2860,#2861);
#2860 = CARTESIAN_POINT('',(0.,0.));
#2861 = VECTOR('',#2862,1.);
#2862 = DIRECTION('',(-1.710223024625E-16,-1.));
#2863 = ( GEOMETRIC_REPRESENTATION_CONTEXT(2) 
PARAMETRIC_REPRESENTATION_CONTEXT() REPRESENTATION_CONTEXT('2D SPACE',''
  ) );
#2864 = PCURVE('',#493,#2865);
#2865 = DEFINITIONAL_REPRESENTATION('',(#2866),#2870);
#2866 = LINE('',#2867,#2868);
#2867 = CARTESIAN_POINT('',(20.,2.130669073875E-15));
#2868 = VECTOR('',#2869,1.);
#2869 = DIRECTION('',(-1.710223024625E-16,-1.));
#2870 = ( GEOMETRIC_REPRESENTATION_CONTEXT(2) 
PARAMETRIC_REPRESENTATION_CONTEXT() REPRESENTATION_CONTEXT('2D SPACE',''
  ) );
#2871 = ORIENTED_EDGE('',*,*,#2872,.T.);
#2872 = EDGE_CURVE('',#2850,#2797,#2873,.T.);
#2873 = SURFACE_CURVE('',#2874,(#2878,#2885),.PCURVE_S1.);
#2874 = LINE('',#2875,#2876);
#2875 = CARTESIAN_POINT('',(-60.,-225.,4.));
#2876 = VECTOR('',#2877,1.);
#2877 = DIRECTION('',(3.330669073875E-16,-1.,-2.775557561563E-16));
#2878 = PCURVE('',#521,#2879);
#2879 = DEFINITIONAL_REPRESENTATION('',(#2880),#2884);
#2880 = LINE('',#2881,#2882);
#2881 = CARTESIAN_POINT('',(-1.942890293094E-15,-7.));
#2882 = VECTOR('',#2883,1.);
#2883 = DIRECTION('',(1.,1.110223024625E-16));
#2884 = ( GEOMETRIC_REPRESENTATION_CONTEXT(2) 
PARAMETRIC_REPRESENTATION_CONTEXT() REPRESENTATION_CONTEXT('2D SPACE',''
  ) );
#2885 = PCURVE('',#2812,#2886);
#2886 = DEFINITIONAL_REPRESENTATION('',(#2887),#2891);
#2887 = LINE('',#2888,#2889);
#2888 = CARTESIAN_POINT('',(-60.,-105.2428965066));
#2889 = VECTOR('',#2890,1.);
#2890 = DIRECTION('',(-1.110223024625E-16,-1.));
#2891 = ( GEOMETRIC_REPRESENTATION_CONTEXT(2) 
PARAMETRIC_REPRESENTATION_CONTEXT() REPRESENTATION_CONTEXT('2D SPACE',''
  ) );
#2892 = ORIENTED_EDGE('',*,*,#2824,.F.);
#2893 = ADVANCED_FACE('',(#2894),#493,.T.);
#2894 = FACE_BOUND('',#2895,.T.);
#2895 = EDGE_LOOP('',(#2896,#2897,#2920,#2941));
#2896 = ORIENTED_EDGE('',*,*,#477,.F.);
#2897 = ORIENTED_EDGE('',*,*,#2898,.T.);
#2898 = EDGE_CURVE('',#450,#2899,#2901,.T.);
#2899 = VERTEX_POINT('',#2900);
#2900 = CARTESIAN_POINT('',(-40.,-225.,4.));
#2901 = SURFACE_CURVE('',#2902,(#2906,#2913),.PCURVE_S1.);
#2902 = LINE('',#2903,#2904);
#2903 = CARTESIAN_POINT('',(-40.,-225.,-3.));
#2904 = VECTOR('',#2905,1.);
#2905 = DIRECTION('',(2.775557561563E-16,-5.102230246252E-17,1.));
#2906 = PCURVE('',#493,#2907);
#2907 = DEFINITIONAL_REPRESENTATION('',(#2908),#2912);
#2908 = LINE('',#2909,#2910);
#2909 = CARTESIAN_POINT('',(-4.973799150321E-14,-1.082078635118E-29));
#2910 = VECTOR('',#2911,1.);
#2911 = DIRECTION('',(-1.710223024625E-16,-1.));
#2912 = ( GEOMETRIC_REPRESENTATION_CONTEXT(2) 
PARAMETRIC_REPRESENTATION_CONTEXT() REPRESENTATION_CONTEXT('2D SPACE',''
  ) );
#2913 = PCURVE('',#465,#2914);
#2914 = DEFINITIONAL_REPRESENTATION('',(#2915),#2919);
#2915 = LINE('',#2916,#2917);
#2916 = CARTESIAN_POINT('',(60.,6.883382752676E-15));
#2917 = VECTOR('',#2918,1.);
#2918 = DIRECTION('',(-1.710223024625E-16,-1.));
#2919 = ( GEOMETRIC_REPRESENTATION_CONTEXT(2) 
PARAMETRIC_REPRESENTATION_CONTEXT() REPRESENTATION_CONTEXT('2D SPACE',''
  ) );
#2920 = ORIENTED_EDGE('',*,*,#2921,.T.);
#2921 = EDGE_CURVE('',#2899,#2850,#2922,.T.);
#2922 = SURFACE_CURVE('',#2923,(#2927,#2934),.PCURVE_S1.);
#2923 = LINE('',#2924,#2925);
#2924 = CARTESIAN_POINT('',(-40.,-225.,4.));
#2925 = VECTOR('',#2926,1.);
#2926 = DIRECTION('',(-1.,9.203996389187E-16,1.110223024625E-16));
#2927 = PCURVE('',#493,#2928);
#2928 = DEFINITIONAL_REPRESENTATION('',(#2929),#2933);
#2929 = LINE('',#2930,#2931);
#2930 = CARTESIAN_POINT('',(-6.320311204255E-14,-7.));
#2931 = VECTOR('',#2932,1.);
#2932 = DIRECTION('',(1.,5.102230246252E-17));
#2933 = ( GEOMETRIC_REPRESENTATION_CONTEXT(2) 
PARAMETRIC_REPRESENTATION_CONTEXT() REPRESENTATION_CONTEXT('2D SPACE',''
  ) );
#2934 = PCURVE('',#2812,#2935);
#2935 = DEFINITIONAL_REPRESENTATION('',(#2936),#2940);
#2936 = LINE('',#2937,#2938);
#2937 = CARTESIAN_POINT('',(-40.,-105.2428965066));
#2938 = VECTOR('',#2939,1.);
#2939 = DIRECTION('',(-1.,1.308977697537E-15));
#2940 = ( GEOMETRIC_REPRESENTATION_CONTEXT(2) 
PARAMETRIC_REPRESENTATION_CONTEXT() REPRESENTATION_CONTEXT('2D SPACE',''
  ) );
#2941 = ORIENTED_EDGE('',*,*,#2849,.F.);
#2942 = ADVANCED_FACE('',(#2943),#465,.T.);
#2943 = FACE_BOUND('',#2944,.T.);
#2944 = EDGE_LOOP('',(#2945,#2946,#2969,#2990));
#2945 = ORIENTED_EDGE('',*,*,#449,.F.);
#2946 = ORIENTED_EDGE('',*,*,#2947,.T.);
#2947 = EDGE_CURVE('',#422,#2948,#2950,.T.);
#2948 = VERTEX_POINT('',#2949);
#2949 = CARTESIAN_POINT('',(-40.,-165.,4.));
#2950 = SURFACE_CURVE('',#2951,(#2955,#2962),.PCURVE_S1.);
#2951 = LINE('',#2952,#2953);
#2952 = CARTESIAN_POINT('',(-40.,-165.,-3.));
#2953 = VECTOR('',#2954,1.);
#2954 = DIRECTION('',(2.775557561563E-16,-5.102230246252E-17,1.));
#2955 = PCURVE('',#465,#2956);
#2956 = DEFINITIONAL_REPRESENTATION('',(#2957),#2961);
#2957 = LINE('',#2958,#2959);
#2958 = CARTESIAN_POINT('',(5.684341886081E-14,-9.466330862652E-30));
#2959 = VECTOR('',#2960,1.);
#2960 = DIRECTION('',(-1.710223024625E-16,-1.));
#2961 = ( GEOMETRIC_REPRESENTATION_CONTEXT(2) 
PARAMETRIC_REPRESENTATION_CONTEXT() REPRESENTATION_CONTEXT('2D SPACE',''
  ) );
#2962 = PCURVE('',#437,#2963);
#2963 = DEFINITIONAL_REPRESENTATION('',(#2964),#2968);
#2964 = LINE('',#2965,#2966);
#2965 = CARTESIAN_POINT('',(20.,-2.130669073875E-15));
#2966 = VECTOR('',#2967,1.);
#2967 = DIRECTION('',(1.710223024625E-16,-1.));
#2968 = ( GEOMETRIC_REPRESENTATION_CONTEXT(2) 
PARAMETRIC_REPRESENTATION_CONTEXT() REPRESENTATION_CONTEXT('2D SPACE',''
  ) );
#2969 = ORIENTED_EDGE('',*,*,#2970,.T.);
#2970 = EDGE_CURVE('',#2948,#2899,#2971,.T.);
#2971 = SURFACE_CURVE('',#2972,(#2976,#2983),.PCURVE_S1.);
#2972 = LINE('',#2973,#2974);
#2973 = CARTESIAN_POINT('',(-40.,-165.,4.));
#2974 = VECTOR('',#2975,1.);
#2975 = DIRECTION('',(5.730669073875E-16,-1.,-2.775557561563E-16));
#2976 = PCURVE('',#465,#2977);
#2977 = DEFINITIONAL_REPRESENTATION('',(#2978),#2982);
#2978 = LINE('',#2979,#2980);
#2979 = CARTESIAN_POINT('',(-1.942890293094E-15,-7.));
#2980 = VECTOR('',#2981,1.);
#2981 = DIRECTION('',(1.,1.110223024625E-16));
#2982 = ( GEOMETRIC_REPRESENTATION_CONTEXT(2) 
PARAMETRIC_REPRESENTATION_CONTEXT() REPRESENTATION_CONTEXT('2D SPACE',''
  ) );
#2983 = PCURVE('',#2812,#2984);
#2984 = DEFINITIONAL_REPRESENTATION('',(#2985),#2989);
#2985 = LINE('',#2986,#2987);
#2986 = CARTESIAN_POINT('',(-40.,-45.24289650665));
#2987 = VECTOR('',#2988,1.);
#2988 = DIRECTION('',(1.289776975375E-16,-1.));
#2989 = ( GEOMETRIC_REPRESENTATION_CONTEXT(2) 
PARAMETRIC_REPRESENTATION_CONTEXT() REPRESENTATION_CONTEXT('2D SPACE',''
  ) );
#2990 = ORIENTED_EDGE('',*,*,#2898,.F.);
#2991 = ADVANCED_FACE('',(#2992),#437,.T.);
#2992 = FACE_BOUND('',#2993,.T.);
#2993 = EDGE_LOOP('',(#2994,#2995,#3018,#3039));
#2994 = ORIENTED_EDGE('',*,*,#421,.F.);
#2995 = ORIENTED_EDGE('',*,*,#2996,.T.);
#2996 = EDGE_CURVE('',#394,#2997,#2999,.T.);
#2997 = VERTEX_POINT('',#2998);
#2998 = CARTESIAN_POINT('',(-60.,-165.,4.));
#2999 = SURFACE_CURVE('',#3000,(#3004,#3011),.PCURVE_S1.);
#3000 = LINE('',#3001,#3002);
#3001 = CARTESIAN_POINT('',(-60.,-165.,-3.));
#3002 = VECTOR('',#3003,1.);
#3003 = DIRECTION('',(2.775557561563E-16,-5.102230246252E-17,1.));
#3004 = PCURVE('',#437,#3005);
#3005 = DEFINITIONAL_REPRESENTATION('',(#3006),#3010);
#3006 = LINE('',#3007,#3008);
#3007 = CARTESIAN_POINT('',(0.,0.));
#3008 = VECTOR('',#3009,1.);
#3009 = DIRECTION('',(1.710223024625E-16,-1.));
#3010 = ( GEOMETRIC_REPRESENTATION_CONTEXT(2) 
PARAMETRIC_REPRESENTATION_CONTEXT() REPRESENTATION_CONTEXT('2D SPACE',''
  ) );
#3011 = PCURVE('',#409,#3012);
#3012 = DEFINITIONAL_REPRESENTATION('',(#3013),#3017);
#3013 = LINE('',#3014,#3015);
#3014 = CARTESIAN_POINT('',(20.,1.998401444325E-15));
#3015 = VECTOR('',#3016,1.);
#3016 = DIRECTION('',(-1.710223024625E-16,-1.));
#3017 = ( GEOMETRIC_REPRESENTATION_CONTEXT(2) 
PARAMETRIC_REPRESENTATION_CONTEXT() REPRESENTATION_CONTEXT('2D SPACE',''
  ) );
#3018 = ORIENTED_EDGE('',*,*,#3019,.T.);
#3019 = EDGE_CURVE('',#2997,#2948,#3020,.T.);
#3020 = SURFACE_CURVE('',#3021,(#3025,#3032),.PCURVE_S1.);
#3021 = LINE('',#3022,#3023);
#3022 = CARTESIAN_POINT('',(-60.,-165.,4.));
#3023 = VECTOR('',#3024,1.);
#3024 = DIRECTION('',(1.,-9.203996389187E-16,-1.110223024625E-16));
#3025 = PCURVE('',#437,#3026);
#3026 = DEFINITIONAL_REPRESENTATION('',(#3027),#3031);
#3027 = LINE('',#3028,#3029);
#3028 = CARTESIAN_POINT('',(4.188682996975E-14,-7.));
#3029 = VECTOR('',#3030,1.);
#3030 = DIRECTION('',(1.,-5.102230246252E-17));
#3031 = ( GEOMETRIC_REPRESENTATION_CONTEXT(2) 
PARAMETRIC_REPRESENTATION_CONTEXT() REPRESENTATION_CONTEXT('2D SPACE',''
  ) );
#3032 = PCURVE('',#2812,#3033);
#3033 = DEFINITIONAL_REPRESENTATION('',(#3034),#3038);
#3034 = LINE('',#3035,#3036);
#3035 = CARTESIAN_POINT('',(-60.,-45.24289650665));
#3036 = VECTOR('',#3037,1.);
#3037 = DIRECTION('',(1.,-1.308977697537E-15));
#3038 = ( GEOMETRIC_REPRESENTATION_CONTEXT(2) 
PARAMETRIC_REPRESENTATION_CONTEXT() REPRESENTATION_CONTEXT('2D SPACE',''
  ) );
#3039 = ORIENTED_EDGE('',*,*,#2947,.F.);
#3040 = ADVANCED_FACE('',(#3041),#409,.T.);
#3041 = FACE_BOUND('',#3042,.T.);
#3042 = EDGE_LOOP('',(#3043,#3044,#3067,#3088));
#3043 = ORIENTED_EDGE('',*,*,#393,.F.);
#3044 = ORIENTED_EDGE('',*,*,#3045,.T.);
#3045 = EDGE_CURVE('',#366,#3046,#3048,.T.);
#3046 = VERTEX_POINT('',#3047);
#3047 = CARTESIAN_POINT('',(-60.,-145.,4.));
#3048 = SURFACE_CURVE('',#3049,(#3053,#3060),.PCURVE_S1.);
#3049 = LINE('',#3050,#3051);
#3050 = CARTESIAN_POINT('',(-60.,-145.,-3.));
#3051 = VECTOR('',#3052,1.);
#3052 = DIRECTION('',(2.775557561563E-16,-5.102230246252E-17,1.));
#3053 = PCURVE('',#409,#3054);
#3054 = DEFINITIONAL_REPRESENTATION('',(#3055),#3059);
#3055 = LINE('',#3056,#3057);
#3056 = CARTESIAN_POINT('',(0.,0.));
#3057 = VECTOR('',#3058,1.);
#3058 = DIRECTION('',(-1.710223024625E-16,-1.));
#3059 = ( GEOMETRIC_REPRESENTATION_CONTEXT(2) 
PARAMETRIC_REPRESENTATION_CONTEXT() REPRESENTATION_CONTEXT('2D SPACE',''
  ) );
#3060 = PCURVE('',#381,#3061);
#3061 = DEFINITIONAL_REPRESENTATION('',(#3062),#3066);
#3062 = LINE('',#3063,#3064);
#3063 = CARTESIAN_POINT('',(20.,2.130669073875E-15));
#3064 = VECTOR('',#3065,1.);
#3065 = DIRECTION('',(-1.710223024625E-16,-1.));
#3066 = ( GEOMETRIC_REPRESENTATION_CONTEXT(2) 
PARAMETRIC_REPRESENTATION_CONTEXT() REPRESENTATION_CONTEXT('2D SPACE',''
  ) );
#3067 = ORIENTED_EDGE('',*,*,#3068,.T.);
#3068 = EDGE_CURVE('',#3046,#2997,#3069,.T.);
#3069 = SURFACE_CURVE('',#3070,(#3074,#3081),.PCURVE_S1.);
#3070 = LINE('',#3071,#3072);
#3071 = CARTESIAN_POINT('',(-60.,-145.,4.));
#3072 = VECTOR('',#3073,1.);
#3073 = DIRECTION('',(3.330669073875E-16,-1.,-2.775557561563E-16));
#3074 = PCURVE('',#409,#3075);
#3075 = DEFINITIONAL_REPRESENTATION('',(#3076),#3080);
#3076 = LINE('',#3077,#3078);
#3077 = CARTESIAN_POINT('',(-1.942890293094E-15,-7.));
#3078 = VECTOR('',#3079,1.);
#3079 = DIRECTION('',(1.,1.110223024625E-16));
#3080 = ( GEOMETRIC_REPRESENTATION_CONTEXT(2) 
PARAMETRIC_REPRESENTATION_CONTEXT() REPRESENTATION_CONTEXT('2D SPACE',''
  ) );
#3081 = PCURVE('',#2812,#3082);
#3082 = DEFINITIONAL_REPRESENTATION('',(#3083),#3087);
#3083 = LINE('',#3084,#3085);
#3084 = CARTESIAN_POINT('',(-60.,-25.24289650665));
#3085 = VECTOR('',#3086,1.);
#3086 = DIRECTION('',(-1.110223024625E-16,-1.));
#3087 = ( GEOMETRIC_REPRESENTATION_CONTEXT(2) 
PARAMETRIC_REPRESENTATION_CONTEXT() REPRESENTATION_CONTEXT('2D SPACE',''
  ) );
#3088 = ORIENTED_EDGE('',*,*,#2996,.F.);
#3089 = ADVANCED_FACE('',(#3090),#381,.T.);
#3090 = FACE_BOUND('',#3091,.T.);
#3091 = EDGE_LOOP('',(#3092,#3093,#3116,#3137));
#3092 = ORIENTED_EDGE('',*,*,#365,.F.);
#3093 = ORIENTED_EDGE('',*,*,#3094,.T.);
#3094 = EDGE_CURVE('',#338,#3095,#3097,.T.);
#3095 = VERTEX_POINT('',#3096);
#3096 = CARTESIAN_POINT('',(-40.,-145.,4.));
#3097 = SURFACE_CURVE('',#3098,(#3102,#3109),.PCURVE_S1.);
#3098 = LINE('',#3099,#3100);
#3099 = CARTESIAN_POINT('',(-40.,-145.,-3.));
#3100 = VECTOR('',#3101,1.);
#3101 = DIRECTION('',(2.775557561563E-16,-5.102230246252E-17,1.));
#3102 = PCURVE('',#381,#3103);
#3103 = DEFINITIONAL_REPRESENTATION('',(#3104),#3108);
#3104 = LINE('',#3105,#3106);
#3105 = CARTESIAN_POINT('',(-3.552713678801E-14,-7.729133107982E-30));
#3106 = VECTOR('',#3107,1.);
#3107 = DIRECTION('',(-1.710223024625E-16,-1.));
#3108 = ( GEOMETRIC_REPRESENTATION_CONTEXT(2) 
PARAMETRIC_REPRESENTATION_CONTEXT() REPRESENTATION_CONTEXT('2D SPACE',''
  ) );
#3109 = PCURVE('',#353,#3110);
#3110 = DEFINITIONAL_REPRESENTATION('',(#3111),#3115);
#3111 = LINE('',#3112,#3113);
#3112 = CARTESIAN_POINT('',(30.000000000004,3.441691376337E-15));
#3113 = VECTOR('',#3114,1.);
#3114 = DIRECTION('',(-1.710223024625E-16,-1.));
#3115 = ( GEOMETRIC_REPRESENTATION_CONTEXT(2) 
PARAMETRIC_REPRESENTATION_CONTEXT() REPRESENTATION_CONTEXT('2D SPACE',''
  ) );
#3116 = ORIENTED_EDGE('',*,*,#3117,.T.);
#3117 = EDGE_CURVE('',#3095,#3046,#3118,.T.);
#3118 = SURFACE_CURVE('',#3119,(#3123,#3130),.PCURVE_S1.);
#3119 = LINE('',#3120,#3121);
#3120 = CARTESIAN_POINT('',(-40.,-145.,4.));
#3121 = VECTOR('',#3122,1.);
#3122 = DIRECTION('',(-1.,9.203996389187E-16,1.110223024625E-16));
#3123 = PCURVE('',#381,#3124);
#3124 = DEFINITIONAL_REPRESENTATION('',(#3125),#3129);
#3125 = LINE('',#3126,#3127);
#3126 = CARTESIAN_POINT('',(-4.188682996975E-14,-7.));
#3127 = VECTOR('',#3128,1.);
#3128 = DIRECTION('',(1.,5.102230246252E-17));
#3129 = ( GEOMETRIC_REPRESENTATION_CONTEXT(2) 
PARAMETRIC_REPRESENTATION_CONTEXT() REPRESENTATION_CONTEXT('2D SPACE',''
  ) );
#3130 = PCURVE('',#2812,#3131);
#3131 = DEFINITIONAL_REPRESENTATION('',(#3132),#3136);
#3132 = LINE('',#3133,#3134);
#3133 = CARTESIAN_POINT('',(-40.,-25.24289650665));
#3134 = VECTOR('',#3135,1.);
#3135 = DIRECTION('',(-1.,1.308977697537E-15));
#3136 = ( GEOMETRIC_REPRESENTATION_CONTEXT(2) 
PARAMETRIC_REPRESENTATION_CONTEXT() REPRESENTATION_CONTEXT('2D SPACE',''
  ) );
#3137 = ORIENTED_EDGE('',*,*,#3045,.F.);
#3138 = ADVANCED_FACE('',(#3139),#353,.T.);
#3139 = FACE_BOUND('',#3140,.T.);
#3140 = EDGE_LOOP('',(#3141,#3142,#3165,#3186));
#3141 = ORIENTED_EDGE('',*,*,#337,.F.);
#3142 = ORIENTED_EDGE('',*,*,#3143,.T.);
#3143 = EDGE_CURVE('',#310,#3144,#3146,.T.);
#3144 = VERTEX_POINT('',#3145);
#3145 = CARTESIAN_POINT('',(-40.,-114.9999999999,4.));
#3146 = SURFACE_CURVE('',#3147,(#3151,#3158),.PCURVE_S1.);
#3147 = LINE('',#3148,#3149);
#3148 = CARTESIAN_POINT('',(-40.,-114.9999999999,-3.));
#3149 = VECTOR('',#3150,1.);
#3150 = DIRECTION('',(2.775557561563E-16,-5.102230246252E-17,1.));
#3151 = PCURVE('',#353,#3152);
#3152 = DEFINITIONAL_REPRESENTATION('',(#3153),#3157);
#3153 = LINE('',#3154,#3155);
#3154 = CARTESIAN_POINT('',(1.620037437533E-12,-2.697904295856E-28));
#3155 = VECTOR('',#3156,1.);
#3156 = DIRECTION('',(-1.710223024625E-16,-1.));
#3157 = ( GEOMETRIC_REPRESENTATION_CONTEXT(2) 
PARAMETRIC_REPRESENTATION_CONTEXT() REPRESENTATION_CONTEXT('2D SPACE',''
  ) );
#3158 = PCURVE('',#325,#3159);
#3159 = DEFINITIONAL_REPRESENTATION('',(#3160),#3164);
#3160 = LINE('',#3161,#3162);
#3161 = CARTESIAN_POINT('',(40.546520692465,5.432859785615E-15));
#3162 = VECTOR('',#3163,1.);
#3163 = DIRECTION('',(-1.968841225004E-16,-1.));
#3164 = ( GEOMETRIC_REPRESENTATION_CONTEXT(2) 
PARAMETRIC_REPRESENTATION_CONTEXT() REPRESENTATION_CONTEXT('2D SPACE',''
  ) );
#3165 = ORIENTED_EDGE('',*,*,#3166,.T.);
#3166 = EDGE_CURVE('',#3144,#3095,#3167,.T.);
#3167 = SURFACE_CURVE('',#3168,(#3172,#3179),.PCURVE_S1.);
#3168 = LINE('',#3169,#3170);
#3169 = CARTESIAN_POINT('',(-40.,-114.9999999999,4.));
#3170 = VECTOR('',#3171,1.);
#3171 = DIRECTION('',(5.730669073875E-16,-1.,-2.775557561563E-16));
#3172 = PCURVE('',#353,#3173);
#3173 = DEFINITIONAL_REPRESENTATION('',(#3174),#3178);
#3174 = LINE('',#3175,#3176);
#3175 = CARTESIAN_POINT('',(1.226796442211E-14,-7.));
#3176 = VECTOR('',#3177,1.);
#3177 = DIRECTION('',(1.,1.110223024625E-16));
#3178 = ( GEOMETRIC_REPRESENTATION_CONTEXT(2) 
PARAMETRIC_REPRESENTATION_CONTEXT() REPRESENTATION_CONTEXT('2D SPACE',''
  ) );
#3179 = PCURVE('',#2812,#3180);
#3180 = DEFINITIONAL_REPRESENTATION('',(#3181),#3185);
#3181 = LINE('',#3182,#3183);
#3182 = CARTESIAN_POINT('',(-40.,4.757103493346));
#3183 = VECTOR('',#3184,1.);
#3184 = DIRECTION('',(1.289776975375E-16,-1.));
#3185 = ( GEOMETRIC_REPRESENTATION_CONTEXT(2) 
PARAMETRIC_REPRESENTATION_CONTEXT() REPRESENTATION_CONTEXT('2D SPACE',''
  ) );
#3186 = ORIENTED_EDGE('',*,*,#3094,.F.);
#3187 = ADVANCED_FACE('',(#3188),#325,.T.);
#3188 = FACE_BOUND('',#3189,.T.);
#3189 = EDGE_LOOP('',(#3190,#3191,#3214,#3235));
#3190 = ORIENTED_EDGE('',*,*,#309,.F.);
#3191 = ORIENTED_EDGE('',*,*,#3192,.T.);
#3192 = EDGE_CURVE('',#282,#3193,#3195,.T.);
#3193 = VERTEX_POINT('',#3194);
#3194 = CARTESIAN_POINT('',(-33.3652173913,-75.,4.));
#3195 = SURFACE_CURVE('',#3196,(#3200,#3207),.PCURVE_S1.);
#3196 = LINE('',#3197,#3198);
#3197 = CARTESIAN_POINT('',(-33.3652173913,-75.,-3.));
#3198 = VECTOR('',#3199,1.);
#3199 = DIRECTION('',(2.775557561563E-16,-5.102230246252E-17,1.));
#3200 = PCURVE('',#325,#3201);
#3201 = DEFINITIONAL_REPRESENTATION('',(#3202),#3206);
#3202 = LINE('',#3203,#3204);
#3203 = CARTESIAN_POINT('',(-2.920130563251E-14,3.076615235254E-30));
#3204 = VECTOR('',#3205,1.);
#3205 = DIRECTION('',(-1.968841225004E-16,-1.));
#3206 = ( GEOMETRIC_REPRESENTATION_CONTEXT(2) 
PARAMETRIC_REPRESENTATION_CONTEXT() REPRESENTATION_CONTEXT('2D SPACE',''
  ) );
#3207 = PCURVE('',#297,#3208);
#3208 = DEFINITIONAL_REPRESENTATION('',(#3209),#3213);
#3209 = LINE('',#3210,#3211);
#3210 = CARTESIAN_POINT('',(16.634782608695,-1.84263586953E-15));
#3211 = VECTOR('',#3212,1.);
#3212 = DIRECTION('',(1.710223024625E-16,-1.));
#3213 = ( GEOMETRIC_REPRESENTATION_CONTEXT(2) 
PARAMETRIC_REPRESENTATION_CONTEXT() REPRESENTATION_CONTEXT('2D SPACE',''
  ) );
#3214 = ORIENTED_EDGE('',*,*,#3215,.T.);
#3215 = EDGE_CURVE('',#3193,#3144,#3216,.T.);
#3216 = SURFACE_CURVE('',#3217,(#3221,#3228),.PCURVE_S1.);
#3217 = LINE('',#3218,#3219);
#3218 = CARTESIAN_POINT('',(-33.3652173913,-75.,4.));
#3219 = VECTOR('',#3220,1.);
#3220 = DIRECTION('',(-0.16363383332,-0.986521144524,-2.556476172966E-16
    ));
#3221 = PCURVE('',#325,#3222);
#3222 = DEFINITIONAL_REPRESENTATION('',(#3223),#3227);
#3223 = LINE('',#3224,#3225);
#3224 = CARTESIAN_POINT('',(2.624266851281E-14,-7.));
#3225 = VECTOR('',#3226,1.);
#3226 = DIRECTION('',(1.,1.17692853829E-16));
#3227 = ( GEOMETRIC_REPRESENTATION_CONTEXT(2) 
PARAMETRIC_REPRESENTATION_CONTEXT() REPRESENTATION_CONTEXT('2D SPACE',''
  ) );
#3228 = PCURVE('',#2812,#3229);
#3229 = DEFINITIONAL_REPRESENTATION('',(#3230),#3234);
#3230 = LINE('',#3231,#3232);
#3231 = CARTESIAN_POINT('',(-33.3652173913,44.757103493342));
#3232 = VECTOR('',#3233,1.);
#3233 = DIRECTION('',(-0.16363383332,-0.986521144524));
#3234 = ( GEOMETRIC_REPRESENTATION_CONTEXT(2) 
PARAMETRIC_REPRESENTATION_CONTEXT() REPRESENTATION_CONTEXT('2D SPACE',''
  ) );
#3235 = ORIENTED_EDGE('',*,*,#3143,.F.);
#3236 = ADVANCED_FACE('',(#3237),#297,.T.);
#3237 = FACE_BOUND('',#3238,.T.);
#3238 = EDGE_LOOP('',(#3239,#3240,#3263,#3284));
#3239 = ORIENTED_EDGE('',*,*,#281,.F.);
#3240 = ORIENTED_EDGE('',*,*,#3241,.T.);
#3241 = EDGE_CURVE('',#254,#3242,#3244,.T.);
#3242 = VERTEX_POINT('',#3243);
#3243 = CARTESIAN_POINT('',(-50.,-75.,4.));
#3244 = SURFACE_CURVE('',#3245,(#3249,#3256),.PCURVE_S1.);
#3245 = LINE('',#3246,#3247);
#3246 = CARTESIAN_POINT('',(-50.,-75.,-3.));
#3247 = VECTOR('',#3248,1.);
#3248 = DIRECTION('',(2.775557561563E-16,-5.102230246252E-17,1.));
#3249 = PCURVE('',#297,#3250);
#3250 = DEFINITIONAL_REPRESENTATION('',(#3251),#3255);
#3251 = LINE('',#3252,#3253);
#3252 = CARTESIAN_POINT('',(0.,0.));
#3253 = VECTOR('',#3254,1.);
#3254 = DIRECTION('',(1.710223024625E-16,-1.));
#3255 = ( GEOMETRIC_REPRESENTATION_CONTEXT(2) 
PARAMETRIC_REPRESENTATION_CONTEXT() REPRESENTATION_CONTEXT('2D SPACE',''
  ) );
#3256 = PCURVE('',#269,#3257);
#3257 = DEFINITIONAL_REPRESENTATION('',(#3258),#3262);
#3258 = LINE('',#3259,#3260);
#3259 = CARTESIAN_POINT('',(20.,2.442490654175E-15));
#3260 = VECTOR('',#3261,1.);
#3261 = DIRECTION('',(-1.710223024625E-16,-1.));
#3262 = ( GEOMETRIC_REPRESENTATION_CONTEXT(2) 
PARAMETRIC_REPRESENTATION_CONTEXT() REPRESENTATION_CONTEXT('2D SPACE',''
  ) );
#3263 = ORIENTED_EDGE('',*,*,#3264,.T.);
#3264 = EDGE_CURVE('',#3242,#3193,#3265,.T.);
#3265 = SURFACE_CURVE('',#3266,(#3270,#3277),.PCURVE_S1.);
#3266 = LINE('',#3267,#3268);
#3267 = CARTESIAN_POINT('',(-50.,-75.,4.));
#3268 = VECTOR('',#3269,1.);
#3269 = DIRECTION('',(1.,-3.503996389187E-16,-1.110223024625E-16));
#3270 = PCURVE('',#297,#3271);
#3271 = DEFINITIONAL_REPRESENTATION('',(#3272),#3276);
#3272 = LINE('',#3273,#3274);
#3273 = CARTESIAN_POINT('',(2.057054789695E-14,-7.));
#3274 = VECTOR('',#3275,1.);
#3275 = DIRECTION('',(1.,-5.102230246252E-17));
#3276 = ( GEOMETRIC_REPRESENTATION_CONTEXT(2) 
PARAMETRIC_REPRESENTATION_CONTEXT() REPRESENTATION_CONTEXT('2D SPACE',''
  ) );
#3277 = PCURVE('',#2812,#3278);
#3278 = DEFINITIONAL_REPRESENTATION('',(#3279),#3283);
#3279 = LINE('',#3280,#3281);
#3280 = CARTESIAN_POINT('',(-50.,44.757103493342));
#3281 = VECTOR('',#3282,1.);
#3282 = DIRECTION('',(1.,-7.389776975375E-16));
#3283 = ( GEOMETRIC_REPRESENTATION_CONTEXT(2) 
PARAMETRIC_REPRESENTATION_CONTEXT() REPRESENTATION_CONTEXT('2D SPACE',''
  ) );
#3284 = ORIENTED_EDGE('',*,*,#3192,.F.);
#3285 = ADVANCED_FACE('',(#3286),#269,.T.);
#3286 = FACE_BOUND('',#3287,.T.);
#3287 = EDGE_LOOP('',(#3288,#3289,#3312,#3333));
#3288 = ORIENTED_EDGE('',*,*,#253,.F.);
#3289 = ORIENTED_EDGE('',*,*,#3290,.T.);
#3290 = EDGE_CURVE('',#226,#3291,#3293,.T.);
#3291 = VERTEX_POINT('',#3292);
#3292 = CARTESIAN_POINT('',(-50.,-55.,4.));
#3293 = SURFACE_CURVE('',#3294,(#3298,#3305),.PCURVE_S1.);
#3294 = LINE('',#3295,#3296);
#3295 = CARTESIAN_POINT('',(-50.,-55.,-3.));
#3296 = VECTOR('',#3297,1.);
#3297 = DIRECTION('',(2.775557561563E-16,-5.102230246252E-17,1.));
#3298 = PCURVE('',#269,#3299);
#3299 = DEFINITIONAL_REPRESENTATION('',(#3300),#3304);
#3300 = LINE('',#3301,#3302);
#3301 = CARTESIAN_POINT('',(-0.,0.));
#3302 = VECTOR('',#3303,1.);
#3303 = DIRECTION('',(-1.710223024625E-16,-1.));
#3304 = ( GEOMETRIC_REPRESENTATION_CONTEXT(2) 
PARAMETRIC_REPRESENTATION_CONTEXT() REPRESENTATION_CONTEXT('2D SPACE',''
  ) );
#3305 = PCURVE('',#241,#3306);
#3306 = DEFINITIONAL_REPRESENTATION('',(#3307),#3311);
#3307 = LINE('',#3308,#3309);
#3308 = CARTESIAN_POINT('',(19.952173913042,1.676175023513E-15));
#3309 = VECTOR('',#3310,1.);
#3310 = DIRECTION('',(-1.710223024625E-16,-1.));
#3311 = ( GEOMETRIC_REPRESENTATION_CONTEXT(2) 
PARAMETRIC_REPRESENTATION_CONTEXT() REPRESENTATION_CONTEXT('2D SPACE',''
  ) );
#3312 = ORIENTED_EDGE('',*,*,#3313,.T.);
#3313 = EDGE_CURVE('',#3291,#3242,#3314,.T.);
#3314 = SURFACE_CURVE('',#3315,(#3319,#3326),.PCURVE_S1.);
#3315 = LINE('',#3316,#3317);
#3316 = CARTESIAN_POINT('',(-50.,-55.,4.));
#3317 = VECTOR('',#3318,1.);
#3318 = DIRECTION('',(-3.769330926125E-16,-1.,-2.775557561563E-16));
#3319 = PCURVE('',#269,#3320);
#3320 = DEFINITIONAL_REPRESENTATION('',(#3321),#3325);
#3321 = LINE('',#3322,#3323);
#3322 = CARTESIAN_POINT('',(1.226796442211E-14,-7.));
#3323 = VECTOR('',#3324,1.);
#3324 = DIRECTION('',(1.,1.110223024625E-16));
#3325 = ( GEOMETRIC_REPRESENTATION_CONTEXT(2) 
PARAMETRIC_REPRESENTATION_CONTEXT() REPRESENTATION_CONTEXT('2D SPACE',''
  ) );
#3326 = PCURVE('',#2812,#3327);
#3327 = DEFINITIONAL_REPRESENTATION('',(#3328),#3332);
#3328 = LINE('',#3329,#3330);
#3329 = CARTESIAN_POINT('',(-50.,64.757103493342));
#3330 = VECTOR('',#3331,1.);
#3331 = DIRECTION('',(-8.210223024625E-16,-1.));
#3332 = ( GEOMETRIC_REPRESENTATION_CONTEXT(2) 
PARAMETRIC_REPRESENTATION_CONTEXT() REPRESENTATION_CONTEXT('2D SPACE',''
  ) );
#3333 = ORIENTED_EDGE('',*,*,#3241,.F.);
#3334 = ADVANCED_FACE('',(#3335),#241,.T.);
#3335 = FACE_BOUND('',#3336,.T.);
#3336 = EDGE_LOOP('',(#3337,#3338,#3361,#3382));
#3337 = ORIENTED_EDGE('',*,*,#225,.F.);
#3338 = ORIENTED_EDGE('',*,*,#3339,.T.);
#3339 = EDGE_CURVE('',#198,#3340,#3342,.T.);
#3340 = VERTEX_POINT('',#3341);
#3341 = CARTESIAN_POINT('',(-30.04782608695,-55.,4.));
#3342 = SURFACE_CURVE('',#3343,(#3347,#3354),.PCURVE_S1.);
#3343 = LINE('',#3344,#3345);
#3344 = CARTESIAN_POINT('',(-30.04782608695,-55.,-3.));
#3345 = VECTOR('',#3346,1.);
#3346 = DIRECTION('',(2.775557561563E-16,-5.102230246252E-17,1.));
#3347 = PCURVE('',#241,#3348);
#3348 = DEFINITIONAL_REPRESENTATION('',(#3349),#3353);
#3349 = LINE('',#3350,#3351);
#3350 = CARTESIAN_POINT('',(3.552713678801E-15,7.729133107982E-31));
#3351 = VECTOR('',#3352,1.);
#3352 = DIRECTION('',(-1.710223024625E-16,-1.));
#3353 = ( GEOMETRIC_REPRESENTATION_CONTEXT(2) 
PARAMETRIC_REPRESENTATION_CONTEXT() REPRESENTATION_CONTEXT('2D SPACE',''
  ) );
#3354 = PCURVE('',#213,#3355);
#3355 = DEFINITIONAL_REPRESENTATION('',(#3356),#3360);
#3356 = LINE('',#3357,#3358);
#3357 = CARTESIAN_POINT('',(50.683150865584,6.346985522168E-15));
#3358 = VECTOR('',#3359,1.);
#3359 = DIRECTION('',(-1.968841225004E-16,-1.));
#3360 = ( GEOMETRIC_REPRESENTATION_CONTEXT(2) 
PARAMETRIC_REPRESENTATION_CONTEXT() REPRESENTATION_CONTEXT('2D SPACE',''
  ) );
#3361 = ORIENTED_EDGE('',*,*,#3362,.T.);
#3362 = EDGE_CURVE('',#3340,#3291,#3363,.T.);
#3363 = SURFACE_CURVE('',#3364,(#3368,#3375),.PCURVE_S1.);
#3364 = LINE('',#3365,#3366);
#3365 = CARTESIAN_POINT('',(-30.04782608695,-55.,4.));
#3366 = VECTOR('',#3367,1.);
#3367 = DIRECTION('',(-1.,-1.396003610813E-16,1.110223024625E-16));
#3368 = PCURVE('',#241,#3369);
#3369 = DEFINITIONAL_REPRESENTATION('',(#3370),#3374);
#3370 = LINE('',#3371,#3372);
#3371 = CARTESIAN_POINT('',(-1.346512053935E-14,-7.));
#3372 = VECTOR('',#3373,1.);
#3373 = DIRECTION('',(1.,5.102230246252E-17));
#3374 = ( GEOMETRIC_REPRESENTATION_CONTEXT(2) 
PARAMETRIC_REPRESENTATION_CONTEXT() REPRESENTATION_CONTEXT('2D SPACE',''
  ) );
#3375 = PCURVE('',#2812,#3376);
#3376 = DEFINITIONAL_REPRESENTATION('',(#3377),#3381);
#3377 = LINE('',#3378,#3379);
#3378 = CARTESIAN_POINT('',(-30.04782608695,64.757103493342));
#3379 = VECTOR('',#3380,1.);
#3380 = DIRECTION('',(-1.,2.489776975375E-16));
#3381 = ( GEOMETRIC_REPRESENTATION_CONTEXT(2) 
PARAMETRIC_REPRESENTATION_CONTEXT() REPRESENTATION_CONTEXT('2D SPACE',''
  ) );
#3382 = ORIENTED_EDGE('',*,*,#3290,.F.);
#3383 = ADVANCED_FACE('',(#3384),#213,.T.);
#3384 = FACE_BOUND('',#3385,.T.);
#3385 = EDGE_LOOP('',(#3386,#3387,#3410,#3431));
#3386 = ORIENTED_EDGE('',*,*,#197,.F.);
#3387 = ORIENTED_EDGE('',*,*,#3388,.T.);
#3388 = EDGE_CURVE('',#170,#3389,#3391,.T.);
#3389 = VERTEX_POINT('',#3390);
#3390 = CARTESIAN_POINT('',(-21.75434782608,-5.,4.));
#3391 = SURFACE_CURVE('',#3392,(#3396,#3403),.PCURVE_S1.);
#3392 = LINE('',#3393,#3394);
#3393 = CARTESIAN_POINT('',(-21.75434782608,-5.,-3.));
#3394 = VECTOR('',#3395,1.);
#3395 = DIRECTION('',(2.775557561563E-16,-5.102230246252E-17,1.));
#3396 = PCURVE('',#213,#3397);
#3397 = DEFINITIONAL_REPRESENTATION('',(#3398),#3402);
#3398 = LINE('',#3399,#3400);
#3399 = CARTESIAN_POINT('',(-2.628620373432E-15,4.656603817365E-31));
#3400 = VECTOR('',#3401,1.);
#3401 = DIRECTION('',(-1.968841225004E-16,-1.));
#3402 = ( GEOMETRIC_REPRESENTATION_CONTEXT(2) 
PARAMETRIC_REPRESENTATION_CONTEXT() REPRESENTATION_CONTEXT('2D SPACE',''
  ) );
#3403 = PCURVE('',#185,#3404);
#3404 = DEFINITIONAL_REPRESENTATION('',(#3405),#3409);
#3405 = LINE('',#3406,#3407);
#3406 = CARTESIAN_POINT('',(18.245652173911,-1.74900060601E-15));
#3407 = VECTOR('',#3408,1.);
#3408 = DIRECTION('',(1.710223024625E-16,-1.));
#3409 = ( GEOMETRIC_REPRESENTATION_CONTEXT(2) 
PARAMETRIC_REPRESENTATION_CONTEXT() REPRESENTATION_CONTEXT('2D SPACE',''
  ) );
#3410 = ORIENTED_EDGE('',*,*,#3411,.T.);
#3411 = EDGE_CURVE('',#3389,#3340,#3412,.T.);
#3412 = SURFACE_CURVE('',#3413,(#3417,#3424),.PCURVE_S1.);
#3413 = LINE('',#3414,#3415);
#3414 = CARTESIAN_POINT('',(-21.75434782608,-5.,4.));
#3415 = VECTOR('',#3416,1.);
#3416 = DIRECTION('',(-0.16363383332,-0.986521144524,-2.556476172966E-16
    ));
#3417 = PCURVE('',#213,#3418);
#3418 = DEFINITIONAL_REPRESENTATION('',(#3419),#3423);
#3419 = LINE('',#3420,#3421);
#3420 = CARTESIAN_POINT('',(4.337498734209E-15,-7.));
#3421 = VECTOR('',#3422,1.);
#3422 = DIRECTION('',(1.,1.17692853829E-16));
#3423 = ( GEOMETRIC_REPRESENTATION_CONTEXT(2) 
PARAMETRIC_REPRESENTATION_CONTEXT() REPRESENTATION_CONTEXT('2D SPACE',''
  ) );
#3424 = PCURVE('',#2812,#3425);
#3425 = DEFINITIONAL_REPRESENTATION('',(#3426),#3430);
#3426 = LINE('',#3427,#3428);
#3427 = CARTESIAN_POINT('',(-21.75434782608,114.75710349334));
#3428 = VECTOR('',#3429,1.);
#3429 = DIRECTION('',(-0.16363383332,-0.986521144524));
#3430 = ( GEOMETRIC_REPRESENTATION_CONTEXT(2) 
PARAMETRIC_REPRESENTATION_CONTEXT() REPRESENTATION_CONTEXT('2D SPACE',''
  ) );
#3431 = ORIENTED_EDGE('',*,*,#3339,.F.);
#3432 = ADVANCED_FACE('',(#3433),#185,.T.);
#3433 = FACE_BOUND('',#3434,.T.);
#3434 = EDGE_LOOP('',(#3435,#3436,#3459,#3480));
#3435 = ORIENTED_EDGE('',*,*,#169,.F.);
#3436 = ORIENTED_EDGE('',*,*,#3437,.T.);
#3437 = EDGE_CURVE('',#142,#3438,#3440,.T.);
#3438 = VERTEX_POINT('',#3439);
#3439 = CARTESIAN_POINT('',(-40.,-5.,4.));
#3440 = SURFACE_CURVE('',#3441,(#3445,#3452),.PCURVE_S1.);
#3441 = LINE('',#3442,#3443);
#3442 = CARTESIAN_POINT('',(-40.,-5.,-3.));
#3443 = VECTOR('',#3444,1.);
#3444 = DIRECTION('',(2.775557561563E-16,-5.102230246252E-17,1.));
#3445 = PCURVE('',#185,#3446);
#3446 = DEFINITIONAL_REPRESENTATION('',(#3447),#3451);
#3447 = LINE('',#3448,#3449);
#3448 = CARTESIAN_POINT('',(0.,0.));
#3449 = VECTOR('',#3450,1.);
#3450 = DIRECTION('',(1.710223024625E-16,-1.));
#3451 = ( GEOMETRIC_REPRESENTATION_CONTEXT(2) 
PARAMETRIC_REPRESENTATION_CONTEXT() REPRESENTATION_CONTEXT('2D SPACE',''
  ) );
#3452 = PCURVE('',#157,#3453);
#3453 = DEFINITIONAL_REPRESENTATION('',(#3454),#3458);
#3454 = LINE('',#3455,#3456);
#3455 = CARTESIAN_POINT('',(20.,1.998401444325E-15));
#3456 = VECTOR('',#3457,1.);
#3457 = DIRECTION('',(-1.710223024625E-16,-1.));
#3458 = ( GEOMETRIC_REPRESENTATION_CONTEXT(2) 
PARAMETRIC_REPRESENTATION_CONTEXT() REPRESENTATION_CONTEXT('2D SPACE',''
  ) );
#3459 = ORIENTED_EDGE('',*,*,#3460,.T.);
#3460 = EDGE_CURVE('',#3438,#3389,#3461,.T.);
#3461 = SURFACE_CURVE('',#3462,(#3466,#3473),.PCURVE_S1.);
#3462 = LINE('',#3463,#3464);
#3463 = CARTESIAN_POINT('',(-40.,-5.,4.));
#3464 = VECTOR('',#3465,1.);
#3465 = DIRECTION('',(1.,-4.039963891868E-17,-1.110223024625E-16));
#3466 = PCURVE('',#185,#3467);
#3467 = DEFINITIONAL_REPRESENTATION('',(#3468),#3472);
#3468 = LINE('',#3469,#3470);
#3469 = CARTESIAN_POINT('',(-7.457341758564E-16,-7.));
#3470 = VECTOR('',#3471,1.);
#3471 = DIRECTION('',(1.,-5.102230246252E-17));
#3472 = ( GEOMETRIC_REPRESENTATION_CONTEXT(2) 
PARAMETRIC_REPRESENTATION_CONTEXT() REPRESENTATION_CONTEXT('2D SPACE',''
  ) );
#3473 = PCURVE('',#2812,#3474);
#3474 = DEFINITIONAL_REPRESENTATION('',(#3475),#3479);
#3475 = LINE('',#3476,#3477);
#3476 = CARTESIAN_POINT('',(-40.,114.75710349334));
#3477 = VECTOR('',#3478,1.);
#3478 = DIRECTION('',(1.,-4.289776975375E-16));
#3479 = ( GEOMETRIC_REPRESENTATION_CONTEXT(2) 
PARAMETRIC_REPRESENTATION_CONTEXT() REPRESENTATION_CONTEXT('2D SPACE',''
  ) );
#3480 = ORIENTED_EDGE('',*,*,#3388,.F.);
#3481 = ADVANCED_FACE('',(#3482),#157,.T.);
#3482 = FACE_BOUND('',#3483,.T.);
#3483 = EDGE_LOOP('',(#3484,#3485,#3508,#3529));
#3484 = ORIENTED_EDGE('',*,*,#141,.F.);
#3485 = ORIENTED_EDGE('',*,*,#3486,.F.);
#3486 = EDGE_CURVE('',#3487,#114,#3489,.T.);
#3487 = VERTEX_POINT('',#3488);
#3488 = CARTESIAN_POINT('',(-40.,11.776695296637,4.));
#3489 = SURFACE_CURVE('',#3490,(#3494,#3501),.PCURVE_S1.);
#3490 = LINE('',#3491,#3492);
#3491 = CARTESIAN_POINT('',(-40.,11.776695296637,-3.));
#3492 = VECTOR('',#3493,1.);
#3493 = DIRECTION('',(-1.665334536938E-16,2.775557561563E-16,-1.));
#3494 = PCURVE('',#157,#3495);
#3495 = DEFINITIONAL_REPRESENTATION('',(#3496),#3500);
#3496 = LINE('',#3497,#3498);
#3497 = CARTESIAN_POINT('',(3.223304703363,2.877309978555E-14));
#3498 = VECTOR('',#3499,1.);
#3499 = DIRECTION('',(0.,1.));
#3500 = ( GEOMETRIC_REPRESENTATION_CONTEXT(2) 
PARAMETRIC_REPRESENTATION_CONTEXT() REPRESENTATION_CONTEXT('2D SPACE',''
  ) );
#3501 = PCURVE('',#129,#3502);
#3502 = DEFINITIONAL_REPRESENTATION('',(#3503),#3507);
#3503 = LINE('',#3504,#3505);
#3504 = CARTESIAN_POINT('',(-68.43145750507,-3.37507799486E-14));
#3505 = VECTOR('',#3506,1.);
#3506 = DIRECTION('',(-7.850462293419E-17,1.));
#3507 = ( GEOMETRIC_REPRESENTATION_CONTEXT(2) 
PARAMETRIC_REPRESENTATION_CONTEXT() REPRESENTATION_CONTEXT('2D SPACE',''
  ) );
#3508 = ORIENTED_EDGE('',*,*,#3509,.T.);
#3509 = EDGE_CURVE('',#3487,#3438,#3510,.T.);
#3510 = SURFACE_CURVE('',#3511,(#3515,#3522),.PCURVE_S1.);
#3511 = LINE('',#3512,#3513);
#3512 = CARTESIAN_POINT('',(-40.,15.,4.));
#3513 = VECTOR('',#3514,1.);
#3514 = DIRECTION('',(-3.769330926125E-16,-1.,-2.775557561563E-16));
#3515 = PCURVE('',#157,#3516);
#3516 = DEFINITIONAL_REPRESENTATION('',(#3517),#3521);
#3517 = LINE('',#3518,#3519);
#3518 = CARTESIAN_POINT('',(8.715250743307E-15,-7.));
#3519 = VECTOR('',#3520,1.);
#3520 = DIRECTION('',(1.,1.110223024625E-16));
#3521 = ( GEOMETRIC_REPRESENTATION_CONTEXT(2) 
PARAMETRIC_REPRESENTATION_CONTEXT() REPRESENTATION_CONTEXT('2D SPACE',''
  ) );
#3522 = PCURVE('',#2812,#3523);
#3523 = DEFINITIONAL_REPRESENTATION('',(#3524),#3528);
#3524 = LINE('',#3525,#3526);
#3525 = CARTESIAN_POINT('',(-40.,134.75710349334));
#3526 = VECTOR('',#3527,1.);
#3527 = DIRECTION('',(-8.210223024625E-16,-1.));
#3528 = ( GEOMETRIC_REPRESENTATION_CONTEXT(2) 
PARAMETRIC_REPRESENTATION_CONTEXT() REPRESENTATION_CONTEXT('2D SPACE',''
  ) );
#3529 = ORIENTED_EDGE('',*,*,#3437,.F.);
#3530 = ADVANCED_FACE('',(#3531),#129,.F.);
#3531 = FACE_BOUND('',#3532,.F.);
#3532 = EDGE_LOOP('',(#3533,#3534,#3535,#3558,#3586,#3609,#3637,#3660));
#3533 = ORIENTED_EDGE('',*,*,#113,.F.);
#3534 = ORIENTED_EDGE('',*,*,#3486,.F.);
#3535 = ORIENTED_EDGE('',*,*,#3536,.F.);
#3536 = EDGE_CURVE('',#3537,#3487,#3539,.T.);
#3537 = VERTEX_POINT('',#3538);
#3538 = CARTESIAN_POINT('',(-42.,9.776695296637,4.));
#3539 = SURFACE_CURVE('',#3540,(#3544,#3551),.PCURVE_S1.);
#3540 = LINE('',#3541,#3542);
#3541 = CARTESIAN_POINT('',(-87.07762352165,-35.30092822501,4.));
#3542 = VECTOR('',#3543,1.);
#3543 = DIRECTION('',(0.707106781187,0.707106781187,-3.925231146709E-17)
  );
#3544 = PCURVE('',#129,#3545);
#3545 = DEFINITIONAL_REPRESENTATION('',(#3546),#3550);
#3546 = LINE('',#3547,#3548);
#3547 = CARTESIAN_POINT('',(-1.853643836458,-7.));
#3548 = VECTOR('',#3549,1.);
#3549 = DIRECTION('',(-1.,3.925231146709E-17));
#3550 = ( GEOMETRIC_REPRESENTATION_CONTEXT(2) 
PARAMETRIC_REPRESENTATION_CONTEXT() REPRESENTATION_CONTEXT('2D SPACE',''
  ) );
#3551 = PCURVE('',#2812,#3552);
#3552 = DEFINITIONAL_REPRESENTATION('',(#3553),#3557);
#3553 = LINE('',#3554,#3555);
#3554 = CARTESIAN_POINT('',(-87.07762352165,84.456175268325));
#3555 = VECTOR('',#3556,1.);
#3556 = DIRECTION('',(0.707106781187,0.707106781187));
#3557 = ( GEOMETRIC_REPRESENTATION_CONTEXT(2) 
PARAMETRIC_REPRESENTATION_CONTEXT() REPRESENTATION_CONTEXT('2D SPACE',''
  ) );
#3558 = ORIENTED_EDGE('',*,*,#3559,.T.);
#3559 = EDGE_CURVE('',#3537,#3560,#3562,.T.);
#3560 = VERTEX_POINT('',#3561);
#3561 = CARTESIAN_POINT('',(-42.,9.776695296637,-3.));
#3562 = SURFACE_CURVE('',#3563,(#3567,#3574),.PCURVE_S1.);
#3563 = LINE('',#3564,#3565);
#3564 = CARTESIAN_POINT('',(-42.,9.776695296637,-3.));
#3565 = VECTOR('',#3566,1.);
#3566 = DIRECTION('',(-1.665334536938E-16,2.775557561563E-16,-1.));
#3567 = PCURVE('',#129,#3568);
#3568 = DEFINITIONAL_REPRESENTATION('',(#3569),#3573);
#3569 = LINE('',#3570,#3571);
#3570 = CARTESIAN_POINT('',(-65.60303038033,-3.330669073875E-14));
#3571 = VECTOR('',#3572,1.);
#3572 = DIRECTION('',(-7.850462293419E-17,1.));
#3573 = ( GEOMETRIC_REPRESENTATION_CONTEXT(2) 
PARAMETRIC_REPRESENTATION_CONTEXT() REPRESENTATION_CONTEXT('2D SPACE',''
  ) );
#3574 = PCURVE('',#3575,#3580);
#3575 = PLANE('',#3576);
#3576 = AXIS2_PLACEMENT_3D('',#3577,#3578,#3579);
#3577 = CARTESIAN_POINT('',(-42.,15.,-3.));
#3578 = DIRECTION('',(1.,-2.260399638919E-15,-1.110223024625E-16));
#3579 = DIRECTION('',(-2.426933092612E-15,-1.,-2.775557561563E-16));
#3580 = DEFINITIONAL_REPRESENTATION('',(#3581),#3585);
#3581 = LINE('',#3582,#3583);
#3582 = CARTESIAN_POINT('',(5.223304703363,2.932821129786E-14));
#3583 = VECTOR('',#3584,1.);
#3584 = DIRECTION('',(0.,1.));
#3585 = ( GEOMETRIC_REPRESENTATION_CONTEXT(2) 
PARAMETRIC_REPRESENTATION_CONTEXT() REPRESENTATION_CONTEXT('2D SPACE',''
  ) );
#3586 = ORIENTED_EDGE('',*,*,#3587,.F.);
#3587 = EDGE_CURVE('',#3588,#3560,#3590,.T.);
#3588 = VERTEX_POINT('',#3589);
#3589 = CARTESIAN_POINT('',(-34.77669529663,17.000000000003,-3.));
#3590 = SURFACE_CURVE('',#3591,(#3595,#3602),.PCURVE_S1.);
#3591 = LINE('',#3592,#3593);
#3592 = CARTESIAN_POINT('',(-87.10094351185,-35.32424821521,-3.));
#3593 = VECTOR('',#3594,1.);
#3594 = DIRECTION('',(-0.707106781187,-0.707106781187,3.925231146709E-17
    ));
#3595 = PCURVE('',#129,#3596);
#3596 = DEFINITIONAL_REPRESENTATION('',(#3597),#3601);
#3597 = LINE('',#3598,#3599);
#3598 = CARTESIAN_POINT('',(-1.820664390044,-6.439293542826E-14));
#3599 = VECTOR('',#3600,1.);
#3600 = DIRECTION('',(1.,-3.925231146709E-17));
#3601 = ( GEOMETRIC_REPRESENTATION_CONTEXT(2) 
PARAMETRIC_REPRESENTATION_CONTEXT() REPRESENTATION_CONTEXT('2D SPACE',''
  ) );
#3602 = PCURVE('',#1714,#3603);
#3603 = DEFINITIONAL_REPRESENTATION('',(#3604),#3608);
#3604 = LINE('',#3605,#3606);
#3605 = CARTESIAN_POINT('',(87.100943511853,84.526135238923));
#3606 = VECTOR('',#3607,1.);
#3607 = DIRECTION('',(0.707106781187,-0.707106781187));
#3608 = ( GEOMETRIC_REPRESENTATION_CONTEXT(2) 
PARAMETRIC_REPRESENTATION_CONTEXT() REPRESENTATION_CONTEXT('2D SPACE',''
  ) );
#3609 = ORIENTED_EDGE('',*,*,#3610,.T.);
#3610 = EDGE_CURVE('',#3588,#3611,#3613,.T.);
#3611 = VERTEX_POINT('',#3612);
#3612 = CARTESIAN_POINT('',(-34.77669529663,17.000000000003,4.));
#3613 = SURFACE_CURVE('',#3614,(#3618,#3625),.PCURVE_S1.);
#3614 = LINE('',#3615,#3616);
#3615 = CARTESIAN_POINT('',(-34.77669529663,17.000000000003,-3.));
#3616 = VECTOR('',#3617,1.);
#3617 = DIRECTION('',(2.82044604925E-16,-1.620446049251E-16,1.));
#3618 = PCURVE('',#129,#3619);
#3619 = DEFINITIONAL_REPRESENTATION('',(#3620),#3624);
#3620 = LINE('',#3621,#3622);
#3621 = CARTESIAN_POINT('',(-75.81832585698,-2.975397705995E-14));
#3622 = VECTOR('',#3623,1.);
#3623 = DIRECTION('',(-8.485281374236E-17,-1.));
#3624 = ( GEOMETRIC_REPRESENTATION_CONTEXT(2) 
PARAMETRIC_REPRESENTATION_CONTEXT() REPRESENTATION_CONTEXT('2D SPACE',''
  ) );
#3625 = PCURVE('',#3626,#3631);
#3626 = PLANE('',#3627);
#3627 = AXIS2_PLACEMENT_3D('',#3628,#3629,#3630);
#3628 = CARTESIAN_POINT('',(-15.38036491765,16.999999999999,-3.));
#3629 = DIRECTION('',(-1.877769330926E-13,-1.,-2.175557561563E-16));
#3630 = DIRECTION('',(-1.,1.876103996389E-13,5.102230246257E-17));
#3631 = DEFINITIONAL_REPRESENTATION('',(#3632),#3636);
#3632 = LINE('',#3633,#3634);
#3633 = CARTESIAN_POINT('',(19.396330378983,3.530602801176E-14));
#3634 = VECTOR('',#3635,1.);
#3635 = DIRECTION('',(-2.310223024625E-16,-1.));
#3636 = ( GEOMETRIC_REPRESENTATION_CONTEXT(2) 
PARAMETRIC_REPRESENTATION_CONTEXT() REPRESENTATION_CONTEXT('2D SPACE',''
  ) );
#3637 = ORIENTED_EDGE('',*,*,#3638,.F.);
#3638 = EDGE_CURVE('',#3639,#3611,#3641,.T.);
#3639 = VERTEX_POINT('',#3640);
#3640 = CARTESIAN_POINT('',(-36.77669529663,15.000000000003,4.));
#3641 = SURFACE_CURVE('',#3642,(#3646,#3653),.PCURVE_S1.);
#3642 = LINE('',#3643,#3644);
#3643 = CARTESIAN_POINT('',(-87.07762352165,-35.30092822501,4.));
#3644 = VECTOR('',#3645,1.);
#3645 = DIRECTION('',(0.707106781187,0.707106781187,-3.925231146709E-17)
  );
#3646 = PCURVE('',#129,#3647);
#3647 = DEFINITIONAL_REPRESENTATION('',(#3648),#3652);
#3648 = LINE('',#3649,#3650);
#3649 = CARTESIAN_POINT('',(-1.853643836458,-7.));
#3650 = VECTOR('',#3651,1.);
#3651 = DIRECTION('',(-1.,3.925231146709E-17));
#3652 = ( GEOMETRIC_REPRESENTATION_CONTEXT(2) 
PARAMETRIC_REPRESENTATION_CONTEXT() REPRESENTATION_CONTEXT('2D SPACE',''
  ) );
#3653 = PCURVE('',#1609,#3654);
#3654 = DEFINITIONAL_REPRESENTATION('',(#3655),#3659);
#3655 = LINE('',#3656,#3657);
#3656 = CARTESIAN_POINT('',(-87.07762352165,84.456175268325));
#3657 = VECTOR('',#3658,1.);
#3658 = DIRECTION('',(0.707106781187,0.707106781187));
#3659 = ( GEOMETRIC_REPRESENTATION_CONTEXT(2) 
PARAMETRIC_REPRESENTATION_CONTEXT() REPRESENTATION_CONTEXT('2D SPACE',''
  ) );
#3660 = ORIENTED_EDGE('',*,*,#3661,.F.);
#3661 = EDGE_CURVE('',#86,#3639,#3662,.T.);
#3662 = SURFACE_CURVE('',#3663,(#3667,#3674),.PCURVE_S1.);
#3663 = LINE('',#3664,#3665);
#3664 = CARTESIAN_POINT('',(-36.77669529663,15.000000000003,-3.));
#3665 = VECTOR('',#3666,1.);
#3666 = DIRECTION('',(2.82044604925E-16,-1.620446049251E-16,1.));
#3667 = PCURVE('',#129,#3668);
#3668 = DEFINITIONAL_REPRESENTATION('',(#3669),#3673);
#3669 = LINE('',#3670,#3671);
#3670 = CARTESIAN_POINT('',(-72.98989873223,-2.975397705995E-14));
#3671 = VECTOR('',#3672,1.);
#3672 = DIRECTION('',(-8.485281374235E-17,-1.));
#3673 = ( GEOMETRIC_REPRESENTATION_CONTEXT(2) 
PARAMETRIC_REPRESENTATION_CONTEXT() REPRESENTATION_CONTEXT('2D SPACE',''
  ) );
#3674 = PCURVE('',#101,#3675);
#3675 = DEFINITIONAL_REPRESENTATION('',(#3676),#3680);
#3676 = LINE('',#3677,#3678);
#3677 = CARTESIAN_POINT('',(22.187122821742,3.458091334237E-14));
#3678 = VECTOR('',#3679,1.);
#3679 = DIRECTION('',(-2.310223024625E-16,-1.));
#3680 = ( GEOMETRIC_REPRESENTATION_CONTEXT(2) 
PARAMETRIC_REPRESENTATION_CONTEXT() REPRESENTATION_CONTEXT('2D SPACE',''
  ) );
#3681 = ADVANCED_FACE('',(#3682),#101,.T.);
#3682 = FACE_BOUND('',#3683,.T.);
#3683 = EDGE_LOOP('',(#3684,#3685,#3708,#3729));
#3684 = ORIENTED_EDGE('',*,*,#85,.F.);
#3685 = ORIENTED_EDGE('',*,*,#3686,.T.);
#3686 = EDGE_CURVE('',#57,#3687,#3689,.T.);
#3687 = VERTEX_POINT('',#3688);
#3688 = CARTESIAN_POINT('',(-14.58957247489,14.999999999999,4.));
#3689 = SURFACE_CURVE('',#3690,(#3694,#3701),.PCURVE_S1.);
#3690 = LINE('',#3691,#3692);
#3691 = CARTESIAN_POINT('',(-14.58957247489,14.999999999999,-3.));
#3692 = VECTOR('',#3693,1.);
#3693 = DIRECTION('',(2.775557561563E-16,-5.102230246252E-17,1.));
#3694 = PCURVE('',#101,#3695);
#3695 = DEFINITIONAL_REPRESENTATION('',(#3696),#3700);
#3696 = LINE('',#3697,#3698);
#3697 = CARTESIAN_POINT('',(-1.59872115546E-14,3.01980662698E-14));
#3698 = VECTOR('',#3699,1.);
#3699 = DIRECTION('',(-1.710223024625E-16,-1.));
#3700 = ( GEOMETRIC_REPRESENTATION_CONTEXT(2) 
PARAMETRIC_REPRESENTATION_CONTEXT() REPRESENTATION_CONTEXT('2D SPACE',''
  ) );
#3701 = PCURVE('',#73,#3702);
#3702 = DEFINITIONAL_REPRESENTATION('',(#3703),#3707);
#3703 = LINE('',#3704,#3705);
#3704 = CARTESIAN_POINT('',(-3.91312102529,0.));
#3705 = VECTOR('',#3706,1.);
#3706 = DIRECTION('',(-0.,-1.));
#3707 = ( GEOMETRIC_REPRESENTATION_CONTEXT(2) 
PARAMETRIC_REPRESENTATION_CONTEXT() REPRESENTATION_CONTEXT('2D SPACE',''
  ) );
#3708 = ORIENTED_EDGE('',*,*,#3709,.T.);
#3709 = EDGE_CURVE('',#3687,#3639,#3710,.T.);
#3710 = SURFACE_CURVE('',#3711,(#3715,#3722),.PCURVE_S1.);
#3711 = LINE('',#3712,#3713);
#3712 = CARTESIAN_POINT('',(-14.58957247489,14.999999999999,4.));
#3713 = VECTOR('',#3714,1.);
#3714 = DIRECTION('',(-1.,1.879703996389E-13,1.110223024626E-16));
#3715 = PCURVE('',#101,#3716);
#3716 = DEFINITIONAL_REPRESENTATION('',(#3717),#3721);
#3717 = LINE('',#3718,#3719);
#3718 = CARTESIAN_POINT('',(7.457341758564E-16,-7.));
#3719 = VECTOR('',#3720,1.);
#3720 = DIRECTION('',(1.,5.102230246249E-17));
#3721 = ( GEOMETRIC_REPRESENTATION_CONTEXT(2) 
PARAMETRIC_REPRESENTATION_CONTEXT() REPRESENTATION_CONTEXT('2D SPACE',''
  ) );
#3722 = PCURVE('',#1609,#3723);
#3723 = DEFINITIONAL_REPRESENTATION('',(#3724),#3728);
#3724 = LINE('',#3725,#3726);
#3725 = CARTESIAN_POINT('',(-14.58957247489,134.75710349334));
#3726 = VECTOR('',#3727,1.);
#3727 = DIRECTION('',(-1.,1.883589776975E-13));
#3728 = ( GEOMETRIC_REPRESENTATION_CONTEXT(2) 
PARAMETRIC_REPRESENTATION_CONTEXT() REPRESENTATION_CONTEXT('2D SPACE',''
  ) );
#3729 = ORIENTED_EDGE('',*,*,#3661,.F.);
#3730 = ADVANCED_FACE('',(#3731),#73,.F.);
#3731 = FACE_BOUND('',#3732,.T.);
#3732 = EDGE_LOOP('',(#3733,#3734,#3735,#3757));
#3733 = ORIENTED_EDGE('',*,*,#56,.F.);
#3734 = ORIENTED_EDGE('',*,*,#1570,.T.);
#3735 = ORIENTED_EDGE('',*,*,#3736,.T.);
#3736 = EDGE_CURVE('',#1571,#3687,#3737,.T.);
#3737 = SURFACE_CURVE('',#3738,(#3743,#3750),.PCURVE_S1.);
#3738 = CIRCLE('',#3739,20.925000000002);
#3739 = AXIS2_PLACEMENT_3D('',#3740,#3741,#3742);
#3740 = CARTESIAN_POINT('',(8.881784197001E-16,-1.7763568394E-15,4.));
#3741 = DIRECTION('',(-1.058977697537E-15,2.612444243844E-15,1.));
#3742 = DIRECTION('',(5.030669073875E-16,-1.,2.612444243844E-15));
#3743 = PCURVE('',#73,#3744);
#3744 = DEFINITIONAL_REPRESENTATION('',(#3745),#3749);
#3745 = LINE('',#3746,#3747);
#3746 = CARTESIAN_POINT('',(-0.,-7.));
#3747 = VECTOR('',#3748,1.);
#3748 = DIRECTION('',(-1.,0.));
#3749 = ( GEOMETRIC_REPRESENTATION_CONTEXT(2) 
PARAMETRIC_REPRESENTATION_CONTEXT() REPRESENTATION_CONTEXT('2D SPACE',''
  ) );
#3750 = PCURVE('',#1609,#3751);
#3751 = DEFINITIONAL_REPRESENTATION('',(#3752),#3756);
#3752 = CIRCLE('',#3753,20.925000000002);
#3753 = AXIS2_PLACEMENT_2D('',#3754,#3755);
#3754 = CARTESIAN_POINT('',(1.445922428198E-13,119.75710349334));
#3755 = DIRECTION('',(5.897769753748E-17,-1.));
#3756 = ( GEOMETRIC_REPRESENTATION_CONTEXT(2) 
PARAMETRIC_REPRESENTATION_CONTEXT() REPRESENTATION_CONTEXT('2D SPACE',''
  ) );
#3757 = ORIENTED_EDGE('',*,*,#3686,.F.);
#3758 = ADVANCED_FACE('',(#3759),#1058,.F.);
#3759 = FACE_BOUND('',#3760,.T.);
#3760 = EDGE_LOOP('',(#3761,#3784,#3806,#3807));
#3761 = ORIENTED_EDGE('',*,*,#3762,.T.);
#3762 = EDGE_CURVE('',#1038,#3763,#3765,.T.);
#3763 = VERTEX_POINT('',#3764);
#3764 = CARTESIAN_POINT('',(-50.,-232.25,-3.));
#3765 = SEAM_CURVE('',#3766,(#3770,#3777),.PCURVE_S1.);
#3766 = LINE('',#3767,#3768);
#3767 = CARTESIAN_POINT('',(-50.,-232.25,2.338879075583E-14));
#3768 = VECTOR('',#3769,1.);
#3769 = DIRECTION('',(-2.775557561563E-16,5.102230246252E-17,-1.));
#3770 = PCURVE('',#1058,#3771);
#3771 = DEFINITIONAL_REPRESENTATION('',(#3772),#3776);
#3772 = LINE('',#3773,#3774);
#3773 = CARTESIAN_POINT('',(-0.,0.));
#3774 = VECTOR('',#3775,1.);
#3775 = DIRECTION('',(-0.,-1.));
#3776 = ( GEOMETRIC_REPRESENTATION_CONTEXT(2) 
PARAMETRIC_REPRESENTATION_CONTEXT() REPRESENTATION_CONTEXT('2D SPACE',''
  ) );
#3777 = PCURVE('',#1058,#3778);
#3778 = DEFINITIONAL_REPRESENTATION('',(#3779),#3783);
#3779 = LINE('',#3780,#3781);
#3780 = CARTESIAN_POINT('',(-6.28318530718,0.));
#3781 = VECTOR('',#3782,1.);
#3782 = DIRECTION('',(-0.,-1.));
#3783 = ( GEOMETRIC_REPRESENTATION_CONTEXT(2) 
PARAMETRIC_REPRESENTATION_CONTEXT() REPRESENTATION_CONTEXT('2D SPACE',''
  ) );
#3784 = ORIENTED_EDGE('',*,*,#3785,.T.);
#3785 = EDGE_CURVE('',#3763,#3763,#3786,.T.);
#3786 = SURFACE_CURVE('',#3787,(#3792,#3799),.PCURVE_S1.);
#3787 = CIRCLE('',#3788,2.75);
#3788 = AXIS2_PLACEMENT_3D('',#3789,#3790,#3791);
#3789 = CARTESIAN_POINT('',(-50.,-235.,-3.));
#3790 = DIRECTION('',(-1.110223024625E-16,2.775557561563E-16,-1.));
#3791 = DIRECTION('',(-3.330669073875E-16,1.,2.775557561563E-16));
#3792 = PCURVE('',#1058,#3793);
#3793 = DEFINITIONAL_REPRESENTATION('',(#3794),#3798);
#3794 = LINE('',#3795,#3796);
#3795 = CARTESIAN_POINT('',(-0.,-3.));
#3796 = VECTOR('',#3797,1.);
#3797 = DIRECTION('',(-1.,0.));
#3798 = ( GEOMETRIC_REPRESENTATION_CONTEXT(2) 
PARAMETRIC_REPRESENTATION_CONTEXT() REPRESENTATION_CONTEXT('2D SPACE',''
  ) );
#3799 = PCURVE('',#1714,#3800);
#3800 = DEFINITIONAL_REPRESENTATION('',(#3801),#3805);
#3801 = CIRCLE('',#3802,2.75);
#3802 = AXIS2_PLACEMENT_2D('',#3803,#3804);
#3803 = CARTESIAN_POINT('',(50.,-115.1496165458));
#3804 = DIRECTION('',(-1.110223024625E-16,1.));
#3805 = ( GEOMETRIC_REPRESENTATION_CONTEXT(2) 
PARAMETRIC_REPRESENTATION_CONTEXT() REPRESENTATION_CONTEXT('2D SPACE',''
  ) );
#3806 = ORIENTED_EDGE('',*,*,#3762,.F.);
#3807 = ORIENTED_EDGE('',*,*,#1037,.F.);
#3808 = ADVANCED_FACE('',(#3809),#1093,.F.);
#3809 = FACE_BOUND('',#3810,.T.);
#3810 = EDGE_LOOP('',(#3811,#3834,#3856,#3857));
#3811 = ORIENTED_EDGE('',*,*,#3812,.T.);
#3812 = EDGE_CURVE('',#1073,#3813,#3815,.T.);
#3813 = VERTEX_POINT('',#3814);
#3814 = CARTESIAN_POINT('',(-50.,-152.25,-3.));
#3815 = SEAM_CURVE('',#3816,(#3820,#3827),.PCURVE_S1.);
#3816 = LINE('',#3817,#3818);
#3817 = CARTESIAN_POINT('',(-50.,-152.25,4.559325124833E-14));
#3818 = VECTOR('',#3819,1.);
#3819 = DIRECTION('',(-2.775557561563E-16,5.102230246252E-17,-1.));
#3820 = PCURVE('',#1093,#3821);
#3821 = DEFINITIONAL_REPRESENTATION('',(#3822),#3826);
#3822 = LINE('',#3823,#3824);
#3823 = CARTESIAN_POINT('',(-0.,0.));
#3824 = VECTOR('',#3825,1.);
#3825 = DIRECTION('',(-0.,-1.));
#3826 = ( GEOMETRIC_REPRESENTATION_CONTEXT(2) 
PARAMETRIC_REPRESENTATION_CONTEXT() REPRESENTATION_CONTEXT('2D SPACE',''
  ) );
#3827 = PCURVE('',#1093,#3828);
#3828 = DEFINITIONAL_REPRESENTATION('',(#3829),#3833);
#3829 = LINE('',#3830,#3831);
#3830 = CARTESIAN_POINT('',(-6.28318530718,0.));
#3831 = VECTOR('',#3832,1.);
#3832 = DIRECTION('',(-0.,-1.));
#3833 = ( GEOMETRIC_REPRESENTATION_CONTEXT(2) 
PARAMETRIC_REPRESENTATION_CONTEXT() REPRESENTATION_CONTEXT('2D SPACE',''
  ) );
#3834 = ORIENTED_EDGE('',*,*,#3835,.T.);
#3835 = EDGE_CURVE('',#3813,#3813,#3836,.T.);
#3836 = SURFACE_CURVE('',#3837,(#3842,#3849),.PCURVE_S1.);
#3837 = CIRCLE('',#3838,2.75);
#3838 = AXIS2_PLACEMENT_3D('',#3839,#3840,#3841);
#3839 = CARTESIAN_POINT('',(-50.,-155.,-3.));
#3840 = DIRECTION('',(-1.110223024625E-16,2.775557561563E-16,-1.));
#3841 = DIRECTION('',(-3.330669073875E-16,1.,2.775557561563E-16));
#3842 = PCURVE('',#1093,#3843);
#3843 = DEFINITIONAL_REPRESENTATION('',(#3844),#3848);
#3844 = LINE('',#3845,#3846);
#3845 = CARTESIAN_POINT('',(-0.,-3.));
#3846 = VECTOR('',#3847,1.);
#3847 = DIRECTION('',(-1.,0.));
#3848 = ( GEOMETRIC_REPRESENTATION_CONTEXT(2) 
PARAMETRIC_REPRESENTATION_CONTEXT() REPRESENTATION_CONTEXT('2D SPACE',''
  ) );
#3849 = PCURVE('',#1714,#3850);
#3850 = DEFINITIONAL_REPRESENTATION('',(#3851),#3855);
#3851 = CIRCLE('',#3852,2.75);
#3852 = AXIS2_PLACEMENT_2D('',#3853,#3854);
#3853 = CARTESIAN_POINT('',(50.,-35.14961654586));
#3854 = DIRECTION('',(-1.110223024625E-16,1.));
#3855 = ( GEOMETRIC_REPRESENTATION_CONTEXT(2) 
PARAMETRIC_REPRESENTATION_CONTEXT() REPRESENTATION_CONTEXT('2D SPACE',''
  ) );
#3856 = ORIENTED_EDGE('',*,*,#3812,.F.);
#3857 = ORIENTED_EDGE('',*,*,#1072,.F.);
#3858 = ADVANCED_FACE('',(#3859),#1128,.F.);
#3859 = FACE_BOUND('',#3860,.T.);
#3860 = EDGE_LOOP('',(#3861,#3884,#3906,#3907));
#3861 = ORIENTED_EDGE('',*,*,#3862,.T.);
#3862 = EDGE_CURVE('',#1108,#3863,#3865,.T.);
#3863 = VERTEX_POINT('',#3864);
#3864 = CARTESIAN_POINT('',(50.,-232.25,-3.));
#3865 = SEAM_CURVE('',#3866,(#3870,#3877),.PCURVE_S1.);
#3866 = LINE('',#3867,#3868);
#3867 = CARTESIAN_POINT('',(50.,-232.25,1.783656050958E-14));
#3868 = VECTOR('',#3869,1.);
#3869 = DIRECTION('',(-2.775557561563E-16,5.102230246252E-17,-1.));
#3870 = PCURVE('',#1128,#3871);
#3871 = DEFINITIONAL_REPRESENTATION('',(#3872),#3876);
#3872 = LINE('',#3873,#3874);
#3873 = CARTESIAN_POINT('',(-0.,0.));
#3874 = VECTOR('',#3875,1.);
#3875 = DIRECTION('',(-0.,-1.));
#3876 = ( GEOMETRIC_REPRESENTATION_CONTEXT(2) 
PARAMETRIC_REPRESENTATION_CONTEXT() REPRESENTATION_CONTEXT('2D SPACE',''
  ) );
#3877 = PCURVE('',#1128,#3878);
#3878 = DEFINITIONAL_REPRESENTATION('',(#3879),#3883);
#3879 = LINE('',#3880,#3881);
#3880 = CARTESIAN_POINT('',(-6.28318530718,0.));
#3881 = VECTOR('',#3882,1.);
#3882 = DIRECTION('',(-0.,-1.));
#3883 = ( GEOMETRIC_REPRESENTATION_CONTEXT(2) 
PARAMETRIC_REPRESENTATION_CONTEXT() REPRESENTATION_CONTEXT('2D SPACE',''
  ) );
#3884 = ORIENTED_EDGE('',*,*,#3885,.T.);
#3885 = EDGE_CURVE('',#3863,#3863,#3886,.T.);
#3886 = SURFACE_CURVE('',#3887,(#3892,#3899),.PCURVE_S1.);
#3887 = CIRCLE('',#3888,2.75);
#3888 = AXIS2_PLACEMENT_3D('',#3889,#3890,#3891);
#3889 = CARTESIAN_POINT('',(50.,-235.,-3.));
#3890 = DIRECTION('',(-1.110223024625E-16,2.775557561563E-16,-1.));
#3891 = DIRECTION('',(-3.330669073875E-16,1.,2.775557561563E-16));
#3892 = PCURVE('',#1128,#3893);
#3893 = DEFINITIONAL_REPRESENTATION('',(#3894),#3898);
#3894 = LINE('',#3895,#3896);
#3895 = CARTESIAN_POINT('',(-0.,-3.));
#3896 = VECTOR('',#3897,1.);
#3897 = DIRECTION('',(-1.,0.));
#3898 = ( GEOMETRIC_REPRESENTATION_CONTEXT(2) 
PARAMETRIC_REPRESENTATION_CONTEXT() REPRESENTATION_CONTEXT('2D SPACE',''
  ) );
#3899 = PCURVE('',#1714,#3900);
#3900 = DEFINITIONAL_REPRESENTATION('',(#3901),#3905);
#3901 = CIRCLE('',#3902,2.75);
#3902 = AXIS2_PLACEMENT_2D('',#3903,#3904);
#3903 = CARTESIAN_POINT('',(-50.,-115.1496165458));
#3904 = DIRECTION('',(-1.110223024625E-16,1.));
#3905 = ( GEOMETRIC_REPRESENTATION_CONTEXT(2) 
PARAMETRIC_REPRESENTATION_CONTEXT() REPRESENTATION_CONTEXT('2D SPACE',''
  ) );
#3906 = ORIENTED_EDGE('',*,*,#3862,.F.);
#3907 = ORIENTED_EDGE('',*,*,#1107,.F.);
#3908 = ADVANCED_FACE('',(#3909),#1160,.T.);
#3909 = FACE_BOUND('',#3910,.T.);
#3910 = EDGE_LOOP('',(#3911,#3934,#3957,#3978));
#3911 = ORIENTED_EDGE('',*,*,#3912,.T.);
#3912 = EDGE_CURVE('',#1143,#3913,#3915,.T.);
#3913 = VERTEX_POINT('',#3914);
#3914 = CARTESIAN_POINT('',(16.89881876819,-12.34040312307,-3.));
#3915 = SURFACE_CURVE('',#3916,(#3920,#3927),.PCURVE_S1.);
#3916 = LINE('',#3917,#3918);
#3917 = CARTESIAN_POINT('',(16.89881876819,-12.34040312307,
    9.288870431136E-14));
#3918 = VECTOR('',#3919,1.);
#3919 = DIRECTION('',(-2.775557561563E-16,5.102230246252E-17,-1.));
#3920 = PCURVE('',#1160,#3921);
#3921 = DEFINITIONAL_REPRESENTATION('',(#3922),#3926);
#3922 = LINE('',#3923,#3924);
#3923 = CARTESIAN_POINT('',(-1.947936773814E-14,1.218E-14));
#3924 = VECTOR('',#3925,1.);
#3925 = DIRECTION('',(1.617583201098E-16,-1.));
#3926 = ( GEOMETRIC_REPRESENTATION_CONTEXT(2) 
PARAMETRIC_REPRESENTATION_CONTEXT() REPRESENTATION_CONTEXT('2D SPACE',''
  ) );
#3927 = PCURVE('',#1357,#3928);
#3928 = DEFINITIONAL_REPRESENTATION('',(#3929),#3933);
#3929 = LINE('',#3930,#3931);
#3930 = CARTESIAN_POINT('',(7.223239235129,-1.218E-14));
#3931 = VECTOR('',#3932,1.);
#3932 = DIRECTION('',(4.E-17,-1.));
#3933 = ( GEOMETRIC_REPRESENTATION_CONTEXT(2) 
PARAMETRIC_REPRESENTATION_CONTEXT() REPRESENTATION_CONTEXT('2D SPACE',''
  ) );
#3934 = ORIENTED_EDGE('',*,*,#3935,.T.);
#3935 = EDGE_CURVE('',#3913,#3936,#3938,.T.);
#3936 = VERTEX_POINT('',#3937);
#3937 = CARTESIAN_POINT('',(25.,-115.,-3.));
#3938 = SURFACE_CURVE('',#3939,(#3943,#3950),.PCURVE_S1.);
#3939 = LINE('',#3940,#3941);
#3940 = CARTESIAN_POINT('',(16.89881876819,-12.34040312307,-3.));
#3941 = VECTOR('',#3942,1.);
#3942 = DIRECTION('',(7.866847876273E-02,-0.996900832806,
    -2.854295201057E-16));
#3943 = PCURVE('',#1160,#3944);
#3944 = DEFINITIONAL_REPRESENTATION('',(#3945),#3949);
#3945 = LINE('',#3946,#3947);
#3946 = CARTESIAN_POINT('',(-4.443165343893E-15,-3.));
#3947 = VECTOR('',#3948,1.);
#3948 = DIRECTION('',(1.,-1.019442701415E-16));
#3949 = ( GEOMETRIC_REPRESENTATION_CONTEXT(2) 
PARAMETRIC_REPRESENTATION_CONTEXT() REPRESENTATION_CONTEXT('2D SPACE',''
  ) );
#3950 = PCURVE('',#1714,#3951);
#3951 = DEFINITIONAL_REPRESENTATION('',(#3952),#3956);
#3952 = LINE('',#3953,#3954);
#3953 = CARTESIAN_POINT('',(-16.89881876819,107.50998033106));
#3954 = VECTOR('',#3955,1.);
#3955 = DIRECTION('',(-7.866847876273E-02,-0.996900832806));
#3956 = ( GEOMETRIC_REPRESENTATION_CONTEXT(2) 
PARAMETRIC_REPRESENTATION_CONTEXT() REPRESENTATION_CONTEXT('2D SPACE',''
  ) );
#3957 = ORIENTED_EDGE('',*,*,#3958,.F.);
#3958 = EDGE_CURVE('',#1145,#3936,#3959,.T.);
#3959 = SURFACE_CURVE('',#3960,(#3964,#3971),.PCURVE_S1.);
#3960 = LINE('',#3961,#3962);
#3961 = CARTESIAN_POINT('',(25.,-115.,5.176553048046E-14));
#3962 = VECTOR('',#3963,1.);
#3963 = DIRECTION('',(-2.775557561563E-16,5.102230246252E-17,-1.));
#3964 = PCURVE('',#1160,#3965);
#3965 = DEFINITIONAL_REPRESENTATION('',(#3966),#3970);
#3966 = LINE('',#3967,#3968);
#3967 = CARTESIAN_POINT('',(102.97874522581,-1.004809302213E-14));
#3968 = VECTOR('',#3969,1.);
#3969 = DIRECTION('',(1.617583201098E-16,-1.));
#3970 = ( GEOMETRIC_REPRESENTATION_CONTEXT(2) 
PARAMETRIC_REPRESENTATION_CONTEXT() REPRESENTATION_CONTEXT('2D SPACE',''
  ) );
#3971 = PCURVE('',#1188,#3972);
#3972 = DEFINITIONAL_REPRESENTATION('',(#3973),#3977);
#3973 = LINE('',#3974,#3975);
#3974 = CARTESIAN_POINT('',(3.552713678801E-15,-7.083800552566E-30));
#3975 = VECTOR('',#3976,1.);
#3976 = DIRECTION('',(1.710223024625E-16,-1.));
#3977 = ( GEOMETRIC_REPRESENTATION_CONTEXT(2) 
PARAMETRIC_REPRESENTATION_CONTEXT() REPRESENTATION_CONTEXT('2D SPACE',''
  ) );
#3978 = ORIENTED_EDGE('',*,*,#1142,.F.);
#3979 = ADVANCED_FACE('',(#3980),#1357,.T.);
#3980 = FACE_BOUND('',#3981,.T.);
#3981 = EDGE_LOOP('',(#3982,#4010,#4011,#4012,#4013,#4036));
#3982 = ORIENTED_EDGE('',*,*,#3983,.T.);
#3983 = EDGE_CURVE('',#3984,#3913,#3986,.T.);
#3984 = VERTEX_POINT('',#3985);
#3985 = CARTESIAN_POINT('',(9.464862061824E-15,-20.925,-3.));
#3986 = SURFACE_CURVE('',#3987,(#3992,#3999),.PCURVE_S1.);
#3987 = CIRCLE('',#3988,20.925000000002);
#3988 = AXIS2_PLACEMENT_3D('',#3989,#3990,#3991);
#3989 = CARTESIAN_POINT('',(-6.661338147751E-16,8.881784197001E-16,-3.)
  );
#3990 = DIRECTION('',(-4.389776975375E-16,9.424442438437E-16,1.));
#3991 = DIRECTION('',(5.530669073875E-16,-1.,9.424442438437E-16));
#3992 = PCURVE('',#1357,#3993);
#3993 = DEFINITIONAL_REPRESENTATION('',(#3994),#3998);
#3994 = LINE('',#3995,#3996);
#3995 = CARTESIAN_POINT('',(6.28318530718,-3.));
#3996 = VECTOR('',#3997,1.);
#3997 = DIRECTION('',(1.,0.));
#3998 = ( GEOMETRIC_REPRESENTATION_CONTEXT(2) 
PARAMETRIC_REPRESENTATION_CONTEXT() REPRESENTATION_CONTEXT('2D SPACE',''
  ) );
#3999 = PCURVE('',#1714,#4000);
#4000 = DEFINITIONAL_REPRESENTATION('',(#4001),#4009);
#4001 = ( BOUNDED_CURVE() B_SPLINE_CURVE(2,(#4002,#4003,#4004,#4005,
#4006,#4007,#4008),.UNSPECIFIED.,.T.,.F.) B_SPLINE_CURVE_WITH_KNOTS((1,2
    ,2,2,2,1),(-2.094395102393,0.,2.094395102393,4.188790204786,
6.28318530718,8.377580409573),.UNSPECIFIED.) CURVE() 
GEOMETRIC_REPRESENTATION_ITEM() RATIONAL_B_SPLINE_CURVE((1.,0.5,1.,0.5,
1.,0.5,1.)) REPRESENTATION_ITEM('') );
#4002 = CARTESIAN_POINT('',(-2.370729572968E-13,98.925383454137));
#4003 = CARTESIAN_POINT('',(-36.24316314838,98.925383454137));
#4004 = CARTESIAN_POINT('',(-18.12158157419,130.31288345414));
#4005 = CARTESIAN_POINT('',(-2.353570291883E-13,161.70038345414));
#4006 = CARTESIAN_POINT('',(18.121581574191,130.31288345414));
#4007 = CARTESIAN_POINT('',(36.243163148382,98.925383454137));
#4008 = CARTESIAN_POINT('',(-2.370729572968E-13,98.925383454137));
#4009 = ( GEOMETRIC_REPRESENTATION_CONTEXT(2) 
PARAMETRIC_REPRESENTATION_CONTEXT() REPRESENTATION_CONTEXT('2D SPACE',''
  ) );
#4010 = ORIENTED_EDGE('',*,*,#3912,.F.);
#4011 = ORIENTED_EDGE('',*,*,#1369,.F.);
#4012 = ORIENTED_EDGE('',*,*,#1340,.F.);
#4013 = ORIENTED_EDGE('',*,*,#4014,.T.);
#4014 = EDGE_CURVE('',#1313,#4015,#4017,.T.);
#4015 = VERTEX_POINT('',#4016);
#4016 = CARTESIAN_POINT('',(-16.89881876819,-12.34040312307,-3.));
#4017 = SURFACE_CURVE('',#4018,(#4022,#4029),.PCURVE_S1.);
#4018 = LINE('',#4019,#4020);
#4019 = CARTESIAN_POINT('',(-16.89881876819,-12.34040312307,
    8.544099584844E-14));
#4020 = VECTOR('',#4021,1.);
#4021 = DIRECTION('',(-2.775557561563E-16,5.102230246252E-17,-1.));
#4022 = PCURVE('',#1357,#4023);
#4023 = DEFINITIONAL_REPRESENTATION('',(#4024),#4028);
#4024 = LINE('',#4025,#4026);
#4025 = CARTESIAN_POINT('',(5.34313137923,0.));
#4026 = VECTOR('',#4027,1.);
#4027 = DIRECTION('',(0.,-1.));
#4028 = ( GEOMETRIC_REPRESENTATION_CONTEXT(2) 
PARAMETRIC_REPRESENTATION_CONTEXT() REPRESENTATION_CONTEXT('2D SPACE',''
  ) );
#4029 = PCURVE('',#1328,#4030);
#4030 = DEFINITIONAL_REPRESENTATION('',(#4031),#4035);
#4031 = LINE('',#4032,#4033);
#4032 = CARTESIAN_POINT('',(-1.947936773814E-14,2.85E-15));
#4033 = VECTOR('',#4034,1.);
#4034 = DIRECTION('',(1.792262313967E-16,-1.));
#4035 = ( GEOMETRIC_REPRESENTATION_CONTEXT(2) 
PARAMETRIC_REPRESENTATION_CONTEXT() REPRESENTATION_CONTEXT('2D SPACE',''
  ) );
#4036 = ORIENTED_EDGE('',*,*,#4037,.T.);
#4037 = EDGE_CURVE('',#4015,#3984,#4038,.T.);
#4038 = SURFACE_CURVE('',#4039,(#4044,#4051),.PCURVE_S1.);
#4039 = CIRCLE('',#4040,20.925000000002);
#4040 = AXIS2_PLACEMENT_3D('',#4041,#4042,#4043);
#4041 = CARTESIAN_POINT('',(-6.661338147751E-16,8.881784197001E-16,-3.)
  );
#4042 = DIRECTION('',(-4.389776975375E-16,9.424442438437E-16,1.));
#4043 = DIRECTION('',(5.530669073875E-16,-1.,9.424442438437E-16));
#4044 = PCURVE('',#1357,#4045);
#4045 = DEFINITIONAL_REPRESENTATION('',(#4046),#4050);
#4046 = LINE('',#4047,#4048);
#4047 = CARTESIAN_POINT('',(0.,-3.));
#4048 = VECTOR('',#4049,1.);
#4049 = DIRECTION('',(1.,0.));
#4050 = ( GEOMETRIC_REPRESENTATION_CONTEXT(2) 
PARAMETRIC_REPRESENTATION_CONTEXT() REPRESENTATION_CONTEXT('2D SPACE',''
  ) );
#4051 = PCURVE('',#1714,#4052);
#4052 = DEFINITIONAL_REPRESENTATION('',(#4053),#4061);
#4053 = ( BOUNDED_CURVE() B_SPLINE_CURVE(2,(#4054,#4055,#4056,#4057,
#4058,#4059,#4060),.UNSPECIFIED.,.T.,.F.) B_SPLINE_CURVE_WITH_KNOTS((1,2
    ,2,2,2,1),(-2.094395102393,0.,2.094395102393,4.188790204786,
6.28318530718,8.377580409573),.UNSPECIFIED.) CURVE() 
GEOMETRIC_REPRESENTATION_ITEM() RATIONAL_B_SPLINE_CURVE((1.,0.5,1.,0.5,
1.,0.5,1.)) REPRESENTATION_ITEM('') );
#4054 = CARTESIAN_POINT('',(-2.370729572968E-13,98.925383454137));
#4055 = CARTESIAN_POINT('',(-36.24316314838,98.925383454137));
#4056 = CARTESIAN_POINT('',(-18.12158157419,130.31288345414));
#4057 = CARTESIAN_POINT('',(-2.353570291883E-13,161.70038345414));
#4058 = CARTESIAN_POINT('',(18.121581574191,130.31288345414));
#4059 = CARTESIAN_POINT('',(36.243163148382,98.925383454137));
#4060 = CARTESIAN_POINT('',(-2.370729572968E-13,98.925383454137));
#4061 = ( GEOMETRIC_REPRESENTATION_CONTEXT(2) 
PARAMETRIC_REPRESENTATION_CONTEXT() REPRESENTATION_CONTEXT('2D SPACE',''
  ) );
#4062 = ADVANCED_FACE('',(#4063),#1188,.T.);
#4063 = FACE_BOUND('',#4064,.T.);
#4064 = EDGE_LOOP('',(#4065,#4066,#4089,#4110));
#4065 = ORIENTED_EDGE('',*,*,#3958,.T.);
#4066 = ORIENTED_EDGE('',*,*,#4067,.T.);
#4067 = EDGE_CURVE('',#3936,#4068,#4070,.T.);
#4068 = VERTEX_POINT('',#4069);
#4069 = CARTESIAN_POINT('',(20.,-115.,-3.));
#4070 = SURFACE_CURVE('',#4071,(#4075,#4082),.PCURVE_S1.);
#4071 = LINE('',#4072,#4073);
#4072 = CARTESIAN_POINT('',(25.,-115.,-3.));
#4073 = VECTOR('',#4074,1.);
#4074 = DIRECTION('',(-1.,-4.996003610813E-16,1.110223024625E-16));
#4075 = PCURVE('',#1188,#4076);
#4076 = DEFINITIONAL_REPRESENTATION('',(#4077),#4081);
#4077 = LINE('',#4078,#4079);
#4078 = CARTESIAN_POINT('',(-3.229402347029E-14,-3.));
#4079 = VECTOR('',#4080,1.);
#4080 = DIRECTION('',(1.,-5.102230246252E-17));
#4081 = ( GEOMETRIC_REPRESENTATION_CONTEXT(2) 
PARAMETRIC_REPRESENTATION_CONTEXT() REPRESENTATION_CONTEXT('2D SPACE',''
  ) );
#4082 = PCURVE('',#1714,#4083);
#4083 = DEFINITIONAL_REPRESENTATION('',(#4084),#4088);
#4084 = LINE('',#4085,#4086);
#4085 = CARTESIAN_POINT('',(-25.,4.850383454139));
#4086 = VECTOR('',#4087,1.);
#4087 = DIRECTION('',(1.,-1.110223024625E-16));
#4088 = ( GEOMETRIC_REPRESENTATION_CONTEXT(2) 
PARAMETRIC_REPRESENTATION_CONTEXT() REPRESENTATION_CONTEXT('2D SPACE',''
  ) );
#4089 = ORIENTED_EDGE('',*,*,#4090,.F.);
#4090 = EDGE_CURVE('',#1173,#4068,#4091,.T.);
#4091 = SURFACE_CURVE('',#4092,(#4096,#4103),.PCURVE_S1.);
#4092 = LINE('',#4093,#4094);
#4093 = CARTESIAN_POINT('',(20.,-115.,5.205064199278E-14));
#4094 = VECTOR('',#4095,1.);
#4095 = DIRECTION('',(-2.775557561563E-16,5.102230246252E-17,-1.));
#4096 = PCURVE('',#1188,#4097);
#4097 = DEFINITIONAL_REPRESENTATION('',(#4098),#4102);
#4098 = LINE('',#4099,#4100);
#4099 = CARTESIAN_POINT('',(5.,-5.251115123126E-16));
#4100 = VECTOR('',#4101,1.);
#4101 = DIRECTION('',(1.710223024625E-16,-1.));
#4102 = ( GEOMETRIC_REPRESENTATION_CONTEXT(2) 
PARAMETRIC_REPRESENTATION_CONTEXT() REPRESENTATION_CONTEXT('2D SPACE',''
  ) );
#4103 = PCURVE('',#1216,#4104);
#4104 = DEFINITIONAL_REPRESENTATION('',(#4105),#4109);
#4105 = LINE('',#4106,#4107);
#4106 = CARTESIAN_POINT('',(105.,1.165734175856E-14));
#4107 = VECTOR('',#4108,1.);
#4108 = DIRECTION('',(-1.710223024625E-16,-1.));
#4109 = ( GEOMETRIC_REPRESENTATION_CONTEXT(2) 
PARAMETRIC_REPRESENTATION_CONTEXT() REPRESENTATION_CONTEXT('2D SPACE',''
  ) );
#4110 = ORIENTED_EDGE('',*,*,#1172,.F.);
#4111 = ADVANCED_FACE('',(#4112),#1216,.F.);
#4112 = FACE_BOUND('',#4113,.F.);
#4113 = EDGE_LOOP('',(#4114,#4137,#4158,#4159));
#4114 = ORIENTED_EDGE('',*,*,#4115,.T.);
#4115 = EDGE_CURVE('',#1201,#4116,#4118,.T.);
#4116 = VERTEX_POINT('',#4117);
#4117 = CARTESIAN_POINT('',(20.000000000002,-220.,-3.));
#4118 = SURFACE_CURVE('',#4119,(#4123,#4130),.PCURVE_S1.);
#4119 = LINE('',#4120,#4121);
#4120 = CARTESIAN_POINT('',(20.000000000002,-220.,2.290728759637E-14));
#4121 = VECTOR('',#4122,1.);
#4122 = DIRECTION('',(-2.775557561563E-16,5.102230246252E-17,-1.));
#4123 = PCURVE('',#1216,#4124);
#4124 = DEFINITIONAL_REPRESENTATION('',(#4125),#4129);
#4125 = LINE('',#4126,#4127);
#4126 = CARTESIAN_POINT('',(2.84217094304E-14,7.88860905221E-30));
#4127 = VECTOR('',#4128,1.);
#4128 = DIRECTION('',(-1.710223024625E-16,-1.));
#4129 = ( GEOMETRIC_REPRESENTATION_CONTEXT(2) 
PARAMETRIC_REPRESENTATION_CONTEXT() REPRESENTATION_CONTEXT('2D SPACE',''
  ) );
#4130 = PCURVE('',#1244,#4131);
#4131 = DEFINITIONAL_REPRESENTATION('',(#4132),#4136);
#4132 = LINE('',#4133,#4134);
#4133 = CARTESIAN_POINT('',(40.000000000002,4.270892098501E-15));
#4134 = VECTOR('',#4135,1.);
#4135 = DIRECTION('',(-1.710223024625E-16,-1.));
#4136 = ( GEOMETRIC_REPRESENTATION_CONTEXT(2) 
PARAMETRIC_REPRESENTATION_CONTEXT() REPRESENTATION_CONTEXT('2D SPACE',''
  ) );
#4137 = ORIENTED_EDGE('',*,*,#4138,.T.);
#4138 = EDGE_CURVE('',#4116,#4068,#4139,.T.);
#4139 = SURFACE_CURVE('',#4140,(#4144,#4151),.PCURVE_S1.);
#4140 = LINE('',#4141,#4142);
#4141 = CARTESIAN_POINT('',(20.,-220.,-3.));
#4142 = VECTOR('',#4143,1.);
#4143 = DIRECTION('',(-7.730669073875E-16,1.,2.775557561563E-16));
#4144 = PCURVE('',#1216,#4145);
#4145 = DEFINITIONAL_REPRESENTATION('',(#4146),#4150);
#4146 = LINE('',#4147,#4148);
#4147 = CARTESIAN_POINT('',(-8.326672684689E-16,-3.));
#4148 = VECTOR('',#4149,1.);
#4149 = DIRECTION('',(1.,1.110223024625E-16));
#4150 = ( GEOMETRIC_REPRESENTATION_CONTEXT(2) 
PARAMETRIC_REPRESENTATION_CONTEXT() REPRESENTATION_CONTEXT('2D SPACE',''
  ) );
#4151 = PCURVE('',#1714,#4152);
#4152 = DEFINITIONAL_REPRESENTATION('',(#4153),#4157);
#4153 = LINE('',#4154,#4155);
#4154 = CARTESIAN_POINT('',(-20.,-100.1496165458));
#4155 = VECTOR('',#4156,1.);
#4156 = DIRECTION('',(3.289776975375E-16,1.));
#4157 = ( GEOMETRIC_REPRESENTATION_CONTEXT(2) 
PARAMETRIC_REPRESENTATION_CONTEXT() REPRESENTATION_CONTEXT('2D SPACE',''
  ) );
#4158 = ORIENTED_EDGE('',*,*,#4090,.F.);
#4159 = ORIENTED_EDGE('',*,*,#1200,.F.);
#4160 = ADVANCED_FACE('',(#4161),#1328,.F.);
#4161 = FACE_BOUND('',#4162,.F.);
#4162 = EDGE_LOOP('',(#4163,#4164,#4187,#4208));
#4163 = ORIENTED_EDGE('',*,*,#4014,.T.);
#4164 = ORIENTED_EDGE('',*,*,#4165,.T.);
#4165 = EDGE_CURVE('',#4015,#4166,#4168,.T.);
#4166 = VERTEX_POINT('',#4167);
#4167 = CARTESIAN_POINT('',(-25.,-115.,-3.));
#4168 = SURFACE_CURVE('',#4169,(#4173,#4180),.PCURVE_S1.);
#4169 = LINE('',#4170,#4171);
#4170 = CARTESIAN_POINT('',(-16.89881876819,-12.34040312307,-3.));
#4171 = VECTOR('',#4172,1.);
#4172 = DIRECTION('',(-7.866847876273E-02,-0.996900832806,
    -2.679616088188E-16));
#4173 = PCURVE('',#1328,#4174);
#4174 = DEFINITIONAL_REPRESENTATION('',(#4175),#4179);
#4175 = LINE('',#4176,#4177);
#4176 = CARTESIAN_POINT('',(2.56163550555E-15,-3.));
#4177 = VECTOR('',#4178,1.);
#4178 = DIRECTION('',(1.,-1.194121814284E-16));
#4179 = ( GEOMETRIC_REPRESENTATION_CONTEXT(2) 
PARAMETRIC_REPRESENTATION_CONTEXT() REPRESENTATION_CONTEXT('2D SPACE',''
  ) );
#4180 = PCURVE('',#1714,#4181);
#4181 = DEFINITIONAL_REPRESENTATION('',(#4182),#4186);
#4182 = LINE('',#4183,#4184);
#4183 = CARTESIAN_POINT('',(16.89881876819,107.50998033106));
#4184 = VECTOR('',#4185,1.);
#4185 = DIRECTION('',(7.866847876273E-02,-0.996900832806));
#4186 = ( GEOMETRIC_REPRESENTATION_CONTEXT(2) 
PARAMETRIC_REPRESENTATION_CONTEXT() REPRESENTATION_CONTEXT('2D SPACE',''
  ) );
#4187 = ORIENTED_EDGE('',*,*,#4188,.F.);
#4188 = EDGE_CURVE('',#1285,#4166,#4189,.T.);
#4189 = SURFACE_CURVE('',#4190,(#4194,#4201),.PCURVE_S1.);
#4190 = LINE('',#4191,#4192);
#4191 = CARTESIAN_POINT('',(-25.,-115.,5.454664560359E-14));
#4192 = VECTOR('',#4193,1.);
#4193 = DIRECTION('',(-2.775557561563E-16,5.102230246252E-17,-1.));
#4194 = PCURVE('',#1328,#4195);
#4195 = DEFINITIONAL_REPRESENTATION('',(#4196),#4200);
#4196 = LINE('',#4197,#4198);
#4197 = CARTESIAN_POINT('',(102.97874522581,-1.274691660817E-14));
#4198 = VECTOR('',#4199,1.);
#4199 = DIRECTION('',(1.792262313967E-16,-1.));
#4200 = ( GEOMETRIC_REPRESENTATION_CONTEXT(2) 
PARAMETRIC_REPRESENTATION_CONTEXT() REPRESENTATION_CONTEXT('2D SPACE',''
  ) );
#4201 = PCURVE('',#1300,#4202);
#4202 = DEFINITIONAL_REPRESENTATION('',(#4203),#4207);
#4203 = LINE('',#4204,#4205);
#4204 = CARTESIAN_POINT('',(5.,-5.251115123126E-16));
#4205 = VECTOR('',#4206,1.);
#4206 = DIRECTION('',(1.710223024625E-16,-1.));
#4207 = ( GEOMETRIC_REPRESENTATION_CONTEXT(2) 
PARAMETRIC_REPRESENTATION_CONTEXT() REPRESENTATION_CONTEXT('2D SPACE',''
  ) );
#4208 = ORIENTED_EDGE('',*,*,#1312,.F.);
#4209 = ADVANCED_FACE('',(#4210),#1244,.F.);
#4210 = FACE_BOUND('',#4211,.F.);
#4211 = EDGE_LOOP('',(#4212,#4235,#4256,#4257));
#4212 = ORIENTED_EDGE('',*,*,#4213,.T.);
#4213 = EDGE_CURVE('',#1229,#4214,#4216,.T.);
#4214 = VERTEX_POINT('',#4215);
#4215 = CARTESIAN_POINT('',(-20.,-220.,-3.));
#4216 = SURFACE_CURVE('',#4217,(#4221,#4228),.PCURVE_S1.);
#4217 = LINE('',#4218,#4219);
#4218 = CARTESIAN_POINT('',(-20.,-220.,2.511817969487E-14));
#4219 = VECTOR('',#4220,1.);
#4220 = DIRECTION('',(-2.775557561563E-16,5.102230246252E-17,-1.));
#4221 = PCURVE('',#1244,#4222);
#4222 = DEFINITIONAL_REPRESENTATION('',(#4223),#4227);
#4223 = LINE('',#4224,#4225);
#4224 = CARTESIAN_POINT('',(2.48689957516E-14,8.565836796472E-30));
#4225 = VECTOR('',#4226,1.);
#4226 = DIRECTION('',(-1.710223024625E-16,-1.));
#4227 = ( GEOMETRIC_REPRESENTATION_CONTEXT(2) 
PARAMETRIC_REPRESENTATION_CONTEXT() REPRESENTATION_CONTEXT('2D SPACE',''
  ) );
#4228 = PCURVE('',#1272,#4229);
#4229 = DEFINITIONAL_REPRESENTATION('',(#4230),#4234);
#4230 = LINE('',#4231,#4232);
#4231 = CARTESIAN_POINT('',(-2.84217094304E-14,-4.733165431326E-30));
#4232 = VECTOR('',#4233,1.);
#4233 = DIRECTION('',(-1.710223024625E-16,-1.));
#4234 = ( GEOMETRIC_REPRESENTATION_CONTEXT(2) 
PARAMETRIC_REPRESENTATION_CONTEXT() REPRESENTATION_CONTEXT('2D SPACE',''
  ) );
#4235 = ORIENTED_EDGE('',*,*,#4236,.T.);
#4236 = EDGE_CURVE('',#4214,#4116,#4237,.T.);
#4237 = SURFACE_CURVE('',#4238,(#4242,#4249),.PCURVE_S1.);
#4238 = LINE('',#4239,#4240);
#4239 = CARTESIAN_POINT('',(-20.,-220.,-3.));
#4240 = VECTOR('',#4241,1.);
#4241 = DIRECTION('',(1.,4.996003610813E-16,-1.110223024625E-16));
#4242 = PCURVE('',#1244,#4243);
#4243 = DEFINITIONAL_REPRESENTATION('',(#4244),#4248);
#4244 = LINE('',#4245,#4246);
#4245 = CARTESIAN_POINT('',(6.071573290069E-14,-3.));
#4246 = VECTOR('',#4247,1.);
#4247 = DIRECTION('',(1.,5.102230246252E-17));
#4248 = ( GEOMETRIC_REPRESENTATION_CONTEXT(2) 
PARAMETRIC_REPRESENTATION_CONTEXT() REPRESENTATION_CONTEXT('2D SPACE',''
  ) );
#4249 = PCURVE('',#1714,#4250);
#4250 = DEFINITIONAL_REPRESENTATION('',(#4251),#4255);
#4251 = LINE('',#4252,#4253);
#4252 = CARTESIAN_POINT('',(20.,-100.1496165458));
#4253 = VECTOR('',#4254,1.);
#4254 = DIRECTION('',(-1.,1.110223024625E-16));
#4255 = ( GEOMETRIC_REPRESENTATION_CONTEXT(2) 
PARAMETRIC_REPRESENTATION_CONTEXT() REPRESENTATION_CONTEXT('2D SPACE',''
  ) );
#4256 = ORIENTED_EDGE('',*,*,#4115,.F.);
#4257 = ORIENTED_EDGE('',*,*,#1228,.F.);
#4258 = ADVANCED_FACE('',(#4259),#1300,.T.);
#4259 = FACE_BOUND('',#4260,.T.);
#4260 = EDGE_LOOP('',(#4261,#4284,#4305,#4306));
#4261 = ORIENTED_EDGE('',*,*,#4262,.T.);
#4262 = EDGE_CURVE('',#1257,#4263,#4265,.T.);
#4263 = VERTEX_POINT('',#4264);
#4264 = CARTESIAN_POINT('',(-20.,-115.,-3.));
#4265 = SURFACE_CURVE('',#4266,(#4270,#4277),.PCURVE_S1.);
#4266 = LINE('',#4267,#4268);
#4267 = CARTESIAN_POINT('',(-20.,-115.,5.426153409128E-14));
#4268 = VECTOR('',#4269,1.);
#4269 = DIRECTION('',(-2.775557561563E-16,5.102230246252E-17,-1.));
#4270 = PCURVE('',#1300,#4271);
#4271 = DEFINITIONAL_REPRESENTATION('',(#4272),#4276);
#4272 = LINE('',#4273,#4274);
#4273 = CARTESIAN_POINT('',(-3.552713678801E-15,7.083800552566E-30));
#4274 = VECTOR('',#4275,1.);
#4275 = DIRECTION('',(1.710223024625E-16,-1.));
#4276 = ( GEOMETRIC_REPRESENTATION_CONTEXT(2) 
PARAMETRIC_REPRESENTATION_CONTEXT() REPRESENTATION_CONTEXT('2D SPACE',''
  ) );
#4277 = PCURVE('',#1272,#4278);
#4278 = DEFINITIONAL_REPRESENTATION('',(#4279),#4283);
#4279 = LINE('',#4280,#4281);
#4280 = CARTESIAN_POINT('',(105.,1.165734175856E-14));
#4281 = VECTOR('',#4282,1.);
#4282 = DIRECTION('',(-1.710223024625E-16,-1.));
#4283 = ( GEOMETRIC_REPRESENTATION_CONTEXT(2) 
PARAMETRIC_REPRESENTATION_CONTEXT() REPRESENTATION_CONTEXT('2D SPACE',''
  ) );
#4284 = ORIENTED_EDGE('',*,*,#4285,.T.);
#4285 = EDGE_CURVE('',#4263,#4166,#4286,.T.);
#4286 = SURFACE_CURVE('',#4287,(#4291,#4298),.PCURVE_S1.);
#4287 = LINE('',#4288,#4289);
#4288 = CARTESIAN_POINT('',(-20.,-115.,-3.));
#4289 = VECTOR('',#4290,1.);
#4290 = DIRECTION('',(-1.,-4.996003610813E-16,1.110223024625E-16));
#4291 = PCURVE('',#1300,#4292);
#4292 = DEFINITIONAL_REPRESENTATION('',(#4293),#4297);
#4293 = LINE('',#4294,#4295);
#4294 = CARTESIAN_POINT('',(-3.229402347029E-14,-3.));
#4295 = VECTOR('',#4296,1.);
#4296 = DIRECTION('',(1.,-5.102230246252E-17));
#4297 = ( GEOMETRIC_REPRESENTATION_CONTEXT(2) 
PARAMETRIC_REPRESENTATION_CONTEXT() REPRESENTATION_CONTEXT('2D SPACE',''
  ) );
#4298 = PCURVE('',#1714,#4299);
#4299 = DEFINITIONAL_REPRESENTATION('',(#4300),#4304);
#4300 = LINE('',#4301,#4302);
#4301 = CARTESIAN_POINT('',(20.,4.850383454139));
#4302 = VECTOR('',#4303,1.);
#4303 = DIRECTION('',(1.,-1.110223024625E-16));
#4304 = ( GEOMETRIC_REPRESENTATION_CONTEXT(2) 
PARAMETRIC_REPRESENTATION_CONTEXT() REPRESENTATION_CONTEXT('2D SPACE',''
  ) );
#4305 = ORIENTED_EDGE('',*,*,#4188,.F.);
#4306 = ORIENTED_EDGE('',*,*,#1284,.F.);
#4307 = ADVANCED_FACE('',(#4308),#1272,.T.);
#4308 = FACE_BOUND('',#4309,.T.);
#4309 = EDGE_LOOP('',(#4310,#4311,#4332,#4333));
#4310 = ORIENTED_EDGE('',*,*,#4213,.T.);
#4311 = ORIENTED_EDGE('',*,*,#4312,.T.);
#4312 = EDGE_CURVE('',#4214,#4263,#4313,.T.);
#4313 = SURFACE_CURVE('',#4314,(#4318,#4325),.PCURVE_S1.);
#4314 = LINE('',#4315,#4316);
#4315 = CARTESIAN_POINT('',(-20.,-220.,-3.));
#4316 = VECTOR('',#4317,1.);
#4317 = DIRECTION('',(-7.730669073875E-16,1.,2.775557561563E-16));
#4318 = PCURVE('',#1272,#4319);
#4319 = DEFINITIONAL_REPRESENTATION('',(#4320),#4324);
#4320 = LINE('',#4321,#4322);
#4321 = CARTESIAN_POINT('',(-8.326672684689E-16,-3.));
#4322 = VECTOR('',#4323,1.);
#4323 = DIRECTION('',(1.,1.110223024625E-16));
#4324 = ( GEOMETRIC_REPRESENTATION_CONTEXT(2) 
PARAMETRIC_REPRESENTATION_CONTEXT() REPRESENTATION_CONTEXT('2D SPACE',''
  ) );
#4325 = PCURVE('',#1714,#4326);
#4326 = DEFINITIONAL_REPRESENTATION('',(#4327),#4331);
#4327 = LINE('',#4328,#4329);
#4328 = CARTESIAN_POINT('',(20.,-100.1496165458));
#4329 = VECTOR('',#4330,1.);
#4330 = DIRECTION('',(3.289776975375E-16,1.));
#4331 = ( GEOMETRIC_REPRESENTATION_CONTEXT(2) 
PARAMETRIC_REPRESENTATION_CONTEXT() REPRESENTATION_CONTEXT('2D SPACE',''
  ) );
#4332 = ORIENTED_EDGE('',*,*,#4262,.F.);
#4333 = ORIENTED_EDGE('',*,*,#1256,.F.);
#4334 = ADVANCED_FACE('',(#4335),#1414,.F.);
#4335 = FACE_BOUND('',#4336,.T.);
#4336 = EDGE_LOOP('',(#4337,#4360,#4382,#4383));
#4337 = ORIENTED_EDGE('',*,*,#4338,.T.);
#4338 = EDGE_CURVE('',#1394,#4339,#4341,.T.);
#4339 = VERTEX_POINT('',#4340);
#4340 = CARTESIAN_POINT('',(50.,-152.25,-3.));
#4341 = SEAM_CURVE('',#4342,(#4346,#4353),.PCURVE_S1.);
#4342 = LINE('',#4343,#4344);
#4343 = CARTESIAN_POINT('',(50.,-152.25,4.004102100208E-14));
#4344 = VECTOR('',#4345,1.);
#4345 = DIRECTION('',(-2.775557561563E-16,5.102230246252E-17,-1.));
#4346 = PCURVE('',#1414,#4347);
#4347 = DEFINITIONAL_REPRESENTATION('',(#4348),#4352);
#4348 = LINE('',#4349,#4350);
#4349 = CARTESIAN_POINT('',(-0.,0.));
#4350 = VECTOR('',#4351,1.);
#4351 = DIRECTION('',(-0.,-1.));
#4352 = ( GEOMETRIC_REPRESENTATION_CONTEXT(2) 
PARAMETRIC_REPRESENTATION_CONTEXT() REPRESENTATION_CONTEXT('2D SPACE',''
  ) );
#4353 = PCURVE('',#1414,#4354);
#4354 = DEFINITIONAL_REPRESENTATION('',(#4355),#4359);
#4355 = LINE('',#4356,#4357);
#4356 = CARTESIAN_POINT('',(-6.28318530718,0.));
#4357 = VECTOR('',#4358,1.);
#4358 = DIRECTION('',(-0.,-1.));
#4359 = ( GEOMETRIC_REPRESENTATION_CONTEXT(2) 
PARAMETRIC_REPRESENTATION_CONTEXT() REPRESENTATION_CONTEXT('2D SPACE',''
  ) );
#4360 = ORIENTED_EDGE('',*,*,#4361,.T.);
#4361 = EDGE_CURVE('',#4339,#4339,#4362,.T.);
#4362 = SURFACE_CURVE('',#4363,(#4368,#4375),.PCURVE_S1.);
#4363 = CIRCLE('',#4364,2.75);
#4364 = AXIS2_PLACEMENT_3D('',#4365,#4366,#4367);
#4365 = CARTESIAN_POINT('',(50.,-155.,-3.));
#4366 = DIRECTION('',(-1.110223024625E-16,2.775557561563E-16,-1.));
#4367 = DIRECTION('',(-3.330669073875E-16,1.,2.775557561563E-16));
#4368 = PCURVE('',#1414,#4369);
#4369 = DEFINITIONAL_REPRESENTATION('',(#4370),#4374);
#4370 = LINE('',#4371,#4372);
#4371 = CARTESIAN_POINT('',(-0.,-3.));
#4372 = VECTOR('',#4373,1.);
#4373 = DIRECTION('',(-1.,0.));
#4374 = ( GEOMETRIC_REPRESENTATION_CONTEXT(2) 
PARAMETRIC_REPRESENTATION_CONTEXT() REPRESENTATION_CONTEXT('2D SPACE',''
  ) );
#4375 = PCURVE('',#1714,#4376);
#4376 = DEFINITIONAL_REPRESENTATION('',(#4377),#4381);
#4377 = CIRCLE('',#4378,2.75);
#4378 = AXIS2_PLACEMENT_2D('',#4379,#4380);
#4379 = CARTESIAN_POINT('',(-50.,-35.14961654586));
#4380 = DIRECTION('',(-1.110223024625E-16,1.));
#4381 = ( GEOMETRIC_REPRESENTATION_CONTEXT(2) 
PARAMETRIC_REPRESENTATION_CONTEXT() REPRESENTATION_CONTEXT('2D SPACE',''
  ) );
#4382 = ORIENTED_EDGE('',*,*,#4338,.F.);
#4383 = ORIENTED_EDGE('',*,*,#1393,.F.);
#4384 = ADVANCED_FACE('',(#4385),#1449,.F.);
#4385 = FACE_BOUND('',#4386,.T.);
#4386 = EDGE_LOOP('',(#4387,#4410,#4432,#4433));
#4387 = ORIENTED_EDGE('',*,*,#4388,.T.);
#4388 = EDGE_CURVE('',#1429,#4389,#4391,.T.);
#4389 = VERTEX_POINT('',#4390);
#4390 = CARTESIAN_POINT('',(-40.,-62.25,-3.));
#4391 = SEAM_CURVE('',#4392,(#4396,#4403),.PCURVE_S1.);
#4392 = LINE('',#4393,#4394);
#4393 = CARTESIAN_POINT('',(-40.,-62.25,7.001304627777E-14));
#4394 = VECTOR('',#4395,1.);
#4395 = DIRECTION('',(-2.775557561563E-16,5.102230246252E-17,-1.));
#4396 = PCURVE('',#1449,#4397);
#4397 = DEFINITIONAL_REPRESENTATION('',(#4398),#4402);
#4398 = LINE('',#4399,#4400);
#4399 = CARTESIAN_POINT('',(-0.,0.));
#4400 = VECTOR('',#4401,1.);
#4401 = DIRECTION('',(-0.,-1.));
#4402 = ( GEOMETRIC_REPRESENTATION_CONTEXT(2) 
PARAMETRIC_REPRESENTATION_CONTEXT() REPRESENTATION_CONTEXT('2D SPACE',''
  ) );
#4403 = PCURVE('',#1449,#4404);
#4404 = DEFINITIONAL_REPRESENTATION('',(#4405),#4409);
#4405 = LINE('',#4406,#4407);
#4406 = CARTESIAN_POINT('',(-6.28318530718,0.));
#4407 = VECTOR('',#4408,1.);
#4408 = DIRECTION('',(-0.,-1.));
#4409 = ( GEOMETRIC_REPRESENTATION_CONTEXT(2) 
PARAMETRIC_REPRESENTATION_CONTEXT() REPRESENTATION_CONTEXT('2D SPACE',''
  ) );
#4410 = ORIENTED_EDGE('',*,*,#4411,.T.);
#4411 = EDGE_CURVE('',#4389,#4389,#4412,.T.);
#4412 = SURFACE_CURVE('',#4413,(#4418,#4425),.PCURVE_S1.);
#4413 = CIRCLE('',#4414,2.75);
#4414 = AXIS2_PLACEMENT_3D('',#4415,#4416,#4417);
#4415 = CARTESIAN_POINT('',(-40.,-65.,-3.));
#4416 = DIRECTION('',(-1.110223024625E-16,2.775557561563E-16,-1.));
#4417 = DIRECTION('',(-3.330669073875E-16,1.,2.775557561563E-16));
#4418 = PCURVE('',#1449,#4419);
#4419 = DEFINITIONAL_REPRESENTATION('',(#4420),#4424);
#4420 = LINE('',#4421,#4422);
#4421 = CARTESIAN_POINT('',(-0.,-3.));
#4422 = VECTOR('',#4423,1.);
#4423 = DIRECTION('',(-1.,0.));
#4424 = ( GEOMETRIC_REPRESENTATION_CONTEXT(2) 
PARAMETRIC_REPRESENTATION_CONTEXT() REPRESENTATION_CONTEXT('2D SPACE',''
  ) );
#4425 = PCURVE('',#1714,#4426);
#4426 = DEFINITIONAL_REPRESENTATION('',(#4427),#4431);
#4427 = CIRCLE('',#4428,2.75);
#4428 = AXIS2_PLACEMENT_2D('',#4429,#4430);
#4429 = CARTESIAN_POINT('',(40.,54.850383454139));
#4430 = DIRECTION('',(-1.110223024625E-16,1.));
#4431 = ( GEOMETRIC_REPRESENTATION_CONTEXT(2) 
PARAMETRIC_REPRESENTATION_CONTEXT() REPRESENTATION_CONTEXT('2D SPACE',''
  ) );
#4432 = ORIENTED_EDGE('',*,*,#4388,.F.);
#4433 = ORIENTED_EDGE('',*,*,#1428,.F.);
#4434 = ADVANCED_FACE('',(#4435),#1484,.F.);
#4435 = FACE_BOUND('',#4436,.T.);
#4436 = EDGE_LOOP('',(#4437,#4460,#4482,#4483));
#4437 = ORIENTED_EDGE('',*,*,#4438,.T.);
#4438 = EDGE_CURVE('',#1464,#4439,#4441,.T.);
#4439 = VERTEX_POINT('',#4440);
#4440 = CARTESIAN_POINT('',(-30.,7.75,-3.));
#4441 = SEAM_CURVE('',#4442,(#4446,#4453),.PCURVE_S1.);
#4442 = LINE('',#4443,#4444);
#4443 = CARTESIAN_POINT('',(-30.,7.75,8.889172618409E-14));
#4444 = VECTOR('',#4445,1.);
#4445 = DIRECTION('',(-2.775557561563E-16,5.102230246252E-17,-1.));
#4446 = PCURVE('',#1484,#4447);
#4447 = DEFINITIONAL_REPRESENTATION('',(#4448),#4452);
#4448 = LINE('',#4449,#4450);
#4449 = CARTESIAN_POINT('',(-0.,0.));
#4450 = VECTOR('',#4451,1.);
#4451 = DIRECTION('',(-0.,-1.));
#4452 = ( GEOMETRIC_REPRESENTATION_CONTEXT(2) 
PARAMETRIC_REPRESENTATION_CONTEXT() REPRESENTATION_CONTEXT('2D SPACE',''
  ) );
#4453 = PCURVE('',#1484,#4454);
#4454 = DEFINITIONAL_REPRESENTATION('',(#4455),#4459);
#4455 = LINE('',#4456,#4457);
#4456 = CARTESIAN_POINT('',(-6.28318530718,0.));
#4457 = VECTOR('',#4458,1.);
#4458 = DIRECTION('',(-0.,-1.));
#4459 = ( GEOMETRIC_REPRESENTATION_CONTEXT(2) 
PARAMETRIC_REPRESENTATION_CONTEXT() REPRESENTATION_CONTEXT('2D SPACE',''
  ) );
#4460 = ORIENTED_EDGE('',*,*,#4461,.T.);
#4461 = EDGE_CURVE('',#4439,#4439,#4462,.T.);
#4462 = SURFACE_CURVE('',#4463,(#4468,#4475),.PCURVE_S1.);
#4463 = CIRCLE('',#4464,2.75);
#4464 = AXIS2_PLACEMENT_3D('',#4465,#4466,#4467);
#4465 = CARTESIAN_POINT('',(-30.,5.,-3.));
#4466 = DIRECTION('',(-1.110223024625E-16,2.775557561563E-16,-1.));
#4467 = DIRECTION('',(-3.330669073875E-16,1.,2.775557561563E-16));
#4468 = PCURVE('',#1484,#4469);
#4469 = DEFINITIONAL_REPRESENTATION('',(#4470),#4474);
#4470 = LINE('',#4471,#4472);
#4471 = CARTESIAN_POINT('',(-0.,-3.));
#4472 = VECTOR('',#4473,1.);
#4473 = DIRECTION('',(-1.,0.));
#4474 = ( GEOMETRIC_REPRESENTATION_CONTEXT(2) 
PARAMETRIC_REPRESENTATION_CONTEXT() REPRESENTATION_CONTEXT('2D SPACE',''
  ) );
#4475 = PCURVE('',#1714,#4476);
#4476 = DEFINITIONAL_REPRESENTATION('',(#4477),#4481);
#4477 = CIRCLE('',#4478,2.75);
#4478 = AXIS2_PLACEMENT_2D('',#4479,#4480);
#4479 = CARTESIAN_POINT('',(30.,124.85038345413));
#4480 = DIRECTION('',(-1.110223024625E-16,1.));
#4481 = ( GEOMETRIC_REPRESENTATION_CONTEXT(2) 
PARAMETRIC_REPRESENTATION_CONTEXT() REPRESENTATION_CONTEXT('2D SPACE',''
  ) );
#4482 = ORIENTED_EDGE('',*,*,#4438,.F.);
#4483 = ORIENTED_EDGE('',*,*,#1463,.F.);
#4484 = ADVANCED_FACE('',(#4485),#1519,.F.);
#4485 = FACE_BOUND('',#4486,.T.);
#4486 = EDGE_LOOP('',(#4487,#4510,#4532,#4533));
#4487 = ORIENTED_EDGE('',*,*,#4488,.T.);
#4488 = EDGE_CURVE('',#1499,#4489,#4491,.T.);
#4489 = VERTEX_POINT('',#4490);
#4490 = CARTESIAN_POINT('',(40.,-62.25,-3.));
#4491 = SEAM_CURVE('',#4492,(#4496,#4503),.PCURVE_S1.);
#4492 = LINE('',#4493,#4494);
#4493 = CARTESIAN_POINT('',(40.,-62.25,6.558126208077E-14));
#4494 = VECTOR('',#4495,1.);
#4495 = DIRECTION('',(-2.775557561563E-16,5.102230246252E-17,-1.));
#4496 = PCURVE('',#1519,#4497);
#4497 = DEFINITIONAL_REPRESENTATION('',(#4498),#4502);
#4498 = LINE('',#4499,#4500);
#4499 = CARTESIAN_POINT('',(-0.,0.));
#4500 = VECTOR('',#4501,1.);
#4501 = DIRECTION('',(-0.,-1.));
#4502 = ( GEOMETRIC_REPRESENTATION_CONTEXT(2) 
PARAMETRIC_REPRESENTATION_CONTEXT() REPRESENTATION_CONTEXT('2D SPACE',''
  ) );
#4503 = PCURVE('',#1519,#4504);
#4504 = DEFINITIONAL_REPRESENTATION('',(#4505),#4509);
#4505 = LINE('',#4506,#4507);
#4506 = CARTESIAN_POINT('',(-6.28318530718,0.));
#4507 = VECTOR('',#4508,1.);
#4508 = DIRECTION('',(-0.,-1.));
#4509 = ( GEOMETRIC_REPRESENTATION_CONTEXT(2) 
PARAMETRIC_REPRESENTATION_CONTEXT() REPRESENTATION_CONTEXT('2D SPACE',''
  ) );
#4510 = ORIENTED_EDGE('',*,*,#4511,.T.);
#4511 = EDGE_CURVE('',#4489,#4489,#4512,.T.);
#4512 = SURFACE_CURVE('',#4513,(#4518,#4525),.PCURVE_S1.);
#4513 = CIRCLE('',#4514,2.75);
#4514 = AXIS2_PLACEMENT_3D('',#4515,#4516,#4517);
#4515 = CARTESIAN_POINT('',(40.,-65.,-3.));
#4516 = DIRECTION('',(-1.110223024625E-16,2.775557561563E-16,-1.));
#4517 = DIRECTION('',(-3.330669073875E-16,1.,2.775557561563E-16));
#4518 = PCURVE('',#1519,#4519);
#4519 = DEFINITIONAL_REPRESENTATION('',(#4520),#4524);
#4520 = LINE('',#4521,#4522);
#4521 = CARTESIAN_POINT('',(-0.,-3.));
#4522 = VECTOR('',#4523,1.);
#4523 = DIRECTION('',(-1.,0.));
#4524 = ( GEOMETRIC_REPRESENTATION_CONTEXT(2) 
PARAMETRIC_REPRESENTATION_CONTEXT() REPRESENTATION_CONTEXT('2D SPACE',''
  ) );
#4525 = PCURVE('',#1714,#4526);
#4526 = DEFINITIONAL_REPRESENTATION('',(#4527),#4531);
#4527 = CIRCLE('',#4528,2.75);
#4528 = AXIS2_PLACEMENT_2D('',#4529,#4530);
#4529 = CARTESIAN_POINT('',(-40.,54.850383454139));
#4530 = DIRECTION('',(-1.110223024625E-16,1.));
#4531 = ( GEOMETRIC_REPRESENTATION_CONTEXT(2) 
PARAMETRIC_REPRESENTATION_CONTEXT() REPRESENTATION_CONTEXT('2D SPACE',''
  ) );
#4532 = ORIENTED_EDGE('',*,*,#4488,.F.);
#4533 = ORIENTED_EDGE('',*,*,#1498,.F.);
#4534 = ADVANCED_FACE('',(#4535),#1554,.F.);
#4535 = FACE_BOUND('',#4536,.T.);
#4536 = EDGE_LOOP('',(#4537,#4560,#4582,#4583));
#4537 = ORIENTED_EDGE('',*,*,#4538,.T.);
#4538 = EDGE_CURVE('',#1534,#4539,#4541,.T.);
#4539 = VERTEX_POINT('',#4540);
#4540 = CARTESIAN_POINT('',(30.,7.75,-3.));
#4541 = SEAM_CURVE('',#4542,(#4546,#4553),.PCURVE_S1.);
#4542 = LINE('',#4543,#4544);
#4543 = CARTESIAN_POINT('',(30.,7.75,8.556038803634E-14));
#4544 = VECTOR('',#4545,1.);
#4545 = DIRECTION('',(-2.775557561563E-16,5.102230246252E-17,-1.));
#4546 = PCURVE('',#1554,#4547);
#4547 = DEFINITIONAL_REPRESENTATION('',(#4548),#4552);
#4548 = LINE('',#4549,#4550);
#4549 = CARTESIAN_POINT('',(-0.,0.));
#4550 = VECTOR('',#4551,1.);
#4551 = DIRECTION('',(-0.,-1.));
#4552 = ( GEOMETRIC_REPRESENTATION_CONTEXT(2) 
PARAMETRIC_REPRESENTATION_CONTEXT() REPRESENTATION_CONTEXT('2D SPACE',''
  ) );
#4553 = PCURVE('',#1554,#4554);
#4554 = DEFINITIONAL_REPRESENTATION('',(#4555),#4559);
#4555 = LINE('',#4556,#4557);
#4556 = CARTESIAN_POINT('',(-6.28318530718,0.));
#4557 = VECTOR('',#4558,1.);
#4558 = DIRECTION('',(-0.,-1.));
#4559 = ( GEOMETRIC_REPRESENTATION_CONTEXT(2) 
PARAMETRIC_REPRESENTATION_CONTEXT() REPRESENTATION_CONTEXT('2D SPACE',''
  ) );
#4560 = ORIENTED_EDGE('',*,*,#4561,.T.);
#4561 = EDGE_CURVE('',#4539,#4539,#4562,.T.);
#4562 = SURFACE_CURVE('',#4563,(#4568,#4575),.PCURVE_S1.);
#4563 = CIRCLE('',#4564,2.75);
#4564 = AXIS2_PLACEMENT_3D('',#4565,#4566,#4567);
#4565 = CARTESIAN_POINT('',(30.,5.,-3.));
#4566 = DIRECTION('',(-1.110223024625E-16,2.775557561563E-16,-1.));
#4567 = DIRECTION('',(-3.330669073875E-16,1.,2.775557561563E-16));
#4568 = PCURVE('',#1554,#4569);
#4569 = DEFINITIONAL_REPRESENTATION('',(#4570),#4574);
#4570 = LINE('',#4571,#4572);
#4571 = CARTESIAN_POINT('',(-0.,-3.));
#4572 = VECTOR('',#4573,1.);
#4573 = DIRECTION('',(-1.,0.));
#4574 = ( GEOMETRIC_REPRESENTATION_CONTEXT(2) 
PARAMETRIC_REPRESENTATION_CONTEXT() REPRESENTATION_CONTEXT('2D SPACE',''
  ) );
#4575 = PCURVE('',#1714,#4576);
#4576 = DEFINITIONAL_REPRESENTATION('',(#4577),#4581);
#4577 = CIRCLE('',#4578,2.75);
#4578 = AXIS2_PLACEMENT_2D('',#4579,#4580);
#4579 = CARTESIAN_POINT('',(-30.,124.85038345413));
#4580 = DIRECTION('',(-1.110223024625E-16,1.));
#4581 = ( GEOMETRIC_REPRESENTATION_CONTEXT(2) 
PARAMETRIC_REPRESENTATION_CONTEXT() REPRESENTATION_CONTEXT('2D SPACE',''
  ) );
#4582 = ORIENTED_EDGE('',*,*,#4538,.F.);
#4583 = ORIENTED_EDGE('',*,*,#1533,.F.);
#4584 = ADVANCED_FACE('',(#4585),#1609,.T.);
#4585 = FACE_BOUND('',#4586,.T.);
#4586 = EDGE_LOOP('',(#4587,#4622,#4643,#4644,#4645,#4646,#4647,#4648));
#4587 = ORIENTED_EDGE('',*,*,#4588,.F.);
#4588 = EDGE_CURVE('',#4589,#4591,#4593,.T.);
#4589 = VERTEX_POINT('',#4590);
#4590 = CARTESIAN_POINT('',(-15.38036491765,16.999999999999,4.));
#4591 = VERTEX_POINT('',#4592);
#4592 = CARTESIAN_POINT('',(15.380364917652,16.999999999999,4.));
#4593 = SURFACE_CURVE('',#4594,(#4599,#4610),.PCURVE_S1.);
#4594 = CIRCLE('',#4595,22.925000000002);
#4595 = AXIS2_PLACEMENT_3D('',#4596,#4597,#4598);
#4596 = CARTESIAN_POINT('',(8.881784197001E-16,-1.7763568394E-15,4.));
#4597 = DIRECTION('',(-1.110223024625E-16,2.775557561563E-16,-1.));
#4598 = DIRECTION('',(5.030669073875E-16,-1.,-2.775557561563E-16));
#4599 = PCURVE('',#1609,#4600);
#4600 = DEFINITIONAL_REPRESENTATION('',(#4601),#4609);
#4601 = ( BOUNDED_CURVE() B_SPLINE_CURVE(2,(#4602,#4603,#4604,#4605,
#4606,#4607,#4608),.UNSPECIFIED.,.T.,.F.) B_SPLINE_CURVE_WITH_KNOTS((1,2
    ,2,2,2,1),(-2.094395102393,0.,2.094395102393,4.188790204786,
6.28318530718,8.377580409573),.UNSPECIFIED.) CURVE() 
GEOMETRIC_REPRESENTATION_ITEM() RATIONAL_B_SPLINE_CURVE((1.,0.5,1.,0.5,
1.,0.5,1.)) REPRESENTATION_ITEM('') );
#4602 = CARTESIAN_POINT('',(1.459443065358E-13,96.832103493341));
#4603 = CARTESIAN_POINT('',(-39.70726476352,96.832103493341));
#4604 = CARTESIAN_POINT('',(-19.85363238176,131.21960349334));
#4605 = CARTESIAN_POINT('',(1.362731098136E-13,165.60710349334));
#4606 = CARTESIAN_POINT('',(19.85363238176,131.21960349334));
#4607 = CARTESIAN_POINT('',(39.70726476352,96.832103493341));
#4608 = CARTESIAN_POINT('',(1.459443065358E-13,96.832103493341));
#4609 = ( GEOMETRIC_REPRESENTATION_CONTEXT(2) 
PARAMETRIC_REPRESENTATION_CONTEXT() REPRESENTATION_CONTEXT('2D SPACE',''
  ) );
#4610 = PCURVE('',#4611,#4616);
#4611 = CYLINDRICAL_SURFACE('',#4612,22.925000000002);
#4612 = AXIS2_PLACEMENT_3D('',#4613,#4614,#4615);
#4613 = CARTESIAN_POINT('',(-8.326672684688E-16,3.066907387538E-18,-3.)
  );
#4614 = DIRECTION('',(-2.175557561563E-16,1.110223024625E-16,-1.));
#4615 = DIRECTION('',(2.230669073875E-16,-1.,-2.775557561563E-16));
#4616 = DEFINITIONAL_REPRESENTATION('',(#4617),#4621);
#4617 = LINE('',#4618,#4619);
#4618 = CARTESIAN_POINT('',(0.,-7.));
#4619 = VECTOR('',#4620,1.);
#4620 = DIRECTION('',(1.,0.));
#4621 = ( GEOMETRIC_REPRESENTATION_CONTEXT(2) 
PARAMETRIC_REPRESENTATION_CONTEXT() REPRESENTATION_CONTEXT('2D SPACE',''
  ) );
#4622 = ORIENTED_EDGE('',*,*,#4623,.T.);
#4623 = EDGE_CURVE('',#4589,#3611,#4624,.T.);
#4624 = SURFACE_CURVE('',#4625,(#4629,#4636),.PCURVE_S1.);
#4625 = LINE('',#4626,#4627);
#4626 = CARTESIAN_POINT('',(-15.38036491765,16.999999999999,4.));
#4627 = VECTOR('',#4628,1.);
#4628 = DIRECTION('',(-1.,1.873803996389E-13,1.110223024626E-16));
#4629 = PCURVE('',#1609,#4630);
#4630 = DEFINITIONAL_REPRESENTATION('',(#4631),#4635);
#4631 = LINE('',#4632,#4633);
#4632 = CARTESIAN_POINT('',(-15.38036491765,136.75710349334));
#4633 = VECTOR('',#4634,1.);
#4634 = DIRECTION('',(-1.,1.877689776975E-13));
#4635 = ( GEOMETRIC_REPRESENTATION_CONTEXT(2) 
PARAMETRIC_REPRESENTATION_CONTEXT() REPRESENTATION_CONTEXT('2D SPACE',''
  ) );
#4636 = PCURVE('',#3626,#4637);
#4637 = DEFINITIONAL_REPRESENTATION('',(#4638),#4642);
#4638 = LINE('',#4639,#4640);
#4639 = CARTESIAN_POINT('',(4.298447854657E-15,-7.));
#4640 = VECTOR('',#4641,1.);
#4641 = DIRECTION('',(1.,5.102230246249E-17));
#4642 = ( GEOMETRIC_REPRESENTATION_CONTEXT(2) 
PARAMETRIC_REPRESENTATION_CONTEXT() REPRESENTATION_CONTEXT('2D SPACE',''
  ) );
#4643 = ORIENTED_EDGE('',*,*,#3638,.F.);
#4644 = ORIENTED_EDGE('',*,*,#3709,.F.);
#4645 = ORIENTED_EDGE('',*,*,#3736,.F.);
#4646 = ORIENTED_EDGE('',*,*,#1593,.T.);
#4647 = ORIENTED_EDGE('',*,*,#1647,.F.);
#4648 = ORIENTED_EDGE('',*,*,#4649,.F.);
#4649 = EDGE_CURVE('',#4591,#1648,#4650,.T.);
#4650 = SURFACE_CURVE('',#4651,(#4655,#4662),.PCURVE_S1.);
#4651 = LINE('',#4652,#4653);
#4652 = CARTESIAN_POINT('',(15.380364917652,16.999999999999,4.));
#4653 = VECTOR('',#4654,1.);
#4654 = DIRECTION('',(1.,3.498960036108E-14,-1.110223024625E-16));
#4655 = PCURVE('',#1609,#4656);
#4656 = DEFINITIONAL_REPRESENTATION('',(#4657),#4661);
#4657 = LINE('',#4658,#4659);
#4658 = CARTESIAN_POINT('',(15.380364917652,136.75710349334));
#4659 = VECTOR('',#4660,1.);
#4660 = DIRECTION('',(1.,3.460102230246E-14));
#4661 = ( GEOMETRIC_REPRESENTATION_CONTEXT(2) 
PARAMETRIC_REPRESENTATION_CONTEXT() REPRESENTATION_CONTEXT('2D SPACE',''
  ) );
#4662 = PCURVE('',#1686,#4663);
#4663 = DEFINITIONAL_REPRESENTATION('',(#4664),#4668);
#4664 = LINE('',#4665,#4666);
#4665 = CARTESIAN_POINT('',(-4.298447854657E-15,-7.));
#4666 = VECTOR('',#4667,1.);
#4667 = DIRECTION('',(1.,-5.102230246252E-17));
#4668 = ( GEOMETRIC_REPRESENTATION_CONTEXT(2) 
PARAMETRIC_REPRESENTATION_CONTEXT() REPRESENTATION_CONTEXT('2D SPACE',''
  ) );
#4669 = ADVANCED_FACE('',(#4670),#1770,.T.);
#4670 = FACE_BOUND('',#4671,.T.);
#4671 = EDGE_LOOP('',(#4672,#4695,#4696,#4697,#4698,#4699,#4700,#4701,
    #4702,#4703,#4704,#4705,#4706,#4707,#4708,#4709,#4710,#4711,#4734,
    #4767,#4795,#4823,#4851,#4884,#4912,#4945,#4973,#5001,#5034,#5062,
    #5090,#5123,#5151,#5184,#5212,#5240,#5268));
#4672 = ORIENTED_EDGE('',*,*,#4673,.F.);
#4673 = EDGE_CURVE('',#1727,#4674,#4676,.T.);
#4674 = VERTEX_POINT('',#4675);
#4675 = CARTESIAN_POINT('',(42.,-5.,4.));
#4676 = SURFACE_CURVE('',#4677,(#4681,#4688),.PCURVE_S1.);
#4677 = LINE('',#4678,#4679);
#4678 = CARTESIAN_POINT('',(42.,15.000000000004,4.));
#4679 = VECTOR('',#4680,1.);
#4680 = DIRECTION('',(-2.693309261245E-17,-1.,-2.775557561563E-16));
#4681 = PCURVE('',#1770,#4682);
#4682 = DEFINITIONAL_REPRESENTATION('',(#4683),#4687);
#4683 = LINE('',#4684,#4685);
#4684 = CARTESIAN_POINT('',(42.,134.75710349334));
#4685 = VECTOR('',#4686,1.);
#4686 = DIRECTION('',(-4.710223024625E-16,-1.));
#4687 = ( GEOMETRIC_REPRESENTATION_CONTEXT(2) 
PARAMETRIC_REPRESENTATION_CONTEXT() REPRESENTATION_CONTEXT('2D SPACE',''
  ) );
#4688 = PCURVE('',#1742,#4689);
#4689 = DEFINITIONAL_REPRESENTATION('',(#4690),#4694);
#4690 = LINE('',#4691,#4692);
#4691 = CARTESIAN_POINT('',(-9.048317650695E-15,-7.));
#4692 = VECTOR('',#4693,1.);
#4693 = DIRECTION('',(1.,1.110223024625E-16));
#4694 = ( GEOMETRIC_REPRESENTATION_CONTEXT(2) 
PARAMETRIC_REPRESENTATION_CONTEXT() REPRESENTATION_CONTEXT('2D SPACE',''
  ) );
#4695 = ORIENTED_EDGE('',*,*,#1754,.F.);
#4696 = ORIENTED_EDGE('',*,*,#1808,.T.);
#4697 = ORIENTED_EDGE('',*,*,#1857,.T.);
#4698 = ORIENTED_EDGE('',*,*,#1906,.T.);
#4699 = ORIENTED_EDGE('',*,*,#1955,.T.);
#4700 = ORIENTED_EDGE('',*,*,#2004,.T.);
#4701 = ORIENTED_EDGE('',*,*,#2053,.T.);
#4702 = ORIENTED_EDGE('',*,*,#2102,.T.);
#4703 = ORIENTED_EDGE('',*,*,#2173,.F.);
#4704 = ORIENTED_EDGE('',*,*,#2200,.T.);
#4705 = ORIENTED_EDGE('',*,*,#2249,.T.);
#4706 = ORIENTED_EDGE('',*,*,#2298,.T.);
#4707 = ORIENTED_EDGE('',*,*,#2369,.F.);
#4708 = ORIENTED_EDGE('',*,*,#2396,.T.);
#4709 = ORIENTED_EDGE('',*,*,#2445,.T.);
#4710 = ORIENTED_EDGE('',*,*,#2494,.F.);
#4711 = ORIENTED_EDGE('',*,*,#4712,.F.);
#4712 = EDGE_CURVE('',#4713,#2495,#4715,.T.);
#4713 = VERTEX_POINT('',#4714);
#4714 = CARTESIAN_POINT('',(62.,-225.,4.));
#4715 = SURFACE_CURVE('',#4716,(#4720,#4727),.PCURVE_S1.);
#4716 = LINE('',#4717,#4718);
#4717 = CARTESIAN_POINT('',(62.,-225.,4.));
#4718 = VECTOR('',#4719,1.);
#4719 = DIRECTION('',(3.330669073875E-16,-1.,-2.775557561563E-16));
#4720 = PCURVE('',#1770,#4721);
#4721 = DEFINITIONAL_REPRESENTATION('',(#4722),#4726);
#4722 = LINE('',#4723,#4724);
#4723 = CARTESIAN_POINT('',(62.,-105.2428965066));
#4724 = VECTOR('',#4725,1.);
#4725 = DIRECTION('',(-1.110223024625E-16,-1.));
#4726 = ( GEOMETRIC_REPRESENTATION_CONTEXT(2) 
PARAMETRIC_REPRESENTATION_CONTEXT() REPRESENTATION_CONTEXT('2D SPACE',''
  ) );
#4727 = PCURVE('',#2533,#4728);
#4728 = DEFINITIONAL_REPRESENTATION('',(#4729),#4733);
#4729 = LINE('',#4730,#4731);
#4730 = CARTESIAN_POINT('',(-1.942890293094E-15,-7.));
#4731 = VECTOR('',#4732,1.);
#4732 = DIRECTION('',(1.,1.110223024625E-16));
#4733 = ( GEOMETRIC_REPRESENTATION_CONTEXT(2) 
PARAMETRIC_REPRESENTATION_CONTEXT() REPRESENTATION_CONTEXT('2D SPACE',''
  ) );
#4734 = ORIENTED_EDGE('',*,*,#4735,.F.);
#4735 = EDGE_CURVE('',#4736,#4713,#4738,.T.);
#4736 = VERTEX_POINT('',#4737);
#4737 = CARTESIAN_POINT('',(60.,-223.,4.));
#4738 = SURFACE_CURVE('',#4739,(#4744,#4755),.PCURVE_S1.);
#4739 = CIRCLE('',#4740,2.);
#4740 = AXIS2_PLACEMENT_3D('',#4741,#4742,#4743);
#4741 = CARTESIAN_POINT('',(60.,-225.,4.));
#4742 = DIRECTION('',(-1.110223024625E-16,2.775557561563E-16,-1.));
#4743 = DIRECTION('',(3.330669073875E-16,-1.,-2.775557561563E-16));
#4744 = PCURVE('',#1770,#4745);
#4745 = DEFINITIONAL_REPRESENTATION('',(#4746),#4754);
#4746 = ( BOUNDED_CURVE() B_SPLINE_CURVE(2,(#4747,#4748,#4749,#4750,
#4751,#4752,#4753),.UNSPECIFIED.,.T.,.F.) B_SPLINE_CURVE_WITH_KNOTS((1,2
    ,2,2,2,1),(-2.094395102393,0.,2.094395102393,4.188790204786,
6.28318530718,8.377580409573),.UNSPECIFIED.) CURVE() 
GEOMETRIC_REPRESENTATION_ITEM() RATIONAL_B_SPLINE_CURVE((1.,0.5,1.,0.5,
1.,0.5,1.)) REPRESENTATION_ITEM('') );
#4747 = CARTESIAN_POINT('',(60.,-107.2428965066));
#4748 = CARTESIAN_POINT('',(56.535898384862,-107.2428965066));
#4749 = CARTESIAN_POINT('',(58.267949192431,-104.2428965066));
#4750 = CARTESIAN_POINT('',(60.,-101.2428965066));
#4751 = CARTESIAN_POINT('',(61.732050807569,-104.2428965066));
#4752 = CARTESIAN_POINT('',(63.464101615138,-107.2428965066));
#4753 = CARTESIAN_POINT('',(60.,-107.2428965066));
#4754 = ( GEOMETRIC_REPRESENTATION_CONTEXT(2) 
PARAMETRIC_REPRESENTATION_CONTEXT() REPRESENTATION_CONTEXT('2D SPACE',''
  ) );
#4755 = PCURVE('',#4756,#4761);
#4756 = CYLINDRICAL_SURFACE('',#4757,2.);
#4757 = AXIS2_PLACEMENT_3D('',#4758,#4759,#4760);
#4758 = CARTESIAN_POINT('',(60.,-225.,-3.));
#4759 = DIRECTION('',(-2.175557561563E-16,1.110223024625E-16,-1.));
#4760 = DIRECTION('',(5.306690738755E-17,-1.,-2.775557561563E-16));
#4761 = DEFINITIONAL_REPRESENTATION('',(#4762),#4766);
#4762 = LINE('',#4763,#4764);
#4763 = CARTESIAN_POINT('',(0.,-7.));
#4764 = VECTOR('',#4765,1.);
#4765 = DIRECTION('',(1.,0.));
#4766 = ( GEOMETRIC_REPRESENTATION_CONTEXT(2) 
PARAMETRIC_REPRESENTATION_CONTEXT() REPRESENTATION_CONTEXT('2D SPACE',''
  ) );
#4767 = ORIENTED_EDGE('',*,*,#4768,.F.);
#4768 = EDGE_CURVE('',#4769,#4736,#4771,.T.);
#4769 = VERTEX_POINT('',#4770);
#4770 = CARTESIAN_POINT('',(42.,-223.,4.));
#4771 = SURFACE_CURVE('',#4772,(#4776,#4783),.PCURVE_S1.);
#4772 = LINE('',#4773,#4774);
#4773 = CARTESIAN_POINT('',(42.,-223.,4.));
#4774 = VECTOR('',#4775,1.);
#4775 = DIRECTION('',(1.,4.996003610813E-16,-1.110223024625E-16));
#4776 = PCURVE('',#1770,#4777);
#4777 = DEFINITIONAL_REPRESENTATION('',(#4778),#4782);
#4778 = LINE('',#4779,#4780);
#4779 = CARTESIAN_POINT('',(42.,-103.2428965066));
#4780 = VECTOR('',#4781,1.);
#4781 = DIRECTION('',(1.,1.110223024625E-16));
#4782 = ( GEOMETRIC_REPRESENTATION_CONTEXT(2) 
PARAMETRIC_REPRESENTATION_CONTEXT() REPRESENTATION_CONTEXT('2D SPACE',''
  ) );
#4783 = PCURVE('',#4784,#4789);
#4784 = PLANE('',#4785);
#4785 = AXIS2_PLACEMENT_3D('',#4786,#4787,#4788);
#4786 = CARTESIAN_POINT('',(42.,-223.,-3.));
#4787 = DIRECTION('',(-1.130669073875E-16,1.,2.175557561563E-16));
#4788 = DIRECTION('',(1.,2.796003610813E-16,-5.102230246252E-17));
#4789 = DEFINITIONAL_REPRESENTATION('',(#4790),#4794);
#4790 = LINE('',#4791,#4792);
#4791 = CARTESIAN_POINT('',(6.320311204255E-14,-7.));
#4792 = VECTOR('',#4793,1.);
#4793 = DIRECTION('',(1.,-5.102230246252E-17));
#4794 = ( GEOMETRIC_REPRESENTATION_CONTEXT(2) 
PARAMETRIC_REPRESENTATION_CONTEXT() REPRESENTATION_CONTEXT('2D SPACE',''
  ) );
#4795 = ORIENTED_EDGE('',*,*,#4796,.T.);
#4796 = EDGE_CURVE('',#4769,#4797,#4799,.T.);
#4797 = VERTEX_POINT('',#4798);
#4798 = CARTESIAN_POINT('',(42.,-167.,4.));
#4799 = SURFACE_CURVE('',#4800,(#4804,#4811),.PCURVE_S1.);
#4800 = LINE('',#4801,#4802);
#4801 = CARTESIAN_POINT('',(42.,-223.,4.));
#4802 = VECTOR('',#4803,1.);
#4803 = DIRECTION('',(-2.493066907388E-15,1.,2.775557561563E-16));
#4804 = PCURVE('',#1770,#4805);
#4805 = DEFINITIONAL_REPRESENTATION('',(#4806),#4810);
#4806 = LINE('',#4807,#4808);
#4807 = CARTESIAN_POINT('',(42.,-103.2428965066));
#4808 = VECTOR('',#4809,1.);
#4809 = DIRECTION('',(-2.048977697537E-15,1.));
#4810 = ( GEOMETRIC_REPRESENTATION_CONTEXT(2) 
PARAMETRIC_REPRESENTATION_CONTEXT() REPRESENTATION_CONTEXT('2D SPACE',''
  ) );
#4811 = PCURVE('',#4812,#4817);
#4812 = PLANE('',#4813);
#4813 = AXIS2_PLACEMENT_3D('',#4814,#4815,#4816);
#4814 = CARTESIAN_POINT('',(42.,-223.,-3.));
#4815 = DIRECTION('',(-1.,-2.379600361081E-15,1.110223024625E-16));
#4816 = DIRECTION('',(-2.213066907388E-15,1.,2.775557561563E-16));
#4817 = DEFINITIONAL_REPRESENTATION('',(#4818),#4822);
#4818 = LINE('',#4819,#4820);
#4819 = CARTESIAN_POINT('',(1.942890293094E-15,-7.));
#4820 = VECTOR('',#4821,1.);
#4821 = DIRECTION('',(1.,-1.110223024625E-16));
#4822 = ( GEOMETRIC_REPRESENTATION_CONTEXT(2) 
PARAMETRIC_REPRESENTATION_CONTEXT() REPRESENTATION_CONTEXT('2D SPACE',''
  ) );
#4823 = ORIENTED_EDGE('',*,*,#4824,.F.);
#4824 = EDGE_CURVE('',#4825,#4797,#4827,.T.);
#4825 = VERTEX_POINT('',#4826);
#4826 = CARTESIAN_POINT('',(60.,-167.,4.));
#4827 = SURFACE_CURVE('',#4828,(#4832,#4839),.PCURVE_S1.);
#4828 = LINE('',#4829,#4830);
#4829 = CARTESIAN_POINT('',(60.,-167.,4.));
#4830 = VECTOR('',#4831,1.);
#4831 = DIRECTION('',(-1.,-4.996003610813E-16,1.110223024625E-16));
#4832 = PCURVE('',#1770,#4833);
#4833 = DEFINITIONAL_REPRESENTATION('',(#4834),#4838);
#4834 = LINE('',#4835,#4836);
#4835 = CARTESIAN_POINT('',(60.,-47.24289650665));
#4836 = VECTOR('',#4837,1.);
#4837 = DIRECTION('',(-1.,-1.110223024625E-16));
#4838 = ( GEOMETRIC_REPRESENTATION_CONTEXT(2) 
PARAMETRIC_REPRESENTATION_CONTEXT() REPRESENTATION_CONTEXT('2D SPACE',''
  ) );
#4839 = PCURVE('',#4840,#4845);
#4840 = PLANE('',#4841);
#4841 = AXIS2_PLACEMENT_3D('',#4842,#4843,#4844);
#4842 = CARTESIAN_POINT('',(60.,-167.,-3.));
#4843 = DIRECTION('',(1.130669073875E-16,-1.,-2.175557561563E-16));
#4844 = DIRECTION('',(-1.,-2.796003610813E-16,5.102230246252E-17));
#4845 = DEFINITIONAL_REPRESENTATION('',(#4846),#4850);
#4846 = LINE('',#4847,#4848);
#4847 = CARTESIAN_POINT('',(-4.899225732735E-14,-7.));
#4848 = VECTOR('',#4849,1.);
#4849 = DIRECTION('',(1.,5.102230246252E-17));
#4850 = ( GEOMETRIC_REPRESENTATION_CONTEXT(2) 
PARAMETRIC_REPRESENTATION_CONTEXT() REPRESENTATION_CONTEXT('2D SPACE',''
  ) );
#4851 = ORIENTED_EDGE('',*,*,#4852,.F.);
#4852 = EDGE_CURVE('',#4853,#4825,#4855,.T.);
#4853 = VERTEX_POINT('',#4854);
#4854 = CARTESIAN_POINT('',(62.,-165.,4.));
#4855 = SURFACE_CURVE('',#4856,(#4861,#4872),.PCURVE_S1.);
#4856 = CIRCLE('',#4857,2.);
#4857 = AXIS2_PLACEMENT_3D('',#4858,#4859,#4860);
#4858 = CARTESIAN_POINT('',(60.,-165.,4.));
#4859 = DIRECTION('',(-1.110223024625E-16,2.775557561563E-16,-1.));
#4860 = DIRECTION('',(-1.,-4.996003610813E-16,1.110223024625E-16));
#4861 = PCURVE('',#1770,#4862);
#4862 = DEFINITIONAL_REPRESENTATION('',(#4863),#4871);
#4863 = ( BOUNDED_CURVE() B_SPLINE_CURVE(2,(#4864,#4865,#4866,#4867,
#4868,#4869,#4870),.UNSPECIFIED.,.T.,.F.) B_SPLINE_CURVE_WITH_KNOTS((1,2
    ,2,2,2,1),(-2.094395102393,0.,2.094395102393,4.188790204786,
6.28318530718,8.377580409573),.UNSPECIFIED.) CURVE() 
GEOMETRIC_REPRESENTATION_ITEM() RATIONAL_B_SPLINE_CURVE((1.,0.5,1.,0.5,
1.,0.5,1.)) REPRESENTATION_ITEM('') );
#4864 = CARTESIAN_POINT('',(58.,-45.24289650665));
#4865 = CARTESIAN_POINT('',(58.,-41.77879489152));
#4866 = CARTESIAN_POINT('',(61.,-43.51084569908));
#4867 = CARTESIAN_POINT('',(64.,-45.24289650665));
#4868 = CARTESIAN_POINT('',(61.,-46.97494731422));
#4869 = CARTESIAN_POINT('',(58.,-48.70699812179));
#4870 = CARTESIAN_POINT('',(58.,-45.24289650665));
#4871 = ( GEOMETRIC_REPRESENTATION_CONTEXT(2) 
PARAMETRIC_REPRESENTATION_CONTEXT() REPRESENTATION_CONTEXT('2D SPACE',''
  ) );
#4872 = PCURVE('',#4873,#4878);
#4873 = CYLINDRICAL_SURFACE('',#4874,2.);
#4874 = AXIS2_PLACEMENT_3D('',#4875,#4876,#4877);
#4875 = CARTESIAN_POINT('',(60.,-165.,-3.));
#4876 = DIRECTION('',(-2.175557561563E-16,1.110223024625E-16,-1.));
#4877 = DIRECTION('',(-1.,-2.796003610813E-16,5.102230246252E-17));
#4878 = DEFINITIONAL_REPRESENTATION('',(#4879),#4883);
#4879 = LINE('',#4880,#4881);
#4880 = CARTESIAN_POINT('',(0.,-7.));
#4881 = VECTOR('',#4882,1.);
#4882 = DIRECTION('',(1.,0.));
#4883 = ( GEOMETRIC_REPRESENTATION_CONTEXT(2) 
PARAMETRIC_REPRESENTATION_CONTEXT() REPRESENTATION_CONTEXT('2D SPACE',''
  ) );
#4884 = ORIENTED_EDGE('',*,*,#4885,.F.);
#4885 = EDGE_CURVE('',#4886,#4853,#4888,.T.);
#4886 = VERTEX_POINT('',#4887);
#4887 = CARTESIAN_POINT('',(62.,-145.,4.));
#4888 = SURFACE_CURVE('',#4889,(#4893,#4900),.PCURVE_S1.);
#4889 = LINE('',#4890,#4891);
#4890 = CARTESIAN_POINT('',(62.,-145.,4.));
#4891 = VECTOR('',#4892,1.);
#4892 = DIRECTION('',(3.330669073875E-16,-1.,-2.775557561563E-16));
#4893 = PCURVE('',#1770,#4894);
#4894 = DEFINITIONAL_REPRESENTATION('',(#4895),#4899);
#4895 = LINE('',#4896,#4897);
#4896 = CARTESIAN_POINT('',(62.,-25.24289650665));
#4897 = VECTOR('',#4898,1.);
#4898 = DIRECTION('',(-1.110223024625E-16,-1.));
#4899 = ( GEOMETRIC_REPRESENTATION_CONTEXT(2) 
PARAMETRIC_REPRESENTATION_CONTEXT() REPRESENTATION_CONTEXT('2D SPACE',''
  ) );
#4900 = PCURVE('',#4901,#4906);
#4901 = PLANE('',#4902);
#4902 = AXIS2_PLACEMENT_3D('',#4903,#4904,#4905);
#4903 = CARTESIAN_POINT('',(62.,-145.,-3.));
#4904 = DIRECTION('',(1.,2.196003610813E-16,-1.110223024625E-16));
#4905 = DIRECTION('',(5.306690738755E-17,-1.,-2.775557561563E-16));
#4906 = DEFINITIONAL_REPRESENTATION('',(#4907),#4911);
#4907 = LINE('',#4908,#4909);
#4908 = CARTESIAN_POINT('',(-1.942890293094E-15,-7.));
#4909 = VECTOR('',#4910,1.);
#4910 = DIRECTION('',(1.,1.110223024625E-16));
#4911 = ( GEOMETRIC_REPRESENTATION_CONTEXT(2) 
PARAMETRIC_REPRESENTATION_CONTEXT() REPRESENTATION_CONTEXT('2D SPACE',''
  ) );
#4912 = ORIENTED_EDGE('',*,*,#4913,.F.);
#4913 = EDGE_CURVE('',#4914,#4886,#4916,.T.);
#4914 = VERTEX_POINT('',#4915);
#4915 = CARTESIAN_POINT('',(60.,-143.,4.));
#4916 = SURFACE_CURVE('',#4917,(#4922,#4933),.PCURVE_S1.);
#4917 = CIRCLE('',#4918,2.);
#4918 = AXIS2_PLACEMENT_3D('',#4919,#4920,#4921);
#4919 = CARTESIAN_POINT('',(60.,-145.,4.));
#4920 = DIRECTION('',(-1.110223024625E-16,2.775557561563E-16,-1.));
#4921 = DIRECTION('',(3.330669073875E-16,-1.,-2.775557561563E-16));
#4922 = PCURVE('',#1770,#4923);
#4923 = DEFINITIONAL_REPRESENTATION('',(#4924),#4932);
#4924 = ( BOUNDED_CURVE() B_SPLINE_CURVE(2,(#4925,#4926,#4927,#4928,
#4929,#4930,#4931),.UNSPECIFIED.,.T.,.F.) B_SPLINE_CURVE_WITH_KNOTS((1,2
    ,2,2,2,1),(-2.094395102393,0.,2.094395102393,4.188790204786,
6.28318530718,8.377580409573),.UNSPECIFIED.) CURVE() 
GEOMETRIC_REPRESENTATION_ITEM() RATIONAL_B_SPLINE_CURVE((1.,0.5,1.,0.5,
1.,0.5,1.)) REPRESENTATION_ITEM('') );
#4925 = CARTESIAN_POINT('',(60.,-27.24289650665));
#4926 = CARTESIAN_POINT('',(56.535898384862,-27.24289650665));
#4927 = CARTESIAN_POINT('',(58.267949192431,-24.24289650665));
#4928 = CARTESIAN_POINT('',(60.,-21.24289650665));
#4929 = CARTESIAN_POINT('',(61.732050807569,-24.24289650665));
#4930 = CARTESIAN_POINT('',(63.464101615138,-27.24289650665));
#4931 = CARTESIAN_POINT('',(60.,-27.24289650665));
#4932 = ( GEOMETRIC_REPRESENTATION_CONTEXT(2) 
PARAMETRIC_REPRESENTATION_CONTEXT() REPRESENTATION_CONTEXT('2D SPACE',''
  ) );
#4933 = PCURVE('',#4934,#4939);
#4934 = CYLINDRICAL_SURFACE('',#4935,2.);
#4935 = AXIS2_PLACEMENT_3D('',#4936,#4937,#4938);
#4936 = CARTESIAN_POINT('',(60.,-145.,-3.));
#4937 = DIRECTION('',(-2.175557561563E-16,1.110223024625E-16,-1.));
#4938 = DIRECTION('',(5.306690738755E-17,-1.,-2.775557561563E-16));
#4939 = DEFINITIONAL_REPRESENTATION('',(#4940),#4944);
#4940 = LINE('',#4941,#4942);
#4941 = CARTESIAN_POINT('',(0.,-7.));
#4942 = VECTOR('',#4943,1.);
#4943 = DIRECTION('',(1.,0.));
#4944 = ( GEOMETRIC_REPRESENTATION_CONTEXT(2) 
PARAMETRIC_REPRESENTATION_CONTEXT() REPRESENTATION_CONTEXT('2D SPACE',''
  ) );
#4945 = ORIENTED_EDGE('',*,*,#4946,.F.);
#4946 = EDGE_CURVE('',#4947,#4914,#4949,.T.);
#4947 = VERTEX_POINT('',#4948);
#4948 = CARTESIAN_POINT('',(42.,-143.,4.));
#4949 = SURFACE_CURVE('',#4950,(#4954,#4961),.PCURVE_S1.);
#4950 = LINE('',#4951,#4952);
#4951 = CARTESIAN_POINT('',(42.,-143.,4.));
#4952 = VECTOR('',#4953,1.);
#4953 = DIRECTION('',(1.,4.996003610813E-16,-1.110223024625E-16));
#4954 = PCURVE('',#1770,#4955);
#4955 = DEFINITIONAL_REPRESENTATION('',(#4956),#4960);
#4956 = LINE('',#4957,#4958);
#4957 = CARTESIAN_POINT('',(42.,-23.24289650665));
#4958 = VECTOR('',#4959,1.);
#4959 = DIRECTION('',(1.,1.110223024625E-16));
#4960 = ( GEOMETRIC_REPRESENTATION_CONTEXT(2) 
PARAMETRIC_REPRESENTATION_CONTEXT() REPRESENTATION_CONTEXT('2D SPACE',''
  ) );
#4961 = PCURVE('',#4962,#4967);
#4962 = PLANE('',#4963);
#4963 = AXIS2_PLACEMENT_3D('',#4964,#4965,#4966);
#4964 = CARTESIAN_POINT('',(42.,-143.,-3.));
#4965 = DIRECTION('',(-1.130669073875E-16,1.,2.175557561563E-16));
#4966 = DIRECTION('',(1.,2.796003610813E-16,-5.102230246252E-17));
#4967 = DEFINITIONAL_REPRESENTATION('',(#4968),#4972);
#4968 = LINE('',#4969,#4970);
#4969 = CARTESIAN_POINT('',(4.188682996975E-14,-7.));
#4970 = VECTOR('',#4971,1.);
#4971 = DIRECTION('',(1.,-5.102230246252E-17));
#4972 = ( GEOMETRIC_REPRESENTATION_CONTEXT(2) 
PARAMETRIC_REPRESENTATION_CONTEXT() REPRESENTATION_CONTEXT('2D SPACE',''
  ) );
#4973 = ORIENTED_EDGE('',*,*,#4974,.T.);
#4974 = EDGE_CURVE('',#4947,#4975,#4977,.T.);
#4975 = VERTEX_POINT('',#4976);
#4976 = CARTESIAN_POINT('',(42.,-115.,4.));
#4977 = SURFACE_CURVE('',#4978,(#4982,#4989),.PCURVE_S1.);
#4978 = LINE('',#4979,#4980);
#4979 = CARTESIAN_POINT('',(42.,-143.,4.));
#4980 = VECTOR('',#4981,1.);
#4981 = DIRECTION('',(-5.830669073875E-16,1.,2.775557561563E-16));
#4982 = PCURVE('',#1770,#4983);
#4983 = DEFINITIONAL_REPRESENTATION('',(#4984),#4988);
#4984 = LINE('',#4985,#4986);
#4985 = CARTESIAN_POINT('',(42.,-23.24289650665));
#4986 = VECTOR('',#4987,1.);
#4987 = DIRECTION('',(-1.389776975375E-16,1.));
#4988 = ( GEOMETRIC_REPRESENTATION_CONTEXT(2) 
PARAMETRIC_REPRESENTATION_CONTEXT() REPRESENTATION_CONTEXT('2D SPACE',''
  ) );
#4989 = PCURVE('',#4990,#4995);
#4990 = PLANE('',#4991);
#4991 = AXIS2_PLACEMENT_3D('',#4992,#4993,#4994);
#4992 = CARTESIAN_POINT('',(42.,-143.,-3.));
#4993 = DIRECTION('',(-1.,-4.796003610813E-16,1.110223024625E-16));
#4994 = DIRECTION('',(-3.130669073875E-16,1.,2.775557561563E-16));
#4995 = DEFINITIONAL_REPRESENTATION('',(#4996),#5000);
#4996 = LINE('',#4997,#4998);
#4997 = CARTESIAN_POINT('',(1.942890293094E-15,-7.));
#4998 = VECTOR('',#4999,1.);
#4999 = DIRECTION('',(1.,-1.110223024625E-16));
#5000 = ( GEOMETRIC_REPRESENTATION_CONTEXT(2) 
PARAMETRIC_REPRESENTATION_CONTEXT() REPRESENTATION_CONTEXT('2D SPACE',''
  ) );
#5001 = ORIENTED_EDGE('',*,*,#5002,.F.);
#5002 = EDGE_CURVE('',#5003,#4975,#5005,.T.);
#5003 = VERTEX_POINT('',#5004);
#5004 = CARTESIAN_POINT('',(41.973042289049,-114.6727323333,4.));
#5005 = SURFACE_CURVE('',#5006,(#5011,#5022),.PCURVE_S1.);
#5006 = CIRCLE('',#5007,2.);
#5007 = AXIS2_PLACEMENT_3D('',#5008,#5009,#5010);
#5008 = CARTESIAN_POINT('',(40.,-114.9999999999,4.));
#5009 = DIRECTION('',(-1.110223024625E-16,2.775557561563E-16,-1.));
#5010 = DIRECTION('',(5.730669073875E-16,-1.,-2.775557561563E-16));
#5011 = PCURVE('',#1770,#5012);
#5012 = DEFINITIONAL_REPRESENTATION('',(#5013),#5021);
#5013 = ( BOUNDED_CURVE() B_SPLINE_CURVE(2,(#5014,#5015,#5016,#5017,
#5018,#5019,#5020),.UNSPECIFIED.,.T.,.F.) B_SPLINE_CURVE_WITH_KNOTS((1,2
    ,2,2,2,1),(-2.094395102393,0.,2.094395102393,4.188790204786,
6.28318530718,8.377580409573),.UNSPECIFIED.) CURVE() 
GEOMETRIC_REPRESENTATION_ITEM() RATIONAL_B_SPLINE_CURVE((1.,0.5,1.,0.5,
1.,0.5,1.)) REPRESENTATION_ITEM('') );
#5014 = CARTESIAN_POINT('',(40.,2.757103493346));
#5015 = CARTESIAN_POINT('',(36.535898384862,2.757103493346));
#5016 = CARTESIAN_POINT('',(38.267949192431,5.757103493346));
#5017 = CARTESIAN_POINT('',(40.,8.757103493346));
#5018 = CARTESIAN_POINT('',(41.732050807569,5.757103493346));
#5019 = CARTESIAN_POINT('',(43.464101615138,2.757103493346));
#5020 = CARTESIAN_POINT('',(40.,2.757103493346));
#5021 = ( GEOMETRIC_REPRESENTATION_CONTEXT(2) 
PARAMETRIC_REPRESENTATION_CONTEXT() REPRESENTATION_CONTEXT('2D SPACE',''
  ) );
#5022 = PCURVE('',#5023,#5028);
#5023 = CYLINDRICAL_SURFACE('',#5024,2.);
#5024 = AXIS2_PLACEMENT_3D('',#5025,#5026,#5027);
#5025 = CARTESIAN_POINT('',(40.,-114.9999999999,-3.));
#5026 = DIRECTION('',(-2.175557561563E-16,1.110223024625E-16,-1.));
#5027 = DIRECTION('',(2.930669073875E-16,-1.,-2.775557561563E-16));
#5028 = DEFINITIONAL_REPRESENTATION('',(#5029),#5033);
#5029 = LINE('',#5030,#5031);
#5030 = CARTESIAN_POINT('',(0.,-7.));
#5031 = VECTOR('',#5032,1.);
#5032 = DIRECTION('',(1.,0.));
#5033 = ( GEOMETRIC_REPRESENTATION_CONTEXT(2) 
PARAMETRIC_REPRESENTATION_CONTEXT() REPRESENTATION_CONTEXT('2D SPACE',''
  ) );
#5034 = ORIENTED_EDGE('',*,*,#5035,.F.);
#5035 = EDGE_CURVE('',#5036,#5003,#5038,.T.);
#5036 = VERTEX_POINT('',#5037);
#5037 = CARTESIAN_POINT('',(35.724282556363,-77.,4.));
#5038 = SURFACE_CURVE('',#5039,(#5043,#5050),.PCURVE_S1.);
#5039 = LINE('',#5040,#5041);
#5040 = CARTESIAN_POINT('',(35.724282556363,-77.,4.));
#5041 = VECTOR('',#5042,1.);
#5042 = DIRECTION('',(0.16363383332,-0.986521144524,-2.919816271685E-16)
  );
#5043 = PCURVE('',#1770,#5044);
#5044 = DEFINITIONAL_REPRESENTATION('',(#5045),#5049);
#5045 = LINE('',#5046,#5047);
#5046 = CARTESIAN_POINT('',(35.724282556363,42.757103493342));
#5047 = VECTOR('',#5048,1.);
#5048 = DIRECTION('',(0.16363383332,-0.986521144524));
#5049 = ( GEOMETRIC_REPRESENTATION_CONTEXT(2) 
PARAMETRIC_REPRESENTATION_CONTEXT() REPRESENTATION_CONTEXT('2D SPACE',''
  ) );
#5050 = PCURVE('',#5051,#5056);
#5051 = PLANE('',#5052);
#5052 = AXIS2_PLACEMENT_3D('',#5053,#5054,#5055);
#5053 = CARTESIAN_POINT('',(35.724282556363,-77.,-3.));
#5054 = DIRECTION('',(0.986521144524,0.16363383332,-7.410833655314E-17)
  );
#5055 = DIRECTION('',(0.16363383332,-0.986521144524,-2.819816271685E-16)
  );
#5056 = DEFINITIONAL_REPRESENTATION('',(#5057),#5061);
#5057 = LINE('',#5058,#5059);
#5058 = CARTESIAN_POINT('',(-1.605676456576E-14,-7.));
#5059 = VECTOR('',#5060,1.);
#5060 = DIRECTION('',(1.,1.013588439571E-16));
#5061 = ( GEOMETRIC_REPRESENTATION_CONTEXT(2) 
PARAMETRIC_REPRESENTATION_CONTEXT() REPRESENTATION_CONTEXT('2D SPACE',''
  ) );
#5062 = ORIENTED_EDGE('',*,*,#5063,.F.);
#5063 = EDGE_CURVE('',#5064,#5036,#5066,.T.);
#5064 = VERTEX_POINT('',#5065);
#5065 = CARTESIAN_POINT('',(50.,-77.,4.));
#5066 = SURFACE_CURVE('',#5067,(#5071,#5078),.PCURVE_S1.);
#5067 = LINE('',#5068,#5069);
#5068 = CARTESIAN_POINT('',(50.,-77.,4.));
#5069 = VECTOR('',#5070,1.);
#5070 = DIRECTION('',(-1.,5.003996389187E-16,1.110223024625E-16));
#5071 = PCURVE('',#1770,#5072);
#5072 = DEFINITIONAL_REPRESENTATION('',(#5073),#5077);
#5073 = LINE('',#5074,#5075);
#5074 = CARTESIAN_POINT('',(50.,42.757103493342));
#5075 = VECTOR('',#5076,1.);
#5076 = DIRECTION('',(-1.,8.889776975375E-16));
#5077 = ( GEOMETRIC_REPRESENTATION_CONTEXT(2) 
PARAMETRIC_REPRESENTATION_CONTEXT() REPRESENTATION_CONTEXT('2D SPACE',''
  ) );
#5078 = PCURVE('',#5079,#5084);
#5079 = PLANE('',#5080);
#5080 = AXIS2_PLACEMENT_3D('',#5081,#5082,#5083);
#5081 = CARTESIAN_POINT('',(50.,-77.,-3.));
#5082 = DIRECTION('',(-8.869330926125E-16,-1.,-2.175557561563E-16));
#5083 = DIRECTION('',(-1.,7.203996389187E-16,5.102230246252E-17));
#5084 = DEFINITIONAL_REPRESENTATION('',(#5085),#5089);
#5085 = LINE('',#5086,#5087);
#5086 = CARTESIAN_POINT('',(-2.057054789695E-14,-7.));
#5087 = VECTOR('',#5088,1.);
#5088 = DIRECTION('',(1.,5.102230246252E-17));
#5089 = ( GEOMETRIC_REPRESENTATION_CONTEXT(2) 
PARAMETRIC_REPRESENTATION_CONTEXT() REPRESENTATION_CONTEXT('2D SPACE',''
  ) );
#5090 = ORIENTED_EDGE('',*,*,#5091,.F.);
#5091 = EDGE_CURVE('',#5092,#5064,#5094,.T.);
#5092 = VERTEX_POINT('',#5093);
#5093 = CARTESIAN_POINT('',(52.,-75.,4.));
#5094 = SURFACE_CURVE('',#5095,(#5100,#5111),.PCURVE_S1.);
#5095 = CIRCLE('',#5096,2.);
#5096 = AXIS2_PLACEMENT_3D('',#5097,#5098,#5099);
#5097 = CARTESIAN_POINT('',(50.,-75.,4.));
#5098 = DIRECTION('',(-1.110223024625E-16,2.775557561563E-16,-1.));
#5099 = DIRECTION('',(-1.,3.503996389187E-16,1.110223024625E-16));
#5100 = PCURVE('',#1770,#5101);
#5101 = DEFINITIONAL_REPRESENTATION('',(#5102),#5110);
#5102 = ( BOUNDED_CURVE() B_SPLINE_CURVE(2,(#5103,#5104,#5105,#5106,
#5107,#5108,#5109),.UNSPECIFIED.,.T.,.F.) B_SPLINE_CURVE_WITH_KNOTS((1,2
    ,2,2,2,1),(-2.094395102393,0.,2.094395102393,4.188790204786,
6.28318530718,8.377580409573),.UNSPECIFIED.) CURVE() 
GEOMETRIC_REPRESENTATION_ITEM() RATIONAL_B_SPLINE_CURVE((1.,0.5,1.,0.5,
1.,0.5,1.)) REPRESENTATION_ITEM('') );
#5103 = CARTESIAN_POINT('',(48.,44.757103493342));
#5104 = CARTESIAN_POINT('',(48.,48.22120510848));
#5105 = CARTESIAN_POINT('',(51.,46.489154300911));
#5106 = CARTESIAN_POINT('',(54.,44.757103493342));
#5107 = CARTESIAN_POINT('',(51.,43.025052685774));
#5108 = CARTESIAN_POINT('',(48.,41.293001878205));
#5109 = CARTESIAN_POINT('',(48.,44.757103493342));
#5110 = ( GEOMETRIC_REPRESENTATION_CONTEXT(2) 
PARAMETRIC_REPRESENTATION_CONTEXT() REPRESENTATION_CONTEXT('2D SPACE',''
  ) );
#5111 = PCURVE('',#5112,#5117);
#5112 = CYLINDRICAL_SURFACE('',#5113,2.);
#5113 = AXIS2_PLACEMENT_3D('',#5114,#5115,#5116);
#5114 = CARTESIAN_POINT('',(50.,-75.,-3.));
#5115 = DIRECTION('',(-2.175557561563E-16,1.110223024625E-16,-1.));
#5116 = DIRECTION('',(-1.,5.803996389187E-16,5.102230246252E-17));
#5117 = DEFINITIONAL_REPRESENTATION('',(#5118),#5122);
#5118 = LINE('',#5119,#5120);
#5119 = CARTESIAN_POINT('',(0.,-7.));
#5120 = VECTOR('',#5121,1.);
#5121 = DIRECTION('',(1.,0.));
#5122 = ( GEOMETRIC_REPRESENTATION_CONTEXT(2) 
PARAMETRIC_REPRESENTATION_CONTEXT() REPRESENTATION_CONTEXT('2D SPACE',''
  ) );
#5123 = ORIENTED_EDGE('',*,*,#5124,.F.);
#5124 = EDGE_CURVE('',#5125,#5092,#5127,.T.);
#5125 = VERTEX_POINT('',#5126);
#5126 = CARTESIAN_POINT('',(52.,-55.,4.));
#5127 = SURFACE_CURVE('',#5128,(#5132,#5139),.PCURVE_S1.);
#5128 = LINE('',#5129,#5130);
#5129 = CARTESIAN_POINT('',(52.,-55.,4.));
#5130 = VECTOR('',#5131,1.);
#5131 = DIRECTION('',(-2.693309261245E-17,-1.,-2.775557561563E-16));
#5132 = PCURVE('',#1770,#5133);
#5133 = DEFINITIONAL_REPRESENTATION('',(#5134),#5138);
#5134 = LINE('',#5135,#5136);
#5135 = CARTESIAN_POINT('',(52.,64.757103493342));
#5136 = VECTOR('',#5137,1.);
#5137 = DIRECTION('',(-4.710223024625E-16,-1.));
#5138 = ( GEOMETRIC_REPRESENTATION_CONTEXT(2) 
PARAMETRIC_REPRESENTATION_CONTEXT() REPRESENTATION_CONTEXT('2D SPACE',''
  ) );
#5139 = PCURVE('',#5140,#5145);
#5140 = PLANE('',#5141);
#5141 = AXIS2_PLACEMENT_3D('',#5142,#5143,#5144);
#5142 = CARTESIAN_POINT('',(52.,-55.,-3.));
#5143 = DIRECTION('',(1.,-1.303996389187E-16,-1.110223024625E-16));
#5144 = DIRECTION('',(-2.969330926125E-16,-1.,-2.775557561563E-16));
#5145 = DEFINITIONAL_REPRESENTATION('',(#5146),#5150);
#5146 = LINE('',#5147,#5148);
#5147 = CARTESIAN_POINT('',(-1.61537450083E-14,-7.));
#5148 = VECTOR('',#5149,1.);
#5149 = DIRECTION('',(1.,1.110223024625E-16));
#5150 = ( GEOMETRIC_REPRESENTATION_CONTEXT(2) 
PARAMETRIC_REPRESENTATION_CONTEXT() REPRESENTATION_CONTEXT('2D SPACE',''
  ) );
#5151 = ORIENTED_EDGE('',*,*,#5152,.F.);
#5152 = EDGE_CURVE('',#5153,#5125,#5155,.T.);
#5153 = VERTEX_POINT('',#5154);
#5154 = CARTESIAN_POINT('',(50.,-53.,4.));
#5155 = SURFACE_CURVE('',#5156,(#5161,#5172),.PCURVE_S1.);
#5156 = CIRCLE('',#5157,2.);
#5157 = AXIS2_PLACEMENT_3D('',#5158,#5159,#5160);
#5158 = CARTESIAN_POINT('',(50.,-55.,4.));
#5159 = DIRECTION('',(-1.110223024625E-16,2.775557561563E-16,-1.));
#5160 = DIRECTION('',(-2.693309261245E-17,-1.,-2.775557561563E-16));
#5161 = PCURVE('',#1770,#5162);
#5162 = DEFINITIONAL_REPRESENTATION('',(#5163),#5171);
#5163 = ( BOUNDED_CURVE() B_SPLINE_CURVE(2,(#5164,#5165,#5166,#5167,
#5168,#5169,#5170),.UNSPECIFIED.,.T.,.F.) B_SPLINE_CURVE_WITH_KNOTS((1,2
    ,2,2,2,1),(-2.094395102393,0.,2.094395102393,4.188790204786,
6.28318530718,8.377580409573),.UNSPECIFIED.) CURVE() 
GEOMETRIC_REPRESENTATION_ITEM() RATIONAL_B_SPLINE_CURVE((1.,0.5,1.,0.5,
1.,0.5,1.)) REPRESENTATION_ITEM('') );
#5164 = CARTESIAN_POINT('',(50.,62.757103493342));
#5165 = CARTESIAN_POINT('',(46.535898384862,62.757103493342));
#5166 = CARTESIAN_POINT('',(48.267949192431,65.757103493342));
#5167 = CARTESIAN_POINT('',(50.,68.757103493342));
#5168 = CARTESIAN_POINT('',(51.732050807569,65.757103493342));
#5169 = CARTESIAN_POINT('',(53.464101615138,62.757103493342));
#5170 = CARTESIAN_POINT('',(50.,62.757103493342));
#5171 = ( GEOMETRIC_REPRESENTATION_CONTEXT(2) 
PARAMETRIC_REPRESENTATION_CONTEXT() REPRESENTATION_CONTEXT('2D SPACE',''
  ) );
#5172 = PCURVE('',#5173,#5178);
#5173 = CYLINDRICAL_SURFACE('',#5174,2.);
#5174 = AXIS2_PLACEMENT_3D('',#5175,#5176,#5177);
#5175 = CARTESIAN_POINT('',(50.,-55.,-3.));
#5176 = DIRECTION('',(-2.175557561563E-16,1.110223024625E-16,-1.));
#5177 = DIRECTION('',(-2.969330926125E-16,-1.,-2.775557561563E-16));
#5178 = DEFINITIONAL_REPRESENTATION('',(#5179),#5183);
#5179 = LINE('',#5180,#5181);
#5180 = CARTESIAN_POINT('',(0.,-7.));
#5181 = VECTOR('',#5182,1.);
#5182 = DIRECTION('',(1.,0.));
#5183 = ( GEOMETRIC_REPRESENTATION_CONTEXT(2) 
PARAMETRIC_REPRESENTATION_CONTEXT() REPRESENTATION_CONTEXT('2D SPACE',''
  ) );
#5184 = ORIENTED_EDGE('',*,*,#5185,.F.);
#5185 = EDGE_CURVE('',#5186,#5153,#5188,.T.);
#5186 = VERTEX_POINT('',#5187);
#5187 = CARTESIAN_POINT('',(31.743412991146,-53.,4.));
#5188 = SURFACE_CURVE('',#5189,(#5193,#5200),.PCURVE_S1.);
#5189 = LINE('',#5190,#5191);
#5190 = CARTESIAN_POINT('',(31.743412991146,-53.,4.));
#5191 = VECTOR('',#5192,1.);
#5192 = DIRECTION('',(1.,4.996003610813E-16,-1.110223024625E-16));
#5193 = PCURVE('',#1770,#5194);
#5194 = DEFINITIONAL_REPRESENTATION('',(#5195),#5199);
#5195 = LINE('',#5196,#5197);
#5196 = CARTESIAN_POINT('',(31.743412991146,66.757103493342));
#5197 = VECTOR('',#5198,1.);
#5198 = DIRECTION('',(1.,1.110223024625E-16));
#5199 = ( GEOMETRIC_REPRESENTATION_CONTEXT(2) 
PARAMETRIC_REPRESENTATION_CONTEXT() REPRESENTATION_CONTEXT('2D SPACE',''
  ) );
#5200 = PCURVE('',#5201,#5206);
#5201 = PLANE('',#5202);
#5202 = AXIS2_PLACEMENT_3D('',#5203,#5204,#5205);
#5203 = CARTESIAN_POINT('',(31.743412991146,-53.,-3.));
#5204 = DIRECTION('',(-1.130669073875E-16,1.,2.175557561563E-16));
#5205 = DIRECTION('',(1.,2.796003610813E-16,-5.102230246252E-17));
#5206 = DEFINITIONAL_REPRESENTATION('',(#5207),#5211);
#5207 = LINE('',#5208,#5209);
#5208 = CARTESIAN_POINT('',(1.346512053935E-14,-7.));
#5209 = VECTOR('',#5210,1.);
#5210 = DIRECTION('',(1.,-5.102230246252E-17));
#5211 = ( GEOMETRIC_REPRESENTATION_CONTEXT(2) 
PARAMETRIC_REPRESENTATION_CONTEXT() REPRESENTATION_CONTEXT('2D SPACE',''
  ) );
#5212 = ORIENTED_EDGE('',*,*,#5213,.F.);
#5213 = EDGE_CURVE('',#5214,#5186,#5216,.T.);
#5214 = VERTEX_POINT('',#5215);
#5215 = CARTESIAN_POINT('',(24.113412991147,-7.,4.));
#5216 = SURFACE_CURVE('',#5217,(#5221,#5228),.PCURVE_S1.);
#5217 = LINE('',#5218,#5219);
#5218 = CARTESIAN_POINT('',(24.113412991147,-7.,4.));
#5219 = VECTOR('',#5220,1.);
#5220 = DIRECTION('',(0.16363383332,-0.986521144524,-2.919816271685E-16)
  );
#5221 = PCURVE('',#1770,#5222);
#5222 = DEFINITIONAL_REPRESENTATION('',(#5223),#5227);
#5223 = LINE('',#5224,#5225);
#5224 = CARTESIAN_POINT('',(24.113412991147,112.75710349334));
#5225 = VECTOR('',#5226,1.);
#5226 = DIRECTION('',(0.16363383332,-0.986521144524));
#5227 = ( GEOMETRIC_REPRESENTATION_CONTEXT(2) 
PARAMETRIC_REPRESENTATION_CONTEXT() REPRESENTATION_CONTEXT('2D SPACE',''
  ) );
#5228 = PCURVE('',#5229,#5234);
#5229 = PLANE('',#5230);
#5230 = AXIS2_PLACEMENT_3D('',#5231,#5232,#5233);
#5231 = CARTESIAN_POINT('',(24.113412991147,-7.,-3.));
#5232 = DIRECTION('',(0.986521144524,0.16363383332,-7.410833655314E-17)
  );
#5233 = DIRECTION('',(0.16363383332,-0.986521144524,-2.819816271685E-16)
  );
#5234 = DEFINITIONAL_REPRESENTATION('',(#5235),#5239);
#5235 = LINE('',#5236,#5237);
#5236 = CARTESIAN_POINT('',(-4.666076280888E-15,-7.));
#5237 = VECTOR('',#5238,1.);
#5238 = DIRECTION('',(1.,1.013588439571E-16));
#5239 = ( GEOMETRIC_REPRESENTATION_CONTEXT(2) 
PARAMETRIC_REPRESENTATION_CONTEXT() REPRESENTATION_CONTEXT('2D SPACE',''
  ) );
#5240 = ORIENTED_EDGE('',*,*,#5241,.F.);
#5241 = EDGE_CURVE('',#5242,#5214,#5244,.T.);
#5242 = VERTEX_POINT('',#5243);
#5243 = CARTESIAN_POINT('',(40.,-7.,4.));
#5244 = SURFACE_CURVE('',#5245,(#5249,#5256),.PCURVE_S1.);
#5245 = LINE('',#5246,#5247);
#5246 = CARTESIAN_POINT('',(40.,-7.,4.));
#5247 = VECTOR('',#5248,1.);
#5248 = DIRECTION('',(-1.,-3.296003610813E-16,1.110223024625E-16));
#5249 = PCURVE('',#1770,#5250);
#5250 = DEFINITIONAL_REPRESENTATION('',(#5251),#5255);
#5251 = LINE('',#5252,#5253);
#5252 = CARTESIAN_POINT('',(40.,112.75710349334));
#5253 = VECTOR('',#5254,1.);
#5254 = DIRECTION('',(-1.,5.897769753748E-17));
#5255 = ( GEOMETRIC_REPRESENTATION_CONTEXT(2) 
PARAMETRIC_REPRESENTATION_CONTEXT() REPRESENTATION_CONTEXT('2D SPACE',''
  ) );
#5256 = PCURVE('',#5257,#5262);
#5257 = PLANE('',#5258);
#5258 = AXIS2_PLACEMENT_3D('',#5259,#5260,#5261);
#5259 = CARTESIAN_POINT('',(40.,-7.,-3.));
#5260 = DIRECTION('',(-5.693309261245E-17,-1.,-2.175557561563E-16));
#5261 = DIRECTION('',(-1.,-1.096003610813E-16,5.102230246252E-17));
#5262 = DEFINITIONAL_REPRESENTATION('',(#5263),#5267);
#5263 = LINE('',#5264,#5265);
#5264 = CARTESIAN_POINT('',(7.457341758564E-16,-7.));
#5265 = VECTOR('',#5266,1.);
#5266 = DIRECTION('',(1.,5.102230246252E-17));
#5267 = ( GEOMETRIC_REPRESENTATION_CONTEXT(2) 
PARAMETRIC_REPRESENTATION_CONTEXT() REPRESENTATION_CONTEXT('2D SPACE',''
  ) );
#5268 = ORIENTED_EDGE('',*,*,#5269,.F.);
#5269 = EDGE_CURVE('',#4674,#5242,#5270,.T.);
#5270 = SURFACE_CURVE('',#5271,(#5276,#5287),.PCURVE_S1.);
#5271 = CIRCLE('',#5272,2.);
#5272 = AXIS2_PLACEMENT_3D('',#5273,#5274,#5275);
#5273 = CARTESIAN_POINT('',(40.,-5.,4.));
#5274 = DIRECTION('',(-1.110223024625E-16,2.775557561563E-16,-1.));
#5275 = DIRECTION('',(-1.,-3.096003610813E-16,1.110223024625E-16));
#5276 = PCURVE('',#1770,#5277);
#5277 = DEFINITIONAL_REPRESENTATION('',(#5278),#5286);
#5278 = ( BOUNDED_CURVE() B_SPLINE_CURVE(2,(#5279,#5280,#5281,#5282,
#5283,#5284,#5285),.UNSPECIFIED.,.T.,.F.) B_SPLINE_CURVE_WITH_KNOTS((1,2
    ,2,2,2,1),(-2.094395102393,0.,2.094395102393,4.188790204786,
6.28318530718,8.377580409573),.UNSPECIFIED.) CURVE() 
GEOMETRIC_REPRESENTATION_ITEM() RATIONAL_B_SPLINE_CURVE((1.,0.5,1.,0.5,
1.,0.5,1.)) REPRESENTATION_ITEM('') );
#5279 = CARTESIAN_POINT('',(38.,114.75710349334));
#5280 = CARTESIAN_POINT('',(38.,118.22120510848));
#5281 = CARTESIAN_POINT('',(41.,116.48915430091));
#5282 = CARTESIAN_POINT('',(44.,114.75710349334));
#5283 = CARTESIAN_POINT('',(41.,113.02505268577));
#5284 = CARTESIAN_POINT('',(38.,111.2930018782));
#5285 = CARTESIAN_POINT('',(38.,114.75710349334));
#5286 = ( GEOMETRIC_REPRESENTATION_CONTEXT(2) 
PARAMETRIC_REPRESENTATION_CONTEXT() REPRESENTATION_CONTEXT('2D SPACE',''
  ) );
#5287 = PCURVE('',#5288,#5293);
#5288 = CYLINDRICAL_SURFACE('',#5289,2.);
#5289 = AXIS2_PLACEMENT_3D('',#5290,#5291,#5292);
#5290 = CARTESIAN_POINT('',(40.,-5.,-3.));
#5291 = DIRECTION('',(-2.175557561563E-16,1.110223024625E-16,-1.));
#5292 = DIRECTION('',(-1.,-7.960036108132E-17,5.102230246252E-17));
#5293 = DEFINITIONAL_REPRESENTATION('',(#5294),#5298);
#5294 = LINE('',#5295,#5296);
#5295 = CARTESIAN_POINT('',(0.,-7.));
#5296 = VECTOR('',#5297,1.);
#5297 = DIRECTION('',(1.,0.));
#5298 = ( GEOMETRIC_REPRESENTATION_CONTEXT(2) 
PARAMETRIC_REPRESENTATION_CONTEXT() REPRESENTATION_CONTEXT('2D SPACE',''
  ) );
#5299 = ADVANCED_FACE('',(#5300),#1742,.T.);
#5300 = FACE_BOUND('',#5301,.T.);
#5301 = EDGE_LOOP('',(#5302,#5325,#5326,#5327));
#5302 = ORIENTED_EDGE('',*,*,#5303,.F.);
#5303 = EDGE_CURVE('',#1699,#5304,#5306,.T.);
#5304 = VERTEX_POINT('',#5305);
#5305 = CARTESIAN_POINT('',(42.,-5.,-3.));
#5306 = SURFACE_CURVE('',#5307,(#5311,#5318),.PCURVE_S1.);
#5307 = LINE('',#5308,#5309);
#5308 = CARTESIAN_POINT('',(42.,15.000000000004,-3.));
#5309 = VECTOR('',#5310,1.);
#5310 = DIRECTION('',(-2.693309261245E-17,-1.,-2.775557561563E-16));
#5311 = PCURVE('',#1742,#5312);
#5312 = DEFINITIONAL_REPRESENTATION('',(#5313),#5317);
#5313 = LINE('',#5314,#5315);
#5314 = CARTESIAN_POINT('',(-8.881784197001E-15,1.33226762955E-15));
#5315 = VECTOR('',#5316,1.);
#5316 = DIRECTION('',(1.,1.110223024625E-16));
#5317 = ( GEOMETRIC_REPRESENTATION_CONTEXT(2) 
PARAMETRIC_REPRESENTATION_CONTEXT() REPRESENTATION_CONTEXT('2D SPACE',''
  ) );
#5318 = PCURVE('',#1714,#5319);
#5319 = DEFINITIONAL_REPRESENTATION('',(#5320),#5324);
#5320 = LINE('',#5321,#5322);
#5321 = CARTESIAN_POINT('',(-42.,134.85038345414));
#5322 = VECTOR('',#5323,1.);
#5323 = DIRECTION('',(4.710223024625E-16,-1.));
#5324 = ( GEOMETRIC_REPRESENTATION_CONTEXT(2) 
PARAMETRIC_REPRESENTATION_CONTEXT() REPRESENTATION_CONTEXT('2D SPACE',''
  ) );
#5325 = ORIENTED_EDGE('',*,*,#1726,.F.);
#5326 = ORIENTED_EDGE('',*,*,#4673,.T.);
#5327 = ORIENTED_EDGE('',*,*,#5328,.F.);
#5328 = EDGE_CURVE('',#5304,#4674,#5329,.T.);
#5329 = SURFACE_CURVE('',#5330,(#5334,#5341),.PCURVE_S1.);
#5330 = LINE('',#5331,#5332);
#5331 = CARTESIAN_POINT('',(42.,-5.,-3.));
#5332 = VECTOR('',#5333,1.);
#5333 = DIRECTION('',(2.775557561563E-16,-5.102230246252E-17,1.));
#5334 = PCURVE('',#1742,#5335);
#5335 = DEFINITIONAL_REPRESENTATION('',(#5336),#5340);
#5336 = LINE('',#5337,#5338);
#5337 = CARTESIAN_POINT('',(20.000000000004,1.998401444325E-15));
#5338 = VECTOR('',#5339,1.);
#5339 = DIRECTION('',(-1.710223024625E-16,-1.));
#5340 = ( GEOMETRIC_REPRESENTATION_CONTEXT(2) 
PARAMETRIC_REPRESENTATION_CONTEXT() REPRESENTATION_CONTEXT('2D SPACE',''
  ) );
#5341 = PCURVE('',#5288,#5342);
#5342 = DEFINITIONAL_REPRESENTATION('',(#5343),#5347);
#5343 = LINE('',#5344,#5345);
#5344 = CARTESIAN_POINT('',(3.14159265359,0.));
#5345 = VECTOR('',#5346,1.);
#5346 = DIRECTION('',(0.,-1.));
#5347 = ( GEOMETRIC_REPRESENTATION_CONTEXT(2) 
PARAMETRIC_REPRESENTATION_CONTEXT() REPRESENTATION_CONTEXT('2D SPACE',''
  ) );
#5348 = ADVANCED_FACE('',(#5349,#6493,#6496,#6499,#6510,#6513,#6516,
    #6519,#6522,#6525),#1714,.T.);
#5349 = FACE_BOUND('',#5350,.T.);
#5350 = EDGE_LOOP('',(#5351,#5374,#5398,#5419,#5420,#5421,#5445,#5468,
    #5491,#5514,#5538,#5561,#5585,#5608,#5631,#5655,#5678,#5701,#5725,
    #5748,#5772,#5795,#5818,#5841,#5865,#5886,#5887,#5908,#5909,#5932,
    #5961,#5989,#6017,#6045,#6074,#6102,#6131,#6159,#6187,#6216,#6244,
    #6272,#6301,#6329,#6358,#6386,#6414,#6442,#6471,#6492));
#5351 = ORIENTED_EDGE('',*,*,#5352,.F.);
#5352 = EDGE_CURVE('',#5353,#3588,#5355,.T.);
#5353 = VERTEX_POINT('',#5354);
#5354 = CARTESIAN_POINT('',(-15.38036491765,16.999999999999,-3.));
#5355 = SURFACE_CURVE('',#5356,(#5360,#5367),.PCURVE_S1.);
#5356 = LINE('',#5357,#5358);
#5357 = CARTESIAN_POINT('',(-15.38036491765,16.999999999999,-3.));
#5358 = VECTOR('',#5359,1.);
#5359 = DIRECTION('',(-1.,1.873803996389E-13,1.110223024626E-16));
#5360 = PCURVE('',#1714,#5361);
#5361 = DEFINITIONAL_REPRESENTATION('',(#5362),#5366);
#5362 = LINE('',#5363,#5364);
#5363 = CARTESIAN_POINT('',(15.380364917651,136.85038345413));
#5364 = VECTOR('',#5365,1.);
#5365 = DIRECTION('',(1.,1.877689776975E-13));
#5366 = ( GEOMETRIC_REPRESENTATION_CONTEXT(2) 
PARAMETRIC_REPRESENTATION_CONTEXT() REPRESENTATION_CONTEXT('2D SPACE',''
  ) );
#5367 = PCURVE('',#3626,#5368);
#5368 = DEFINITIONAL_REPRESENTATION('',(#5369),#5373);
#5369 = LINE('',#5370,#5371);
#5370 = CARTESIAN_POINT('',(5.329070518201E-15,-8.881784197001E-16));
#5371 = VECTOR('',#5372,1.);
#5372 = DIRECTION('',(1.,5.102230246249E-17));
#5373 = ( GEOMETRIC_REPRESENTATION_CONTEXT(2) 
PARAMETRIC_REPRESENTATION_CONTEXT() REPRESENTATION_CONTEXT('2D SPACE',''
  ) );
#5374 = ORIENTED_EDGE('',*,*,#5375,.T.);
#5375 = EDGE_CURVE('',#5353,#5376,#5378,.T.);
#5376 = VERTEX_POINT('',#5377);
#5377 = CARTESIAN_POINT('',(15.380364917652,16.999999999999,-3.));
#5378 = SURFACE_CURVE('',#5379,(#5384,#5391),.PCURVE_S1.);
#5379 = CIRCLE('',#5380,22.925000000002);
#5380 = AXIS2_PLACEMENT_3D('',#5381,#5382,#5383);
#5381 = CARTESIAN_POINT('',(-6.661338147751E-16,4.440892098501E-16,-3.)
  );
#5382 = DIRECTION('',(-1.110223024625E-16,2.775557561563E-16,-1.));
#5383 = DIRECTION('',(5.030669073875E-16,-1.,-2.775557561563E-16));
#5384 = PCURVE('',#1714,#5385);
#5385 = DEFINITIONAL_REPRESENTATION('',(#5386),#5390);
#5386 = CIRCLE('',#5387,22.925000000002);
#5387 = AXIS2_PLACEMENT_2D('',#5388,#5389);
#5388 = CARTESIAN_POINT('',(-2.347925989758E-13,119.85038345413));
#5389 = DIRECTION('',(-5.897769753748E-17,-1.));
#5390 = ( GEOMETRIC_REPRESENTATION_CONTEXT(2) 
PARAMETRIC_REPRESENTATION_CONTEXT() REPRESENTATION_CONTEXT('2D SPACE',''
  ) );
#5391 = PCURVE('',#4611,#5392);
#5392 = DEFINITIONAL_REPRESENTATION('',(#5393),#5397);
#5393 = LINE('',#5394,#5395);
#5394 = CARTESIAN_POINT('',(0.,0.));
#5395 = VECTOR('',#5396,1.);
#5396 = DIRECTION('',(1.,0.));
#5397 = ( GEOMETRIC_REPRESENTATION_CONTEXT(2) 
PARAMETRIC_REPRESENTATION_CONTEXT() REPRESENTATION_CONTEXT('2D SPACE',''
  ) );
#5398 = ORIENTED_EDGE('',*,*,#5399,.T.);
#5399 = EDGE_CURVE('',#5376,#1671,#5400,.T.);
#5400 = SURFACE_CURVE('',#5401,(#5405,#5412),.PCURVE_S1.);
#5401 = LINE('',#5402,#5403);
#5402 = CARTESIAN_POINT('',(15.380364917652,16.999999999999,-3.));
#5403 = VECTOR('',#5404,1.);
#5404 = DIRECTION('',(1.,3.498960036108E-14,-1.110223024625E-16));
#5405 = PCURVE('',#1714,#5406);
#5406 = DEFINITIONAL_REPRESENTATION('',(#5407),#5411);
#5407 = LINE('',#5408,#5409);
#5408 = CARTESIAN_POINT('',(-15.38036491765,136.85038345413));
#5409 = VECTOR('',#5410,1.);
#5410 = DIRECTION('',(-1.,3.460102230246E-14));
#5411 = ( GEOMETRIC_REPRESENTATION_CONTEXT(2) 
PARAMETRIC_REPRESENTATION_CONTEXT() REPRESENTATION_CONTEXT('2D SPACE',''
  ) );
#5412 = PCURVE('',#1686,#5413);
#5413 = DEFINITIONAL_REPRESENTATION('',(#5414),#5418);
#5414 = LINE('',#5415,#5416);
#5415 = CARTESIAN_POINT('',(-5.329070518201E-15,4.440892098501E-16));
#5416 = VECTOR('',#5417,1.);
#5417 = DIRECTION('',(1.,-5.102230246252E-17));
#5418 = ( GEOMETRIC_REPRESENTATION_CONTEXT(2) 
PARAMETRIC_REPRESENTATION_CONTEXT() REPRESENTATION_CONTEXT('2D SPACE',''
  ) );
#5419 = ORIENTED_EDGE('',*,*,#1698,.F.);
#5420 = ORIENTED_EDGE('',*,*,#5303,.T.);
#5421 = ORIENTED_EDGE('',*,*,#5422,.T.);
#5422 = EDGE_CURVE('',#5304,#5423,#5425,.T.);
#5423 = VERTEX_POINT('',#5424);
#5424 = CARTESIAN_POINT('',(40.,-7.,-3.));
#5425 = SURFACE_CURVE('',#5426,(#5431,#5438),.PCURVE_S1.);
#5426 = CIRCLE('',#5427,2.);
#5427 = AXIS2_PLACEMENT_3D('',#5428,#5429,#5430);
#5428 = CARTESIAN_POINT('',(40.,-5.,-3.));
#5429 = DIRECTION('',(-1.110223024625E-16,2.775557561563E-16,-1.));
#5430 = DIRECTION('',(-1.,-3.096003610813E-16,1.110223024625E-16));
#5431 = PCURVE('',#1714,#5432);
#5432 = DEFINITIONAL_REPRESENTATION('',(#5433),#5437);
#5433 = CIRCLE('',#5434,2.);
#5434 = AXIS2_PLACEMENT_2D('',#5435,#5436);
#5435 = CARTESIAN_POINT('',(-40.,114.85038345413));
#5436 = DIRECTION('',(1.,7.897769753748E-17));
#5437 = ( GEOMETRIC_REPRESENTATION_CONTEXT(2) 
PARAMETRIC_REPRESENTATION_CONTEXT() REPRESENTATION_CONTEXT('2D SPACE',''
  ) );
#5438 = PCURVE('',#5288,#5439);
#5439 = DEFINITIONAL_REPRESENTATION('',(#5440),#5444);
#5440 = LINE('',#5441,#5442);
#5441 = CARTESIAN_POINT('',(0.,0.));
#5442 = VECTOR('',#5443,1.);
#5443 = DIRECTION('',(1.,0.));
#5444 = ( GEOMETRIC_REPRESENTATION_CONTEXT(2) 
PARAMETRIC_REPRESENTATION_CONTEXT() REPRESENTATION_CONTEXT('2D SPACE',''
  ) );
#5445 = ORIENTED_EDGE('',*,*,#5446,.T.);
#5446 = EDGE_CURVE('',#5423,#5447,#5449,.T.);
#5447 = VERTEX_POINT('',#5448);
#5448 = CARTESIAN_POINT('',(24.113412991147,-7.,-3.));
#5449 = SURFACE_CURVE('',#5450,(#5454,#5461),.PCURVE_S1.);
#5450 = LINE('',#5451,#5452);
#5451 = CARTESIAN_POINT('',(40.,-7.,-3.));
#5452 = VECTOR('',#5453,1.);
#5453 = DIRECTION('',(-1.,-3.296003610813E-16,1.110223024625E-16));
#5454 = PCURVE('',#1714,#5455);
#5455 = DEFINITIONAL_REPRESENTATION('',(#5456),#5460);
#5456 = LINE('',#5457,#5458);
#5457 = CARTESIAN_POINT('',(-40.,112.85038345413));
#5458 = VECTOR('',#5459,1.);
#5459 = DIRECTION('',(1.,5.897769753748E-17));
#5460 = ( GEOMETRIC_REPRESENTATION_CONTEXT(2) 
PARAMETRIC_REPRESENTATION_CONTEXT() REPRESENTATION_CONTEXT('2D SPACE',''
  ) );
#5461 = PCURVE('',#5257,#5462);
#5462 = DEFINITIONAL_REPRESENTATION('',(#5463),#5467);
#5463 = LINE('',#5464,#5465);
#5464 = CARTESIAN_POINT('',(-1.892414290939E-31,1.7763568394E-15));
#5465 = VECTOR('',#5466,1.);
#5466 = DIRECTION('',(1.,5.102230246252E-17));
#5467 = ( GEOMETRIC_REPRESENTATION_CONTEXT(2) 
PARAMETRIC_REPRESENTATION_CONTEXT() REPRESENTATION_CONTEXT('2D SPACE',''
  ) );
#5468 = ORIENTED_EDGE('',*,*,#5469,.T.);
#5469 = EDGE_CURVE('',#5447,#5470,#5472,.T.);
#5470 = VERTEX_POINT('',#5471);
#5471 = CARTESIAN_POINT('',(31.743412991146,-53.,-3.));
#5472 = SURFACE_CURVE('',#5473,(#5477,#5484),.PCURVE_S1.);
#5473 = LINE('',#5474,#5475);
#5474 = CARTESIAN_POINT('',(24.113412991147,-7.,-3.));
#5475 = VECTOR('',#5476,1.);
#5476 = DIRECTION('',(0.16363383332,-0.986521144524,-2.919816271685E-16)
  );
#5477 = PCURVE('',#1714,#5478);
#5478 = DEFINITIONAL_REPRESENTATION('',(#5479),#5483);
#5479 = LINE('',#5480,#5481);
#5480 = CARTESIAN_POINT('',(-24.11341299114,112.85038345413));
#5481 = VECTOR('',#5482,1.);
#5482 = DIRECTION('',(-0.16363383332,-0.986521144524));
#5483 = ( GEOMETRIC_REPRESENTATION_CONTEXT(2) 
PARAMETRIC_REPRESENTATION_CONTEXT() REPRESENTATION_CONTEXT('2D SPACE',''
  ) );
#5484 = PCURVE('',#5229,#5485);
#5485 = DEFINITIONAL_REPRESENTATION('',(#5486),#5490);
#5486 = LINE('',#5487,#5488);
#5487 = CARTESIAN_POINT('',(-4.381033955721E-15,8.881784197001E-16));
#5488 = VECTOR('',#5489,1.);
#5489 = DIRECTION('',(1.,1.013588439571E-16));
#5490 = ( GEOMETRIC_REPRESENTATION_CONTEXT(2) 
PARAMETRIC_REPRESENTATION_CONTEXT() REPRESENTATION_CONTEXT('2D SPACE',''
  ) );
#5491 = ORIENTED_EDGE('',*,*,#5492,.T.);
#5492 = EDGE_CURVE('',#5470,#5493,#5495,.T.);
#5493 = VERTEX_POINT('',#5494);
#5494 = CARTESIAN_POINT('',(50.,-53.,-3.));
#5495 = SURFACE_CURVE('',#5496,(#5500,#5507),.PCURVE_S1.);
#5496 = LINE('',#5497,#5498);
#5497 = CARTESIAN_POINT('',(31.743412991146,-53.,-3.));
#5498 = VECTOR('',#5499,1.);
#5499 = DIRECTION('',(1.,4.996003610813E-16,-1.110223024625E-16));
#5500 = PCURVE('',#1714,#5501);
#5501 = DEFINITIONAL_REPRESENTATION('',(#5502),#5506);
#5502 = LINE('',#5503,#5504);
#5503 = CARTESIAN_POINT('',(-31.74341299114,66.850383454139));
#5504 = VECTOR('',#5505,1.);
#5505 = DIRECTION('',(-1.,1.110223024625E-16));
#5506 = ( GEOMETRIC_REPRESENTATION_CONTEXT(2) 
PARAMETRIC_REPRESENTATION_CONTEXT() REPRESENTATION_CONTEXT('2D SPACE',''
  ) );
#5507 = PCURVE('',#5201,#5508);
#5508 = DEFINITIONAL_REPRESENTATION('',(#5509),#5513);
#5509 = LINE('',#5510,#5511);
#5510 = CARTESIAN_POINT('',(1.42108547152E-14,1.33226762955E-15));
#5511 = VECTOR('',#5512,1.);
#5512 = DIRECTION('',(1.,-5.102230246252E-17));
#5513 = ( GEOMETRIC_REPRESENTATION_CONTEXT(2) 
PARAMETRIC_REPRESENTATION_CONTEXT() REPRESENTATION_CONTEXT('2D SPACE',''
  ) );
#5514 = ORIENTED_EDGE('',*,*,#5515,.T.);
#5515 = EDGE_CURVE('',#5493,#5516,#5518,.T.);
#5516 = VERTEX_POINT('',#5517);
#5517 = CARTESIAN_POINT('',(52.,-55.,-3.));
#5518 = SURFACE_CURVE('',#5519,(#5524,#5531),.PCURVE_S1.);
#5519 = CIRCLE('',#5520,2.);
#5520 = AXIS2_PLACEMENT_3D('',#5521,#5522,#5523);
#5521 = CARTESIAN_POINT('',(50.,-55.,-3.));
#5522 = DIRECTION('',(-1.110223024625E-16,2.775557561563E-16,-1.));
#5523 = DIRECTION('',(-2.693309261245E-17,-1.,-2.775557561563E-16));
#5524 = PCURVE('',#1714,#5525);
#5525 = DEFINITIONAL_REPRESENTATION('',(#5526),#5530);
#5526 = CIRCLE('',#5527,2.);
#5527 = AXIS2_PLACEMENT_2D('',#5528,#5529);
#5528 = CARTESIAN_POINT('',(-50.,64.850383454139));
#5529 = DIRECTION('',(4.710223024625E-16,-1.));
#5530 = ( GEOMETRIC_REPRESENTATION_CONTEXT(2) 
PARAMETRIC_REPRESENTATION_CONTEXT() REPRESENTATION_CONTEXT('2D SPACE',''
  ) );
#5531 = PCURVE('',#5173,#5532);
#5532 = DEFINITIONAL_REPRESENTATION('',(#5533),#5537);
#5533 = LINE('',#5534,#5535);
#5534 = CARTESIAN_POINT('',(0.,0.));
#5535 = VECTOR('',#5536,1.);
#5536 = DIRECTION('',(1.,0.));
#5537 = ( GEOMETRIC_REPRESENTATION_CONTEXT(2) 
PARAMETRIC_REPRESENTATION_CONTEXT() REPRESENTATION_CONTEXT('2D SPACE',''
  ) );
#5538 = ORIENTED_EDGE('',*,*,#5539,.T.);
#5539 = EDGE_CURVE('',#5516,#5540,#5542,.T.);
#5540 = VERTEX_POINT('',#5541);
#5541 = CARTESIAN_POINT('',(52.,-75.,-3.));
#5542 = SURFACE_CURVE('',#5543,(#5547,#5554),.PCURVE_S1.);
#5543 = LINE('',#5544,#5545);
#5544 = CARTESIAN_POINT('',(52.,-55.,-3.));
#5545 = VECTOR('',#5546,1.);
#5546 = DIRECTION('',(-2.693309261245E-17,-1.,-2.775557561563E-16));
#5547 = PCURVE('',#1714,#5548);
#5548 = DEFINITIONAL_REPRESENTATION('',(#5549),#5553);
#5549 = LINE('',#5550,#5551);
#5550 = CARTESIAN_POINT('',(-52.,64.850383454139));
#5551 = VECTOR('',#5552,1.);
#5552 = DIRECTION('',(4.710223024625E-16,-1.));
#5553 = ( GEOMETRIC_REPRESENTATION_CONTEXT(2) 
PARAMETRIC_REPRESENTATION_CONTEXT() REPRESENTATION_CONTEXT('2D SPACE',''
  ) );
#5554 = PCURVE('',#5140,#5555);
#5555 = DEFINITIONAL_REPRESENTATION('',(#5556),#5560);
#5556 = LINE('',#5557,#5558);
#5557 = CARTESIAN_POINT('',(-1.42108547152E-14,3.10862446895E-15));
#5558 = VECTOR('',#5559,1.);
#5559 = DIRECTION('',(1.,1.110223024625E-16));
#5560 = ( GEOMETRIC_REPRESENTATION_CONTEXT(2) 
PARAMETRIC_REPRESENTATION_CONTEXT() REPRESENTATION_CONTEXT('2D SPACE',''
  ) );
#5561 = ORIENTED_EDGE('',*,*,#5562,.T.);
#5562 = EDGE_CURVE('',#5540,#5563,#5565,.T.);
#5563 = VERTEX_POINT('',#5564);
#5564 = CARTESIAN_POINT('',(50.,-77.,-3.));
#5565 = SURFACE_CURVE('',#5566,(#5571,#5578),.PCURVE_S1.);
#5566 = CIRCLE('',#5567,2.);
#5567 = AXIS2_PLACEMENT_3D('',#5568,#5569,#5570);
#5568 = CARTESIAN_POINT('',(50.,-75.,-3.));
#5569 = DIRECTION('',(-1.110223024625E-16,2.775557561563E-16,-1.));
#5570 = DIRECTION('',(-1.,3.503996389187E-16,1.110223024625E-16));
#5571 = PCURVE('',#1714,#5572);
#5572 = DEFINITIONAL_REPRESENTATION('',(#5573),#5577);
#5573 = CIRCLE('',#5574,2.);
#5574 = AXIS2_PLACEMENT_2D('',#5575,#5576);
#5575 = CARTESIAN_POINT('',(-50.,44.850383454139));
#5576 = DIRECTION('',(1.,7.389776975375E-16));
#5577 = ( GEOMETRIC_REPRESENTATION_CONTEXT(2) 
PARAMETRIC_REPRESENTATION_CONTEXT() REPRESENTATION_CONTEXT('2D SPACE',''
  ) );
#5578 = PCURVE('',#5112,#5579);
#5579 = DEFINITIONAL_REPRESENTATION('',(#5580),#5584);
#5580 = LINE('',#5581,#5582);
#5581 = CARTESIAN_POINT('',(0.,0.));
#5582 = VECTOR('',#5583,1.);
#5583 = DIRECTION('',(1.,0.));
#5584 = ( GEOMETRIC_REPRESENTATION_CONTEXT(2) 
PARAMETRIC_REPRESENTATION_CONTEXT() REPRESENTATION_CONTEXT('2D SPACE',''
  ) );
#5585 = ORIENTED_EDGE('',*,*,#5586,.T.);
#5586 = EDGE_CURVE('',#5563,#5587,#5589,.T.);
#5587 = VERTEX_POINT('',#5588);
#5588 = CARTESIAN_POINT('',(35.724282556363,-77.,-3.));
#5589 = SURFACE_CURVE('',#5590,(#5594,#5601),.PCURVE_S1.);
#5590 = LINE('',#5591,#5592);
#5591 = CARTESIAN_POINT('',(50.,-77.,-3.));
#5592 = VECTOR('',#5593,1.);
#5593 = DIRECTION('',(-1.,5.003996389187E-16,1.110223024625E-16));
#5594 = PCURVE('',#1714,#5595);
#5595 = DEFINITIONAL_REPRESENTATION('',(#5596),#5600);
#5596 = LINE('',#5597,#5598);
#5597 = CARTESIAN_POINT('',(-50.,42.850383454139));
#5598 = VECTOR('',#5599,1.);
#5599 = DIRECTION('',(1.,8.889776975375E-16));
#5600 = ( GEOMETRIC_REPRESENTATION_CONTEXT(2) 
PARAMETRIC_REPRESENTATION_CONTEXT() REPRESENTATION_CONTEXT('2D SPACE',''
  ) );
#5601 = PCURVE('',#5079,#5602);
#5602 = DEFINITIONAL_REPRESENTATION('',(#5603),#5607);
#5603 = LINE('',#5604,#5605);
#5604 = CARTESIAN_POINT('',(-2.13162820728E-14,2.22044604925E-15));
#5605 = VECTOR('',#5606,1.);
#5606 = DIRECTION('',(1.,5.102230246252E-17));
#5607 = ( GEOMETRIC_REPRESENTATION_CONTEXT(2) 
PARAMETRIC_REPRESENTATION_CONTEXT() REPRESENTATION_CONTEXT('2D SPACE',''
  ) );
#5608 = ORIENTED_EDGE('',*,*,#5609,.T.);
#5609 = EDGE_CURVE('',#5587,#5610,#5612,.T.);
#5610 = VERTEX_POINT('',#5611);
#5611 = CARTESIAN_POINT('',(41.973042289049,-114.6727323333,-3.));
#5612 = SURFACE_CURVE('',#5613,(#5617,#5624),.PCURVE_S1.);
#5613 = LINE('',#5614,#5615);
#5614 = CARTESIAN_POINT('',(35.724282556363,-77.,-3.));
#5615 = VECTOR('',#5616,1.);
#5616 = DIRECTION('',(0.16363383332,-0.986521144524,-2.919816271685E-16)
  );
#5617 = PCURVE('',#1714,#5618);
#5618 = DEFINITIONAL_REPRESENTATION('',(#5619),#5623);
#5619 = LINE('',#5620,#5621);
#5620 = CARTESIAN_POINT('',(-35.72428255636,42.850383454139));
#5621 = VECTOR('',#5622,1.);
#5622 = DIRECTION('',(-0.16363383332,-0.986521144524));
#5623 = ( GEOMETRIC_REPRESENTATION_CONTEXT(2) 
PARAMETRIC_REPRESENTATION_CONTEXT() REPRESENTATION_CONTEXT('2D SPACE',''
  ) );
#5624 = PCURVE('',#5051,#5625);
#5625 = DEFINITIONAL_REPRESENTATION('',(#5626),#5630);
#5626 = LINE('',#5627,#5628);
#5627 = CARTESIAN_POINT('',(-1.401930865831E-14,1.7763568394E-15));
#5628 = VECTOR('',#5629,1.);
#5629 = DIRECTION('',(1.,1.013588439571E-16));
#5630 = ( GEOMETRIC_REPRESENTATION_CONTEXT(2) 
PARAMETRIC_REPRESENTATION_CONTEXT() REPRESENTATION_CONTEXT('2D SPACE',''
  ) );
#5631 = ORIENTED_EDGE('',*,*,#5632,.T.);
#5632 = EDGE_CURVE('',#5610,#5633,#5635,.T.);
#5633 = VERTEX_POINT('',#5634);
#5634 = CARTESIAN_POINT('',(42.,-115.,-3.));
#5635 = SURFACE_CURVE('',#5636,(#5641,#5648),.PCURVE_S1.);
#5636 = CIRCLE('',#5637,2.);
#5637 = AXIS2_PLACEMENT_3D('',#5638,#5639,#5640);
#5638 = CARTESIAN_POINT('',(40.,-114.9999999999,-3.));
#5639 = DIRECTION('',(-1.110223024625E-16,2.775557561563E-16,-1.));
#5640 = DIRECTION('',(5.730669073875E-16,-1.,-2.775557561563E-16));
#5641 = PCURVE('',#1714,#5642);
#5642 = DEFINITIONAL_REPRESENTATION('',(#5643),#5647);
#5643 = CIRCLE('',#5644,2.);
#5644 = AXIS2_PLACEMENT_2D('',#5645,#5646);
#5645 = CARTESIAN_POINT('',(-40.,4.850383454142));
#5646 = DIRECTION('',(-1.289776975375E-16,-1.));
#5647 = ( GEOMETRIC_REPRESENTATION_CONTEXT(2) 
PARAMETRIC_REPRESENTATION_CONTEXT() REPRESENTATION_CONTEXT('2D SPACE',''
  ) );
#5648 = PCURVE('',#5023,#5649);
#5649 = DEFINITIONAL_REPRESENTATION('',(#5650),#5654);
#5650 = LINE('',#5651,#5652);
#5651 = CARTESIAN_POINT('',(0.,0.));
#5652 = VECTOR('',#5653,1.);
#5653 = DIRECTION('',(1.,0.));
#5654 = ( GEOMETRIC_REPRESENTATION_CONTEXT(2) 
PARAMETRIC_REPRESENTATION_CONTEXT() REPRESENTATION_CONTEXT('2D SPACE',''
  ) );
#5655 = ORIENTED_EDGE('',*,*,#5656,.F.);
#5656 = EDGE_CURVE('',#5657,#5633,#5659,.T.);
#5657 = VERTEX_POINT('',#5658);
#5658 = CARTESIAN_POINT('',(42.,-143.,-3.));
#5659 = SURFACE_CURVE('',#5660,(#5664,#5671),.PCURVE_S1.);
#5660 = LINE('',#5661,#5662);
#5661 = CARTESIAN_POINT('',(42.,-143.,-3.));
#5662 = VECTOR('',#5663,1.);
#5663 = DIRECTION('',(-5.830669073875E-16,1.,2.775557561563E-16));
#5664 = PCURVE('',#1714,#5665);
#5665 = DEFINITIONAL_REPRESENTATION('',(#5666),#5670);
#5666 = LINE('',#5667,#5668);
#5667 = CARTESIAN_POINT('',(-42.,-23.14961654586));
#5668 = VECTOR('',#5669,1.);
#5669 = DIRECTION('',(1.389776975375E-16,1.));
#5670 = ( GEOMETRIC_REPRESENTATION_CONTEXT(2) 
PARAMETRIC_REPRESENTATION_CONTEXT() REPRESENTATION_CONTEXT('2D SPACE',''
  ) );
#5671 = PCURVE('',#4990,#5672);
#5672 = DEFINITIONAL_REPRESENTATION('',(#5673),#5677);
#5673 = LINE('',#5674,#5675);
#5674 = CARTESIAN_POINT('',(-4.930380657631E-31,1.7763568394E-15));
#5675 = VECTOR('',#5676,1.);
#5676 = DIRECTION('',(1.,-1.110223024625E-16));
#5677 = ( GEOMETRIC_REPRESENTATION_CONTEXT(2) 
PARAMETRIC_REPRESENTATION_CONTEXT() REPRESENTATION_CONTEXT('2D SPACE',''
  ) );
#5678 = ORIENTED_EDGE('',*,*,#5679,.T.);
#5679 = EDGE_CURVE('',#5657,#5680,#5682,.T.);
#5680 = VERTEX_POINT('',#5681);
#5681 = CARTESIAN_POINT('',(60.,-143.,-3.));
#5682 = SURFACE_CURVE('',#5683,(#5687,#5694),.PCURVE_S1.);
#5683 = LINE('',#5684,#5685);
#5684 = CARTESIAN_POINT('',(42.,-143.,-3.));
#5685 = VECTOR('',#5686,1.);
#5686 = DIRECTION('',(1.,4.996003610813E-16,-1.110223024625E-16));
#5687 = PCURVE('',#1714,#5688);
#5688 = DEFINITIONAL_REPRESENTATION('',(#5689),#5693);
#5689 = LINE('',#5690,#5691);
#5690 = CARTESIAN_POINT('',(-42.,-23.14961654586));
#5691 = VECTOR('',#5692,1.);
#5692 = DIRECTION('',(-1.,1.110223024625E-16));
#5693 = ( GEOMETRIC_REPRESENTATION_CONTEXT(2) 
PARAMETRIC_REPRESENTATION_CONTEXT() REPRESENTATION_CONTEXT('2D SPACE',''
  ) );
#5694 = PCURVE('',#4962,#5695);
#5695 = DEFINITIONAL_REPRESENTATION('',(#5696),#5700);
#5696 = LINE('',#5697,#5698);
#5697 = CARTESIAN_POINT('',(4.263256414561E-14,1.7763568394E-15));
#5698 = VECTOR('',#5699,1.);
#5699 = DIRECTION('',(1.,-5.102230246252E-17));
#5700 = ( GEOMETRIC_REPRESENTATION_CONTEXT(2) 
PARAMETRIC_REPRESENTATION_CONTEXT() REPRESENTATION_CONTEXT('2D SPACE',''
  ) );
#5701 = ORIENTED_EDGE('',*,*,#5702,.T.);
#5702 = EDGE_CURVE('',#5680,#5703,#5705,.T.);
#5703 = VERTEX_POINT('',#5704);
#5704 = CARTESIAN_POINT('',(62.,-145.,-3.));
#5705 = SURFACE_CURVE('',#5706,(#5711,#5718),.PCURVE_S1.);
#5706 = CIRCLE('',#5707,2.);
#5707 = AXIS2_PLACEMENT_3D('',#5708,#5709,#5710);
#5708 = CARTESIAN_POINT('',(60.,-145.,-3.));
#5709 = DIRECTION('',(-1.110223024625E-16,2.775557561563E-16,-1.));
#5710 = DIRECTION('',(3.330669073875E-16,-1.,-2.775557561563E-16));
#5711 = PCURVE('',#1714,#5712);
#5712 = DEFINITIONAL_REPRESENTATION('',(#5713),#5717);
#5713 = CIRCLE('',#5714,2.);
#5714 = AXIS2_PLACEMENT_2D('',#5715,#5716);
#5715 = CARTESIAN_POINT('',(-60.,-25.14961654586));
#5716 = DIRECTION('',(1.110223024625E-16,-1.));
#5717 = ( GEOMETRIC_REPRESENTATION_CONTEXT(2) 
PARAMETRIC_REPRESENTATION_CONTEXT() REPRESENTATION_CONTEXT('2D SPACE',''
  ) );
#5718 = PCURVE('',#4934,#5719);
#5719 = DEFINITIONAL_REPRESENTATION('',(#5720),#5724);
#5720 = LINE('',#5721,#5722);
#5721 = CARTESIAN_POINT('',(0.,0.));
#5722 = VECTOR('',#5723,1.);
#5723 = DIRECTION('',(1.,0.));
#5724 = ( GEOMETRIC_REPRESENTATION_CONTEXT(2) 
PARAMETRIC_REPRESENTATION_CONTEXT() REPRESENTATION_CONTEXT('2D SPACE',''
  ) );
#5725 = ORIENTED_EDGE('',*,*,#5726,.T.);
#5726 = EDGE_CURVE('',#5703,#5727,#5729,.T.);
#5727 = VERTEX_POINT('',#5728);
#5728 = CARTESIAN_POINT('',(62.,-165.,-3.));
#5729 = SURFACE_CURVE('',#5730,(#5734,#5741),.PCURVE_S1.);
#5730 = LINE('',#5731,#5732);
#5731 = CARTESIAN_POINT('',(62.,-145.,-3.));
#5732 = VECTOR('',#5733,1.);
#5733 = DIRECTION('',(3.330669073875E-16,-1.,-2.775557561563E-16));
#5734 = PCURVE('',#1714,#5735);
#5735 = DEFINITIONAL_REPRESENTATION('',(#5736),#5740);
#5736 = LINE('',#5737,#5738);
#5737 = CARTESIAN_POINT('',(-62.,-25.14961654586));
#5738 = VECTOR('',#5739,1.);
#5739 = DIRECTION('',(1.110223024625E-16,-1.));
#5740 = ( GEOMETRIC_REPRESENTATION_CONTEXT(2) 
PARAMETRIC_REPRESENTATION_CONTEXT() REPRESENTATION_CONTEXT('2D SPACE',''
  ) );
#5741 = PCURVE('',#4901,#5742);
#5742 = DEFINITIONAL_REPRESENTATION('',(#5743),#5747);
#5743 = LINE('',#5744,#5745);
#5744 = CARTESIAN_POINT('',(8.628166150855E-31,3.10862446895E-15));
#5745 = VECTOR('',#5746,1.);
#5746 = DIRECTION('',(1.,1.110223024625E-16));
#5747 = ( GEOMETRIC_REPRESENTATION_CONTEXT(2) 
PARAMETRIC_REPRESENTATION_CONTEXT() REPRESENTATION_CONTEXT('2D SPACE',''
  ) );
#5748 = ORIENTED_EDGE('',*,*,#5749,.T.);
#5749 = EDGE_CURVE('',#5727,#5750,#5752,.T.);
#5750 = VERTEX_POINT('',#5751);
#5751 = CARTESIAN_POINT('',(60.,-167.,-3.));
#5752 = SURFACE_CURVE('',#5753,(#5758,#5765),.PCURVE_S1.);
#5753 = CIRCLE('',#5754,2.);
#5754 = AXIS2_PLACEMENT_3D('',#5755,#5756,#5757);
#5755 = CARTESIAN_POINT('',(60.,-165.,-3.));
#5756 = DIRECTION('',(-1.110223024625E-16,2.775557561563E-16,-1.));
#5757 = DIRECTION('',(-1.,-4.996003610813E-16,1.110223024625E-16));
#5758 = PCURVE('',#1714,#5759);
#5759 = DEFINITIONAL_REPRESENTATION('',(#5760),#5764);
#5760 = CIRCLE('',#5761,2.);
#5761 = AXIS2_PLACEMENT_2D('',#5762,#5763);
#5762 = CARTESIAN_POINT('',(-60.,-45.14961654586));
#5763 = DIRECTION('',(1.,-1.110223024625E-16));
#5764 = ( GEOMETRIC_REPRESENTATION_CONTEXT(2) 
PARAMETRIC_REPRESENTATION_CONTEXT() REPRESENTATION_CONTEXT('2D SPACE',''
  ) );
#5765 = PCURVE('',#4873,#5766);
#5766 = DEFINITIONAL_REPRESENTATION('',(#5767),#5771);
#5767 = LINE('',#5768,#5769);
#5768 = CARTESIAN_POINT('',(0.,0.));
#5769 = VECTOR('',#5770,1.);
#5770 = DIRECTION('',(1.,0.));
#5771 = ( GEOMETRIC_REPRESENTATION_CONTEXT(2) 
PARAMETRIC_REPRESENTATION_CONTEXT() REPRESENTATION_CONTEXT('2D SPACE',''
  ) );
#5772 = ORIENTED_EDGE('',*,*,#5773,.T.);
#5773 = EDGE_CURVE('',#5750,#5774,#5776,.T.);
#5774 = VERTEX_POINT('',#5775);
#5775 = CARTESIAN_POINT('',(42.,-167.,-3.));
#5776 = SURFACE_CURVE('',#5777,(#5781,#5788),.PCURVE_S1.);
#5777 = LINE('',#5778,#5779);
#5778 = CARTESIAN_POINT('',(60.,-167.,-3.));
#5779 = VECTOR('',#5780,1.);
#5780 = DIRECTION('',(-1.,-4.996003610813E-16,1.110223024625E-16));
#5781 = PCURVE('',#1714,#5782);
#5782 = DEFINITIONAL_REPRESENTATION('',(#5783),#5787);
#5783 = LINE('',#5784,#5785);
#5784 = CARTESIAN_POINT('',(-60.,-47.14961654586));
#5785 = VECTOR('',#5786,1.);
#5786 = DIRECTION('',(1.,-1.110223024625E-16));
#5787 = ( GEOMETRIC_REPRESENTATION_CONTEXT(2) 
PARAMETRIC_REPRESENTATION_CONTEXT() REPRESENTATION_CONTEXT('2D SPACE',''
  ) );
#5788 = PCURVE('',#4840,#5789);
#5789 = DEFINITIONAL_REPRESENTATION('',(#5790),#5794);
#5790 = LINE('',#5791,#5792);
#5791 = CARTESIAN_POINT('',(-4.973799150321E-14,3.10862446895E-15));
#5792 = VECTOR('',#5793,1.);
#5793 = DIRECTION('',(1.,5.102230246252E-17));
#5794 = ( GEOMETRIC_REPRESENTATION_CONTEXT(2) 
PARAMETRIC_REPRESENTATION_CONTEXT() REPRESENTATION_CONTEXT('2D SPACE',''
  ) );
#5795 = ORIENTED_EDGE('',*,*,#5796,.F.);
#5796 = EDGE_CURVE('',#5797,#5774,#5799,.T.);
#5797 = VERTEX_POINT('',#5798);
#5798 = CARTESIAN_POINT('',(42.,-223.,-3.));
#5799 = SURFACE_CURVE('',#5800,(#5804,#5811),.PCURVE_S1.);
#5800 = LINE('',#5801,#5802);
#5801 = CARTESIAN_POINT('',(42.,-223.,-3.));
#5802 = VECTOR('',#5803,1.);
#5803 = DIRECTION('',(-2.493066907388E-15,1.,2.775557561563E-16));
#5804 = PCURVE('',#1714,#5805);
#5805 = DEFINITIONAL_REPRESENTATION('',(#5806),#5810);
#5806 = LINE('',#5807,#5808);
#5807 = CARTESIAN_POINT('',(-42.,-103.1496165458));
#5808 = VECTOR('',#5809,1.);
#5809 = DIRECTION('',(2.048977697537E-15,1.));
#5810 = ( GEOMETRIC_REPRESENTATION_CONTEXT(2) 
PARAMETRIC_REPRESENTATION_CONTEXT() REPRESENTATION_CONTEXT('2D SPACE',''
  ) );
#5811 = PCURVE('',#4812,#5812);
#5812 = DEFINITIONAL_REPRESENTATION('',(#5813),#5817);
#5813 = LINE('',#5814,#5815);
#5814 = CARTESIAN_POINT('',(-4.930380657631E-31,1.7763568394E-15));
#5815 = VECTOR('',#5816,1.);
#5816 = DIRECTION('',(1.,-1.110223024625E-16));
#5817 = ( GEOMETRIC_REPRESENTATION_CONTEXT(2) 
PARAMETRIC_REPRESENTATION_CONTEXT() REPRESENTATION_CONTEXT('2D SPACE',''
  ) );
#5818 = ORIENTED_EDGE('',*,*,#5819,.T.);
#5819 = EDGE_CURVE('',#5797,#5820,#5822,.T.);
#5820 = VERTEX_POINT('',#5821);
#5821 = CARTESIAN_POINT('',(60.,-223.,-3.));
#5822 = SURFACE_CURVE('',#5823,(#5827,#5834),.PCURVE_S1.);
#5823 = LINE('',#5824,#5825);
#5824 = CARTESIAN_POINT('',(42.,-223.,-3.));
#5825 = VECTOR('',#5826,1.);
#5826 = DIRECTION('',(1.,4.996003610813E-16,-1.110223024625E-16));
#5827 = PCURVE('',#1714,#5828);
#5828 = DEFINITIONAL_REPRESENTATION('',(#5829),#5833);
#5829 = LINE('',#5830,#5831);
#5830 = CARTESIAN_POINT('',(-42.,-103.1496165458));
#5831 = VECTOR('',#5832,1.);
#5832 = DIRECTION('',(-1.,1.110223024625E-16));
#5833 = ( GEOMETRIC_REPRESENTATION_CONTEXT(2) 
PARAMETRIC_REPRESENTATION_CONTEXT() REPRESENTATION_CONTEXT('2D SPACE',''
  ) );
#5834 = PCURVE('',#4784,#5835);
#5835 = DEFINITIONAL_REPRESENTATION('',(#5836),#5840);
#5836 = LINE('',#5837,#5838);
#5837 = CARTESIAN_POINT('',(6.394884621841E-14,1.7763568394E-15));
#5838 = VECTOR('',#5839,1.);
#5839 = DIRECTION('',(1.,-5.102230246252E-17));
#5840 = ( GEOMETRIC_REPRESENTATION_CONTEXT(2) 
PARAMETRIC_REPRESENTATION_CONTEXT() REPRESENTATION_CONTEXT('2D SPACE',''
  ) );
#5841 = ORIENTED_EDGE('',*,*,#5842,.T.);
#5842 = EDGE_CURVE('',#5820,#5843,#5845,.T.);
#5843 = VERTEX_POINT('',#5844);
#5844 = CARTESIAN_POINT('',(62.,-225.,-3.));
#5845 = SURFACE_CURVE('',#5846,(#5851,#5858),.PCURVE_S1.);
#5846 = CIRCLE('',#5847,2.);
#5847 = AXIS2_PLACEMENT_3D('',#5848,#5849,#5850);
#5848 = CARTESIAN_POINT('',(60.,-225.,-3.));
#5849 = DIRECTION('',(-1.110223024625E-16,2.775557561563E-16,-1.));
#5850 = DIRECTION('',(3.330669073875E-16,-1.,-2.775557561563E-16));
#5851 = PCURVE('',#1714,#5852);
#5852 = DEFINITIONAL_REPRESENTATION('',(#5853),#5857);
#5853 = CIRCLE('',#5854,2.);
#5854 = AXIS2_PLACEMENT_2D('',#5855,#5856);
#5855 = CARTESIAN_POINT('',(-60.,-105.1496165458));
#5856 = DIRECTION('',(1.110223024625E-16,-1.));
#5857 = ( GEOMETRIC_REPRESENTATION_CONTEXT(2) 
PARAMETRIC_REPRESENTATION_CONTEXT() REPRESENTATION_CONTEXT('2D SPACE',''
  ) );
#5858 = PCURVE('',#4756,#5859);
#5859 = DEFINITIONAL_REPRESENTATION('',(#5860),#5864);
#5860 = LINE('',#5861,#5862);
#5861 = CARTESIAN_POINT('',(0.,0.));
#5862 = VECTOR('',#5863,1.);
#5863 = DIRECTION('',(1.,0.));
#5864 = ( GEOMETRIC_REPRESENTATION_CONTEXT(2) 
PARAMETRIC_REPRESENTATION_CONTEXT() REPRESENTATION_CONTEXT('2D SPACE',''
  ) );
#5865 = ORIENTED_EDGE('',*,*,#5866,.T.);
#5866 = EDGE_CURVE('',#5843,#2518,#5867,.T.);
#5867 = SURFACE_CURVE('',#5868,(#5872,#5879),.PCURVE_S1.);
#5868 = LINE('',#5869,#5870);
#5869 = CARTESIAN_POINT('',(62.,-225.,-3.));
#5870 = VECTOR('',#5871,1.);
#5871 = DIRECTION('',(3.330669073875E-16,-1.,-2.775557561563E-16));
#5872 = PCURVE('',#1714,#5873);
#5873 = DEFINITIONAL_REPRESENTATION('',(#5874),#5878);
#5874 = LINE('',#5875,#5876);
#5875 = CARTESIAN_POINT('',(-62.,-105.1496165458));
#5876 = VECTOR('',#5877,1.);
#5877 = DIRECTION('',(1.110223024625E-16,-1.));
#5878 = ( GEOMETRIC_REPRESENTATION_CONTEXT(2) 
PARAMETRIC_REPRESENTATION_CONTEXT() REPRESENTATION_CONTEXT('2D SPACE',''
  ) );
#5879 = PCURVE('',#2533,#5880);
#5880 = DEFINITIONAL_REPRESENTATION('',(#5881),#5885);
#5881 = LINE('',#5882,#5883);
#5882 = CARTESIAN_POINT('',(8.628166150855E-31,3.10862446895E-15));
#5883 = VECTOR('',#5884,1.);
#5884 = DIRECTION('',(1.,1.110223024625E-16));
#5885 = ( GEOMETRIC_REPRESENTATION_CONTEXT(2) 
PARAMETRIC_REPRESENTATION_CONTEXT() REPRESENTATION_CONTEXT('2D SPACE',''
  ) );
#5886 = ORIENTED_EDGE('',*,*,#2545,.F.);
#5887 = ORIENTED_EDGE('',*,*,#5888,.T.);
#5888 = EDGE_CURVE('',#2546,#2723,#5889,.T.);
#5889 = SURFACE_CURVE('',#5890,(#5894,#5901),.PCURVE_S1.);
#5890 = LINE('',#5891,#5892);
#5891 = CARTESIAN_POINT('',(60.,-247.,-3.));
#5892 = VECTOR('',#5893,1.);
#5893 = DIRECTION('',(-1.,-1.919600361081E-15,1.110223024625E-16));
#5894 = PCURVE('',#1714,#5895);
#5895 = DEFINITIONAL_REPRESENTATION('',(#5896),#5900);
#5896 = LINE('',#5897,#5898);
#5897 = CARTESIAN_POINT('',(-60.,-127.1496165458));
#5898 = VECTOR('',#5899,1.);
#5899 = DIRECTION('',(1.,-1.531022302463E-15));
#5900 = ( GEOMETRIC_REPRESENTATION_CONTEXT(2) 
PARAMETRIC_REPRESENTATION_CONTEXT() REPRESENTATION_CONTEXT('2D SPACE',''
  ) );
#5901 = PCURVE('',#2584,#5902);
#5902 = DEFINITIONAL_REPRESENTATION('',(#5903),#5907);
#5903 = LINE('',#5904,#5905);
#5904 = CARTESIAN_POINT('',(-7.815970093361E-14,3.10862446895E-15));
#5905 = VECTOR('',#5906,1.);
#5906 = DIRECTION('',(1.,5.102230246252E-17));
#5907 = ( GEOMETRIC_REPRESENTATION_CONTEXT(2) 
PARAMETRIC_REPRESENTATION_CONTEXT() REPRESENTATION_CONTEXT('2D SPACE',''
  ) );
#5908 = ORIENTED_EDGE('',*,*,#2745,.F.);
#5909 = ORIENTED_EDGE('',*,*,#5910,.F.);
#5910 = EDGE_CURVE('',#5911,#2746,#5913,.T.);
#5911 = VERTEX_POINT('',#5912);
#5912 = CARTESIAN_POINT('',(-62.,-225.,-3.));
#5913 = SURFACE_CURVE('',#5914,(#5918,#5925),.PCURVE_S1.);
#5914 = LINE('',#5915,#5916);
#5915 = CARTESIAN_POINT('',(-62.,-225.,-3.));
#5916 = VECTOR('',#5917,1.);
#5917 = DIRECTION('',(-7.369330926125E-16,-1.,-2.775557561563E-16));
#5918 = PCURVE('',#1714,#5919);
#5919 = DEFINITIONAL_REPRESENTATION('',(#5920),#5924);
#5920 = LINE('',#5921,#5922);
#5921 = CARTESIAN_POINT('',(62.,-105.1496165458));
#5922 = VECTOR('',#5923,1.);
#5923 = DIRECTION('',(1.181022302463E-15,-1.));
#5924 = ( GEOMETRIC_REPRESENTATION_CONTEXT(2) 
PARAMETRIC_REPRESENTATION_CONTEXT() REPRESENTATION_CONTEXT('2D SPACE',''
  ) );
#5925 = PCURVE('',#2784,#5926);
#5926 = DEFINITIONAL_REPRESENTATION('',(#5927),#5931);
#5927 = LINE('',#5928,#5929);
#5928 = CARTESIAN_POINT('',(-1.232595164408E-30,-4.440892098501E-15));
#5929 = VECTOR('',#5930,1.);
#5930 = DIRECTION('',(1.,1.110223024625E-16));
#5931 = ( GEOMETRIC_REPRESENTATION_CONTEXT(2) 
PARAMETRIC_REPRESENTATION_CONTEXT() REPRESENTATION_CONTEXT('2D SPACE',''
  ) );
#5932 = ORIENTED_EDGE('',*,*,#5933,.T.);
#5933 = EDGE_CURVE('',#5911,#5934,#5936,.T.);
#5934 = VERTEX_POINT('',#5935);
#5935 = CARTESIAN_POINT('',(-60.,-223.,-3.));
#5936 = SURFACE_CURVE('',#5937,(#5942,#5949),.PCURVE_S1.);
#5937 = CIRCLE('',#5938,2.);
#5938 = AXIS2_PLACEMENT_3D('',#5939,#5940,#5941);
#5939 = CARTESIAN_POINT('',(-60.,-225.,-3.));
#5940 = DIRECTION('',(-1.110223024625E-16,2.775557561563E-16,-1.));
#5941 = DIRECTION('',(1.,-9.203996389187E-16,-1.110223024625E-16));
#5942 = PCURVE('',#1714,#5943);
#5943 = DEFINITIONAL_REPRESENTATION('',(#5944),#5948);
#5944 = CIRCLE('',#5945,2.);
#5945 = AXIS2_PLACEMENT_2D('',#5946,#5947);
#5946 = CARTESIAN_POINT('',(60.,-105.1496165458));
#5947 = DIRECTION('',(-1.,-1.308977697537E-15));
#5948 = ( GEOMETRIC_REPRESENTATION_CONTEXT(2) 
PARAMETRIC_REPRESENTATION_CONTEXT() REPRESENTATION_CONTEXT('2D SPACE',''
  ) );
#5949 = PCURVE('',#5950,#5955);
#5950 = CYLINDRICAL_SURFACE('',#5951,2.);
#5951 = AXIS2_PLACEMENT_3D('',#5952,#5953,#5954);
#5952 = CARTESIAN_POINT('',(-60.,-225.,-3.));
#5953 = DIRECTION('',(-2.175557561563E-16,1.110223024625E-16,-1.));
#5954 = DIRECTION('',(1.,-1.140399638919E-15,-5.102230246252E-17));
#5955 = DEFINITIONAL_REPRESENTATION('',(#5956),#5960);
#5956 = LINE('',#5957,#5958);
#5957 = CARTESIAN_POINT('',(0.,0.));
#5958 = VECTOR('',#5959,1.);
#5959 = DIRECTION('',(1.,0.));
#5960 = ( GEOMETRIC_REPRESENTATION_CONTEXT(2) 
PARAMETRIC_REPRESENTATION_CONTEXT() REPRESENTATION_CONTEXT('2D SPACE',''
  ) );
#5961 = ORIENTED_EDGE('',*,*,#5962,.F.);
#5962 = EDGE_CURVE('',#5963,#5934,#5965,.T.);
#5963 = VERTEX_POINT('',#5964);
#5964 = CARTESIAN_POINT('',(-42.,-223.,-3.));
#5965 = SURFACE_CURVE('',#5966,(#5970,#5977),.PCURVE_S1.);
#5966 = LINE('',#5967,#5968);
#5967 = CARTESIAN_POINT('',(-42.,-223.,-3.));
#5968 = VECTOR('',#5969,1.);
#5969 = DIRECTION('',(-1.,1.080399638919E-15,1.110223024625E-16));
#5970 = PCURVE('',#1714,#5971);
#5971 = DEFINITIONAL_REPRESENTATION('',(#5972),#5976);
#5972 = LINE('',#5973,#5974);
#5973 = CARTESIAN_POINT('',(42.,-103.1496165458));
#5974 = VECTOR('',#5975,1.);
#5975 = DIRECTION('',(1.,1.468977697537E-15));
#5976 = ( GEOMETRIC_REPRESENTATION_CONTEXT(2) 
PARAMETRIC_REPRESENTATION_CONTEXT() REPRESENTATION_CONTEXT('2D SPACE',''
  ) );
#5977 = PCURVE('',#5978,#5983);
#5978 = PLANE('',#5979);
#5979 = AXIS2_PLACEMENT_3D('',#5980,#5981,#5982);
#5980 = CARTESIAN_POINT('',(-42.,-223.,-3.));
#5981 = DIRECTION('',(-1.466933092612E-15,-1.,-2.175557561563E-16));
#5982 = DIRECTION('',(-1.,1.300399638919E-15,5.102230246252E-17));
#5983 = DEFINITIONAL_REPRESENTATION('',(#5984),#5988);
#5984 = LINE('',#5985,#5986);
#5985 = CARTESIAN_POINT('',(-6.394884621841E-14,-2.22044604925E-15));
#5986 = VECTOR('',#5987,1.);
#5987 = DIRECTION('',(1.,5.102230246252E-17));
#5988 = ( GEOMETRIC_REPRESENTATION_CONTEXT(2) 
PARAMETRIC_REPRESENTATION_CONTEXT() REPRESENTATION_CONTEXT('2D SPACE',''
  ) );
#5989 = ORIENTED_EDGE('',*,*,#5990,.F.);
#5990 = EDGE_CURVE('',#5991,#5963,#5993,.T.);
#5991 = VERTEX_POINT('',#5992);
#5992 = CARTESIAN_POINT('',(-42.,-167.,-3.));
#5993 = SURFACE_CURVE('',#5994,(#5998,#6005),.PCURVE_S1.);
#5994 = LINE('',#5995,#5996);
#5995 = CARTESIAN_POINT('',(-42.,-167.,-3.));
#5996 = VECTOR('',#5997,1.);
#5997 = DIRECTION('',(3.330669073875E-16,-1.,-2.775557561563E-16));
#5998 = PCURVE('',#1714,#5999);
#5999 = DEFINITIONAL_REPRESENTATION('',(#6000),#6004);
#6000 = LINE('',#6001,#6002);
#6001 = CARTESIAN_POINT('',(42.,-47.14961654586));
#6002 = VECTOR('',#6003,1.);
#6003 = DIRECTION('',(1.110223024625E-16,-1.));
#6004 = ( GEOMETRIC_REPRESENTATION_CONTEXT(2) 
PARAMETRIC_REPRESENTATION_CONTEXT() REPRESENTATION_CONTEXT('2D SPACE',''
  ) );
#6005 = PCURVE('',#6006,#6011);
#6006 = PLANE('',#6007);
#6007 = AXIS2_PLACEMENT_3D('',#6008,#6009,#6010);
#6008 = CARTESIAN_POINT('',(-42.,-167.,-3.));
#6009 = DIRECTION('',(1.,2.196003610813E-16,-1.110223024625E-16));
#6010 = DIRECTION('',(5.306690738755E-17,-1.,-2.775557561563E-16));
#6011 = DEFINITIONAL_REPRESENTATION('',(#6012),#6016);
#6012 = LINE('',#6013,#6014);
#6013 = CARTESIAN_POINT('',(-6.162975822039E-31,-2.22044604925E-15));
#6014 = VECTOR('',#6015,1.);
#6015 = DIRECTION('',(1.,1.110223024625E-16));
#6016 = ( GEOMETRIC_REPRESENTATION_CONTEXT(2) 
PARAMETRIC_REPRESENTATION_CONTEXT() REPRESENTATION_CONTEXT('2D SPACE',''
  ) );
#6017 = ORIENTED_EDGE('',*,*,#6018,.F.);
#6018 = EDGE_CURVE('',#6019,#5991,#6021,.T.);
#6019 = VERTEX_POINT('',#6020);
#6020 = CARTESIAN_POINT('',(-60.,-167.,-3.));
#6021 = SURFACE_CURVE('',#6022,(#6026,#6033),.PCURVE_S1.);
#6022 = LINE('',#6023,#6024);
#6023 = CARTESIAN_POINT('',(-60.,-167.,-3.));
#6024 = VECTOR('',#6025,1.);
#6025 = DIRECTION('',(1.,-1.080399638919E-15,-1.110223024625E-16));
#6026 = PCURVE('',#1714,#6027);
#6027 = DEFINITIONAL_REPRESENTATION('',(#6028),#6032);
#6028 = LINE('',#6029,#6030);
#6029 = CARTESIAN_POINT('',(60.,-47.14961654586));
#6030 = VECTOR('',#6031,1.);
#6031 = DIRECTION('',(-1.,-1.468977697537E-15));
#6032 = ( GEOMETRIC_REPRESENTATION_CONTEXT(2) 
PARAMETRIC_REPRESENTATION_CONTEXT() REPRESENTATION_CONTEXT('2D SPACE',''
  ) );
#6033 = PCURVE('',#6034,#6039);
#6034 = PLANE('',#6035);
#6035 = AXIS2_PLACEMENT_3D('',#6036,#6037,#6038);
#6036 = CARTESIAN_POINT('',(-60.,-167.,-3.));
#6037 = DIRECTION('',(1.466933092612E-15,1.,2.175557561563E-16));
#6038 = DIRECTION('',(1.,-1.300399638919E-15,-5.102230246252E-17));
#6039 = DEFINITIONAL_REPRESENTATION('',(#6040),#6044);
#6040 = LINE('',#6041,#6042);
#6041 = CARTESIAN_POINT('',(4.973799150321E-14,-3.552713678801E-15));
#6042 = VECTOR('',#6043,1.);
#6043 = DIRECTION('',(1.,-5.102230246252E-17));
#6044 = ( GEOMETRIC_REPRESENTATION_CONTEXT(2) 
PARAMETRIC_REPRESENTATION_CONTEXT() REPRESENTATION_CONTEXT('2D SPACE',''
  ) );
#6045 = ORIENTED_EDGE('',*,*,#6046,.T.);
#6046 = EDGE_CURVE('',#6019,#6047,#6049,.T.);
#6047 = VERTEX_POINT('',#6048);
#6048 = CARTESIAN_POINT('',(-62.,-165.,-3.));
#6049 = SURFACE_CURVE('',#6050,(#6055,#6062),.PCURVE_S1.);
#6050 = CIRCLE('',#6051,2.);
#6051 = AXIS2_PLACEMENT_3D('',#6052,#6053,#6054);
#6052 = CARTESIAN_POINT('',(-60.,-165.,-3.));
#6053 = DIRECTION('',(-1.110223024625E-16,2.775557561563E-16,-1.));
#6054 = DIRECTION('',(-3.330669073875E-16,1.,2.775557561563E-16));
#6055 = PCURVE('',#1714,#6056);
#6056 = DEFINITIONAL_REPRESENTATION('',(#6057),#6061);
#6057 = CIRCLE('',#6058,2.);
#6058 = AXIS2_PLACEMENT_2D('',#6059,#6060);
#6059 = CARTESIAN_POINT('',(60.,-45.14961654586));
#6060 = DIRECTION('',(-1.110223024625E-16,1.));
#6061 = ( GEOMETRIC_REPRESENTATION_CONTEXT(2) 
PARAMETRIC_REPRESENTATION_CONTEXT() REPRESENTATION_CONTEXT('2D SPACE',''
  ) );
#6062 = PCURVE('',#6063,#6068);
#6063 = CYLINDRICAL_SURFACE('',#6064,2.);
#6064 = AXIS2_PLACEMENT_3D('',#6065,#6066,#6067);
#6065 = CARTESIAN_POINT('',(-60.,-165.,-3.));
#6066 = DIRECTION('',(-2.175557561563E-16,1.110223024625E-16,-1.));
#6067 = DIRECTION('',(-5.306690738755E-17,1.,2.775557561563E-16));
#6068 = DEFINITIONAL_REPRESENTATION('',(#6069),#6073);
#6069 = LINE('',#6070,#6071);
#6070 = CARTESIAN_POINT('',(0.,0.));
#6071 = VECTOR('',#6072,1.);
#6072 = DIRECTION('',(1.,0.));
#6073 = ( GEOMETRIC_REPRESENTATION_CONTEXT(2) 
PARAMETRIC_REPRESENTATION_CONTEXT() REPRESENTATION_CONTEXT('2D SPACE',''
  ) );
#6074 = ORIENTED_EDGE('',*,*,#6075,.F.);
#6075 = EDGE_CURVE('',#6076,#6047,#6078,.T.);
#6076 = VERTEX_POINT('',#6077);
#6077 = CARTESIAN_POINT('',(-62.,-145.,-3.));
#6078 = SURFACE_CURVE('',#6079,(#6083,#6090),.PCURVE_S1.);
#6079 = LINE('',#6080,#6081);
#6080 = CARTESIAN_POINT('',(-62.,-145.,-3.));
#6081 = VECTOR('',#6082,1.);
#6082 = DIRECTION('',(-7.369330926125E-16,-1.,-2.775557561563E-16));
#6083 = PCURVE('',#1714,#6084);
#6084 = DEFINITIONAL_REPRESENTATION('',(#6085),#6089);
#6085 = LINE('',#6086,#6087);
#6086 = CARTESIAN_POINT('',(62.,-25.14961654586));
#6087 = VECTOR('',#6088,1.);
#6088 = DIRECTION('',(1.181022302463E-15,-1.));
#6089 = ( GEOMETRIC_REPRESENTATION_CONTEXT(2) 
PARAMETRIC_REPRESENTATION_CONTEXT() REPRESENTATION_CONTEXT('2D SPACE',''
  ) );
#6090 = PCURVE('',#6091,#6096);
#6091 = PLANE('',#6092);
#6092 = AXIS2_PLACEMENT_3D('',#6093,#6094,#6095);
#6093 = CARTESIAN_POINT('',(-62.,-145.,-3.));
#6094 = DIRECTION('',(1.,-8.403996389187E-16,-1.110223024625E-16));
#6095 = DIRECTION('',(-1.006933092612E-15,-1.,-2.775557561563E-16));
#6096 = DEFINITIONAL_REPRESENTATION('',(#6097),#6101);
#6097 = LINE('',#6098,#6099);
#6098 = CARTESIAN_POINT('',(-1.232595164408E-30,-4.440892098501E-15));
#6099 = VECTOR('',#6100,1.);
#6100 = DIRECTION('',(1.,1.110223024625E-16));
#6101 = ( GEOMETRIC_REPRESENTATION_CONTEXT(2) 
PARAMETRIC_REPRESENTATION_CONTEXT() REPRESENTATION_CONTEXT('2D SPACE',''
  ) );
#6102 = ORIENTED_EDGE('',*,*,#6103,.T.);
#6103 = EDGE_CURVE('',#6076,#6104,#6106,.T.);
#6104 = VERTEX_POINT('',#6105);
#6105 = CARTESIAN_POINT('',(-60.,-143.,-3.));
#6106 = SURFACE_CURVE('',#6107,(#6112,#6119),.PCURVE_S1.);
#6107 = CIRCLE('',#6108,2.);
#6108 = AXIS2_PLACEMENT_3D('',#6109,#6110,#6111);
#6109 = CARTESIAN_POINT('',(-60.,-145.,-3.));
#6110 = DIRECTION('',(-1.110223024625E-16,2.775557561563E-16,-1.));
#6111 = DIRECTION('',(1.,-9.203996389187E-16,-1.110223024625E-16));
#6112 = PCURVE('',#1714,#6113);
#6113 = DEFINITIONAL_REPRESENTATION('',(#6114),#6118);
#6114 = CIRCLE('',#6115,2.);
#6115 = AXIS2_PLACEMENT_2D('',#6116,#6117);
#6116 = CARTESIAN_POINT('',(60.,-25.14961654586));
#6117 = DIRECTION('',(-1.,-1.308977697537E-15));
#6118 = ( GEOMETRIC_REPRESENTATION_CONTEXT(2) 
PARAMETRIC_REPRESENTATION_CONTEXT() REPRESENTATION_CONTEXT('2D SPACE',''
  ) );
#6119 = PCURVE('',#6120,#6125);
#6120 = CYLINDRICAL_SURFACE('',#6121,2.);
#6121 = AXIS2_PLACEMENT_3D('',#6122,#6123,#6124);
#6122 = CARTESIAN_POINT('',(-60.,-145.,-3.));
#6123 = DIRECTION('',(-2.175557561563E-16,1.110223024625E-16,-1.));
#6124 = DIRECTION('',(1.,-1.140399638919E-15,-5.102230246252E-17));
#6125 = DEFINITIONAL_REPRESENTATION('',(#6126),#6130);
#6126 = LINE('',#6127,#6128);
#6127 = CARTESIAN_POINT('',(0.,0.));
#6128 = VECTOR('',#6129,1.);
#6129 = DIRECTION('',(1.,0.));
#6130 = ( GEOMETRIC_REPRESENTATION_CONTEXT(2) 
PARAMETRIC_REPRESENTATION_CONTEXT() REPRESENTATION_CONTEXT('2D SPACE',''
  ) );
#6131 = ORIENTED_EDGE('',*,*,#6132,.F.);
#6132 = EDGE_CURVE('',#6133,#6104,#6135,.T.);
#6133 = VERTEX_POINT('',#6134);
#6134 = CARTESIAN_POINT('',(-42.,-143.,-3.));
#6135 = SURFACE_CURVE('',#6136,(#6140,#6147),.PCURVE_S1.);
#6136 = LINE('',#6137,#6138);
#6137 = CARTESIAN_POINT('',(-42.,-143.,-3.));
#6138 = VECTOR('',#6139,1.);
#6139 = DIRECTION('',(-1.,5.820399638919E-15,1.110223024625E-16));
#6140 = PCURVE('',#1714,#6141);
#6141 = DEFINITIONAL_REPRESENTATION('',(#6142),#6146);
#6142 = LINE('',#6143,#6144);
#6143 = CARTESIAN_POINT('',(42.,-23.14961654586));
#6144 = VECTOR('',#6145,1.);
#6145 = DIRECTION('',(1.,6.208977697537E-15));
#6146 = ( GEOMETRIC_REPRESENTATION_CONTEXT(2) 
PARAMETRIC_REPRESENTATION_CONTEXT() REPRESENTATION_CONTEXT('2D SPACE',''
  ) );
#6147 = PCURVE('',#6148,#6153);
#6148 = PLANE('',#6149);
#6149 = AXIS2_PLACEMENT_3D('',#6150,#6151,#6152);
#6150 = CARTESIAN_POINT('',(-42.,-143.,-3.));
#6151 = DIRECTION('',(-6.206933092612E-15,-1.,-2.175557561563E-16));
#6152 = DIRECTION('',(-1.,6.040399638919E-15,5.102230246252E-17));
#6153 = DEFINITIONAL_REPRESENTATION('',(#6154),#6158);
#6154 = LINE('',#6155,#6156);
#6155 = CARTESIAN_POINT('',(-4.263256414561E-14,-2.22044604925E-15));
#6156 = VECTOR('',#6157,1.);
#6157 = DIRECTION('',(1.,5.102230246251E-17));
#6158 = ( GEOMETRIC_REPRESENTATION_CONTEXT(2) 
PARAMETRIC_REPRESENTATION_CONTEXT() REPRESENTATION_CONTEXT('2D SPACE',''
  ) );
#6159 = ORIENTED_EDGE('',*,*,#6160,.F.);
#6160 = EDGE_CURVE('',#6161,#6133,#6163,.T.);
#6161 = VERTEX_POINT('',#6162);
#6162 = CARTESIAN_POINT('',(-42.,-114.9999999999,-3.));
#6163 = SURFACE_CURVE('',#6164,(#6168,#6175),.PCURVE_S1.);
#6164 = LINE('',#6165,#6166);
#6165 = CARTESIAN_POINT('',(-42.,-114.9999999999,-3.));
#6166 = VECTOR('',#6167,1.);
#6167 = DIRECTION('',(-1.946933092612E-15,-1.,-2.775557561563E-16));
#6168 = PCURVE('',#1714,#6169);
#6169 = DEFINITIONAL_REPRESENTATION('',(#6170),#6174);
#6170 = LINE('',#6171,#6172);
#6171 = CARTESIAN_POINT('',(42.,4.850383454142));
#6172 = VECTOR('',#6173,1.);
#6173 = DIRECTION('',(2.391022302463E-15,-1.));
#6174 = ( GEOMETRIC_REPRESENTATION_CONTEXT(2) 
PARAMETRIC_REPRESENTATION_CONTEXT() REPRESENTATION_CONTEXT('2D SPACE',''
  ) );
#6175 = PCURVE('',#6176,#6181);
#6176 = PLANE('',#6177);
#6177 = AXIS2_PLACEMENT_3D('',#6178,#6179,#6180);
#6178 = CARTESIAN_POINT('',(-42.,-114.9999999999,-3.));
#6179 = DIRECTION('',(1.,-2.060399638919E-15,-1.110223024625E-16));
#6180 = DIRECTION('',(-2.226933092612E-15,-1.,-2.775557561563E-16));
#6181 = DEFINITIONAL_REPRESENTATION('',(#6182),#6186);
#6182 = LINE('',#6183,#6184);
#6183 = CARTESIAN_POINT('',(1.42108547152E-14,-2.6645352591E-15));
#6184 = VECTOR('',#6185,1.);
#6185 = DIRECTION('',(1.,1.110223024625E-16));
#6186 = ( GEOMETRIC_REPRESENTATION_CONTEXT(2) 
PARAMETRIC_REPRESENTATION_CONTEXT() REPRESENTATION_CONTEXT('2D SPACE',''
  ) );
#6187 = ORIENTED_EDGE('',*,*,#6188,.T.);
#6188 = EDGE_CURVE('',#6161,#6189,#6191,.T.);
#6189 = VERTEX_POINT('',#6190);
#6190 = CARTESIAN_POINT('',(-41.97304228904,-114.6727323333,-3.));
#6191 = SURFACE_CURVE('',#6192,(#6197,#6204),.PCURVE_S1.);
#6192 = CIRCLE('',#6193,2.);
#6193 = AXIS2_PLACEMENT_3D('',#6194,#6195,#6196);
#6194 = CARTESIAN_POINT('',(-40.,-115.,-3.));
#6195 = DIRECTION('',(-1.110223024625E-16,2.775557561563E-16,-1.));
#6196 = DIRECTION('',(0.16363383332,0.986521144524,2.556476172966E-16));
#6197 = PCURVE('',#1714,#6198);
#6198 = DEFINITIONAL_REPRESENTATION('',(#6199),#6203);
#6199 = CIRCLE('',#6200,2.);
#6200 = AXIS2_PLACEMENT_2D('',#6201,#6202);
#6201 = CARTESIAN_POINT('',(40.,4.850383454139));
#6202 = DIRECTION('',(-0.16363383332,0.986521144524));
#6203 = ( GEOMETRIC_REPRESENTATION_CONTEXT(2) 
PARAMETRIC_REPRESENTATION_CONTEXT() REPRESENTATION_CONTEXT('2D SPACE',''
  ) );
#6204 = PCURVE('',#6205,#6210);
#6205 = CYLINDRICAL_SURFACE('',#6206,2.);
#6206 = AXIS2_PLACEMENT_3D('',#6207,#6208,#6209);
#6207 = CARTESIAN_POINT('',(-40.,-115.,-3.));
#6208 = DIRECTION('',(-2.175557561563E-16,1.110223024625E-16,-1.));
#6209 = DIRECTION('',(0.16363383332,0.986521144524,2.654656472958E-16));
#6210 = DEFINITIONAL_REPRESENTATION('',(#6211),#6215);
#6211 = LINE('',#6212,#6213);
#6212 = CARTESIAN_POINT('',(0.,0.));
#6213 = VECTOR('',#6214,1.);
#6214 = DIRECTION('',(1.,0.));
#6215 = ( GEOMETRIC_REPRESENTATION_CONTEXT(2) 
PARAMETRIC_REPRESENTATION_CONTEXT() REPRESENTATION_CONTEXT('2D SPACE',''
  ) );
#6216 = ORIENTED_EDGE('',*,*,#6217,.F.);
#6217 = EDGE_CURVE('',#6218,#6189,#6220,.T.);
#6218 = VERTEX_POINT('',#6219);
#6219 = CARTESIAN_POINT('',(-35.72428255636,-77.,-3.));
#6220 = SURFACE_CURVE('',#6221,(#6225,#6232),.PCURVE_S1.);
#6221 = LINE('',#6222,#6223);
#6222 = CARTESIAN_POINT('',(-35.72428255636,-77.,-3.));
#6223 = VECTOR('',#6224,1.);
#6224 = DIRECTION('',(-0.16363383332,-0.986521144524,-2.556476172966E-16
    ));
#6225 = PCURVE('',#1714,#6226);
#6226 = DEFINITIONAL_REPRESENTATION('',(#6227),#6231);
#6227 = LINE('',#6228,#6229);
#6228 = CARTESIAN_POINT('',(35.724282556363,42.850383454139));
#6229 = VECTOR('',#6230,1.);
#6230 = DIRECTION('',(0.16363383332,-0.986521144524));
#6231 = ( GEOMETRIC_REPRESENTATION_CONTEXT(2) 
PARAMETRIC_REPRESENTATION_CONTEXT() REPRESENTATION_CONTEXT('2D SPACE',''
  ) );
#6232 = PCURVE('',#6233,#6238);
#6233 = PLANE('',#6234);
#6234 = AXIS2_PLACEMENT_3D('',#6235,#6236,#6237);
#6235 = CARTESIAN_POINT('',(-35.72428255636,-77.,-3.));
#6236 = DIRECTION('',(0.986521144524,-0.16363383332,-1.449433612329E-16)
  );
#6237 = DIRECTION('',(-0.16363383332,-0.986521144524,-2.656476172966E-16
    ));
#6238 = DEFINITIONAL_REPRESENTATION('',(#6239),#6243);
#6239 = LINE('',#6240,#6241);
#6240 = CARTESIAN_POINT('',(-5.696867751506E-31,-2.22044604925E-15));
#6241 = VECTOR('',#6242,1.);
#6242 = DIRECTION('',(1.,1.17692853829E-16));
#6243 = ( GEOMETRIC_REPRESENTATION_CONTEXT(2) 
PARAMETRIC_REPRESENTATION_CONTEXT() REPRESENTATION_CONTEXT('2D SPACE',''
  ) );
#6244 = ORIENTED_EDGE('',*,*,#6245,.F.);
#6245 = EDGE_CURVE('',#6246,#6218,#6248,.T.);
#6246 = VERTEX_POINT('',#6247);
#6247 = CARTESIAN_POINT('',(-50.,-77.,-3.));
#6248 = SURFACE_CURVE('',#6249,(#6253,#6260),.PCURVE_S1.);
#6249 = LINE('',#6250,#6251);
#6250 = CARTESIAN_POINT('',(-50.,-77.,-3.));
#6251 = VECTOR('',#6252,1.);
#6252 = DIRECTION('',(1.,-5.470399638919E-15,-1.110223024625E-16));
#6253 = PCURVE('',#1714,#6254);
#6254 = DEFINITIONAL_REPRESENTATION('',(#6255),#6259);
#6255 = LINE('',#6256,#6257);
#6256 = CARTESIAN_POINT('',(50.,42.850383454139));
#6257 = VECTOR('',#6258,1.);
#6258 = DIRECTION('',(-1.,-5.858977697537E-15));
#6259 = ( GEOMETRIC_REPRESENTATION_CONTEXT(2) 
PARAMETRIC_REPRESENTATION_CONTEXT() REPRESENTATION_CONTEXT('2D SPACE',''
  ) );
#6260 = PCURVE('',#6261,#6266);
#6261 = PLANE('',#6262);
#6262 = AXIS2_PLACEMENT_3D('',#6263,#6264,#6265);
#6263 = CARTESIAN_POINT('',(-50.,-77.,-3.));
#6264 = DIRECTION('',(5.856933092612E-15,1.,2.175557561563E-16));
#6265 = DIRECTION('',(1.,-5.690399638919E-15,-5.102230246252E-17));
#6266 = DEFINITIONAL_REPRESENTATION('',(#6267),#6271);
#6267 = LINE('',#6268,#6269);
#6268 = CARTESIAN_POINT('',(2.13162820728E-14,-3.10862446895E-15));
#6269 = VECTOR('',#6270,1.);
#6270 = DIRECTION('',(1.,-5.102230246251E-17));
#6271 = ( GEOMETRIC_REPRESENTATION_CONTEXT(2) 
PARAMETRIC_REPRESENTATION_CONTEXT() REPRESENTATION_CONTEXT('2D SPACE',''
  ) );
#6272 = ORIENTED_EDGE('',*,*,#6273,.T.);
#6273 = EDGE_CURVE('',#6246,#6274,#6276,.T.);
#6274 = VERTEX_POINT('',#6275);
#6275 = CARTESIAN_POINT('',(-52.,-75.,-3.));
#6276 = SURFACE_CURVE('',#6277,(#6282,#6289),.PCURVE_S1.);
#6277 = CIRCLE('',#6278,2.);
#6278 = AXIS2_PLACEMENT_3D('',#6279,#6280,#6281);
#6279 = CARTESIAN_POINT('',(-50.,-75.,-3.));
#6280 = DIRECTION('',(-1.110223024625E-16,2.775557561563E-16,-1.));
#6281 = DIRECTION('',(3.769330926125E-16,1.,2.775557561563E-16));
#6282 = PCURVE('',#1714,#6283);
#6283 = DEFINITIONAL_REPRESENTATION('',(#6284),#6288);
#6284 = CIRCLE('',#6285,2.);
#6285 = AXIS2_PLACEMENT_2D('',#6286,#6287);
#6286 = CARTESIAN_POINT('',(50.,44.850383454139));
#6287 = DIRECTION('',(-8.210223024625E-16,1.));
#6288 = ( GEOMETRIC_REPRESENTATION_CONTEXT(2) 
PARAMETRIC_REPRESENTATION_CONTEXT() REPRESENTATION_CONTEXT('2D SPACE',''
  ) );
#6289 = PCURVE('',#6290,#6295);
#6290 = CYLINDRICAL_SURFACE('',#6291,2.);
#6291 = AXIS2_PLACEMENT_3D('',#6292,#6293,#6294);
#6292 = CARTESIAN_POINT('',(-50.,-75.,-3.));
#6293 = DIRECTION('',(-2.175557561563E-16,1.110223024625E-16,-1.));
#6294 = DIRECTION('',(6.569330926125E-16,1.,2.775557561563E-16));
#6295 = DEFINITIONAL_REPRESENTATION('',(#6296),#6300);
#6296 = LINE('',#6297,#6298);
#6297 = CARTESIAN_POINT('',(0.,0.));
#6298 = VECTOR('',#6299,1.);
#6299 = DIRECTION('',(1.,0.));
#6300 = ( GEOMETRIC_REPRESENTATION_CONTEXT(2) 
PARAMETRIC_REPRESENTATION_CONTEXT() REPRESENTATION_CONTEXT('2D SPACE',''
  ) );
#6301 = ORIENTED_EDGE('',*,*,#6302,.F.);
#6302 = EDGE_CURVE('',#6303,#6274,#6305,.T.);
#6303 = VERTEX_POINT('',#6304);
#6304 = CARTESIAN_POINT('',(-52.,-55.,-3.));
#6305 = SURFACE_CURVE('',#6306,(#6310,#6317),.PCURVE_S1.);
#6306 = LINE('',#6307,#6308);
#6307 = CARTESIAN_POINT('',(-52.,-55.,-3.));
#6308 = VECTOR('',#6309,1.);
#6309 = DIRECTION('',(-7.369330926125E-16,-1.,-2.775557561563E-16));
#6310 = PCURVE('',#1714,#6311);
#6311 = DEFINITIONAL_REPRESENTATION('',(#6312),#6316);
#6312 = LINE('',#6313,#6314);
#6313 = CARTESIAN_POINT('',(52.,64.850383454139));
#6314 = VECTOR('',#6315,1.);
#6315 = DIRECTION('',(1.181022302463E-15,-1.));
#6316 = ( GEOMETRIC_REPRESENTATION_CONTEXT(2) 
PARAMETRIC_REPRESENTATION_CONTEXT() REPRESENTATION_CONTEXT('2D SPACE',''
  ) );
#6317 = PCURVE('',#6318,#6323);
#6318 = PLANE('',#6319);
#6319 = AXIS2_PLACEMENT_3D('',#6320,#6321,#6322);
#6320 = CARTESIAN_POINT('',(-52.,-55.,-3.));
#6321 = DIRECTION('',(1.,-8.403996389187E-16,-1.110223024625E-16));
#6322 = DIRECTION('',(-1.006933092612E-15,-1.,-2.775557561563E-16));
#6323 = DEFINITIONAL_REPRESENTATION('',(#6324),#6328);
#6324 = LINE('',#6325,#6326);
#6325 = CARTESIAN_POINT('',(1.42108547152E-14,-3.552713678801E-15));
#6326 = VECTOR('',#6327,1.);
#6327 = DIRECTION('',(1.,1.110223024625E-16));
#6328 = ( GEOMETRIC_REPRESENTATION_CONTEXT(2) 
PARAMETRIC_REPRESENTATION_CONTEXT() REPRESENTATION_CONTEXT('2D SPACE',''
  ) );
#6329 = ORIENTED_EDGE('',*,*,#6330,.T.);
#6330 = EDGE_CURVE('',#6303,#6331,#6333,.T.);
#6331 = VERTEX_POINT('',#6332);
#6332 = CARTESIAN_POINT('',(-50.,-53.,-3.));
#6333 = SURFACE_CURVE('',#6334,(#6339,#6346),.PCURVE_S1.);
#6334 = CIRCLE('',#6335,2.);
#6335 = AXIS2_PLACEMENT_3D('',#6336,#6337,#6338);
#6336 = CARTESIAN_POINT('',(-50.,-55.,-3.));
#6337 = DIRECTION('',(-1.110223024625E-16,2.775557561563E-16,-1.));
#6338 = DIRECTION('',(1.,1.396003610813E-16,-1.110223024625E-16));
#6339 = PCURVE('',#1714,#6340);
#6340 = DEFINITIONAL_REPRESENTATION('',(#6341),#6345);
#6341 = CIRCLE('',#6342,2.);
#6342 = AXIS2_PLACEMENT_2D('',#6343,#6344);
#6343 = CARTESIAN_POINT('',(50.,64.850383454139));
#6344 = DIRECTION('',(-1.,-2.489776975375E-16));
#6345 = ( GEOMETRIC_REPRESENTATION_CONTEXT(2) 
PARAMETRIC_REPRESENTATION_CONTEXT() REPRESENTATION_CONTEXT('2D SPACE',''
  ) );
#6346 = PCURVE('',#6347,#6352);
#6347 = CYLINDRICAL_SURFACE('',#6348,2.);
#6348 = AXIS2_PLACEMENT_3D('',#6349,#6350,#6351);
#6349 = CARTESIAN_POINT('',(-50.,-55.,-3.));
#6350 = DIRECTION('',(-2.175557561563E-16,1.110223024625E-16,-1.));
#6351 = DIRECTION('',(1.,-8.039963891868E-17,-5.102230246252E-17));
#6352 = DEFINITIONAL_REPRESENTATION('',(#6353),#6357);
#6353 = LINE('',#6354,#6355);
#6354 = CARTESIAN_POINT('',(0.,0.));
#6355 = VECTOR('',#6356,1.);
#6356 = DIRECTION('',(1.,0.));
#6357 = ( GEOMETRIC_REPRESENTATION_CONTEXT(2) 
PARAMETRIC_REPRESENTATION_CONTEXT() REPRESENTATION_CONTEXT('2D SPACE',''
  ) );
#6358 = ORIENTED_EDGE('',*,*,#6359,.F.);
#6359 = EDGE_CURVE('',#6360,#6331,#6362,.T.);
#6360 = VERTEX_POINT('',#6361);
#6361 = CARTESIAN_POINT('',(-31.74341299114,-53.,-3.));
#6362 = SURFACE_CURVE('',#6363,(#6367,#6374),.PCURVE_S1.);
#6363 = LINE('',#6364,#6365);
#6364 = CARTESIAN_POINT('',(-31.74341299114,-53.,-3.));
#6365 = VECTOR('',#6366,1.);
#6366 = DIRECTION('',(-1.,2.803996389187E-16,1.110223024625E-16));
#6367 = PCURVE('',#1714,#6368);
#6368 = DEFINITIONAL_REPRESENTATION('',(#6369),#6373);
#6369 = LINE('',#6370,#6371);
#6370 = CARTESIAN_POINT('',(31.743412991146,66.850383454139));
#6371 = VECTOR('',#6372,1.);
#6372 = DIRECTION('',(1.,6.689776975375E-16));
#6373 = ( GEOMETRIC_REPRESENTATION_CONTEXT(2) 
PARAMETRIC_REPRESENTATION_CONTEXT() REPRESENTATION_CONTEXT('2D SPACE',''
  ) );
#6374 = PCURVE('',#6375,#6380);
#6375 = PLANE('',#6376);
#6376 = AXIS2_PLACEMENT_3D('',#6377,#6378,#6379);
#6377 = CARTESIAN_POINT('',(-31.74341299114,-53.,-3.));
#6378 = DIRECTION('',(-6.669330926125E-16,-1.,-2.175557561563E-16));
#6379 = DIRECTION('',(-1.,5.003996389187E-16,5.102230246252E-17));
#6380 = DEFINITIONAL_REPRESENTATION('',(#6381),#6385);
#6381 = LINE('',#6382,#6383);
#6382 = CARTESIAN_POINT('',(-1.42108547152E-14,-2.22044604925E-15));
#6383 = VECTOR('',#6384,1.);
#6384 = DIRECTION('',(1.,5.102230246252E-17));
#6385 = ( GEOMETRIC_REPRESENTATION_CONTEXT(2) 
PARAMETRIC_REPRESENTATION_CONTEXT() REPRESENTATION_CONTEXT('2D SPACE',''
  ) );
#6386 = ORIENTED_EDGE('',*,*,#6387,.F.);
#6387 = EDGE_CURVE('',#6388,#6360,#6390,.T.);
#6388 = VERTEX_POINT('',#6389);
#6389 = CARTESIAN_POINT('',(-24.11341299114,-7.,-3.));
#6390 = SURFACE_CURVE('',#6391,(#6395,#6402),.PCURVE_S1.);
#6391 = LINE('',#6392,#6393);
#6392 = CARTESIAN_POINT('',(-24.11341299114,-7.,-3.));
#6393 = VECTOR('',#6394,1.);
#6394 = DIRECTION('',(-0.16363383332,-0.986521144524,-2.556476172966E-16
    ));
#6395 = PCURVE('',#1714,#6396);
#6396 = DEFINITIONAL_REPRESENTATION('',(#6397),#6401);
#6397 = LINE('',#6398,#6399);
#6398 = CARTESIAN_POINT('',(24.113412991147,112.85038345413));
#6399 = VECTOR('',#6400,1.);
#6400 = DIRECTION('',(0.16363383332,-0.986521144524));
#6401 = ( GEOMETRIC_REPRESENTATION_CONTEXT(2) 
PARAMETRIC_REPRESENTATION_CONTEXT() REPRESENTATION_CONTEXT('2D SPACE',''
  ) );
#6402 = PCURVE('',#6403,#6408);
#6403 = PLANE('',#6404);
#6404 = AXIS2_PLACEMENT_3D('',#6405,#6406,#6407);
#6405 = CARTESIAN_POINT('',(-24.11341299114,-7.,-3.));
#6406 = DIRECTION('',(0.986521144524,-0.16363383332,-1.449433612329E-16)
  );
#6407 = DIRECTION('',(-0.16363383332,-0.986521144524,-2.656476172966E-16
    ));
#6408 = DEFINITIONAL_REPRESENTATION('',(#6409),#6413);
#6409 = LINE('',#6410,#6411);
#6410 = CARTESIAN_POINT('',(5.257240746865E-15,-1.7763568394E-15));
#6411 = VECTOR('',#6412,1.);
#6412 = DIRECTION('',(1.,1.17692853829E-16));
#6413 = ( GEOMETRIC_REPRESENTATION_CONTEXT(2) 
PARAMETRIC_REPRESENTATION_CONTEXT() REPRESENTATION_CONTEXT('2D SPACE',''
  ) );
#6414 = ORIENTED_EDGE('',*,*,#6415,.F.);
#6415 = EDGE_CURVE('',#6416,#6388,#6418,.T.);
#6416 = VERTEX_POINT('',#6417);
#6417 = CARTESIAN_POINT('',(-40.,-7.,-3.));
#6418 = SURFACE_CURVE('',#6419,(#6423,#6430),.PCURVE_S1.);
#6419 = LINE('',#6420,#6421);
#6420 = CARTESIAN_POINT('',(-40.,-7.,-3.));
#6421 = VECTOR('',#6422,1.);
#6422 = DIRECTION('',(1.,-9.503996389187E-16,-1.110223024625E-16));
#6423 = PCURVE('',#1714,#6424);
#6424 = DEFINITIONAL_REPRESENTATION('',(#6425),#6429);
#6425 = LINE('',#6426,#6427);
#6426 = CARTESIAN_POINT('',(40.,112.85038345413));
#6427 = VECTOR('',#6428,1.);
#6428 = DIRECTION('',(-1.,-1.338977697537E-15));
#6429 = ( GEOMETRIC_REPRESENTATION_CONTEXT(2) 
PARAMETRIC_REPRESENTATION_CONTEXT() REPRESENTATION_CONTEXT('2D SPACE',''
  ) );
#6430 = PCURVE('',#6431,#6436);
#6431 = PLANE('',#6432);
#6432 = AXIS2_PLACEMENT_3D('',#6433,#6434,#6435);
#6433 = CARTESIAN_POINT('',(-40.,-7.,-3.));
#6434 = DIRECTION('',(1.346933092612E-15,1.,2.175557561563E-16));
#6435 = DIRECTION('',(1.,-1.180399638919E-15,-5.102230246252E-17));
#6436 = DEFINITIONAL_REPRESENTATION('',(#6437),#6441);
#6437 = LINE('',#6438,#6439);
#6438 = CARTESIAN_POINT('',(-2.838621436408E-31,-2.6645352591E-15));
#6439 = VECTOR('',#6440,1.);
#6440 = DIRECTION('',(1.,-5.102230246252E-17));
#6441 = ( GEOMETRIC_REPRESENTATION_CONTEXT(2) 
PARAMETRIC_REPRESENTATION_CONTEXT() REPRESENTATION_CONTEXT('2D SPACE',''
  ) );
#6442 = ORIENTED_EDGE('',*,*,#6443,.T.);
#6443 = EDGE_CURVE('',#6416,#6444,#6446,.T.);
#6444 = VERTEX_POINT('',#6445);
#6445 = CARTESIAN_POINT('',(-42.,-5.,-3.));
#6446 = SURFACE_CURVE('',#6447,(#6452,#6459),.PCURVE_S1.);
#6447 = CIRCLE('',#6448,2.);
#6448 = AXIS2_PLACEMENT_3D('',#6449,#6450,#6451);
#6449 = CARTESIAN_POINT('',(-40.,-5.,-3.));
#6450 = DIRECTION('',(-1.110223024625E-16,2.775557561563E-16,-1.));
#6451 = DIRECTION('',(3.769330926125E-16,1.,2.775557561563E-16));
#6452 = PCURVE('',#1714,#6453);
#6453 = DEFINITIONAL_REPRESENTATION('',(#6454),#6458);
#6454 = CIRCLE('',#6455,2.);
#6455 = AXIS2_PLACEMENT_2D('',#6456,#6457);
#6456 = CARTESIAN_POINT('',(40.,114.85038345413));
#6457 = DIRECTION('',(-8.210223024625E-16,1.));
#6458 = ( GEOMETRIC_REPRESENTATION_CONTEXT(2) 
PARAMETRIC_REPRESENTATION_CONTEXT() REPRESENTATION_CONTEXT('2D SPACE',''
  ) );
#6459 = PCURVE('',#6460,#6465);
#6460 = CYLINDRICAL_SURFACE('',#6461,2.);
#6461 = AXIS2_PLACEMENT_3D('',#6462,#6463,#6464);
#6462 = CARTESIAN_POINT('',(-40.,-5.,-3.));
#6463 = DIRECTION('',(-2.175557561563E-16,1.110223024625E-16,-1.));
#6464 = DIRECTION('',(6.569330926125E-16,1.,2.775557561563E-16));
#6465 = DEFINITIONAL_REPRESENTATION('',(#6466),#6470);
#6466 = LINE('',#6467,#6468);
#6467 = CARTESIAN_POINT('',(0.,0.));
#6468 = VECTOR('',#6469,1.);
#6469 = DIRECTION('',(1.,0.));
#6470 = ( GEOMETRIC_REPRESENTATION_CONTEXT(2) 
PARAMETRIC_REPRESENTATION_CONTEXT() REPRESENTATION_CONTEXT('2D SPACE',''
  ) );
#6471 = ORIENTED_EDGE('',*,*,#6472,.F.);
#6472 = EDGE_CURVE('',#3560,#6444,#6473,.T.);
#6473 = SURFACE_CURVE('',#6474,(#6478,#6485),.PCURVE_S1.);
#6474 = LINE('',#6475,#6476);
#6475 = CARTESIAN_POINT('',(-42.,15.,-3.));
#6476 = VECTOR('',#6477,1.);
#6477 = DIRECTION('',(-2.156933092612E-15,-1.,-2.775557561563E-16));
#6478 = PCURVE('',#1714,#6479);
#6479 = DEFINITIONAL_REPRESENTATION('',(#6480),#6484);
#6480 = LINE('',#6481,#6482);
#6481 = CARTESIAN_POINT('',(42.,134.85038345413));
#6482 = VECTOR('',#6483,1.);
#6483 = DIRECTION('',(2.601022302463E-15,-1.));
#6484 = ( GEOMETRIC_REPRESENTATION_CONTEXT(2) 
PARAMETRIC_REPRESENTATION_CONTEXT() REPRESENTATION_CONTEXT('2D SPACE',''
  ) );
#6485 = PCURVE('',#3575,#6486);
#6486 = DEFINITIONAL_REPRESENTATION('',(#6487),#6491);
#6487 = LINE('',#6488,#6489);
#6488 = CARTESIAN_POINT('',(7.105427357601E-15,-2.6645352591E-15));
#6489 = VECTOR('',#6490,1.);
#6490 = DIRECTION('',(1.,1.110223024625E-16));
#6491 = ( GEOMETRIC_REPRESENTATION_CONTEXT(2) 
PARAMETRIC_REPRESENTATION_CONTEXT() REPRESENTATION_CONTEXT('2D SPACE',''
  ) );
#6492 = ORIENTED_EDGE('',*,*,#3587,.F.);
#6493 = FACE_BOUND('',#6494,.T.);
#6494 = EDGE_LOOP('',(#6495));
#6495 = ORIENTED_EDGE('',*,*,#3885,.F.);
#6496 = FACE_BOUND('',#6497,.T.);
#6497 = EDGE_LOOP('',(#6498));
#6498 = ORIENTED_EDGE('',*,*,#4361,.F.);
#6499 = FACE_BOUND('',#6500,.T.);
#6500 = EDGE_LOOP('',(#6501,#6502,#6503,#6504,#6505,#6506,#6507,#6508,
    #6509));
#6501 = ORIENTED_EDGE('',*,*,#3935,.F.);
#6502 = ORIENTED_EDGE('',*,*,#3983,.F.);
#6503 = ORIENTED_EDGE('',*,*,#4037,.F.);
#6504 = ORIENTED_EDGE('',*,*,#4165,.T.);
#6505 = ORIENTED_EDGE('',*,*,#4285,.F.);
#6506 = ORIENTED_EDGE('',*,*,#4312,.F.);
#6507 = ORIENTED_EDGE('',*,*,#4236,.T.);
#6508 = ORIENTED_EDGE('',*,*,#4138,.T.);
#6509 = ORIENTED_EDGE('',*,*,#4067,.F.);
#6510 = FACE_BOUND('',#6511,.T.);
#6511 = EDGE_LOOP('',(#6512));
#6512 = ORIENTED_EDGE('',*,*,#3785,.F.);
#6513 = FACE_BOUND('',#6514,.T.);
#6514 = EDGE_LOOP('',(#6515));
#6515 = ORIENTED_EDGE('',*,*,#3835,.F.);
#6516 = FACE_BOUND('',#6517,.T.);
#6517 = EDGE_LOOP('',(#6518));
#6518 = ORIENTED_EDGE('',*,*,#4511,.F.);
#6519 = FACE_BOUND('',#6520,.T.);
#6520 = EDGE_LOOP('',(#6521));
#6521 = ORIENTED_EDGE('',*,*,#4561,.F.);
#6522 = FACE_BOUND('',#6523,.T.);
#6523 = EDGE_LOOP('',(#6524));
#6524 = ORIENTED_EDGE('',*,*,#4411,.F.);
#6525 = FACE_BOUND('',#6526,.T.);
#6526 = EDGE_LOOP('',(#6527));
#6527 = ORIENTED_EDGE('',*,*,#4461,.F.);
#6528 = ADVANCED_FACE('',(#6529),#1686,.T.);
#6529 = FACE_BOUND('',#6530,.T.);
#6530 = EDGE_LOOP('',(#6531,#6532,#6553,#6554));
#6531 = ORIENTED_EDGE('',*,*,#5399,.F.);
#6532 = ORIENTED_EDGE('',*,*,#6533,.T.);
#6533 = EDGE_CURVE('',#5376,#4591,#6534,.T.);
#6534 = SURFACE_CURVE('',#6535,(#6539,#6546),.PCURVE_S1.);
#6535 = LINE('',#6536,#6537);
#6536 = CARTESIAN_POINT('',(15.380364917652,16.999999999999,-3.));
#6537 = VECTOR('',#6538,1.);
#6538 = DIRECTION('',(2.775557561563E-16,-5.102230246252E-17,1.));
#6539 = PCURVE('',#1686,#6540);
#6540 = DEFINITIONAL_REPRESENTATION('',(#6541),#6545);
#6541 = LINE('',#6542,#6543);
#6542 = CARTESIAN_POINT('',(0.,0.));
#6543 = VECTOR('',#6544,1.);
#6544 = DIRECTION('',(1.710223024625E-16,-1.));
#6545 = ( GEOMETRIC_REPRESENTATION_CONTEXT(2) 
PARAMETRIC_REPRESENTATION_CONTEXT() REPRESENTATION_CONTEXT('2D SPACE',''
  ) );
#6546 = PCURVE('',#4611,#6547);
#6547 = DEFINITIONAL_REPRESENTATION('',(#6548),#6552);
#6548 = LINE('',#6549,#6550);
#6549 = CARTESIAN_POINT('',(3.877013419082,0.));
#6550 = VECTOR('',#6551,1.);
#6551 = DIRECTION('',(0.,-1.));
#6552 = ( GEOMETRIC_REPRESENTATION_CONTEXT(2) 
PARAMETRIC_REPRESENTATION_CONTEXT() REPRESENTATION_CONTEXT('2D SPACE',''
  ) );
#6553 = ORIENTED_EDGE('',*,*,#4649,.T.);
#6554 = ORIENTED_EDGE('',*,*,#1670,.F.);
#6555 = ADVANCED_FACE('',(#6556),#2612,.T.);
#6556 = FACE_BOUND('',#6557,.T.);
#6557 = EDGE_LOOP('',(#6558,#6559,#6560,#6581));
#6558 = ORIENTED_EDGE('',*,*,#2650,.T.);
#6559 = ORIENTED_EDGE('',*,*,#2699,.F.);
#6560 = ORIENTED_EDGE('',*,*,#6561,.F.);
#6561 = EDGE_CURVE('',#2569,#2700,#6562,.T.);
#6562 = SURFACE_CURVE('',#6563,(#6567,#6574),.PCURVE_S1.);
#6563 = LINE('',#6564,#6565);
#6564 = CARTESIAN_POINT('',(60.,-247.,4.));
#6565 = VECTOR('',#6566,1.);
#6566 = DIRECTION('',(-1.,-1.919600361081E-15,1.110223024625E-16));
#6567 = PCURVE('',#2612,#6568);
#6568 = DEFINITIONAL_REPRESENTATION('',(#6569),#6573);
#6569 = LINE('',#6570,#6571);
#6570 = CARTESIAN_POINT('',(60.,-127.2428965066));
#6571 = VECTOR('',#6572,1.);
#6572 = DIRECTION('',(-1.,-1.531022302463E-15));
#6573 = ( GEOMETRIC_REPRESENTATION_CONTEXT(2) 
PARAMETRIC_REPRESENTATION_CONTEXT() REPRESENTATION_CONTEXT('2D SPACE',''
  ) );
#6574 = PCURVE('',#2584,#6575);
#6575 = DEFINITIONAL_REPRESENTATION('',(#6576),#6580);
#6576 = LINE('',#6577,#6578);
#6577 = CARTESIAN_POINT('',(-7.741396675775E-14,-7.));
#6578 = VECTOR('',#6579,1.);
#6579 = DIRECTION('',(1.,5.102230246252E-17));
#6580 = ( GEOMETRIC_REPRESENTATION_CONTEXT(2) 
PARAMETRIC_REPRESENTATION_CONTEXT() REPRESENTATION_CONTEXT('2D SPACE',''
  ) );
#6581 = ORIENTED_EDGE('',*,*,#2596,.F.);
#6582 = ADVANCED_FACE('',(#6583),#2584,.T.);
#6583 = FACE_BOUND('',#6584,.T.);
#6584 = EDGE_LOOP('',(#6585,#6586,#6587,#6588));
#6585 = ORIENTED_EDGE('',*,*,#5888,.F.);
#6586 = ORIENTED_EDGE('',*,*,#2568,.F.);
#6587 = ORIENTED_EDGE('',*,*,#6561,.T.);
#6588 = ORIENTED_EDGE('',*,*,#2722,.F.);
#6589 = ADVANCED_FACE('',(#6590),#2533,.T.);
#6590 = FACE_BOUND('',#6591,.T.);
#6591 = EDGE_LOOP('',(#6592,#6593,#6614,#6615));
#6592 = ORIENTED_EDGE('',*,*,#5866,.F.);
#6593 = ORIENTED_EDGE('',*,*,#6594,.T.);
#6594 = EDGE_CURVE('',#5843,#4713,#6595,.T.);
#6595 = SURFACE_CURVE('',#6596,(#6600,#6607),.PCURVE_S1.);
#6596 = LINE('',#6597,#6598);
#6597 = CARTESIAN_POINT('',(62.,-225.,-3.));
#6598 = VECTOR('',#6599,1.);
#6599 = DIRECTION('',(2.775557561563E-16,-5.102230246252E-17,1.));
#6600 = PCURVE('',#2533,#6601);
#6601 = DEFINITIONAL_REPRESENTATION('',(#6602),#6606);
#6602 = LINE('',#6603,#6604);
#6603 = CARTESIAN_POINT('',(0.,0.));
#6604 = VECTOR('',#6605,1.);
#6605 = DIRECTION('',(-1.710223024625E-16,-1.));
#6606 = ( GEOMETRIC_REPRESENTATION_CONTEXT(2) 
PARAMETRIC_REPRESENTATION_CONTEXT() REPRESENTATION_CONTEXT('2D SPACE',''
  ) );
#6607 = PCURVE('',#4756,#6608);
#6608 = DEFINITIONAL_REPRESENTATION('',(#6609),#6613);
#6609 = LINE('',#6610,#6611);
#6610 = CARTESIAN_POINT('',(4.712388980385,0.));
#6611 = VECTOR('',#6612,1.);
#6612 = DIRECTION('',(0.,-1.));
#6613 = ( GEOMETRIC_REPRESENTATION_CONTEXT(2) 
PARAMETRIC_REPRESENTATION_CONTEXT() REPRESENTATION_CONTEXT('2D SPACE',''
  ) );
#6614 = ORIENTED_EDGE('',*,*,#4712,.T.);
#6615 = ORIENTED_EDGE('',*,*,#2517,.F.);
#6616 = ADVANCED_FACE('',(#6617),#2812,.T.);
#6617 = FACE_BOUND('',#6618,.T.);
#6618 = EDGE_LOOP('',(#6619,#6620,#6643,#6671,#6694,#6717,#6740,#6768,
    #6791,#6819,#6842,#6865,#6893,#6916,#6939,#6967,#6990,#7018,#7041,
    #7064,#7087,#7115,#7136,#7137,#7138,#7139,#7140,#7141,#7142,#7143,
    #7144,#7145,#7146,#7147,#7148,#7149,#7150));
#6619 = ORIENTED_EDGE('',*,*,#3536,.F.);
#6620 = ORIENTED_EDGE('',*,*,#6621,.T.);
#6621 = EDGE_CURVE('',#3537,#6622,#6624,.T.);
#6622 = VERTEX_POINT('',#6623);
#6623 = CARTESIAN_POINT('',(-42.,-5.,4.));
#6624 = SURFACE_CURVE('',#6625,(#6629,#6636),.PCURVE_S1.);
#6625 = LINE('',#6626,#6627);
#6626 = CARTESIAN_POINT('',(-42.,15.,4.));
#6627 = VECTOR('',#6628,1.);
#6628 = DIRECTION('',(-2.156933092612E-15,-1.,-2.775557561563E-16));
#6629 = PCURVE('',#2812,#6630);
#6630 = DEFINITIONAL_REPRESENTATION('',(#6631),#6635);
#6631 = LINE('',#6632,#6633);
#6632 = CARTESIAN_POINT('',(-42.,134.75710349334));
#6633 = VECTOR('',#6634,1.);
#6634 = DIRECTION('',(-2.601022302463E-15,-1.));
#6635 = ( GEOMETRIC_REPRESENTATION_CONTEXT(2) 
PARAMETRIC_REPRESENTATION_CONTEXT() REPRESENTATION_CONTEXT('2D SPACE',''
  ) );
#6636 = PCURVE('',#3575,#6637);
#6637 = DEFINITIONAL_REPRESENTATION('',(#6638),#6642);
#6638 = LINE('',#6639,#6640);
#6639 = CARTESIAN_POINT('',(8.715250743307E-15,-7.));
#6640 = VECTOR('',#6641,1.);
#6641 = DIRECTION('',(1.,1.110223024625E-16));
#6642 = ( GEOMETRIC_REPRESENTATION_CONTEXT(2) 
PARAMETRIC_REPRESENTATION_CONTEXT() REPRESENTATION_CONTEXT('2D SPACE',''
  ) );
#6643 = ORIENTED_EDGE('',*,*,#6644,.F.);
#6644 = EDGE_CURVE('',#6645,#6622,#6647,.T.);
#6645 = VERTEX_POINT('',#6646);
#6646 = CARTESIAN_POINT('',(-40.,-7.,4.));
#6647 = SURFACE_CURVE('',#6648,(#6653,#6664),.PCURVE_S1.);
#6648 = CIRCLE('',#6649,2.);
#6649 = AXIS2_PLACEMENT_3D('',#6650,#6651,#6652);
#6650 = CARTESIAN_POINT('',(-40.,-5.,4.));
#6651 = DIRECTION('',(-1.110223024625E-16,2.775557561563E-16,-1.));
#6652 = DIRECTION('',(3.769330926125E-16,1.,2.775557561563E-16));
#6653 = PCURVE('',#2812,#6654);
#6654 = DEFINITIONAL_REPRESENTATION('',(#6655),#6663);
#6655 = ( BOUNDED_CURVE() B_SPLINE_CURVE(2,(#6656,#6657,#6658,#6659,
#6660,#6661,#6662),.UNSPECIFIED.,.T.,.F.) B_SPLINE_CURVE_WITH_KNOTS((1,2
    ,2,2,2,1),(-2.094395102393,0.,2.094395102393,4.188790204786,
6.28318530718,8.377580409573),.UNSPECIFIED.) CURVE() 
GEOMETRIC_REPRESENTATION_ITEM() RATIONAL_B_SPLINE_CURVE((1.,0.5,1.,0.5,
1.,0.5,1.)) REPRESENTATION_ITEM('') );
#6656 = CARTESIAN_POINT('',(-40.,116.75710349334));
#6657 = CARTESIAN_POINT('',(-36.53589838486,116.75710349334));
#6658 = CARTESIAN_POINT('',(-38.26794919243,113.75710349334));
#6659 = CARTESIAN_POINT('',(-40.,110.75710349334));
#6660 = CARTESIAN_POINT('',(-41.73205080756,113.75710349334));
#6661 = CARTESIAN_POINT('',(-43.46410161513,116.75710349334));
#6662 = CARTESIAN_POINT('',(-40.,116.75710349334));
#6663 = ( GEOMETRIC_REPRESENTATION_CONTEXT(2) 
PARAMETRIC_REPRESENTATION_CONTEXT() REPRESENTATION_CONTEXT('2D SPACE',''
  ) );
#6664 = PCURVE('',#6460,#6665);
#6665 = DEFINITIONAL_REPRESENTATION('',(#6666),#6670);
#6666 = LINE('',#6667,#6668);
#6667 = CARTESIAN_POINT('',(0.,-7.));
#6668 = VECTOR('',#6669,1.);
#6669 = DIRECTION('',(1.,0.));
#6670 = ( GEOMETRIC_REPRESENTATION_CONTEXT(2) 
PARAMETRIC_REPRESENTATION_CONTEXT() REPRESENTATION_CONTEXT('2D SPACE',''
  ) );
#6671 = ORIENTED_EDGE('',*,*,#6672,.T.);
#6672 = EDGE_CURVE('',#6645,#6673,#6675,.T.);
#6673 = VERTEX_POINT('',#6674);
#6674 = CARTESIAN_POINT('',(-24.11341299114,-7.,4.));
#6675 = SURFACE_CURVE('',#6676,(#6680,#6687),.PCURVE_S1.);
#6676 = LINE('',#6677,#6678);
#6677 = CARTESIAN_POINT('',(-40.,-7.,4.));
#6678 = VECTOR('',#6679,1.);
#6679 = DIRECTION('',(1.,-9.503996389187E-16,-1.110223024625E-16));
#6680 = PCURVE('',#2812,#6681);
#6681 = DEFINITIONAL_REPRESENTATION('',(#6682),#6686);
#6682 = LINE('',#6683,#6684);
#6683 = CARTESIAN_POINT('',(-40.,112.75710349334));
#6684 = VECTOR('',#6685,1.);
#6685 = DIRECTION('',(1.,-1.338977697537E-15));
#6686 = ( GEOMETRIC_REPRESENTATION_CONTEXT(2) 
PARAMETRIC_REPRESENTATION_CONTEXT() REPRESENTATION_CONTEXT('2D SPACE',''
  ) );
#6687 = PCURVE('',#6431,#6688);
#6688 = DEFINITIONAL_REPRESENTATION('',(#6689),#6693);
#6689 = LINE('',#6690,#6691);
#6690 = CARTESIAN_POINT('',(-7.457341758564E-16,-7.));
#6691 = VECTOR('',#6692,1.);
#6692 = DIRECTION('',(1.,-5.102230246252E-17));
#6693 = ( GEOMETRIC_REPRESENTATION_CONTEXT(2) 
PARAMETRIC_REPRESENTATION_CONTEXT() REPRESENTATION_CONTEXT('2D SPACE',''
  ) );
#6694 = ORIENTED_EDGE('',*,*,#6695,.T.);
#6695 = EDGE_CURVE('',#6673,#6696,#6698,.T.);
#6696 = VERTEX_POINT('',#6697);
#6697 = CARTESIAN_POINT('',(-31.74341299114,-53.,4.));
#6698 = SURFACE_CURVE('',#6699,(#6703,#6710),.PCURVE_S1.);
#6699 = LINE('',#6700,#6701);
#6700 = CARTESIAN_POINT('',(-24.11341299114,-7.,4.));
#6701 = VECTOR('',#6702,1.);
#6702 = DIRECTION('',(-0.16363383332,-0.986521144524,-2.556476172966E-16
    ));
#6703 = PCURVE('',#2812,#6704);
#6704 = DEFINITIONAL_REPRESENTATION('',(#6705),#6709);
#6705 = LINE('',#6706,#6707);
#6706 = CARTESIAN_POINT('',(-24.11341299114,112.75710349334));
#6707 = VECTOR('',#6708,1.);
#6708 = DIRECTION('',(-0.16363383332,-0.986521144524));
#6709 = ( GEOMETRIC_REPRESENTATION_CONTEXT(2) 
PARAMETRIC_REPRESENTATION_CONTEXT() REPRESENTATION_CONTEXT('2D SPACE',''
  ) );
#6710 = PCURVE('',#6403,#6711);
#6711 = DEFINITIONAL_REPRESENTATION('',(#6712),#6716);
#6712 = LINE('',#6713,#6714);
#6713 = CARTESIAN_POINT('',(5.213705525353E-15,-7.));
#6714 = VECTOR('',#6715,1.);
#6715 = DIRECTION('',(1.,1.17692853829E-16));
#6716 = ( GEOMETRIC_REPRESENTATION_CONTEXT(2) 
PARAMETRIC_REPRESENTATION_CONTEXT() REPRESENTATION_CONTEXT('2D SPACE',''
  ) );
#6717 = ORIENTED_EDGE('',*,*,#6718,.T.);
#6718 = EDGE_CURVE('',#6696,#6719,#6721,.T.);
#6719 = VERTEX_POINT('',#6720);
#6720 = CARTESIAN_POINT('',(-50.,-53.,4.));
#6721 = SURFACE_CURVE('',#6722,(#6726,#6733),.PCURVE_S1.);
#6722 = LINE('',#6723,#6724);
#6723 = CARTESIAN_POINT('',(-31.74341299114,-53.,4.));
#6724 = VECTOR('',#6725,1.);
#6725 = DIRECTION('',(-1.,2.803996389187E-16,1.110223024625E-16));
#6726 = PCURVE('',#2812,#6727);
#6727 = DEFINITIONAL_REPRESENTATION('',(#6728),#6732);
#6728 = LINE('',#6729,#6730);
#6729 = CARTESIAN_POINT('',(-31.74341299114,66.757103493342));
#6730 = VECTOR('',#6731,1.);
#6731 = DIRECTION('',(-1.,6.689776975375E-16));
#6732 = ( GEOMETRIC_REPRESENTATION_CONTEXT(2) 
PARAMETRIC_REPRESENTATION_CONTEXT() REPRESENTATION_CONTEXT('2D SPACE',''
  ) );
#6733 = PCURVE('',#6375,#6734);
#6734 = DEFINITIONAL_REPRESENTATION('',(#6735),#6739);
#6735 = LINE('',#6736,#6737);
#6736 = CARTESIAN_POINT('',(-1.346512053935E-14,-7.));
#6737 = VECTOR('',#6738,1.);
#6738 = DIRECTION('',(1.,5.102230246252E-17));
#6739 = ( GEOMETRIC_REPRESENTATION_CONTEXT(2) 
PARAMETRIC_REPRESENTATION_CONTEXT() REPRESENTATION_CONTEXT('2D SPACE',''
  ) );
#6740 = ORIENTED_EDGE('',*,*,#6741,.F.);
#6741 = EDGE_CURVE('',#6742,#6719,#6744,.T.);
#6742 = VERTEX_POINT('',#6743);
#6743 = CARTESIAN_POINT('',(-52.,-55.,4.));
#6744 = SURFACE_CURVE('',#6745,(#6750,#6761),.PCURVE_S1.);
#6745 = CIRCLE('',#6746,2.);
#6746 = AXIS2_PLACEMENT_3D('',#6747,#6748,#6749);
#6747 = CARTESIAN_POINT('',(-50.,-55.,4.));
#6748 = DIRECTION('',(-1.110223024625E-16,2.775557561563E-16,-1.));
#6749 = DIRECTION('',(1.,1.396003610813E-16,-1.110223024625E-16));
#6750 = PCURVE('',#2812,#6751);
#6751 = DEFINITIONAL_REPRESENTATION('',(#6752),#6760);
#6752 = ( BOUNDED_CURVE() B_SPLINE_CURVE(2,(#6753,#6754,#6755,#6756,
#6757,#6758,#6759),.UNSPECIFIED.,.T.,.F.) B_SPLINE_CURVE_WITH_KNOTS((1,2
    ,2,2,2,1),(-2.094395102393,0.,2.094395102393,4.188790204786,
6.28318530718,8.377580409573),.UNSPECIFIED.) CURVE() 
GEOMETRIC_REPRESENTATION_ITEM() RATIONAL_B_SPLINE_CURVE((1.,0.5,1.,0.5,
1.,0.5,1.)) REPRESENTATION_ITEM('') );
#6753 = CARTESIAN_POINT('',(-48.,64.757103493342));
#6754 = CARTESIAN_POINT('',(-48.,61.293001878205));
#6755 = CARTESIAN_POINT('',(-51.,63.025052685773));
#6756 = CARTESIAN_POINT('',(-54.,64.757103493342));
#6757 = CARTESIAN_POINT('',(-51.,66.489154300911));
#6758 = CARTESIAN_POINT('',(-48.,68.22120510848));
#6759 = CARTESIAN_POINT('',(-48.,64.757103493342));
#6760 = ( GEOMETRIC_REPRESENTATION_CONTEXT(2) 
PARAMETRIC_REPRESENTATION_CONTEXT() REPRESENTATION_CONTEXT('2D SPACE',''
  ) );
#6761 = PCURVE('',#6347,#6762);
#6762 = DEFINITIONAL_REPRESENTATION('',(#6763),#6767);
#6763 = LINE('',#6764,#6765);
#6764 = CARTESIAN_POINT('',(0.,-7.));
#6765 = VECTOR('',#6766,1.);
#6766 = DIRECTION('',(1.,0.));
#6767 = ( GEOMETRIC_REPRESENTATION_CONTEXT(2) 
PARAMETRIC_REPRESENTATION_CONTEXT() REPRESENTATION_CONTEXT('2D SPACE',''
  ) );
#6768 = ORIENTED_EDGE('',*,*,#6769,.T.);
#6769 = EDGE_CURVE('',#6742,#6770,#6772,.T.);
#6770 = VERTEX_POINT('',#6771);
#6771 = CARTESIAN_POINT('',(-52.,-75.,4.));
#6772 = SURFACE_CURVE('',#6773,(#6777,#6784),.PCURVE_S1.);
#6773 = LINE('',#6774,#6775);
#6774 = CARTESIAN_POINT('',(-52.,-55.,4.));
#6775 = VECTOR('',#6776,1.);
#6776 = DIRECTION('',(-7.369330926125E-16,-1.,-2.775557561563E-16));
#6777 = PCURVE('',#2812,#6778);
#6778 = DEFINITIONAL_REPRESENTATION('',(#6779),#6783);
#6779 = LINE('',#6780,#6781);
#6780 = CARTESIAN_POINT('',(-52.,64.757103493342));
#6781 = VECTOR('',#6782,1.);
#6782 = DIRECTION('',(-1.181022302463E-15,-1.));
#6783 = ( GEOMETRIC_REPRESENTATION_CONTEXT(2) 
PARAMETRIC_REPRESENTATION_CONTEXT() REPRESENTATION_CONTEXT('2D SPACE',''
  ) );
#6784 = PCURVE('',#6318,#6785);
#6785 = DEFINITIONAL_REPRESENTATION('',(#6786),#6790);
#6786 = LINE('',#6787,#6788);
#6787 = CARTESIAN_POINT('',(1.226796442211E-14,-7.));
#6788 = VECTOR('',#6789,1.);
#6789 = DIRECTION('',(1.,1.110223024625E-16));
#6790 = ( GEOMETRIC_REPRESENTATION_CONTEXT(2) 
PARAMETRIC_REPRESENTATION_CONTEXT() REPRESENTATION_CONTEXT('2D SPACE',''
  ) );
#6791 = ORIENTED_EDGE('',*,*,#6792,.F.);
#6792 = EDGE_CURVE('',#6793,#6770,#6795,.T.);
#6793 = VERTEX_POINT('',#6794);
#6794 = CARTESIAN_POINT('',(-50.,-77.,4.));
#6795 = SURFACE_CURVE('',#6796,(#6801,#6812),.PCURVE_S1.);
#6796 = CIRCLE('',#6797,2.);
#6797 = AXIS2_PLACEMENT_3D('',#6798,#6799,#6800);
#6798 = CARTESIAN_POINT('',(-50.,-75.,4.));
#6799 = DIRECTION('',(-1.110223024625E-16,2.775557561563E-16,-1.));
#6800 = DIRECTION('',(3.769330926125E-16,1.,2.775557561563E-16));
#6801 = PCURVE('',#2812,#6802);
#6802 = DEFINITIONAL_REPRESENTATION('',(#6803),#6811);
#6803 = ( BOUNDED_CURVE() B_SPLINE_CURVE(2,(#6804,#6805,#6806,#6807,
#6808,#6809,#6810),.UNSPECIFIED.,.T.,.F.) B_SPLINE_CURVE_WITH_KNOTS((1,2
    ,2,2,2,1),(-2.094395102393,0.,2.094395102393,4.188790204786,
6.28318530718,8.377580409573),.UNSPECIFIED.) CURVE() 
GEOMETRIC_REPRESENTATION_ITEM() RATIONAL_B_SPLINE_CURVE((1.,0.5,1.,0.5,
1.,0.5,1.)) REPRESENTATION_ITEM('') );
#6804 = CARTESIAN_POINT('',(-50.,46.757103493342));
#6805 = CARTESIAN_POINT('',(-46.53589838486,46.757103493342));
#6806 = CARTESIAN_POINT('',(-48.26794919243,43.757103493342));
#6807 = CARTESIAN_POINT('',(-50.,40.757103493342));
#6808 = CARTESIAN_POINT('',(-51.73205080756,43.757103493342));
#6809 = CARTESIAN_POINT('',(-53.46410161513,46.757103493342));
#6810 = CARTESIAN_POINT('',(-50.,46.757103493342));
#6811 = ( GEOMETRIC_REPRESENTATION_CONTEXT(2) 
PARAMETRIC_REPRESENTATION_CONTEXT() REPRESENTATION_CONTEXT('2D SPACE',''
  ) );
#6812 = PCURVE('',#6290,#6813);
#6813 = DEFINITIONAL_REPRESENTATION('',(#6814),#6818);
#6814 = LINE('',#6815,#6816);
#6815 = CARTESIAN_POINT('',(0.,-7.));
#6816 = VECTOR('',#6817,1.);
#6817 = DIRECTION('',(1.,0.));
#6818 = ( GEOMETRIC_REPRESENTATION_CONTEXT(2) 
PARAMETRIC_REPRESENTATION_CONTEXT() REPRESENTATION_CONTEXT('2D SPACE',''
  ) );
#6819 = ORIENTED_EDGE('',*,*,#6820,.T.);
#6820 = EDGE_CURVE('',#6793,#6821,#6823,.T.);
#6821 = VERTEX_POINT('',#6822);
#6822 = CARTESIAN_POINT('',(-35.72428255636,-77.,4.));
#6823 = SURFACE_CURVE('',#6824,(#6828,#6835),.PCURVE_S1.);
#6824 = LINE('',#6825,#6826);
#6825 = CARTESIAN_POINT('',(-50.,-77.,4.));
#6826 = VECTOR('',#6827,1.);
#6827 = DIRECTION('',(1.,-5.470399638919E-15,-1.110223024625E-16));
#6828 = PCURVE('',#2812,#6829);
#6829 = DEFINITIONAL_REPRESENTATION('',(#6830),#6834);
#6830 = LINE('',#6831,#6832);
#6831 = CARTESIAN_POINT('',(-50.,42.757103493342));
#6832 = VECTOR('',#6833,1.);
#6833 = DIRECTION('',(1.,-5.858977697537E-15));
#6834 = ( GEOMETRIC_REPRESENTATION_CONTEXT(2) 
PARAMETRIC_REPRESENTATION_CONTEXT() REPRESENTATION_CONTEXT('2D SPACE',''
  ) );
#6835 = PCURVE('',#6261,#6836);
#6836 = DEFINITIONAL_REPRESENTATION('',(#6837),#6841);
#6837 = LINE('',#6838,#6839);
#6838 = CARTESIAN_POINT('',(2.057054789695E-14,-7.));
#6839 = VECTOR('',#6840,1.);
#6840 = DIRECTION('',(1.,-5.102230246251E-17));
#6841 = ( GEOMETRIC_REPRESENTATION_CONTEXT(2) 
PARAMETRIC_REPRESENTATION_CONTEXT() REPRESENTATION_CONTEXT('2D SPACE',''
  ) );
#6842 = ORIENTED_EDGE('',*,*,#6843,.T.);
#6843 = EDGE_CURVE('',#6821,#6844,#6846,.T.);
#6844 = VERTEX_POINT('',#6845);
#6845 = CARTESIAN_POINT('',(-41.97304228904,-114.6727323333,4.));
#6846 = SURFACE_CURVE('',#6847,(#6851,#6858),.PCURVE_S1.);
#6847 = LINE('',#6848,#6849);
#6848 = CARTESIAN_POINT('',(-35.72428255636,-77.,4.));
#6849 = VECTOR('',#6850,1.);
#6850 = DIRECTION('',(-0.16363383332,-0.986521144524,-2.556476172966E-16
    ));
#6851 = PCURVE('',#2812,#6852);
#6852 = DEFINITIONAL_REPRESENTATION('',(#6853),#6857);
#6853 = LINE('',#6854,#6855);
#6854 = CARTESIAN_POINT('',(-35.72428255636,42.757103493342));
#6855 = VECTOR('',#6856,1.);
#6856 = DIRECTION('',(-0.16363383332,-0.986521144524));
#6857 = ( GEOMETRIC_REPRESENTATION_CONTEXT(2) 
PARAMETRIC_REPRESENTATION_CONTEXT() REPRESENTATION_CONTEXT('2D SPACE',''
  ) );
#6858 = PCURVE('',#6233,#6859);
#6859 = DEFINITIONAL_REPRESENTATION('',(#6860),#6864);
#6860 = LINE('',#6861,#6862);
#6861 = CARTESIAN_POINT('',(2.624266851281E-14,-7.));
#6862 = VECTOR('',#6863,1.);
#6863 = DIRECTION('',(1.,1.17692853829E-16));
#6864 = ( GEOMETRIC_REPRESENTATION_CONTEXT(2) 
PARAMETRIC_REPRESENTATION_CONTEXT() REPRESENTATION_CONTEXT('2D SPACE',''
  ) );
#6865 = ORIENTED_EDGE('',*,*,#6866,.F.);
#6866 = EDGE_CURVE('',#6867,#6844,#6869,.T.);
#6867 = VERTEX_POINT('',#6868);
#6868 = CARTESIAN_POINT('',(-42.,-114.9999999999,4.));
#6869 = SURFACE_CURVE('',#6870,(#6875,#6886),.PCURVE_S1.);
#6870 = CIRCLE('',#6871,2.);
#6871 = AXIS2_PLACEMENT_3D('',#6872,#6873,#6874);
#6872 = CARTESIAN_POINT('',(-40.,-115.,4.));
#6873 = DIRECTION('',(-1.110223024625E-16,2.775557561563E-16,-1.));
#6874 = DIRECTION('',(0.16363383332,0.986521144524,2.556476172966E-16));
#6875 = PCURVE('',#2812,#6876);
#6876 = DEFINITIONAL_REPRESENTATION('',(#6877),#6885);
#6877 = ( BOUNDED_CURVE() B_SPLINE_CURVE(2,(#6878,#6879,#6880,#6881,
#6882,#6883,#6884),.UNSPECIFIED.,.T.,.F.) B_SPLINE_CURVE_WITH_KNOTS((1,2
    ,2,2,2,1),(-2.094395102393,0.,2.094395102393,4.188790204786,
6.28318530718,8.377580409573),.UNSPECIFIED.) CURVE() 
GEOMETRIC_REPRESENTATION_ITEM() RATIONAL_B_SPLINE_CURVE((1.,0.5,1.,0.5,
1.,0.5,1.)) REPRESENTATION_ITEM('') );
#6878 = CARTESIAN_POINT('',(-39.67273233336,6.730145782391));
#6879 = CARTESIAN_POINT('',(-36.25532284324,6.163301556096));
#6880 = CARTESIAN_POINT('',(-38.45492908826,3.487160235671));
#6881 = CARTESIAN_POINT('',(-40.65453533328,0.811018915246));
#6882 = CARTESIAN_POINT('',(-41.87233857837,4.054004461966));
#6883 = CARTESIAN_POINT('',(-43.09014182347,7.296990008685));
#6884 = CARTESIAN_POINT('',(-39.67273233336,6.730145782391));
#6885 = ( GEOMETRIC_REPRESENTATION_CONTEXT(2) 
PARAMETRIC_REPRESENTATION_CONTEXT() REPRESENTATION_CONTEXT('2D SPACE',''
  ) );
#6886 = PCURVE('',#6205,#6887);
#6887 = DEFINITIONAL_REPRESENTATION('',(#6888),#6892);
#6888 = LINE('',#6889,#6890);
#6889 = CARTESIAN_POINT('',(0.,-7.));
#6890 = VECTOR('',#6891,1.);
#6891 = DIRECTION('',(1.,0.));
#6892 = ( GEOMETRIC_REPRESENTATION_CONTEXT(2) 
PARAMETRIC_REPRESENTATION_CONTEXT() REPRESENTATION_CONTEXT('2D SPACE',''
  ) );
#6893 = ORIENTED_EDGE('',*,*,#6894,.T.);
#6894 = EDGE_CURVE('',#6867,#6895,#6897,.T.);
#6895 = VERTEX_POINT('',#6896);
#6896 = CARTESIAN_POINT('',(-42.,-143.,4.));
#6897 = SURFACE_CURVE('',#6898,(#6902,#6909),.PCURVE_S1.);
#6898 = LINE('',#6899,#6900);
#6899 = CARTESIAN_POINT('',(-42.,-114.9999999999,4.));
#6900 = VECTOR('',#6901,1.);
#6901 = DIRECTION('',(-1.946933092612E-15,-1.,-2.775557561563E-16));
#6902 = PCURVE('',#2812,#6903);
#6903 = DEFINITIONAL_REPRESENTATION('',(#6904),#6908);
#6904 = LINE('',#6905,#6906);
#6905 = CARTESIAN_POINT('',(-42.,4.757103493346));
#6906 = VECTOR('',#6907,1.);
#6907 = DIRECTION('',(-2.391022302463E-15,-1.));
#6908 = ( GEOMETRIC_REPRESENTATION_CONTEXT(2) 
PARAMETRIC_REPRESENTATION_CONTEXT() REPRESENTATION_CONTEXT('2D SPACE',''
  ) );
#6909 = PCURVE('',#6176,#6910);
#6910 = DEFINITIONAL_REPRESENTATION('',(#6911),#6915);
#6911 = LINE('',#6912,#6913);
#6912 = CARTESIAN_POINT('',(1.226796442211E-14,-7.));
#6913 = VECTOR('',#6914,1.);
#6914 = DIRECTION('',(1.,1.110223024625E-16));
#6915 = ( GEOMETRIC_REPRESENTATION_CONTEXT(2) 
PARAMETRIC_REPRESENTATION_CONTEXT() REPRESENTATION_CONTEXT('2D SPACE',''
  ) );
#6916 = ORIENTED_EDGE('',*,*,#6917,.T.);
#6917 = EDGE_CURVE('',#6895,#6918,#6920,.T.);
#6918 = VERTEX_POINT('',#6919);
#6919 = CARTESIAN_POINT('',(-60.,-143.,4.));
#6920 = SURFACE_CURVE('',#6921,(#6925,#6932),.PCURVE_S1.);
#6921 = LINE('',#6922,#6923);
#6922 = CARTESIAN_POINT('',(-42.,-143.,4.));
#6923 = VECTOR('',#6924,1.);
#6924 = DIRECTION('',(-1.,5.820399638919E-15,1.110223024625E-16));
#6925 = PCURVE('',#2812,#6926);
#6926 = DEFINITIONAL_REPRESENTATION('',(#6927),#6931);
#6927 = LINE('',#6928,#6929);
#6928 = CARTESIAN_POINT('',(-42.,-23.24289650665));
#6929 = VECTOR('',#6930,1.);
#6930 = DIRECTION('',(-1.,6.208977697537E-15));
#6931 = ( GEOMETRIC_REPRESENTATION_CONTEXT(2) 
PARAMETRIC_REPRESENTATION_CONTEXT() REPRESENTATION_CONTEXT('2D SPACE',''
  ) );
#6932 = PCURVE('',#6148,#6933);
#6933 = DEFINITIONAL_REPRESENTATION('',(#6934),#6938);
#6934 = LINE('',#6935,#6936);
#6935 = CARTESIAN_POINT('',(-4.188682996975E-14,-7.));
#6936 = VECTOR('',#6937,1.);
#6937 = DIRECTION('',(1.,5.102230246251E-17));
#6938 = ( GEOMETRIC_REPRESENTATION_CONTEXT(2) 
PARAMETRIC_REPRESENTATION_CONTEXT() REPRESENTATION_CONTEXT('2D SPACE',''
  ) );
#6939 = ORIENTED_EDGE('',*,*,#6940,.F.);
#6940 = EDGE_CURVE('',#6941,#6918,#6943,.T.);
#6941 = VERTEX_POINT('',#6942);
#6942 = CARTESIAN_POINT('',(-62.,-145.,4.));
#6943 = SURFACE_CURVE('',#6944,(#6949,#6960),.PCURVE_S1.);
#6944 = CIRCLE('',#6945,2.);
#6945 = AXIS2_PLACEMENT_3D('',#6946,#6947,#6948);
#6946 = CARTESIAN_POINT('',(-60.,-145.,4.));
#6947 = DIRECTION('',(-1.110223024625E-16,2.775557561563E-16,-1.));
#6948 = DIRECTION('',(1.,-9.203996389187E-16,-1.110223024625E-16));
#6949 = PCURVE('',#2812,#6950);
#6950 = DEFINITIONAL_REPRESENTATION('',(#6951),#6959);
#6951 = ( BOUNDED_CURVE() B_SPLINE_CURVE(2,(#6952,#6953,#6954,#6955,
#6956,#6957,#6958),.UNSPECIFIED.,.T.,.F.) B_SPLINE_CURVE_WITH_KNOTS((1,2
    ,2,2,2,1),(-2.094395102393,0.,2.094395102393,4.188790204786,
6.28318530718,8.377580409573),.UNSPECIFIED.) CURVE() 
GEOMETRIC_REPRESENTATION_ITEM() RATIONAL_B_SPLINE_CURVE((1.,0.5,1.,0.5,
1.,0.5,1.)) REPRESENTATION_ITEM('') );
#6952 = CARTESIAN_POINT('',(-58.,-25.24289650665));
#6953 = CARTESIAN_POINT('',(-58.,-28.70699812179));
#6954 = CARTESIAN_POINT('',(-61.,-26.97494731422));
#6955 = CARTESIAN_POINT('',(-64.,-25.24289650665));
#6956 = CARTESIAN_POINT('',(-61.,-23.51084569908));
#6957 = CARTESIAN_POINT('',(-58.,-21.77879489152));
#6958 = CARTESIAN_POINT('',(-58.,-25.24289650665));
#6959 = ( GEOMETRIC_REPRESENTATION_CONTEXT(2) 
PARAMETRIC_REPRESENTATION_CONTEXT() REPRESENTATION_CONTEXT('2D SPACE',''
  ) );
#6960 = PCURVE('',#6120,#6961);
#6961 = DEFINITIONAL_REPRESENTATION('',(#6962),#6966);
#6962 = LINE('',#6963,#6964);
#6963 = CARTESIAN_POINT('',(0.,-7.));
#6964 = VECTOR('',#6965,1.);
#6965 = DIRECTION('',(1.,0.));
#6966 = ( GEOMETRIC_REPRESENTATION_CONTEXT(2) 
PARAMETRIC_REPRESENTATION_CONTEXT() REPRESENTATION_CONTEXT('2D SPACE',''
  ) );
#6967 = ORIENTED_EDGE('',*,*,#6968,.T.);
#6968 = EDGE_CURVE('',#6941,#6969,#6971,.T.);
#6969 = VERTEX_POINT('',#6970);
#6970 = CARTESIAN_POINT('',(-62.,-165.,4.));
#6971 = SURFACE_CURVE('',#6972,(#6976,#6983),.PCURVE_S1.);
#6972 = LINE('',#6973,#6974);
#6973 = CARTESIAN_POINT('',(-62.,-145.,4.));
#6974 = VECTOR('',#6975,1.);
#6975 = DIRECTION('',(-7.369330926125E-16,-1.,-2.775557561563E-16));
#6976 = PCURVE('',#2812,#6977);
#6977 = DEFINITIONAL_REPRESENTATION('',(#6978),#6982);
#6978 = LINE('',#6979,#6980);
#6979 = CARTESIAN_POINT('',(-62.,-25.24289650665));
#6980 = VECTOR('',#6981,1.);
#6981 = DIRECTION('',(-1.181022302463E-15,-1.));
#6982 = ( GEOMETRIC_REPRESENTATION_CONTEXT(2) 
PARAMETRIC_REPRESENTATION_CONTEXT() REPRESENTATION_CONTEXT('2D SPACE',''
  ) );
#6983 = PCURVE('',#6091,#6984);
#6984 = DEFINITIONAL_REPRESENTATION('',(#6985),#6989);
#6985 = LINE('',#6986,#6987);
#6986 = CARTESIAN_POINT('',(-1.942890293094E-15,-7.));
#6987 = VECTOR('',#6988,1.);
#6988 = DIRECTION('',(1.,1.110223024625E-16));
#6989 = ( GEOMETRIC_REPRESENTATION_CONTEXT(2) 
PARAMETRIC_REPRESENTATION_CONTEXT() REPRESENTATION_CONTEXT('2D SPACE',''
  ) );
#6990 = ORIENTED_EDGE('',*,*,#6991,.F.);
#6991 = EDGE_CURVE('',#6992,#6969,#6994,.T.);
#6992 = VERTEX_POINT('',#6993);
#6993 = CARTESIAN_POINT('',(-60.,-167.,4.));
#6994 = SURFACE_CURVE('',#6995,(#7000,#7011),.PCURVE_S1.);
#6995 = CIRCLE('',#6996,2.);
#6996 = AXIS2_PLACEMENT_3D('',#6997,#6998,#6999);
#6997 = CARTESIAN_POINT('',(-60.,-165.,4.));
#6998 = DIRECTION('',(-1.110223024625E-16,2.775557561563E-16,-1.));
#6999 = DIRECTION('',(-3.330669073875E-16,1.,2.775557561563E-16));
#7000 = PCURVE('',#2812,#7001);
#7001 = DEFINITIONAL_REPRESENTATION('',(#7002),#7010);
#7002 = ( BOUNDED_CURVE() B_SPLINE_CURVE(2,(#7003,#7004,#7005,#7006,
#7007,#7008,#7009),.UNSPECIFIED.,.T.,.F.) B_SPLINE_CURVE_WITH_KNOTS((1,2
    ,2,2,2,1),(-2.094395102393,0.,2.094395102393,4.188790204786,
6.28318530718,8.377580409573),.UNSPECIFIED.) CURVE() 
GEOMETRIC_REPRESENTATION_ITEM() RATIONAL_B_SPLINE_CURVE((1.,0.5,1.,0.5,
1.,0.5,1.)) REPRESENTATION_ITEM('') );
#7003 = CARTESIAN_POINT('',(-60.,-43.24289650665));
#7004 = CARTESIAN_POINT('',(-56.53589838486,-43.24289650665));
#7005 = CARTESIAN_POINT('',(-58.26794919243,-46.24289650665));
#7006 = CARTESIAN_POINT('',(-60.,-49.24289650665));
#7007 = CARTESIAN_POINT('',(-61.73205080756,-46.24289650665));
#7008 = CARTESIAN_POINT('',(-63.46410161513,-43.24289650665));
#7009 = CARTESIAN_POINT('',(-60.,-43.24289650665));
#7010 = ( GEOMETRIC_REPRESENTATION_CONTEXT(2) 
PARAMETRIC_REPRESENTATION_CONTEXT() REPRESENTATION_CONTEXT('2D SPACE',''
  ) );
#7011 = PCURVE('',#6063,#7012);
#7012 = DEFINITIONAL_REPRESENTATION('',(#7013),#7017);
#7013 = LINE('',#7014,#7015);
#7014 = CARTESIAN_POINT('',(0.,-7.));
#7015 = VECTOR('',#7016,1.);
#7016 = DIRECTION('',(1.,0.));
#7017 = ( GEOMETRIC_REPRESENTATION_CONTEXT(2) 
PARAMETRIC_REPRESENTATION_CONTEXT() REPRESENTATION_CONTEXT('2D SPACE',''
  ) );
#7018 = ORIENTED_EDGE('',*,*,#7019,.T.);
#7019 = EDGE_CURVE('',#6992,#7020,#7022,.T.);
#7020 = VERTEX_POINT('',#7021);
#7021 = CARTESIAN_POINT('',(-42.,-167.,4.));
#7022 = SURFACE_CURVE('',#7023,(#7027,#7034),.PCURVE_S1.);
#7023 = LINE('',#7024,#7025);
#7024 = CARTESIAN_POINT('',(-60.,-167.,4.));
#7025 = VECTOR('',#7026,1.);
#7026 = DIRECTION('',(1.,-1.080399638919E-15,-1.110223024625E-16));
#7027 = PCURVE('',#2812,#7028);
#7028 = DEFINITIONAL_REPRESENTATION('',(#7029),#7033);
#7029 = LINE('',#7030,#7031);
#7030 = CARTESIAN_POINT('',(-60.,-47.24289650665));
#7031 = VECTOR('',#7032,1.);
#7032 = DIRECTION('',(1.,-1.468977697537E-15));
#7033 = ( GEOMETRIC_REPRESENTATION_CONTEXT(2) 
PARAMETRIC_REPRESENTATION_CONTEXT() REPRESENTATION_CONTEXT('2D SPACE',''
  ) );
#7034 = PCURVE('',#6034,#7035);
#7035 = DEFINITIONAL_REPRESENTATION('',(#7036),#7040);
#7036 = LINE('',#7037,#7038);
#7037 = CARTESIAN_POINT('',(4.899225732735E-14,-7.));
#7038 = VECTOR('',#7039,1.);
#7039 = DIRECTION('',(1.,-5.102230246252E-17));
#7040 = ( GEOMETRIC_REPRESENTATION_CONTEXT(2) 
PARAMETRIC_REPRESENTATION_CONTEXT() REPRESENTATION_CONTEXT('2D SPACE',''
  ) );
#7041 = ORIENTED_EDGE('',*,*,#7042,.T.);
#7042 = EDGE_CURVE('',#7020,#7043,#7045,.T.);
#7043 = VERTEX_POINT('',#7044);
#7044 = CARTESIAN_POINT('',(-42.,-223.,4.));
#7045 = SURFACE_CURVE('',#7046,(#7050,#7057),.PCURVE_S1.);
#7046 = LINE('',#7047,#7048);
#7047 = CARTESIAN_POINT('',(-42.,-167.,4.));
#7048 = VECTOR('',#7049,1.);
#7049 = DIRECTION('',(3.330669073875E-16,-1.,-2.775557561563E-16));
#7050 = PCURVE('',#2812,#7051);
#7051 = DEFINITIONAL_REPRESENTATION('',(#7052),#7056);
#7052 = LINE('',#7053,#7054);
#7053 = CARTESIAN_POINT('',(-42.,-47.24289650665));
#7054 = VECTOR('',#7055,1.);
#7055 = DIRECTION('',(-1.110223024625E-16,-1.));
#7056 = ( GEOMETRIC_REPRESENTATION_CONTEXT(2) 
PARAMETRIC_REPRESENTATION_CONTEXT() REPRESENTATION_CONTEXT('2D SPACE',''
  ) );
#7057 = PCURVE('',#6006,#7058);
#7058 = DEFINITIONAL_REPRESENTATION('',(#7059),#7063);
#7059 = LINE('',#7060,#7061);
#7060 = CARTESIAN_POINT('',(-1.942890293094E-15,-7.));
#7061 = VECTOR('',#7062,1.);
#7062 = DIRECTION('',(1.,1.110223024625E-16));
#7063 = ( GEOMETRIC_REPRESENTATION_CONTEXT(2) 
PARAMETRIC_REPRESENTATION_CONTEXT() REPRESENTATION_CONTEXT('2D SPACE',''
  ) );
#7064 = ORIENTED_EDGE('',*,*,#7065,.T.);
#7065 = EDGE_CURVE('',#7043,#7066,#7068,.T.);
#7066 = VERTEX_POINT('',#7067);
#7067 = CARTESIAN_POINT('',(-60.,-223.,4.));
#7068 = SURFACE_CURVE('',#7069,(#7073,#7080),.PCURVE_S1.);
#7069 = LINE('',#7070,#7071);
#7070 = CARTESIAN_POINT('',(-42.,-223.,4.));
#7071 = VECTOR('',#7072,1.);
#7072 = DIRECTION('',(-1.,1.080399638919E-15,1.110223024625E-16));
#7073 = PCURVE('',#2812,#7074);
#7074 = DEFINITIONAL_REPRESENTATION('',(#7075),#7079);
#7075 = LINE('',#7076,#7077);
#7076 = CARTESIAN_POINT('',(-42.,-103.2428965066));
#7077 = VECTOR('',#7078,1.);
#7078 = DIRECTION('',(-1.,1.468977697537E-15));
#7079 = ( GEOMETRIC_REPRESENTATION_CONTEXT(2) 
PARAMETRIC_REPRESENTATION_CONTEXT() REPRESENTATION_CONTEXT('2D SPACE',''
  ) );
#7080 = PCURVE('',#5978,#7081);
#7081 = DEFINITIONAL_REPRESENTATION('',(#7082),#7086);
#7082 = LINE('',#7083,#7084);
#7083 = CARTESIAN_POINT('',(-6.320311204255E-14,-7.));
#7084 = VECTOR('',#7085,1.);
#7085 = DIRECTION('',(1.,5.102230246252E-17));
#7086 = ( GEOMETRIC_REPRESENTATION_CONTEXT(2) 
PARAMETRIC_REPRESENTATION_CONTEXT() REPRESENTATION_CONTEXT('2D SPACE',''
  ) );
#7087 = ORIENTED_EDGE('',*,*,#7088,.F.);
#7088 = EDGE_CURVE('',#7089,#7066,#7091,.T.);
#7089 = VERTEX_POINT('',#7090);
#7090 = CARTESIAN_POINT('',(-62.,-225.,4.));
#7091 = SURFACE_CURVE('',#7092,(#7097,#7108),.PCURVE_S1.);
#7092 = CIRCLE('',#7093,2.);
#7093 = AXIS2_PLACEMENT_3D('',#7094,#7095,#7096);
#7094 = CARTESIAN_POINT('',(-60.,-225.,4.));
#7095 = DIRECTION('',(-1.110223024625E-16,2.775557561563E-16,-1.));
#7096 = DIRECTION('',(1.,-9.203996389187E-16,-1.110223024625E-16));
#7097 = PCURVE('',#2812,#7098);
#7098 = DEFINITIONAL_REPRESENTATION('',(#7099),#7107);
#7099 = ( BOUNDED_CURVE() B_SPLINE_CURVE(2,(#7100,#7101,#7102,#7103,
#7104,#7105,#7106),.UNSPECIFIED.,.T.,.F.) B_SPLINE_CURVE_WITH_KNOTS((1,2
    ,2,2,2,1),(-2.094395102393,0.,2.094395102393,4.188790204786,
6.28318530718,8.377580409573),.UNSPECIFIED.) CURVE() 
GEOMETRIC_REPRESENTATION_ITEM() RATIONAL_B_SPLINE_CURVE((1.,0.5,1.,0.5,
1.,0.5,1.)) REPRESENTATION_ITEM('') );
#7100 = CARTESIAN_POINT('',(-58.,-105.2428965066));
#7101 = CARTESIAN_POINT('',(-58.,-108.7069981217));
#7102 = CARTESIAN_POINT('',(-61.,-106.9749473142));
#7103 = CARTESIAN_POINT('',(-64.,-105.2428965066));
#7104 = CARTESIAN_POINT('',(-61.,-103.510845699));
#7105 = CARTESIAN_POINT('',(-58.,-101.7787948915));
#7106 = CARTESIAN_POINT('',(-58.,-105.2428965066));
#7107 = ( GEOMETRIC_REPRESENTATION_CONTEXT(2) 
PARAMETRIC_REPRESENTATION_CONTEXT() REPRESENTATION_CONTEXT('2D SPACE',''
  ) );
#7108 = PCURVE('',#5950,#7109);
#7109 = DEFINITIONAL_REPRESENTATION('',(#7110),#7114);
#7110 = LINE('',#7111,#7112);
#7111 = CARTESIAN_POINT('',(0.,-7.));
#7112 = VECTOR('',#7113,1.);
#7113 = DIRECTION('',(1.,0.));
#7114 = ( GEOMETRIC_REPRESENTATION_CONTEXT(2) 
PARAMETRIC_REPRESENTATION_CONTEXT() REPRESENTATION_CONTEXT('2D SPACE',''
  ) );
#7115 = ORIENTED_EDGE('',*,*,#7116,.T.);
#7116 = EDGE_CURVE('',#7089,#2769,#7117,.T.);
#7117 = SURFACE_CURVE('',#7118,(#7122,#7129),.PCURVE_S1.);
#7118 = LINE('',#7119,#7120);
#7119 = CARTESIAN_POINT('',(-62.,-225.,4.));
#7120 = VECTOR('',#7121,1.);
#7121 = DIRECTION('',(-7.369330926125E-16,-1.,-2.775557561563E-16));
#7122 = PCURVE('',#2812,#7123);
#7123 = DEFINITIONAL_REPRESENTATION('',(#7124),#7128);
#7124 = LINE('',#7125,#7126);
#7125 = CARTESIAN_POINT('',(-62.,-105.2428965066));
#7126 = VECTOR('',#7127,1.);
#7127 = DIRECTION('',(-1.181022302463E-15,-1.));
#7128 = ( GEOMETRIC_REPRESENTATION_CONTEXT(2) 
PARAMETRIC_REPRESENTATION_CONTEXT() REPRESENTATION_CONTEXT('2D SPACE',''
  ) );
#7129 = PCURVE('',#2784,#7130);
#7130 = DEFINITIONAL_REPRESENTATION('',(#7131),#7135);
#7131 = LINE('',#7132,#7133);
#7132 = CARTESIAN_POINT('',(-1.942890293094E-15,-7.));
#7133 = VECTOR('',#7134,1.);
#7134 = DIRECTION('',(1.,1.110223024625E-16));
#7135 = ( GEOMETRIC_REPRESENTATION_CONTEXT(2) 
PARAMETRIC_REPRESENTATION_CONTEXT() REPRESENTATION_CONTEXT('2D SPACE',''
  ) );
#7136 = ORIENTED_EDGE('',*,*,#2796,.F.);
#7137 = ORIENTED_EDGE('',*,*,#2872,.F.);
#7138 = ORIENTED_EDGE('',*,*,#2921,.F.);
#7139 = ORIENTED_EDGE('',*,*,#2970,.F.);
#7140 = ORIENTED_EDGE('',*,*,#3019,.F.);
#7141 = ORIENTED_EDGE('',*,*,#3068,.F.);
#7142 = ORIENTED_EDGE('',*,*,#3117,.F.);
#7143 = ORIENTED_EDGE('',*,*,#3166,.F.);
#7144 = ORIENTED_EDGE('',*,*,#3215,.F.);
#7145 = ORIENTED_EDGE('',*,*,#3264,.F.);
#7146 = ORIENTED_EDGE('',*,*,#3313,.F.);
#7147 = ORIENTED_EDGE('',*,*,#3362,.F.);
#7148 = ORIENTED_EDGE('',*,*,#3411,.F.);
#7149 = ORIENTED_EDGE('',*,*,#3460,.F.);
#7150 = ORIENTED_EDGE('',*,*,#3509,.F.);
#7151 = ADVANCED_FACE('',(#7152),#2784,.F.);
#7152 = FACE_BOUND('',#7153,.F.);
#7153 = EDGE_LOOP('',(#7154,#7155,#7176,#7177));
#7154 = ORIENTED_EDGE('',*,*,#5910,.F.);
#7155 = ORIENTED_EDGE('',*,*,#7156,.T.);
#7156 = EDGE_CURVE('',#5911,#7089,#7157,.T.);
#7157 = SURFACE_CURVE('',#7158,(#7162,#7169),.PCURVE_S1.);
#7158 = LINE('',#7159,#7160);
#7159 = CARTESIAN_POINT('',(-62.,-225.,-3.));
#7160 = VECTOR('',#7161,1.);
#7161 = DIRECTION('',(2.775557561563E-16,-5.102230246252E-17,1.));
#7162 = PCURVE('',#2784,#7163);
#7163 = DEFINITIONAL_REPRESENTATION('',(#7164),#7168);
#7164 = LINE('',#7165,#7166);
#7165 = CARTESIAN_POINT('',(-0.,0.));
#7166 = VECTOR('',#7167,1.);
#7167 = DIRECTION('',(-1.710223024625E-16,-1.));
#7168 = ( GEOMETRIC_REPRESENTATION_CONTEXT(2) 
PARAMETRIC_REPRESENTATION_CONTEXT() REPRESENTATION_CONTEXT('2D SPACE',''
  ) );
#7169 = PCURVE('',#5950,#7170);
#7170 = DEFINITIONAL_REPRESENTATION('',(#7171),#7175);
#7171 = LINE('',#7172,#7173);
#7172 = CARTESIAN_POINT('',(3.14159265359,0.));
#7173 = VECTOR('',#7174,1.);
#7174 = DIRECTION('',(0.,-1.));
#7175 = ( GEOMETRIC_REPRESENTATION_CONTEXT(2) 
PARAMETRIC_REPRESENTATION_CONTEXT() REPRESENTATION_CONTEXT('2D SPACE',''
  ) );
#7176 = ORIENTED_EDGE('',*,*,#7116,.T.);
#7177 = ORIENTED_EDGE('',*,*,#2768,.F.);
#7178 = ADVANCED_FACE('',(#7179),#3626,.F.);
#7179 = FACE_BOUND('',#7180,.F.);
#7180 = EDGE_LOOP('',(#7181,#7182,#7203,#7204));
#7181 = ORIENTED_EDGE('',*,*,#5352,.F.);
#7182 = ORIENTED_EDGE('',*,*,#7183,.T.);
#7183 = EDGE_CURVE('',#5353,#4589,#7184,.T.);
#7184 = SURFACE_CURVE('',#7185,(#7189,#7196),.PCURVE_S1.);
#7185 = LINE('',#7186,#7187);
#7186 = CARTESIAN_POINT('',(-15.38036491765,16.999999999999,-3.));
#7187 = VECTOR('',#7188,1.);
#7188 = DIRECTION('',(2.775557561563E-16,-5.102230246252E-17,1.));
#7189 = PCURVE('',#3626,#7190);
#7190 = DEFINITIONAL_REPRESENTATION('',(#7191),#7195);
#7191 = LINE('',#7192,#7193);
#7192 = CARTESIAN_POINT('',(0.,0.));
#7193 = VECTOR('',#7194,1.);
#7194 = DIRECTION('',(-1.710223024625E-16,-1.));
#7195 = ( GEOMETRIC_REPRESENTATION_CONTEXT(2) 
PARAMETRIC_REPRESENTATION_CONTEXT() REPRESENTATION_CONTEXT('2D SPACE',''
  ) );
#7196 = PCURVE('',#4611,#7197);
#7197 = DEFINITIONAL_REPRESENTATION('',(#7198),#7202);
#7198 = LINE('',#7199,#7200);
#7199 = CARTESIAN_POINT('',(2.406171888098,0.));
#7200 = VECTOR('',#7201,1.);
#7201 = DIRECTION('',(0.,-1.));
#7202 = ( GEOMETRIC_REPRESENTATION_CONTEXT(2) 
PARAMETRIC_REPRESENTATION_CONTEXT() REPRESENTATION_CONTEXT('2D SPACE',''
  ) );
#7203 = ORIENTED_EDGE('',*,*,#4623,.T.);
#7204 = ORIENTED_EDGE('',*,*,#3610,.F.);
#7205 = ADVANCED_FACE('',(#7206),#3575,.F.);
#7206 = FACE_BOUND('',#7207,.F.);
#7207 = EDGE_LOOP('',(#7208,#7209,#7210,#7211));
#7208 = ORIENTED_EDGE('',*,*,#6472,.F.);
#7209 = ORIENTED_EDGE('',*,*,#3559,.F.);
#7210 = ORIENTED_EDGE('',*,*,#6621,.T.);
#7211 = ORIENTED_EDGE('',*,*,#7212,.F.);
#7212 = EDGE_CURVE('',#6444,#6622,#7213,.T.);
#7213 = SURFACE_CURVE('',#7214,(#7218,#7225),.PCURVE_S1.);
#7214 = LINE('',#7215,#7216);
#7215 = CARTESIAN_POINT('',(-42.,-5.,-3.));
#7216 = VECTOR('',#7217,1.);
#7217 = DIRECTION('',(2.775557561563E-16,-5.102230246252E-17,1.));
#7218 = PCURVE('',#3575,#7219);
#7219 = DEFINITIONAL_REPRESENTATION('',(#7220),#7224);
#7220 = LINE('',#7221,#7222);
#7221 = CARTESIAN_POINT('',(20.,1.998401444325E-15));
#7222 = VECTOR('',#7223,1.);
#7223 = DIRECTION('',(-1.710223024625E-16,-1.));
#7224 = ( GEOMETRIC_REPRESENTATION_CONTEXT(2) 
PARAMETRIC_REPRESENTATION_CONTEXT() REPRESENTATION_CONTEXT('2D SPACE',''
  ) );
#7225 = PCURVE('',#6460,#7226);
#7226 = DEFINITIONAL_REPRESENTATION('',(#7227),#7231);
#7227 = LINE('',#7228,#7229);
#7228 = CARTESIAN_POINT('',(4.712388980385,0.));
#7229 = VECTOR('',#7230,1.);
#7230 = DIRECTION('',(0.,-1.));
#7231 = ( GEOMETRIC_REPRESENTATION_CONTEXT(2) 
PARAMETRIC_REPRESENTATION_CONTEXT() REPRESENTATION_CONTEXT('2D SPACE',''
  ) );
#7232 = ADVANCED_FACE('',(#7233),#4611,.T.);
#7233 = FACE_BOUND('',#7234,.T.);
#7234 = EDGE_LOOP('',(#7235,#7236,#7237,#7238));
#7235 = ORIENTED_EDGE('',*,*,#7183,.T.);
#7236 = ORIENTED_EDGE('',*,*,#4588,.T.);
#7237 = ORIENTED_EDGE('',*,*,#6533,.F.);
#7238 = ORIENTED_EDGE('',*,*,#5375,.F.);
#7239 = ADVANCED_FACE('',(#7240),#5288,.T.);
#7240 = FACE_BOUND('',#7241,.T.);
#7241 = EDGE_LOOP('',(#7242,#7243,#7244,#7265));
#7242 = ORIENTED_EDGE('',*,*,#5328,.T.);
#7243 = ORIENTED_EDGE('',*,*,#5269,.T.);
#7244 = ORIENTED_EDGE('',*,*,#7245,.F.);
#7245 = EDGE_CURVE('',#5423,#5242,#7246,.T.);
#7246 = SURFACE_CURVE('',#7247,(#7251,#7258),.PCURVE_S1.);
#7247 = LINE('',#7248,#7249);
#7248 = CARTESIAN_POINT('',(40.,-7.,-3.));
#7249 = VECTOR('',#7250,1.);
#7250 = DIRECTION('',(2.775557561563E-16,-5.102230246252E-17,1.));
#7251 = PCURVE('',#5288,#7252);
#7252 = DEFINITIONAL_REPRESENTATION('',(#7253),#7257);
#7253 = LINE('',#7254,#7255);
#7254 = CARTESIAN_POINT('',(4.712388980385,0.));
#7255 = VECTOR('',#7256,1.);
#7256 = DIRECTION('',(0.,-1.));
#7257 = ( GEOMETRIC_REPRESENTATION_CONTEXT(2) 
PARAMETRIC_REPRESENTATION_CONTEXT() REPRESENTATION_CONTEXT('2D SPACE',''
  ) );
#7258 = PCURVE('',#5257,#7259);
#7259 = DEFINITIONAL_REPRESENTATION('',(#7260),#7264);
#7260 = LINE('',#7261,#7262);
#7261 = CARTESIAN_POINT('',(0.,0.));
#7262 = VECTOR('',#7263,1.);
#7263 = DIRECTION('',(-1.710223024625E-16,-1.));
#7264 = ( GEOMETRIC_REPRESENTATION_CONTEXT(2) 
PARAMETRIC_REPRESENTATION_CONTEXT() REPRESENTATION_CONTEXT('2D SPACE',''
  ) );
#7265 = ORIENTED_EDGE('',*,*,#5422,.F.);
#7266 = ADVANCED_FACE('',(#7267),#5257,.T.);
#7267 = FACE_BOUND('',#7268,.T.);
#7268 = EDGE_LOOP('',(#7269,#7270,#7271,#7292));
#7269 = ORIENTED_EDGE('',*,*,#7245,.T.);
#7270 = ORIENTED_EDGE('',*,*,#5241,.T.);
#7271 = ORIENTED_EDGE('',*,*,#7272,.F.);
#7272 = EDGE_CURVE('',#5447,#5214,#7273,.T.);
#7273 = SURFACE_CURVE('',#7274,(#7278,#7285),.PCURVE_S1.);
#7274 = LINE('',#7275,#7276);
#7275 = CARTESIAN_POINT('',(24.113412991147,-7.,-3.));
#7276 = VECTOR('',#7277,1.);
#7277 = DIRECTION('',(2.775557561563E-16,-5.102230246252E-17,1.));
#7278 = PCURVE('',#5257,#7279);
#7279 = DEFINITIONAL_REPRESENTATION('',(#7280),#7284);
#7280 = LINE('',#7281,#7282);
#7281 = CARTESIAN_POINT('',(15.886587008853,1.679861610053E-15));
#7282 = VECTOR('',#7283,1.);
#7283 = DIRECTION('',(-1.710223024625E-16,-1.));
#7284 = ( GEOMETRIC_REPRESENTATION_CONTEXT(2) 
PARAMETRIC_REPRESENTATION_CONTEXT() REPRESENTATION_CONTEXT('2D SPACE',''
  ) );
#7285 = PCURVE('',#5229,#7286);
#7286 = DEFINITIONAL_REPRESENTATION('',(#7287),#7291);
#7287 = LINE('',#7288,#7289);
#7288 = CARTESIAN_POINT('',(0.,0.));
#7289 = VECTOR('',#7290,1.);
#7290 = DIRECTION('',(-1.405501126285E-16,-1.));
#7291 = ( GEOMETRIC_REPRESENTATION_CONTEXT(2) 
PARAMETRIC_REPRESENTATION_CONTEXT() REPRESENTATION_CONTEXT('2D SPACE',''
  ) );
#7292 = ORIENTED_EDGE('',*,*,#5446,.F.);
#7293 = ADVANCED_FACE('',(#7294),#5229,.T.);
#7294 = FACE_BOUND('',#7295,.T.);
#7295 = EDGE_LOOP('',(#7296,#7297,#7298,#7319));
#7296 = ORIENTED_EDGE('',*,*,#7272,.T.);
#7297 = ORIENTED_EDGE('',*,*,#5213,.T.);
#7298 = ORIENTED_EDGE('',*,*,#7299,.F.);
#7299 = EDGE_CURVE('',#5470,#5186,#7300,.T.);
#7300 = SURFACE_CURVE('',#7301,(#7305,#7312),.PCURVE_S1.);
#7301 = LINE('',#7302,#7303);
#7302 = CARTESIAN_POINT('',(31.743412991146,-53.,-3.));
#7303 = VECTOR('',#7304,1.);
#7304 = DIRECTION('',(2.775557561563E-16,-5.102230246252E-17,1.));
#7305 = PCURVE('',#5229,#7306);
#7306 = DEFINITIONAL_REPRESENTATION('',(#7307),#7311);
#7307 = LINE('',#7308,#7309);
#7308 = CARTESIAN_POINT('',(46.628498796337,4.454761203929E-15));
#7309 = VECTOR('',#7310,1.);
#7310 = DIRECTION('',(-1.405501126285E-16,-1.));
#7311 = ( GEOMETRIC_REPRESENTATION_CONTEXT(2) 
PARAMETRIC_REPRESENTATION_CONTEXT() REPRESENTATION_CONTEXT('2D SPACE',''
  ) );
#7312 = PCURVE('',#5201,#7313);
#7313 = DEFINITIONAL_REPRESENTATION('',(#7314),#7318);
#7314 = LINE('',#7315,#7316);
#7315 = CARTESIAN_POINT('',(0.,0.));
#7316 = VECTOR('',#7317,1.);
#7317 = DIRECTION('',(1.710223024625E-16,-1.));
#7318 = ( GEOMETRIC_REPRESENTATION_CONTEXT(2) 
PARAMETRIC_REPRESENTATION_CONTEXT() REPRESENTATION_CONTEXT('2D SPACE',''
  ) );
#7319 = ORIENTED_EDGE('',*,*,#5469,.F.);
#7320 = ADVANCED_FACE('',(#7321),#5201,.T.);
#7321 = FACE_BOUND('',#7322,.T.);
#7322 = EDGE_LOOP('',(#7323,#7324,#7325,#7346));
#7323 = ORIENTED_EDGE('',*,*,#7299,.T.);
#7324 = ORIENTED_EDGE('',*,*,#5185,.T.);
#7325 = ORIENTED_EDGE('',*,*,#7326,.F.);
#7326 = EDGE_CURVE('',#5493,#5153,#7327,.T.);
#7327 = SURFACE_CURVE('',#7328,(#7332,#7339),.PCURVE_S1.);
#7328 = LINE('',#7329,#7330);
#7329 = CARTESIAN_POINT('',(50.,-53.,-3.));
#7330 = VECTOR('',#7331,1.);
#7331 = DIRECTION('',(2.775557561563E-16,-5.102230246252E-17,1.));
#7332 = PCURVE('',#5201,#7333);
#7333 = DEFINITIONAL_REPRESENTATION('',(#7334),#7338);
#7334 = LINE('',#7335,#7336);
#7335 = CARTESIAN_POINT('',(18.256587008854,-1.751379542294E-15));
#7336 = VECTOR('',#7337,1.);
#7337 = DIRECTION('',(1.710223024625E-16,-1.));
#7338 = ( GEOMETRIC_REPRESENTATION_CONTEXT(2) 
PARAMETRIC_REPRESENTATION_CONTEXT() REPRESENTATION_CONTEXT('2D SPACE',''
  ) );
#7339 = PCURVE('',#5173,#7340);
#7340 = DEFINITIONAL_REPRESENTATION('',(#7341),#7345);
#7341 = LINE('',#7342,#7343);
#7342 = CARTESIAN_POINT('',(3.14159265359,0.));
#7343 = VECTOR('',#7344,1.);
#7344 = DIRECTION('',(0.,-1.));
#7345 = ( GEOMETRIC_REPRESENTATION_CONTEXT(2) 
PARAMETRIC_REPRESENTATION_CONTEXT() REPRESENTATION_CONTEXT('2D SPACE',''
  ) );
#7346 = ORIENTED_EDGE('',*,*,#5492,.F.);
#7347 = ADVANCED_FACE('',(#7348),#5173,.T.);
#7348 = FACE_BOUND('',#7349,.T.);
#7349 = EDGE_LOOP('',(#7350,#7351,#7352,#7373));
#7350 = ORIENTED_EDGE('',*,*,#7326,.T.);
#7351 = ORIENTED_EDGE('',*,*,#5152,.T.);
#7352 = ORIENTED_EDGE('',*,*,#7353,.F.);
#7353 = EDGE_CURVE('',#5516,#5125,#7354,.T.);
#7354 = SURFACE_CURVE('',#7355,(#7359,#7366),.PCURVE_S1.);
#7355 = LINE('',#7356,#7357);
#7356 = CARTESIAN_POINT('',(52.,-55.,-3.));
#7357 = VECTOR('',#7358,1.);
#7358 = DIRECTION('',(2.775557561563E-16,-5.102230246252E-17,1.));
#7359 = PCURVE('',#5173,#7360);
#7360 = DEFINITIONAL_REPRESENTATION('',(#7361),#7365);
#7361 = LINE('',#7362,#7363);
#7362 = CARTESIAN_POINT('',(4.712388980385,0.));
#7363 = VECTOR('',#7364,1.);
#7364 = DIRECTION('',(0.,-1.));
#7365 = ( GEOMETRIC_REPRESENTATION_CONTEXT(2) 
PARAMETRIC_REPRESENTATION_CONTEXT() REPRESENTATION_CONTEXT('2D SPACE',''
  ) );
#7366 = PCURVE('',#5140,#7367);
#7367 = DEFINITIONAL_REPRESENTATION('',(#7368),#7372);
#7368 = LINE('',#7369,#7370);
#7369 = CARTESIAN_POINT('',(-0.,0.));
#7370 = VECTOR('',#7371,1.);
#7371 = DIRECTION('',(-1.710223024625E-16,-1.));
#7372 = ( GEOMETRIC_REPRESENTATION_CONTEXT(2) 
PARAMETRIC_REPRESENTATION_CONTEXT() REPRESENTATION_CONTEXT('2D SPACE',''
  ) );
#7373 = ORIENTED_EDGE('',*,*,#5515,.F.);
#7374 = ADVANCED_FACE('',(#7375),#5140,.T.);
#7375 = FACE_BOUND('',#7376,.T.);
#7376 = EDGE_LOOP('',(#7377,#7378,#7379,#7400));
#7377 = ORIENTED_EDGE('',*,*,#7353,.T.);
#7378 = ORIENTED_EDGE('',*,*,#5124,.T.);
#7379 = ORIENTED_EDGE('',*,*,#7380,.F.);
#7380 = EDGE_CURVE('',#5540,#5092,#7381,.T.);
#7381 = SURFACE_CURVE('',#7382,(#7386,#7393),.PCURVE_S1.);
#7382 = LINE('',#7383,#7384);
#7383 = CARTESIAN_POINT('',(52.,-75.,-3.));
#7384 = VECTOR('',#7385,1.);
#7385 = DIRECTION('',(2.775557561563E-16,-5.102230246252E-17,1.));
#7386 = PCURVE('',#5140,#7387);
#7387 = DEFINITIONAL_REPRESENTATION('',(#7388),#7392);
#7388 = LINE('',#7389,#7390);
#7389 = CARTESIAN_POINT('',(20.,2.886579864025E-15));
#7390 = VECTOR('',#7391,1.);
#7391 = DIRECTION('',(-1.710223024625E-16,-1.));
#7392 = ( GEOMETRIC_REPRESENTATION_CONTEXT(2) 
PARAMETRIC_REPRESENTATION_CONTEXT() REPRESENTATION_CONTEXT('2D SPACE',''
  ) );
#7393 = PCURVE('',#5112,#7394);
#7394 = DEFINITIONAL_REPRESENTATION('',(#7395),#7399);
#7395 = LINE('',#7396,#7397);
#7396 = CARTESIAN_POINT('',(3.14159265359,0.));
#7397 = VECTOR('',#7398,1.);
#7398 = DIRECTION('',(0.,-1.));
#7399 = ( GEOMETRIC_REPRESENTATION_CONTEXT(2) 
PARAMETRIC_REPRESENTATION_CONTEXT() REPRESENTATION_CONTEXT('2D SPACE',''
  ) );
#7400 = ORIENTED_EDGE('',*,*,#5539,.F.);
#7401 = ADVANCED_FACE('',(#7402),#5112,.T.);
#7402 = FACE_BOUND('',#7403,.T.);
#7403 = EDGE_LOOP('',(#7404,#7405,#7406,#7427));
#7404 = ORIENTED_EDGE('',*,*,#7380,.T.);
#7405 = ORIENTED_EDGE('',*,*,#5091,.T.);
#7406 = ORIENTED_EDGE('',*,*,#7407,.F.);
#7407 = EDGE_CURVE('',#5563,#5064,#7408,.T.);
#7408 = SURFACE_CURVE('',#7409,(#7413,#7420),.PCURVE_S1.);
#7409 = LINE('',#7410,#7411);
#7410 = CARTESIAN_POINT('',(50.,-77.,-3.));
#7411 = VECTOR('',#7412,1.);
#7412 = DIRECTION('',(2.775557561563E-16,-5.102230246252E-17,1.));
#7413 = PCURVE('',#5112,#7414);
#7414 = DEFINITIONAL_REPRESENTATION('',(#7415),#7419);
#7415 = LINE('',#7416,#7417);
#7416 = CARTESIAN_POINT('',(4.712388980385,0.));
#7417 = VECTOR('',#7418,1.);
#7418 = DIRECTION('',(0.,-1.));
#7419 = ( GEOMETRIC_REPRESENTATION_CONTEXT(2) 
PARAMETRIC_REPRESENTATION_CONTEXT() REPRESENTATION_CONTEXT('2D SPACE',''
  ) );
#7420 = PCURVE('',#5079,#7421);
#7421 = DEFINITIONAL_REPRESENTATION('',(#7422),#7426);
#7422 = LINE('',#7423,#7424);
#7423 = CARTESIAN_POINT('',(0.,0.));
#7424 = VECTOR('',#7425,1.);
#7425 = DIRECTION('',(-1.710223024625E-16,-1.));
#7426 = ( GEOMETRIC_REPRESENTATION_CONTEXT(2) 
PARAMETRIC_REPRESENTATION_CONTEXT() REPRESENTATION_CONTEXT('2D SPACE',''
  ) );
#7427 = ORIENTED_EDGE('',*,*,#5562,.F.);
#7428 = ADVANCED_FACE('',(#7429),#5079,.T.);
#7429 = FACE_BOUND('',#7430,.T.);
#7430 = EDGE_LOOP('',(#7431,#7432,#7433,#7454));
#7431 = ORIENTED_EDGE('',*,*,#7407,.T.);
#7432 = ORIENTED_EDGE('',*,*,#5063,.T.);
#7433 = ORIENTED_EDGE('',*,*,#7434,.F.);
#7434 = EDGE_CURVE('',#5587,#5036,#7435,.T.);
#7435 = SURFACE_CURVE('',#7436,(#7440,#7447),.PCURVE_S1.);
#7436 = LINE('',#7437,#7438);
#7437 = CARTESIAN_POINT('',(35.724282556363,-77.,-3.));
#7438 = VECTOR('',#7439,1.);
#7439 = DIRECTION('',(2.775557561563E-16,-5.102230246252E-17,1.));
#7440 = PCURVE('',#5079,#7441);
#7441 = DEFINITIONAL_REPRESENTATION('',(#7442),#7446);
#7442 = LINE('',#7443,#7444);
#7443 = CARTESIAN_POINT('',(14.275717443637,1.329407663724E-15));
#7444 = VECTOR('',#7445,1.);
#7445 = DIRECTION('',(-1.710223024625E-16,-1.));
#7446 = ( GEOMETRIC_REPRESENTATION_CONTEXT(2) 
PARAMETRIC_REPRESENTATION_CONTEXT() REPRESENTATION_CONTEXT('2D SPACE',''
  ) );
#7447 = PCURVE('',#5051,#7448);
#7448 = DEFINITIONAL_REPRESENTATION('',(#7449),#7453);
#7449 = LINE('',#7450,#7451);
#7450 = CARTESIAN_POINT('',(0.,0.));
#7451 = VECTOR('',#7452,1.);
#7452 = DIRECTION('',(-1.405501126285E-16,-1.));
#7453 = ( GEOMETRIC_REPRESENTATION_CONTEXT(2) 
PARAMETRIC_REPRESENTATION_CONTEXT() REPRESENTATION_CONTEXT('2D SPACE',''
  ) );
#7454 = ORIENTED_EDGE('',*,*,#5586,.F.);
#7455 = ADVANCED_FACE('',(#7456),#5051,.T.);
#7456 = FACE_BOUND('',#7457,.T.);
#7457 = EDGE_LOOP('',(#7458,#7459,#7460,#7481));
#7458 = ORIENTED_EDGE('',*,*,#7434,.T.);
#7459 = ORIENTED_EDGE('',*,*,#5035,.T.);
#7460 = ORIENTED_EDGE('',*,*,#7461,.F.);
#7461 = EDGE_CURVE('',#5610,#5003,#7462,.T.);
#7462 = SURFACE_CURVE('',#7463,(#7467,#7474),.PCURVE_S1.);
#7463 = LINE('',#7464,#7465);
#7464 = CARTESIAN_POINT('',(41.973042289049,-114.6727323333,-3.));
#7465 = VECTOR('',#7466,1.);
#7466 = DIRECTION('',(2.775557561563E-16,-5.102230246252E-17,1.));
#7467 = PCURVE('',#5051,#7468);
#7468 = DEFINITIONAL_REPRESENTATION('',(#7469),#7473);
#7469 = LINE('',#7470,#7471);
#7470 = CARTESIAN_POINT('',(38.187455527409,3.920044553176E-15));
#7471 = VECTOR('',#7472,1.);
#7472 = DIRECTION('',(-1.405501126285E-16,-1.));
#7473 = ( GEOMETRIC_REPRESENTATION_CONTEXT(2) 
PARAMETRIC_REPRESENTATION_CONTEXT() REPRESENTATION_CONTEXT('2D SPACE',''
  ) );
#7474 = PCURVE('',#5023,#7475);
#7475 = DEFINITIONAL_REPRESENTATION('',(#7476),#7480);
#7476 = LINE('',#7477,#7478);
#7477 = CARTESIAN_POINT('',(4.548015961244,0.));
#7478 = VECTOR('',#7479,1.);
#7479 = DIRECTION('',(0.,-1.));
#7480 = ( GEOMETRIC_REPRESENTATION_CONTEXT(2) 
PARAMETRIC_REPRESENTATION_CONTEXT() REPRESENTATION_CONTEXT('2D SPACE',''
  ) );
#7481 = ORIENTED_EDGE('',*,*,#5609,.F.);
#7482 = ADVANCED_FACE('',(#7483),#5023,.T.);
#7483 = FACE_BOUND('',#7484,.T.);
#7484 = EDGE_LOOP('',(#7485,#7486,#7487,#7508));
#7485 = ORIENTED_EDGE('',*,*,#7461,.T.);
#7486 = ORIENTED_EDGE('',*,*,#5002,.T.);
#7487 = ORIENTED_EDGE('',*,*,#7488,.F.);
#7488 = EDGE_CURVE('',#5633,#4975,#7489,.T.);
#7489 = SURFACE_CURVE('',#7490,(#7494,#7501),.PCURVE_S1.);
#7490 = LINE('',#7491,#7492);
#7491 = CARTESIAN_POINT('',(42.,-115.,-3.));
#7492 = VECTOR('',#7493,1.);
#7493 = DIRECTION('',(2.775557561563E-16,-5.102230246252E-17,1.));
#7494 = PCURVE('',#5023,#7495);
#7495 = DEFINITIONAL_REPRESENTATION('',(#7496),#7500);
#7496 = LINE('',#7497,#7498);
#7497 = CARTESIAN_POINT('',(4.712388980386,0.));
#7498 = VECTOR('',#7499,1.);
#7499 = DIRECTION('',(0.,-1.));
#7500 = ( GEOMETRIC_REPRESENTATION_CONTEXT(2) 
PARAMETRIC_REPRESENTATION_CONTEXT() REPRESENTATION_CONTEXT('2D SPACE',''
  ) );
#7501 = PCURVE('',#4990,#7502);
#7502 = DEFINITIONAL_REPRESENTATION('',(#7503),#7507);
#7503 = LINE('',#7504,#7505);
#7504 = CARTESIAN_POINT('',(28.,-2.886579864025E-15));
#7505 = VECTOR('',#7506,1.);
#7506 = DIRECTION('',(1.710223024625E-16,-1.));
#7507 = ( GEOMETRIC_REPRESENTATION_CONTEXT(2) 
PARAMETRIC_REPRESENTATION_CONTEXT() REPRESENTATION_CONTEXT('2D SPACE',''
  ) );
#7508 = ORIENTED_EDGE('',*,*,#5632,.F.);
#7509 = ADVANCED_FACE('',(#7510),#4990,.F.);
#7510 = FACE_BOUND('',#7511,.F.);
#7511 = EDGE_LOOP('',(#7512,#7533,#7534,#7535));
#7512 = ORIENTED_EDGE('',*,*,#7513,.T.);
#7513 = EDGE_CURVE('',#5657,#4947,#7514,.T.);
#7514 = SURFACE_CURVE('',#7515,(#7519,#7526),.PCURVE_S1.);
#7515 = LINE('',#7516,#7517);
#7516 = CARTESIAN_POINT('',(42.,-143.,-3.));
#7517 = VECTOR('',#7518,1.);
#7518 = DIRECTION('',(2.775557561563E-16,-5.102230246252E-17,1.));
#7519 = PCURVE('',#4990,#7520);
#7520 = DEFINITIONAL_REPRESENTATION('',(#7521),#7525);
#7521 = LINE('',#7522,#7523);
#7522 = CARTESIAN_POINT('',(0.,0.));
#7523 = VECTOR('',#7524,1.);
#7524 = DIRECTION('',(1.710223024625E-16,-1.));
#7525 = ( GEOMETRIC_REPRESENTATION_CONTEXT(2) 
PARAMETRIC_REPRESENTATION_CONTEXT() REPRESENTATION_CONTEXT('2D SPACE',''
  ) );
#7526 = PCURVE('',#4962,#7527);
#7527 = DEFINITIONAL_REPRESENTATION('',(#7528),#7532);
#7528 = LINE('',#7529,#7530);
#7529 = CARTESIAN_POINT('',(0.,0.));
#7530 = VECTOR('',#7531,1.);
#7531 = DIRECTION('',(1.710223024625E-16,-1.));
#7532 = ( GEOMETRIC_REPRESENTATION_CONTEXT(2) 
PARAMETRIC_REPRESENTATION_CONTEXT() REPRESENTATION_CONTEXT('2D SPACE',''
  ) );
#7533 = ORIENTED_EDGE('',*,*,#4974,.T.);
#7534 = ORIENTED_EDGE('',*,*,#7488,.F.);
#7535 = ORIENTED_EDGE('',*,*,#5656,.F.);
#7536 = ADVANCED_FACE('',(#7537),#4962,.T.);
#7537 = FACE_BOUND('',#7538,.T.);
#7538 = EDGE_LOOP('',(#7539,#7540,#7541,#7562));
#7539 = ORIENTED_EDGE('',*,*,#7513,.T.);
#7540 = ORIENTED_EDGE('',*,*,#4946,.T.);
#7541 = ORIENTED_EDGE('',*,*,#7542,.F.);
#7542 = EDGE_CURVE('',#5680,#4914,#7543,.T.);
#7543 = SURFACE_CURVE('',#7544,(#7548,#7555),.PCURVE_S1.);
#7544 = LINE('',#7545,#7546);
#7545 = CARTESIAN_POINT('',(60.,-143.,-3.));
#7546 = VECTOR('',#7547,1.);
#7547 = DIRECTION('',(2.775557561563E-16,-5.102230246252E-17,1.));
#7548 = PCURVE('',#4962,#7549);
#7549 = DEFINITIONAL_REPRESENTATION('',(#7550),#7554);
#7550 = LINE('',#7551,#7552);
#7551 = CARTESIAN_POINT('',(18.,-2.139646771413E-15));
#7552 = VECTOR('',#7553,1.);
#7553 = DIRECTION('',(1.710223024625E-16,-1.));
#7554 = ( GEOMETRIC_REPRESENTATION_CONTEXT(2) 
PARAMETRIC_REPRESENTATION_CONTEXT() REPRESENTATION_CONTEXT('2D SPACE',''
  ) );
#7555 = PCURVE('',#4934,#7556);
#7556 = DEFINITIONAL_REPRESENTATION('',(#7557),#7561);
#7557 = LINE('',#7558,#7559);
#7558 = CARTESIAN_POINT('',(3.14159265359,0.));
#7559 = VECTOR('',#7560,1.);
#7560 = DIRECTION('',(0.,-1.));
#7561 = ( GEOMETRIC_REPRESENTATION_CONTEXT(2) 
PARAMETRIC_REPRESENTATION_CONTEXT() REPRESENTATION_CONTEXT('2D SPACE',''
  ) );
#7562 = ORIENTED_EDGE('',*,*,#5679,.F.);
#7563 = ADVANCED_FACE('',(#7564),#4934,.T.);
#7564 = FACE_BOUND('',#7565,.T.);
#7565 = EDGE_LOOP('',(#7566,#7567,#7568,#7589));
#7566 = ORIENTED_EDGE('',*,*,#7542,.T.);
#7567 = ORIENTED_EDGE('',*,*,#4913,.T.);
#7568 = ORIENTED_EDGE('',*,*,#7569,.F.);
#7569 = EDGE_CURVE('',#5703,#4886,#7570,.T.);
#7570 = SURFACE_CURVE('',#7571,(#7575,#7582),.PCURVE_S1.);
#7571 = LINE('',#7572,#7573);
#7572 = CARTESIAN_POINT('',(62.,-145.,-3.));
#7573 = VECTOR('',#7574,1.);
#7574 = DIRECTION('',(2.775557561563E-16,-5.102230246252E-17,1.));
#7575 = PCURVE('',#4934,#7576);
#7576 = DEFINITIONAL_REPRESENTATION('',(#7577),#7581);
#7577 = LINE('',#7578,#7579);
#7578 = CARTESIAN_POINT('',(4.712388980385,0.));
#7579 = VECTOR('',#7580,1.);
#7580 = DIRECTION('',(0.,-1.));
#7581 = ( GEOMETRIC_REPRESENTATION_CONTEXT(2) 
PARAMETRIC_REPRESENTATION_CONTEXT() REPRESENTATION_CONTEXT('2D SPACE',''
  ) );
#7582 = PCURVE('',#4901,#7583);
#7583 = DEFINITIONAL_REPRESENTATION('',(#7584),#7588);
#7584 = LINE('',#7585,#7586);
#7585 = CARTESIAN_POINT('',(0.,0.));
#7586 = VECTOR('',#7587,1.);
#7587 = DIRECTION('',(-1.710223024625E-16,-1.));
#7588 = ( GEOMETRIC_REPRESENTATION_CONTEXT(2) 
PARAMETRIC_REPRESENTATION_CONTEXT() REPRESENTATION_CONTEXT('2D SPACE',''
  ) );
#7589 = ORIENTED_EDGE('',*,*,#5702,.F.);
#7590 = ADVANCED_FACE('',(#7591),#4901,.T.);
#7591 = FACE_BOUND('',#7592,.T.);
#7592 = EDGE_LOOP('',(#7593,#7594,#7595,#7616));
#7593 = ORIENTED_EDGE('',*,*,#7569,.T.);
#7594 = ORIENTED_EDGE('',*,*,#4885,.T.);
#7595 = ORIENTED_EDGE('',*,*,#7596,.F.);
#7596 = EDGE_CURVE('',#5727,#4853,#7597,.T.);
#7597 = SURFACE_CURVE('',#7598,(#7602,#7609),.PCURVE_S1.);
#7598 = LINE('',#7599,#7600);
#7599 = CARTESIAN_POINT('',(62.,-165.,-3.));
#7600 = VECTOR('',#7601,1.);
#7601 = DIRECTION('',(2.775557561563E-16,-5.102230246252E-17,1.));
#7602 = PCURVE('',#4901,#7603);
#7603 = DEFINITIONAL_REPRESENTATION('',(#7604),#7608);
#7604 = LINE('',#7605,#7606);
#7605 = CARTESIAN_POINT('',(20.,1.998401444325E-15));
#7606 = VECTOR('',#7607,1.);
#7607 = DIRECTION('',(-1.710223024625E-16,-1.));
#7608 = ( GEOMETRIC_REPRESENTATION_CONTEXT(2) 
PARAMETRIC_REPRESENTATION_CONTEXT() REPRESENTATION_CONTEXT('2D SPACE',''
  ) );
#7609 = PCURVE('',#4873,#7610);
#7610 = DEFINITIONAL_REPRESENTATION('',(#7611),#7615);
#7611 = LINE('',#7612,#7613);
#7612 = CARTESIAN_POINT('',(3.14159265359,0.));
#7613 = VECTOR('',#7614,1.);
#7614 = DIRECTION('',(0.,-1.));
#7615 = ( GEOMETRIC_REPRESENTATION_CONTEXT(2) 
PARAMETRIC_REPRESENTATION_CONTEXT() REPRESENTATION_CONTEXT('2D SPACE',''
  ) );
#7616 = ORIENTED_EDGE('',*,*,#5726,.F.);
#7617 = ADVANCED_FACE('',(#7618),#4873,.T.);
#7618 = FACE_BOUND('',#7619,.T.);
#7619 = EDGE_LOOP('',(#7620,#7621,#7622,#7643));
#7620 = ORIENTED_EDGE('',*,*,#7596,.T.);
#7621 = ORIENTED_EDGE('',*,*,#4852,.T.);
#7622 = ORIENTED_EDGE('',*,*,#7623,.F.);
#7623 = EDGE_CURVE('',#5750,#4825,#7624,.T.);
#7624 = SURFACE_CURVE('',#7625,(#7629,#7636),.PCURVE_S1.);
#7625 = LINE('',#7626,#7627);
#7626 = CARTESIAN_POINT('',(60.,-167.,-3.));
#7627 = VECTOR('',#7628,1.);
#7628 = DIRECTION('',(2.775557561563E-16,-5.102230246252E-17,1.));
#7629 = PCURVE('',#4873,#7630);
#7630 = DEFINITIONAL_REPRESENTATION('',(#7631),#7635);
#7631 = LINE('',#7632,#7633);
#7632 = CARTESIAN_POINT('',(4.712388980385,0.));
#7633 = VECTOR('',#7634,1.);
#7634 = DIRECTION('',(0.,-1.));
#7635 = ( GEOMETRIC_REPRESENTATION_CONTEXT(2) 
PARAMETRIC_REPRESENTATION_CONTEXT() REPRESENTATION_CONTEXT('2D SPACE',''
  ) );
#7636 = PCURVE('',#4840,#7637);
#7637 = DEFINITIONAL_REPRESENTATION('',(#7638),#7642);
#7638 = LINE('',#7639,#7640);
#7639 = CARTESIAN_POINT('',(0.,0.));
#7640 = VECTOR('',#7641,1.);
#7641 = DIRECTION('',(-1.710223024625E-16,-1.));
#7642 = ( GEOMETRIC_REPRESENTATION_CONTEXT(2) 
PARAMETRIC_REPRESENTATION_CONTEXT() REPRESENTATION_CONTEXT('2D SPACE',''
  ) );
#7643 = ORIENTED_EDGE('',*,*,#5749,.F.);
#7644 = ADVANCED_FACE('',(#7645),#4840,.T.);
#7645 = FACE_BOUND('',#7646,.T.);
#7646 = EDGE_LOOP('',(#7647,#7648,#7649,#7670));
#7647 = ORIENTED_EDGE('',*,*,#7623,.T.);
#7648 = ORIENTED_EDGE('',*,*,#4824,.T.);
#7649 = ORIENTED_EDGE('',*,*,#7650,.F.);
#7650 = EDGE_CURVE('',#5774,#4797,#7651,.T.);
#7651 = SURFACE_CURVE('',#7652,(#7656,#7663),.PCURVE_S1.);
#7652 = LINE('',#7653,#7654);
#7653 = CARTESIAN_POINT('',(42.,-167.,-3.));
#7654 = VECTOR('',#7655,1.);
#7655 = DIRECTION('',(2.775557561563E-16,-5.102230246252E-17,1.));
#7656 = PCURVE('',#4840,#7657);
#7657 = DEFINITIONAL_REPRESENTATION('',(#7658),#7662);
#7658 = LINE('',#7659,#7660);
#7659 = CARTESIAN_POINT('',(18.,2.139646771413E-15));
#7660 = VECTOR('',#7661,1.);
#7661 = DIRECTION('',(-1.710223024625E-16,-1.));
#7662 = ( GEOMETRIC_REPRESENTATION_CONTEXT(2) 
PARAMETRIC_REPRESENTATION_CONTEXT() REPRESENTATION_CONTEXT('2D SPACE',''
  ) );
#7663 = PCURVE('',#4812,#7664);
#7664 = DEFINITIONAL_REPRESENTATION('',(#7665),#7669);
#7665 = LINE('',#7666,#7667);
#7666 = CARTESIAN_POINT('',(56.,-6.217248937901E-15));
#7667 = VECTOR('',#7668,1.);
#7668 = DIRECTION('',(1.710223024625E-16,-1.));
#7669 = ( GEOMETRIC_REPRESENTATION_CONTEXT(2) 
PARAMETRIC_REPRESENTATION_CONTEXT() REPRESENTATION_CONTEXT('2D SPACE',''
  ) );
#7670 = ORIENTED_EDGE('',*,*,#5773,.F.);
#7671 = ADVANCED_FACE('',(#7672),#4812,.F.);
#7672 = FACE_BOUND('',#7673,.F.);
#7673 = EDGE_LOOP('',(#7674,#7695,#7696,#7697));
#7674 = ORIENTED_EDGE('',*,*,#7675,.T.);
#7675 = EDGE_CURVE('',#5797,#4769,#7676,.T.);
#7676 = SURFACE_CURVE('',#7677,(#7681,#7688),.PCURVE_S1.);
#7677 = LINE('',#7678,#7679);
#7678 = CARTESIAN_POINT('',(42.,-223.,-3.));
#7679 = VECTOR('',#7680,1.);
#7680 = DIRECTION('',(2.775557561563E-16,-5.102230246252E-17,1.));
#7681 = PCURVE('',#4812,#7682);
#7682 = DEFINITIONAL_REPRESENTATION('',(#7683),#7687);
#7683 = LINE('',#7684,#7685);
#7684 = CARTESIAN_POINT('',(0.,0.));
#7685 = VECTOR('',#7686,1.);
#7686 = DIRECTION('',(1.710223024625E-16,-1.));
#7687 = ( GEOMETRIC_REPRESENTATION_CONTEXT(2) 
PARAMETRIC_REPRESENTATION_CONTEXT() REPRESENTATION_CONTEXT('2D SPACE',''
  ) );
#7688 = PCURVE('',#4784,#7689);
#7689 = DEFINITIONAL_REPRESENTATION('',(#7690),#7694);
#7690 = LINE('',#7691,#7692);
#7691 = CARTESIAN_POINT('',(0.,0.));
#7692 = VECTOR('',#7693,1.);
#7693 = DIRECTION('',(1.710223024625E-16,-1.));
#7694 = ( GEOMETRIC_REPRESENTATION_CONTEXT(2) 
PARAMETRIC_REPRESENTATION_CONTEXT() REPRESENTATION_CONTEXT('2D SPACE',''
  ) );
#7695 = ORIENTED_EDGE('',*,*,#4796,.T.);
#7696 = ORIENTED_EDGE('',*,*,#7650,.F.);
#7697 = ORIENTED_EDGE('',*,*,#5796,.F.);
#7698 = ADVANCED_FACE('',(#7699),#4784,.T.);
#7699 = FACE_BOUND('',#7700,.T.);
#7700 = EDGE_LOOP('',(#7701,#7702,#7703,#7724));
#7701 = ORIENTED_EDGE('',*,*,#7675,.T.);
#7702 = ORIENTED_EDGE('',*,*,#4768,.T.);
#7703 = ORIENTED_EDGE('',*,*,#7704,.F.);
#7704 = EDGE_CURVE('',#5820,#4736,#7705,.T.);
#7705 = SURFACE_CURVE('',#7706,(#7710,#7717),.PCURVE_S1.);
#7706 = LINE('',#7707,#7708);
#7707 = CARTESIAN_POINT('',(60.,-223.,-3.));
#7708 = VECTOR('',#7709,1.);
#7709 = DIRECTION('',(2.775557561563E-16,-5.102230246252E-17,1.));
#7710 = PCURVE('',#4784,#7711);
#7711 = DEFINITIONAL_REPRESENTATION('',(#7712),#7716);
#7712 = LINE('',#7713,#7714);
#7713 = CARTESIAN_POINT('',(18.,-2.139646771413E-15));
#7714 = VECTOR('',#7715,1.);
#7715 = DIRECTION('',(1.710223024625E-16,-1.));
#7716 = ( GEOMETRIC_REPRESENTATION_CONTEXT(2) 
PARAMETRIC_REPRESENTATION_CONTEXT() REPRESENTATION_CONTEXT('2D SPACE',''
  ) );
#7717 = PCURVE('',#4756,#7718);
#7718 = DEFINITIONAL_REPRESENTATION('',(#7719),#7723);
#7719 = LINE('',#7720,#7721);
#7720 = CARTESIAN_POINT('',(3.14159265359,0.));
#7721 = VECTOR('',#7722,1.);
#7722 = DIRECTION('',(0.,-1.));
#7723 = ( GEOMETRIC_REPRESENTATION_CONTEXT(2) 
PARAMETRIC_REPRESENTATION_CONTEXT() REPRESENTATION_CONTEXT('2D SPACE',''
  ) );
#7724 = ORIENTED_EDGE('',*,*,#5819,.F.);
#7725 = ADVANCED_FACE('',(#7726),#4756,.T.);
#7726 = FACE_BOUND('',#7727,.T.);
#7727 = EDGE_LOOP('',(#7728,#7729,#7730,#7731));
#7728 = ORIENTED_EDGE('',*,*,#7704,.T.);
#7729 = ORIENTED_EDGE('',*,*,#4735,.T.);
#7730 = ORIENTED_EDGE('',*,*,#6594,.F.);
#7731 = ORIENTED_EDGE('',*,*,#5842,.F.);
#7732 = ADVANCED_FACE('',(#7733),#6460,.T.);
#7733 = FACE_BOUND('',#7734,.T.);
#7734 = EDGE_LOOP('',(#7735,#7756,#7757,#7758));
#7735 = ORIENTED_EDGE('',*,*,#7736,.T.);
#7736 = EDGE_CURVE('',#6416,#6645,#7737,.T.);
#7737 = SURFACE_CURVE('',#7738,(#7742,#7749),.PCURVE_S1.);
#7738 = LINE('',#7739,#7740);
#7739 = CARTESIAN_POINT('',(-40.,-7.,-3.));
#7740 = VECTOR('',#7741,1.);
#7741 = DIRECTION('',(2.775557561563E-16,-5.102230246252E-17,1.));
#7742 = PCURVE('',#6460,#7743);
#7743 = DEFINITIONAL_REPRESENTATION('',(#7744),#7748);
#7744 = LINE('',#7745,#7746);
#7745 = CARTESIAN_POINT('',(3.14159265359,0.));
#7746 = VECTOR('',#7747,1.);
#7747 = DIRECTION('',(0.,-1.));
#7748 = ( GEOMETRIC_REPRESENTATION_CONTEXT(2) 
PARAMETRIC_REPRESENTATION_CONTEXT() REPRESENTATION_CONTEXT('2D SPACE',''
  ) );
#7749 = PCURVE('',#6431,#7750);
#7750 = DEFINITIONAL_REPRESENTATION('',(#7751),#7755);
#7751 = LINE('',#7752,#7753);
#7752 = CARTESIAN_POINT('',(0.,0.));
#7753 = VECTOR('',#7754,1.);
#7754 = DIRECTION('',(1.710223024625E-16,-1.));
#7755 = ( GEOMETRIC_REPRESENTATION_CONTEXT(2) 
PARAMETRIC_REPRESENTATION_CONTEXT() REPRESENTATION_CONTEXT('2D SPACE',''
  ) );
#7756 = ORIENTED_EDGE('',*,*,#6644,.T.);
#7757 = ORIENTED_EDGE('',*,*,#7212,.F.);
#7758 = ORIENTED_EDGE('',*,*,#6443,.F.);
#7759 = ADVANCED_FACE('',(#7760),#6431,.F.);
#7760 = FACE_BOUND('',#7761,.F.);
#7761 = EDGE_LOOP('',(#7762,#7763,#7764,#7785));
#7762 = ORIENTED_EDGE('',*,*,#7736,.T.);
#7763 = ORIENTED_EDGE('',*,*,#6672,.T.);
#7764 = ORIENTED_EDGE('',*,*,#7765,.F.);
#7765 = EDGE_CURVE('',#6388,#6673,#7766,.T.);
#7766 = SURFACE_CURVE('',#7767,(#7771,#7778),.PCURVE_S1.);
#7767 = LINE('',#7768,#7769);
#7768 = CARTESIAN_POINT('',(-24.11341299114,-7.,-3.));
#7769 = VECTOR('',#7770,1.);
#7770 = DIRECTION('',(2.775557561563E-16,-5.102230246252E-17,1.));
#7771 = PCURVE('',#6431,#7772);
#7772 = DEFINITIONAL_REPRESENTATION('',(#7773),#7777);
#7773 = LINE('',#7774,#7775);
#7774 = CARTESIAN_POINT('',(15.886587008853,-1.679861610053E-15));
#7775 = VECTOR('',#7776,1.);
#7776 = DIRECTION('',(1.710223024625E-16,-1.));
#7777 = ( GEOMETRIC_REPRESENTATION_CONTEXT(2) 
PARAMETRIC_REPRESENTATION_CONTEXT() REPRESENTATION_CONTEXT('2D SPACE',''
  ) );
#7778 = PCURVE('',#6403,#7779);
#7779 = DEFINITIONAL_REPRESENTATION('',(#7780),#7784);
#7780 = LINE('',#7781,#7782);
#7781 = CARTESIAN_POINT('',(-0.,0.));
#7782 = VECTOR('',#7783,1.);
#7783 = DIRECTION('',(-1.968841225004E-16,-1.));
#7784 = ( GEOMETRIC_REPRESENTATION_CONTEXT(2) 
PARAMETRIC_REPRESENTATION_CONTEXT() REPRESENTATION_CONTEXT('2D SPACE',''
  ) );
#7785 = ORIENTED_EDGE('',*,*,#6415,.F.);
#7786 = ADVANCED_FACE('',(#7787),#6403,.F.);
#7787 = FACE_BOUND('',#7788,.F.);
#7788 = EDGE_LOOP('',(#7789,#7790,#7791,#7812));
#7789 = ORIENTED_EDGE('',*,*,#7765,.T.);
#7790 = ORIENTED_EDGE('',*,*,#6695,.T.);
#7791 = ORIENTED_EDGE('',*,*,#7792,.F.);
#7792 = EDGE_CURVE('',#6360,#6696,#7793,.T.);
#7793 = SURFACE_CURVE('',#7794,(#7798,#7805),.PCURVE_S1.);
#7794 = LINE('',#7795,#7796);
#7795 = CARTESIAN_POINT('',(-31.74341299114,-53.,-3.));
#7796 = VECTOR('',#7797,1.);
#7797 = DIRECTION('',(2.775557561563E-16,-5.102230246252E-17,1.));
#7798 = PCURVE('',#6403,#7799);
#7799 = DEFINITIONAL_REPRESENTATION('',(#7800),#7804);
#7800 = LINE('',#7801,#7802);
#7801 = CARTESIAN_POINT('',(46.628498796337,5.981335227547E-15));
#7802 = VECTOR('',#7803,1.);
#7803 = DIRECTION('',(-1.968841225004E-16,-1.));
#7804 = ( GEOMETRIC_REPRESENTATION_CONTEXT(2) 
PARAMETRIC_REPRESENTATION_CONTEXT() REPRESENTATION_CONTEXT('2D SPACE',''
  ) );
#7805 = PCURVE('',#6375,#7806);
#7806 = DEFINITIONAL_REPRESENTATION('',(#7807),#7811);
#7807 = LINE('',#7808,#7809);
#7808 = CARTESIAN_POINT('',(0.,0.));
#7809 = VECTOR('',#7810,1.);
#7810 = DIRECTION('',(-1.710223024625E-16,-1.));
#7811 = ( GEOMETRIC_REPRESENTATION_CONTEXT(2) 
PARAMETRIC_REPRESENTATION_CONTEXT() REPRESENTATION_CONTEXT('2D SPACE',''
  ) );
#7812 = ORIENTED_EDGE('',*,*,#6387,.F.);
#7813 = ADVANCED_FACE('',(#7814),#6375,.F.);
#7814 = FACE_BOUND('',#7815,.F.);
#7815 = EDGE_LOOP('',(#7816,#7817,#7818,#7839));
#7816 = ORIENTED_EDGE('',*,*,#7792,.T.);
#7817 = ORIENTED_EDGE('',*,*,#6718,.T.);
#7818 = ORIENTED_EDGE('',*,*,#7819,.F.);
#7819 = EDGE_CURVE('',#6331,#6719,#7820,.T.);
#7820 = SURFACE_CURVE('',#7821,(#7825,#7832),.PCURVE_S1.);
#7821 = LINE('',#7822,#7823);
#7822 = CARTESIAN_POINT('',(-50.,-53.,-3.));
#7823 = VECTOR('',#7824,1.);
#7824 = DIRECTION('',(2.775557561563E-16,-5.102230246252E-17,1.));
#7825 = PCURVE('',#6375,#7826);
#7826 = DEFINITIONAL_REPRESENTATION('',(#7827),#7831);
#7827 = LINE('',#7828,#7829);
#7828 = CARTESIAN_POINT('',(18.256587008854,1.751379542294E-15));
#7829 = VECTOR('',#7830,1.);
#7830 = DIRECTION('',(-1.710223024625E-16,-1.));
#7831 = ( GEOMETRIC_REPRESENTATION_CONTEXT(2) 
PARAMETRIC_REPRESENTATION_CONTEXT() REPRESENTATION_CONTEXT('2D SPACE',''
  ) );
#7832 = PCURVE('',#6347,#7833);
#7833 = DEFINITIONAL_REPRESENTATION('',(#7834),#7838);
#7834 = LINE('',#7835,#7836);
#7835 = CARTESIAN_POINT('',(4.712388980385,0.));
#7836 = VECTOR('',#7837,1.);
#7837 = DIRECTION('',(0.,-1.));
#7838 = ( GEOMETRIC_REPRESENTATION_CONTEXT(2) 
PARAMETRIC_REPRESENTATION_CONTEXT() REPRESENTATION_CONTEXT('2D SPACE',''
  ) );
#7839 = ORIENTED_EDGE('',*,*,#6359,.F.);
#7840 = ADVANCED_FACE('',(#7841),#6347,.T.);
#7841 = FACE_BOUND('',#7842,.T.);
#7842 = EDGE_LOOP('',(#7843,#7864,#7865,#7866));
#7843 = ORIENTED_EDGE('',*,*,#7844,.T.);
#7844 = EDGE_CURVE('',#6303,#6742,#7845,.T.);
#7845 = SURFACE_CURVE('',#7846,(#7850,#7857),.PCURVE_S1.);
#7846 = LINE('',#7847,#7848);
#7847 = CARTESIAN_POINT('',(-52.,-55.,-3.));
#7848 = VECTOR('',#7849,1.);
#7849 = DIRECTION('',(2.775557561563E-16,-5.102230246252E-17,1.));
#7850 = PCURVE('',#6347,#7851);
#7851 = DEFINITIONAL_REPRESENTATION('',(#7852),#7856);
#7852 = LINE('',#7853,#7854);
#7853 = CARTESIAN_POINT('',(3.14159265359,0.));
#7854 = VECTOR('',#7855,1.);
#7855 = DIRECTION('',(0.,-1.));
#7856 = ( GEOMETRIC_REPRESENTATION_CONTEXT(2) 
PARAMETRIC_REPRESENTATION_CONTEXT() REPRESENTATION_CONTEXT('2D SPACE',''
  ) );
#7857 = PCURVE('',#6318,#7858);
#7858 = DEFINITIONAL_REPRESENTATION('',(#7859),#7863);
#7859 = LINE('',#7860,#7861);
#7860 = CARTESIAN_POINT('',(-0.,0.));
#7861 = VECTOR('',#7862,1.);
#7862 = DIRECTION('',(-1.710223024625E-16,-1.));
#7863 = ( GEOMETRIC_REPRESENTATION_CONTEXT(2) 
PARAMETRIC_REPRESENTATION_CONTEXT() REPRESENTATION_CONTEXT('2D SPACE',''
  ) );
#7864 = ORIENTED_EDGE('',*,*,#6741,.T.);
#7865 = ORIENTED_EDGE('',*,*,#7819,.F.);
#7866 = ORIENTED_EDGE('',*,*,#6330,.F.);
#7867 = ADVANCED_FACE('',(#7868),#6318,.F.);
#7868 = FACE_BOUND('',#7869,.F.);
#7869 = EDGE_LOOP('',(#7870,#7871,#7872,#7893));
#7870 = ORIENTED_EDGE('',*,*,#7844,.T.);
#7871 = ORIENTED_EDGE('',*,*,#6769,.T.);
#7872 = ORIENTED_EDGE('',*,*,#7873,.F.);
#7873 = EDGE_CURVE('',#6274,#6770,#7874,.T.);
#7874 = SURFACE_CURVE('',#7875,(#7879,#7886),.PCURVE_S1.);
#7875 = LINE('',#7876,#7877);
#7876 = CARTESIAN_POINT('',(-52.,-75.,-3.));
#7877 = VECTOR('',#7878,1.);
#7878 = DIRECTION('',(2.775557561563E-16,-5.102230246252E-17,1.));
#7879 = PCURVE('',#6318,#7880);
#7880 = DEFINITIONAL_REPRESENTATION('',(#7881),#7885);
#7881 = LINE('',#7882,#7883);
#7882 = CARTESIAN_POINT('',(20.,1.998401444325E-15));
#7883 = VECTOR('',#7884,1.);
#7884 = DIRECTION('',(-1.710223024625E-16,-1.));
#7885 = ( GEOMETRIC_REPRESENTATION_CONTEXT(2) 
PARAMETRIC_REPRESENTATION_CONTEXT() REPRESENTATION_CONTEXT('2D SPACE',''
  ) );
#7886 = PCURVE('',#6290,#7887);
#7887 = DEFINITIONAL_REPRESENTATION('',(#7888),#7892);
#7888 = LINE('',#7889,#7890);
#7889 = CARTESIAN_POINT('',(4.712388980385,0.));
#7890 = VECTOR('',#7891,1.);
#7891 = DIRECTION('',(0.,-1.));
#7892 = ( GEOMETRIC_REPRESENTATION_CONTEXT(2) 
PARAMETRIC_REPRESENTATION_CONTEXT() REPRESENTATION_CONTEXT('2D SPACE',''
  ) );
#7893 = ORIENTED_EDGE('',*,*,#6302,.F.);
#7894 = ADVANCED_FACE('',(#7895),#6290,.T.);
#7895 = FACE_BOUND('',#7896,.T.);
#7896 = EDGE_LOOP('',(#7897,#7918,#7919,#7920));
#7897 = ORIENTED_EDGE('',*,*,#7898,.T.);
#7898 = EDGE_CURVE('',#6246,#6793,#7899,.T.);
#7899 = SURFACE_CURVE('',#7900,(#7904,#7911),.PCURVE_S1.);
#7900 = LINE('',#7901,#7902);
#7901 = CARTESIAN_POINT('',(-50.,-77.,-3.));
#7902 = VECTOR('',#7903,1.);
#7903 = DIRECTION('',(2.775557561563E-16,-5.102230246252E-17,1.));
#7904 = PCURVE('',#6290,#7905);
#7905 = DEFINITIONAL_REPRESENTATION('',(#7906),#7910);
#7906 = LINE('',#7907,#7908);
#7907 = CARTESIAN_POINT('',(3.14159265359,0.));
#7908 = VECTOR('',#7909,1.);
#7909 = DIRECTION('',(0.,-1.));
#7910 = ( GEOMETRIC_REPRESENTATION_CONTEXT(2) 
PARAMETRIC_REPRESENTATION_CONTEXT() REPRESENTATION_CONTEXT('2D SPACE',''
  ) );
#7911 = PCURVE('',#6261,#7912);
#7912 = DEFINITIONAL_REPRESENTATION('',(#7913),#7917);
#7913 = LINE('',#7914,#7915);
#7914 = CARTESIAN_POINT('',(0.,0.));
#7915 = VECTOR('',#7916,1.);
#7916 = DIRECTION('',(1.710223024625E-16,-1.));
#7917 = ( GEOMETRIC_REPRESENTATION_CONTEXT(2) 
PARAMETRIC_REPRESENTATION_CONTEXT() REPRESENTATION_CONTEXT('2D SPACE',''
  ) );
#7918 = ORIENTED_EDGE('',*,*,#6792,.T.);
#7919 = ORIENTED_EDGE('',*,*,#7873,.F.);
#7920 = ORIENTED_EDGE('',*,*,#6273,.F.);
#7921 = ADVANCED_FACE('',(#7922),#6261,.F.);
#7922 = FACE_BOUND('',#7923,.F.);
#7923 = EDGE_LOOP('',(#7924,#7925,#7926,#7947));
#7924 = ORIENTED_EDGE('',*,*,#7898,.T.);
#7925 = ORIENTED_EDGE('',*,*,#6820,.T.);
#7926 = ORIENTED_EDGE('',*,*,#7927,.F.);
#7927 = EDGE_CURVE('',#6218,#6821,#7928,.T.);
#7928 = SURFACE_CURVE('',#7929,(#7933,#7940),.PCURVE_S1.);
#7929 = LINE('',#7930,#7931);
#7930 = CARTESIAN_POINT('',(-35.72428255636,-77.,-3.));
#7931 = VECTOR('',#7932,1.);
#7932 = DIRECTION('',(2.775557561563E-16,-5.102230246252E-17,1.));
#7933 = PCURVE('',#6261,#7934);
#7934 = DEFINITIONAL_REPRESENTATION('',(#7935),#7939);
#7935 = LINE('',#7936,#7937);
#7936 = CARTESIAN_POINT('',(14.275717443637,-1.329407663724E-15));
#7937 = VECTOR('',#7938,1.);
#7938 = DIRECTION('',(1.710223024625E-16,-1.));
#7939 = ( GEOMETRIC_REPRESENTATION_CONTEXT(2) 
PARAMETRIC_REPRESENTATION_CONTEXT() REPRESENTATION_CONTEXT('2D SPACE',''
  ) );
#7940 = PCURVE('',#6233,#7941);
#7941 = DEFINITIONAL_REPRESENTATION('',(#7942),#7946);
#7942 = LINE('',#7943,#7944);
#7943 = CARTESIAN_POINT('',(-0.,0.));
#7944 = VECTOR('',#7945,1.);
#7945 = DIRECTION('',(-1.968841225004E-16,-1.));
#7946 = ( GEOMETRIC_REPRESENTATION_CONTEXT(2) 
PARAMETRIC_REPRESENTATION_CONTEXT() REPRESENTATION_CONTEXT('2D SPACE',''
  ) );
#7947 = ORIENTED_EDGE('',*,*,#6245,.F.);
#7948 = ADVANCED_FACE('',(#7949),#6233,.F.);
#7949 = FACE_BOUND('',#7950,.F.);
#7950 = EDGE_LOOP('',(#7951,#7952,#7953,#7974));
#7951 = ORIENTED_EDGE('',*,*,#7927,.T.);
#7952 = ORIENTED_EDGE('',*,*,#6843,.T.);
#7953 = ORIENTED_EDGE('',*,*,#7954,.F.);
#7954 = EDGE_CURVE('',#6189,#6844,#7955,.T.);
#7955 = SURFACE_CURVE('',#7956,(#7960,#7967),.PCURVE_S1.);
#7956 = LINE('',#7957,#7958);
#7957 = CARTESIAN_POINT('',(-41.97304228904,-114.6727323333,-3.));
#7958 = VECTOR('',#7959,1.);
#7959 = DIRECTION('',(2.775557561563E-16,-5.102230246252E-17,1.));
#7960 = PCURVE('',#6233,#7961);
#7961 = DEFINITIONAL_REPRESENTATION('',(#7962),#7966);
#7962 = LINE('',#7963,#7964);
#7963 = CARTESIAN_POINT('',(38.187455527405,4.848697068517E-15));
#7964 = VECTOR('',#7965,1.);
#7965 = DIRECTION('',(-1.968841225004E-16,-1.));
#7966 = ( GEOMETRIC_REPRESENTATION_CONTEXT(2) 
PARAMETRIC_REPRESENTATION_CONTEXT() REPRESENTATION_CONTEXT('2D SPACE',''
  ) );
#7967 = PCURVE('',#6205,#7968);
#7968 = DEFINITIONAL_REPRESENTATION('',(#7969),#7973);
#7969 = LINE('',#7970,#7971);
#7970 = CARTESIAN_POINT('',(4.712388980386,0.));
#7971 = VECTOR('',#7972,1.);
#7972 = DIRECTION('',(0.,-1.));
#7973 = ( GEOMETRIC_REPRESENTATION_CONTEXT(2) 
PARAMETRIC_REPRESENTATION_CONTEXT() REPRESENTATION_CONTEXT('2D SPACE',''
  ) );
#7974 = ORIENTED_EDGE('',*,*,#6217,.F.);
#7975 = ADVANCED_FACE('',(#7976),#6205,.T.);
#7976 = FACE_BOUND('',#7977,.T.);
#7977 = EDGE_LOOP('',(#7978,#7999,#8000,#8001));
#7978 = ORIENTED_EDGE('',*,*,#7979,.T.);
#7979 = EDGE_CURVE('',#6161,#6867,#7980,.T.);
#7980 = SURFACE_CURVE('',#7981,(#7985,#7992),.PCURVE_S1.);
#7981 = LINE('',#7982,#7983);
#7982 = CARTESIAN_POINT('',(-42.,-114.9999999999,-3.));
#7983 = VECTOR('',#7984,1.);
#7984 = DIRECTION('',(2.775557561563E-16,-5.102230246252E-17,1.));
#7985 = PCURVE('',#6205,#7986);
#7986 = DEFINITIONAL_REPRESENTATION('',(#7987),#7991);
#7987 = LINE('',#7988,#7989);
#7988 = CARTESIAN_POINT('',(4.548015961244,0.));
#7989 = VECTOR('',#7990,1.);
#7990 = DIRECTION('',(0.,-1.));
#7991 = ( GEOMETRIC_REPRESENTATION_CONTEXT(2) 
PARAMETRIC_REPRESENTATION_CONTEXT() REPRESENTATION_CONTEXT('2D SPACE',''
  ) );
#7992 = PCURVE('',#6176,#7993);
#7993 = DEFINITIONAL_REPRESENTATION('',(#7994),#7998);
#7994 = LINE('',#7995,#7996);
#7995 = CARTESIAN_POINT('',(-0.,0.));
#7996 = VECTOR('',#7997,1.);
#7997 = DIRECTION('',(-1.710223024625E-16,-1.));
#7998 = ( GEOMETRIC_REPRESENTATION_CONTEXT(2) 
PARAMETRIC_REPRESENTATION_CONTEXT() REPRESENTATION_CONTEXT('2D SPACE',''
  ) );
#7999 = ORIENTED_EDGE('',*,*,#6866,.T.);
#8000 = ORIENTED_EDGE('',*,*,#7954,.F.);
#8001 = ORIENTED_EDGE('',*,*,#6188,.F.);
#8002 = ADVANCED_FACE('',(#8003),#6176,.F.);
#8003 = FACE_BOUND('',#8004,.F.);
#8004 = EDGE_LOOP('',(#8005,#8006,#8007,#8028));
#8005 = ORIENTED_EDGE('',*,*,#7979,.T.);
#8006 = ORIENTED_EDGE('',*,*,#6894,.T.);
#8007 = ORIENTED_EDGE('',*,*,#8008,.F.);
#8008 = EDGE_CURVE('',#6133,#6895,#8009,.T.);
#8009 = SURFACE_CURVE('',#8010,(#8014,#8021),.PCURVE_S1.);
#8010 = LINE('',#8011,#8012);
#8011 = CARTESIAN_POINT('',(-42.,-143.,-3.));
#8012 = VECTOR('',#8013,1.);
#8013 = DIRECTION('',(2.775557561563E-16,-5.102230246252E-17,1.));
#8014 = PCURVE('',#6176,#8015);
#8015 = DEFINITIONAL_REPRESENTATION('',(#8016),#8020);
#8016 = LINE('',#8017,#8018);
#8017 = CARTESIAN_POINT('',(28.000000000004,2.886579864025E-15));
#8018 = VECTOR('',#8019,1.);
#8019 = DIRECTION('',(-1.710223024625E-16,-1.));
#8020 = ( GEOMETRIC_REPRESENTATION_CONTEXT(2) 
PARAMETRIC_REPRESENTATION_CONTEXT() REPRESENTATION_CONTEXT('2D SPACE',''
  ) );
#8021 = PCURVE('',#6148,#8022);
#8022 = DEFINITIONAL_REPRESENTATION('',(#8023),#8027);
#8023 = LINE('',#8024,#8025);
#8024 = CARTESIAN_POINT('',(0.,0.));
#8025 = VECTOR('',#8026,1.);
#8026 = DIRECTION('',(-1.710223024625E-16,-1.));
#8027 = ( GEOMETRIC_REPRESENTATION_CONTEXT(2) 
PARAMETRIC_REPRESENTATION_CONTEXT() REPRESENTATION_CONTEXT('2D SPACE',''
  ) );
#8028 = ORIENTED_EDGE('',*,*,#6160,.F.);
#8029 = ADVANCED_FACE('',(#8030),#6148,.F.);
#8030 = FACE_BOUND('',#8031,.F.);
#8031 = EDGE_LOOP('',(#8032,#8033,#8034,#8055));
#8032 = ORIENTED_EDGE('',*,*,#8008,.T.);
#8033 = ORIENTED_EDGE('',*,*,#6917,.T.);
#8034 = ORIENTED_EDGE('',*,*,#8035,.F.);
#8035 = EDGE_CURVE('',#6104,#6918,#8036,.T.);
#8036 = SURFACE_CURVE('',#8037,(#8041,#8048),.PCURVE_S1.);
#8037 = LINE('',#8038,#8039);
#8038 = CARTESIAN_POINT('',(-60.,-143.,-3.));
#8039 = VECTOR('',#8040,1.);
#8040 = DIRECTION('',(2.775557561563E-16,-5.102230246252E-17,1.));
#8041 = PCURVE('',#6148,#8042);
#8042 = DEFINITIONAL_REPRESENTATION('',(#8043),#8047);
#8043 = LINE('',#8044,#8045);
#8044 = CARTESIAN_POINT('',(18.,2.139646771413E-15));
#8045 = VECTOR('',#8046,1.);
#8046 = DIRECTION('',(-1.710223024625E-16,-1.));
#8047 = ( GEOMETRIC_REPRESENTATION_CONTEXT(2) 
PARAMETRIC_REPRESENTATION_CONTEXT() REPRESENTATION_CONTEXT('2D SPACE',''
  ) );
#8048 = PCURVE('',#6120,#8049);
#8049 = DEFINITIONAL_REPRESENTATION('',(#8050),#8054);
#8050 = LINE('',#8051,#8052);
#8051 = CARTESIAN_POINT('',(4.712388980385,0.));
#8052 = VECTOR('',#8053,1.);
#8053 = DIRECTION('',(0.,-1.));
#8054 = ( GEOMETRIC_REPRESENTATION_CONTEXT(2) 
PARAMETRIC_REPRESENTATION_CONTEXT() REPRESENTATION_CONTEXT('2D SPACE',''
  ) );
#8055 = ORIENTED_EDGE('',*,*,#6132,.F.);
#8056 = ADVANCED_FACE('',(#8057),#6120,.T.);
#8057 = FACE_BOUND('',#8058,.T.);
#8058 = EDGE_LOOP('',(#8059,#8080,#8081,#8082));
#8059 = ORIENTED_EDGE('',*,*,#8060,.T.);
#8060 = EDGE_CURVE('',#6076,#6941,#8061,.T.);
#8061 = SURFACE_CURVE('',#8062,(#8066,#8073),.PCURVE_S1.);
#8062 = LINE('',#8063,#8064);
#8063 = CARTESIAN_POINT('',(-62.,-145.,-3.));
#8064 = VECTOR('',#8065,1.);
#8065 = DIRECTION('',(2.775557561563E-16,-5.102230246252E-17,1.));
#8066 = PCURVE('',#6120,#8067);
#8067 = DEFINITIONAL_REPRESENTATION('',(#8068),#8072);
#8068 = LINE('',#8069,#8070);
#8069 = CARTESIAN_POINT('',(3.14159265359,0.));
#8070 = VECTOR('',#8071,1.);
#8071 = DIRECTION('',(0.,-1.));
#8072 = ( GEOMETRIC_REPRESENTATION_CONTEXT(2) 
PARAMETRIC_REPRESENTATION_CONTEXT() REPRESENTATION_CONTEXT('2D SPACE',''
  ) );
#8073 = PCURVE('',#6091,#8074);
#8074 = DEFINITIONAL_REPRESENTATION('',(#8075),#8079);
#8075 = LINE('',#8076,#8077);
#8076 = CARTESIAN_POINT('',(-0.,0.));
#8077 = VECTOR('',#8078,1.);
#8078 = DIRECTION('',(-1.710223024625E-16,-1.));
#8079 = ( GEOMETRIC_REPRESENTATION_CONTEXT(2) 
PARAMETRIC_REPRESENTATION_CONTEXT() REPRESENTATION_CONTEXT('2D SPACE',''
  ) );
#8080 = ORIENTED_EDGE('',*,*,#6940,.T.);
#8081 = ORIENTED_EDGE('',*,*,#8035,.F.);
#8082 = ORIENTED_EDGE('',*,*,#6103,.F.);
#8083 = ADVANCED_FACE('',(#8084),#6091,.F.);
#8084 = FACE_BOUND('',#8085,.F.);
#8085 = EDGE_LOOP('',(#8086,#8087,#8088,#8109));
#8086 = ORIENTED_EDGE('',*,*,#8060,.T.);
#8087 = ORIENTED_EDGE('',*,*,#6968,.T.);
#8088 = ORIENTED_EDGE('',*,*,#8089,.F.);
#8089 = EDGE_CURVE('',#6047,#6969,#8090,.T.);
#8090 = SURFACE_CURVE('',#8091,(#8095,#8102),.PCURVE_S1.);
#8091 = LINE('',#8092,#8093);
#8092 = CARTESIAN_POINT('',(-62.,-165.,-3.));
#8093 = VECTOR('',#8094,1.);
#8094 = DIRECTION('',(2.775557561563E-16,-5.102230246252E-17,1.));
#8095 = PCURVE('',#6091,#8096);
#8096 = DEFINITIONAL_REPRESENTATION('',(#8097),#8101);
#8097 = LINE('',#8098,#8099);
#8098 = CARTESIAN_POINT('',(20.,1.998401444325E-15));
#8099 = VECTOR('',#8100,1.);
#8100 = DIRECTION('',(-1.710223024625E-16,-1.));
#8101 = ( GEOMETRIC_REPRESENTATION_CONTEXT(2) 
PARAMETRIC_REPRESENTATION_CONTEXT() REPRESENTATION_CONTEXT('2D SPACE',''
  ) );
#8102 = PCURVE('',#6063,#8103);
#8103 = DEFINITIONAL_REPRESENTATION('',(#8104),#8108);
#8104 = LINE('',#8105,#8106);
#8105 = CARTESIAN_POINT('',(4.712388980385,0.));
#8106 = VECTOR('',#8107,1.);
#8107 = DIRECTION('',(0.,-1.));
#8108 = ( GEOMETRIC_REPRESENTATION_CONTEXT(2) 
PARAMETRIC_REPRESENTATION_CONTEXT() REPRESENTATION_CONTEXT('2D SPACE',''
  ) );
#8109 = ORIENTED_EDGE('',*,*,#6075,.F.);
#8110 = ADVANCED_FACE('',(#8111),#6063,.T.);
#8111 = FACE_BOUND('',#8112,.T.);
#8112 = EDGE_LOOP('',(#8113,#8134,#8135,#8136));
#8113 = ORIENTED_EDGE('',*,*,#8114,.T.);
#8114 = EDGE_CURVE('',#6019,#6992,#8115,.T.);
#8115 = SURFACE_CURVE('',#8116,(#8120,#8127),.PCURVE_S1.);
#8116 = LINE('',#8117,#8118);
#8117 = CARTESIAN_POINT('',(-60.,-167.,-3.));
#8118 = VECTOR('',#8119,1.);
#8119 = DIRECTION('',(2.775557561563E-16,-5.102230246252E-17,1.));
#8120 = PCURVE('',#6063,#8121);
#8121 = DEFINITIONAL_REPRESENTATION('',(#8122),#8126);
#8122 = LINE('',#8123,#8124);
#8123 = CARTESIAN_POINT('',(3.14159265359,0.));
#8124 = VECTOR('',#8125,1.);
#8125 = DIRECTION('',(0.,-1.));
#8126 = ( GEOMETRIC_REPRESENTATION_CONTEXT(2) 
PARAMETRIC_REPRESENTATION_CONTEXT() REPRESENTATION_CONTEXT('2D SPACE',''
  ) );
#8127 = PCURVE('',#6034,#8128);
#8128 = DEFINITIONAL_REPRESENTATION('',(#8129),#8133);
#8129 = LINE('',#8130,#8131);
#8130 = CARTESIAN_POINT('',(0.,0.));
#8131 = VECTOR('',#8132,1.);
#8132 = DIRECTION('',(1.710223024625E-16,-1.));
#8133 = ( GEOMETRIC_REPRESENTATION_CONTEXT(2) 
PARAMETRIC_REPRESENTATION_CONTEXT() REPRESENTATION_CONTEXT('2D SPACE',''
  ) );
#8134 = ORIENTED_EDGE('',*,*,#6991,.T.);
#8135 = ORIENTED_EDGE('',*,*,#8089,.F.);
#8136 = ORIENTED_EDGE('',*,*,#6046,.F.);
#8137 = ADVANCED_FACE('',(#8138),#6034,.F.);
#8138 = FACE_BOUND('',#8139,.F.);
#8139 = EDGE_LOOP('',(#8140,#8141,#8142,#8163));
#8140 = ORIENTED_EDGE('',*,*,#8114,.T.);
#8141 = ORIENTED_EDGE('',*,*,#7019,.T.);
#8142 = ORIENTED_EDGE('',*,*,#8143,.F.);
#8143 = EDGE_CURVE('',#5991,#7020,#8144,.T.);
#8144 = SURFACE_CURVE('',#8145,(#8149,#8156),.PCURVE_S1.);
#8145 = LINE('',#8146,#8147);
#8146 = CARTESIAN_POINT('',(-42.,-167.,-3.));
#8147 = VECTOR('',#8148,1.);
#8148 = DIRECTION('',(2.775557561563E-16,-5.102230246252E-17,1.));
#8149 = PCURVE('',#6034,#8150);
#8150 = DEFINITIONAL_REPRESENTATION('',(#8151),#8155);
#8151 = LINE('',#8152,#8153);
#8152 = CARTESIAN_POINT('',(18.,-2.139646771413E-15));
#8153 = VECTOR('',#8154,1.);
#8154 = DIRECTION('',(1.710223024625E-16,-1.));
#8155 = ( GEOMETRIC_REPRESENTATION_CONTEXT(2) 
PARAMETRIC_REPRESENTATION_CONTEXT() REPRESENTATION_CONTEXT('2D SPACE',''
  ) );
#8156 = PCURVE('',#6006,#8157);
#8157 = DEFINITIONAL_REPRESENTATION('',(#8158),#8162);
#8158 = LINE('',#8159,#8160);
#8159 = CARTESIAN_POINT('',(0.,0.));
#8160 = VECTOR('',#8161,1.);
#8161 = DIRECTION('',(-1.710223024625E-16,-1.));
#8162 = ( GEOMETRIC_REPRESENTATION_CONTEXT(2) 
PARAMETRIC_REPRESENTATION_CONTEXT() REPRESENTATION_CONTEXT('2D SPACE',''
  ) );
#8163 = ORIENTED_EDGE('',*,*,#6018,.F.);
#8164 = ADVANCED_FACE('',(#8165),#6006,.F.);
#8165 = FACE_BOUND('',#8166,.F.);
#8166 = EDGE_LOOP('',(#8167,#8168,#8169,#8190));
#8167 = ORIENTED_EDGE('',*,*,#8143,.T.);
#8168 = ORIENTED_EDGE('',*,*,#7042,.T.);
#8169 = ORIENTED_EDGE('',*,*,#8170,.F.);
#8170 = EDGE_CURVE('',#5963,#7043,#8171,.T.);
#8171 = SURFACE_CURVE('',#8172,(#8176,#8183),.PCURVE_S1.);
#8172 = LINE('',#8173,#8174);
#8173 = CARTESIAN_POINT('',(-42.,-223.,-3.));
#8174 = VECTOR('',#8175,1.);
#8175 = DIRECTION('',(2.775557561563E-16,-5.102230246252E-17,1.));
#8176 = PCURVE('',#6006,#8177);
#8177 = DEFINITIONAL_REPRESENTATION('',(#8178),#8182);
#8178 = LINE('',#8179,#8180);
#8179 = CARTESIAN_POINT('',(56.,6.217248937901E-15));
#8180 = VECTOR('',#8181,1.);
#8181 = DIRECTION('',(-1.710223024625E-16,-1.));
#8182 = ( GEOMETRIC_REPRESENTATION_CONTEXT(2) 
PARAMETRIC_REPRESENTATION_CONTEXT() REPRESENTATION_CONTEXT('2D SPACE',''
  ) );
#8183 = PCURVE('',#5978,#8184);
#8184 = DEFINITIONAL_REPRESENTATION('',(#8185),#8189);
#8185 = LINE('',#8186,#8187);
#8186 = CARTESIAN_POINT('',(0.,0.));
#8187 = VECTOR('',#8188,1.);
#8188 = DIRECTION('',(-1.710223024625E-16,-1.));
#8189 = ( GEOMETRIC_REPRESENTATION_CONTEXT(2) 
PARAMETRIC_REPRESENTATION_CONTEXT() REPRESENTATION_CONTEXT('2D SPACE',''
  ) );
#8190 = ORIENTED_EDGE('',*,*,#5990,.F.);
#8191 = ADVANCED_FACE('',(#8192),#5978,.F.);
#8192 = FACE_BOUND('',#8193,.F.);
#8193 = EDGE_LOOP('',(#8194,#8195,#8196,#8217));
#8194 = ORIENTED_EDGE('',*,*,#8170,.T.);
#8195 = ORIENTED_EDGE('',*,*,#7065,.T.);
#8196 = ORIENTED_EDGE('',*,*,#8197,.F.);
#8197 = EDGE_CURVE('',#5934,#7066,#8198,.T.);
#8198 = SURFACE_CURVE('',#8199,(#8203,#8210),.PCURVE_S1.);
#8199 = LINE('',#8200,#8201);
#8200 = CARTESIAN_POINT('',(-60.,-223.,-3.));
#8201 = VECTOR('',#8202,1.);
#8202 = DIRECTION('',(2.775557561563E-16,-5.102230246252E-17,1.));
#8203 = PCURVE('',#5978,#8204);
#8204 = DEFINITIONAL_REPRESENTATION('',(#8205),#8209);
#8205 = LINE('',#8206,#8207);
#8206 = CARTESIAN_POINT('',(18.,2.139646771413E-15));
#8207 = VECTOR('',#8208,1.);
#8208 = DIRECTION('',(-1.710223024625E-16,-1.));
#8209 = ( GEOMETRIC_REPRESENTATION_CONTEXT(2) 
PARAMETRIC_REPRESENTATION_CONTEXT() REPRESENTATION_CONTEXT('2D SPACE',''
  ) );
#8210 = PCURVE('',#5950,#8211);
#8211 = DEFINITIONAL_REPRESENTATION('',(#8212),#8216);
#8212 = LINE('',#8213,#8214);
#8213 = CARTESIAN_POINT('',(4.712388980385,0.));
#8214 = VECTOR('',#8215,1.);
#8215 = DIRECTION('',(0.,-1.));
#8216 = ( GEOMETRIC_REPRESENTATION_CONTEXT(2) 
PARAMETRIC_REPRESENTATION_CONTEXT() REPRESENTATION_CONTEXT('2D SPACE',''
  ) );
#8217 = ORIENTED_EDGE('',*,*,#5962,.F.);
#8218 = ADVANCED_FACE('',(#8219),#5950,.T.);
#8219 = FACE_BOUND('',#8220,.T.);
#8220 = EDGE_LOOP('',(#8221,#8222,#8223,#8224));
#8221 = ORIENTED_EDGE('',*,*,#7156,.T.);
#8222 = ORIENTED_EDGE('',*,*,#7088,.T.);
#8223 = ORIENTED_EDGE('',*,*,#8197,.F.);
#8224 = ORIENTED_EDGE('',*,*,#5933,.F.);
#8225 = ( GEOMETRIC_REPRESENTATION_CONTEXT(3) 
GLOBAL_UNCERTAINTY_ASSIGNED_CONTEXT((#8229)) 
GLOBAL_UNIT_ASSIGNED_CONTEXT((#8226,#8227,#8228)) REPRESENTATION_CONTEXT
('Context #1','3D Context with UNIT and UNCERTAINTY') );
#8226 = ( LENGTH_UNIT() NAMED_UNIT(*) SI_UNIT(.MILLI.,.METRE.) );
#8227 = ( NAMED_UNIT(*) PLANE_ANGLE_UNIT() SI_UNIT($,.RADIAN.) );
#8228 = ( NAMED_UNIT(*) SI_UNIT($,.STERADIAN.) SOLID_ANGLE_UNIT() );
#8229 = UNCERTAINTY_MEASURE_WITH_UNIT(LENGTH_MEASURE(2.E-04),#8226,
  'distance_accuracy_value','confusion accuracy');
#8230 = PRODUCT_RELATED_PRODUCT_CATEGORY('part',$,(#7));
#8231 = MECHANICAL_DESIGN_GEOMETRIC_PRESENTATION_REPRESENTATION('',(
    #8232),#8225);
#8232 = STYLED_ITEM('color',(#8233),#15);
#8233 = PRESENTATION_STYLE_ASSIGNMENT((#8234,#8240));
#8234 = SURFACE_STYLE_USAGE(.BOTH.,#8235);
#8235 = SURFACE_SIDE_STYLE('',(#8236));
#8236 = SURFACE_STYLE_FILL_AREA(#8237);
#8237 = FILL_AREA_STYLE('',(#8238));
#8238 = FILL_AREA_STYLE_COLOUR('',#8239);
#8239 = COLOUR_RGB('',0.678431390124,0.709803936702,0.741176476869);
#8240 = CURVE_STYLE('',#8241,POSITIVE_LENGTH_MEASURE(0.1),#8242);
#8241 = DRAUGHTING_PRE_DEFINED_CURVE_FONT('continuous');
#8242 = COLOUR_RGB('',9.803921802644E-02,9.803921802644E-02,
  9.803921802644E-02);
ENDSEC;
END-ISO-10303-21;
