ISO-10303-21;
HEADER;
FILE_DESCRIPTION(('FreeCAD Model'),'2;1');
FILE_NAME('Open CASCADE Shape Model','2026-03-26T17:08:01',(''),(''),
  'Open CASCADE STEP processor 7.8','FreeCAD','Unknown');
FILE_SCHEMA(('AUTOMOTIVE_DESIGN { 1 0 10303 214 1 1 1 1 }'));
ENDSEC;
DATA;
#1 = APPLICATION_PROTOCOL_DEFINITION('international standard',
  'automotive_design',2000,#2);
#2 = APPLICATION_CONTEXT(
  'core data for automotive mechanical design processes');
#3 = SHAPE_DEFINITION_REPRESENTATION(#4,#10);
#4 = PRODUCT_DEFINITION_SHAPE('','',#5);
#5 = PRODUCT_DEFINITION('design','',#6,#9);
#6 = PRODUCT_DEFINITION_FORMATION('','',#7);
#7 = PRODUCT('Pocket001','Pocket001','',(#8));
#8 = PRODUCT_CONTEXT('',#2,'mechanical');
#9 = PRODUCT_DEFINITION_CONTEXT('part definition',#2,'design');
#10 = ADVANCED_BREP_SHAPE_REPRESENTATION('',(#11,#15),#7933);
#11 = AXIS2_PLACEMENT_3D('',#12,#13,#14);
#12 = CARTESIAN_POINT('',(0.,0.,0.));
#13 = DIRECTION('',(0.,0.,1.));
#14 = DIRECTION('',(1.,0.,-0.));
#15 = MANIFOLD_SOLID_BREP('',#16);
#16 = CLOSED_SHELL('',(#17,#85,#1026,#1089,#1147,#1380,#2135,#2581,#2587
    ,#2636,#2812,#2873,#6616,#6641,#6667,#6842,#6897,#7037,#7177,#7317,
    #7370,#7377,#7402,#7457,#7512,#7567,#7622,#7710,#7716,#7770,#7804,
    #7810,#7840,#7870,#7900,#7907));
#17 = ADVANCED_FACE('',(#18,#54),#31,.F.);
#18 = FACE_BOUND('',#19,.F.);
#19 = EDGE_LOOP('',(#20));
#20 = ORIENTED_EDGE('',*,*,#21,.T.);
#21 = EDGE_CURVE('',#22,#22,#24,.T.);
#22 = VERTEX_POINT('',#23);
#23 = CARTESIAN_POINT('',(7.375,0.,-20.));
#24 = SURFACE_CURVE('',#25,(#30,#42),.PCURVE_S1.);
#25 = CIRCLE('',#26,7.375);
#26 = AXIS2_PLACEMENT_3D('',#27,#28,#29);
#27 = CARTESIAN_POINT('',(0.,0.,-20.));
#28 = DIRECTION('',(0.,0.,1.));
#29 = DIRECTION('',(1.,0.,0.));
#30 = PCURVE('',#31,#36);
#31 = PLANE('',#32);
#32 = AXIS2_PLACEMENT_3D('',#33,#34,#35);
#33 = CARTESIAN_POINT('',(0.,0.,-20.));
#34 = DIRECTION('',(0.,0.,1.));
#35 = DIRECTION('',(1.,0.,0.));
#36 = DEFINITIONAL_REPRESENTATION('',(#37),#41);
#37 = CIRCLE('',#38,7.375);
#38 = AXIS2_PLACEMENT_2D('',#39,#40);
#39 = CARTESIAN_POINT('',(0.,0.));
#40 = DIRECTION('',(1.,0.));
#41 = ( GEOMETRIC_REPRESENTATION_CONTEXT(2) 
PARAMETRIC_REPRESENTATION_CONTEXT() REPRESENTATION_CONTEXT('2D SPACE',''
  ) );
#42 = PCURVE('',#43,#48);
#43 = CONICAL_SURFACE('',#44,9.875,0.785398163397);
#44 = AXIS2_PLACEMENT_3D('',#45,#46,#47);
#45 = CARTESIAN_POINT('',(0.,0.,-17.5));
#46 = DIRECTION('',(0.,0.,1.));
#47 = DIRECTION('',(1.,0.,0.));
#48 = DEFINITIONAL_REPRESENTATION('',(#49),#53);
#49 = LINE('',#50,#51);
#50 = CARTESIAN_POINT('',(0.,-2.5));
#51 = VECTOR('',#52,1.);
#52 = DIRECTION('',(1.,-0.));
#53 = ( GEOMETRIC_REPRESENTATION_CONTEXT(2) 
PARAMETRIC_REPRESENTATION_CONTEXT() REPRESENTATION_CONTEXT('2D SPACE',''
  ) );
#54 = FACE_BOUND('',#55,.F.);
#55 = EDGE_LOOP('',(#56));
#56 = ORIENTED_EDGE('',*,*,#57,.F.);
#57 = EDGE_CURVE('',#58,#58,#60,.T.);
#58 = VERTEX_POINT('',#59);
#59 = CARTESIAN_POINT('',(3.3,0.,-20.));
#60 = SURFACE_CURVE('',#61,(#66,#73),.PCURVE_S1.);
#61 = CIRCLE('',#62,3.3);
#62 = AXIS2_PLACEMENT_3D('',#63,#64,#65);
#63 = CARTESIAN_POINT('',(0.,0.,-20.));
#64 = DIRECTION('',(0.,0.,1.));
#65 = DIRECTION('',(1.,0.,-0.));
#66 = PCURVE('',#31,#67);
#67 = DEFINITIONAL_REPRESENTATION('',(#68),#72);
#68 = CIRCLE('',#69,3.3);
#69 = AXIS2_PLACEMENT_2D('',#70,#71);
#70 = CARTESIAN_POINT('',(0.,0.));
#71 = DIRECTION('',(1.,0.));
#72 = ( GEOMETRIC_REPRESENTATION_CONTEXT(2) 
PARAMETRIC_REPRESENTATION_CONTEXT() REPRESENTATION_CONTEXT('2D SPACE',''
  ) );
#73 = PCURVE('',#74,#79);
#74 = CYLINDRICAL_SURFACE('',#75,3.3);
#75 = AXIS2_PLACEMENT_3D('',#76,#77,#78);
#76 = CARTESIAN_POINT('',(0.,0.,0.));
#77 = DIRECTION('',(-0.,-0.,-1.));
#78 = DIRECTION('',(1.,0.,0.));
#79 = DEFINITIONAL_REPRESENTATION('',(#80),#84);
#80 = LINE('',#81,#82);
#81 = CARTESIAN_POINT('',(-0.,20.));
#82 = VECTOR('',#83,1.);
#83 = DIRECTION('',(-1.,0.));
#84 = ( GEOMETRIC_REPRESENTATION_CONTEXT(2) 
PARAMETRIC_REPRESENTATION_CONTEXT() REPRESENTATION_CONTEXT('2D SPACE',''
  ) );
#85 = ADVANCED_FACE('',(#86),#43,.T.);
#86 = FACE_BOUND('',#87,.F.);
#87 = EDGE_LOOP('',(#88,#369,#398,#426,#507,#885,#906,#907,#908));
#88 = ORIENTED_EDGE('',*,*,#89,.F.);
#89 = EDGE_CURVE('',#90,#92,#94,.T.);
#90 = VERTEX_POINT('',#91);
#91 = CARTESIAN_POINT('',(9.123406676213,-3.778766415173,-17.5));
#92 = VERTEX_POINT('',#93);
#93 = CARTESIAN_POINT('',(7.36951357438,4.27919526619,-18.85319018933));
#94 = SURFACE_CURVE('',#95,(#176,#260),.PCURVE_S1.);
#95 = B_SPLINE_CURVE_WITH_KNOTS('',7,(#96,#97,#98,#99,#100,#101,#102,
    #103,#104,#105,#106,#107,#108,#109,#110,#111,#112,#113,#114,#115,
    #116,#117,#118,#119,#120,#121,#122,#123,#124,#125,#126,#127,#128,
    #129,#130,#131,#132,#133,#134,#135,#136,#137,#138,#139,#140,#141,
    #142,#143,#144,#145,#146,#147,#148,#149,#150,#151,#152,#153,#154,
    #155,#156,#157,#158,#159,#160,#161,#162,#163,#164,#165,#166,#167,
    #168,#169,#170,#171,#172,#173,#174,#175),.UNSPECIFIED.,.F.,.F.,(8,6,
    6,6,6,6,6,6,6,6,6,6,6,8),(0.,7.602534250068E-02,0.149364751131,
    0.220863229983,0.290535966712,0.358411517648,0.424537566688,
    0.488943908149,0.551644167815,0.612665307613,0.672051578968,
    0.787116824783,0.895929401237,1.),.UNSPECIFIED.);
#96 = CARTESIAN_POINT('',(9.123406676213,-3.778766415173,-17.5));
#97 = CARTESIAN_POINT('',(8.905277337097,-4.269569604625,-17.5137166637)
  );
#98 = CARTESIAN_POINT('',(8.655993751537,-4.746529878802,-17.52745512275
    ));
#99 = CARTESIAN_POINT('',(8.37656634894,-5.207209487796,-17.54121425113)
  );
#100 = CARTESIAN_POINT('',(8.068232797038,-5.649304276116,
    -17.55499425413));
#101 = CARTESIAN_POINT('',(7.732437124683,-6.070631281984,
    -17.56879593839));
#102 = CARTESIAN_POINT('',(7.370832224087,-6.469132852154,
    -17.58261986464));
#103 = CARTESIAN_POINT('',(6.613399681542,-7.203456799351,
    -17.60982174678));
#104 = CARTESIAN_POINT('',(6.219203068251,-7.541024732121,
    -17.62319925222));
#105 = CARTESIAN_POINT('',(5.804404530535,-7.853878298612,
    -17.63659731783));
#106 = CARTESIAN_POINT('',(5.370836709367,-8.140479465235,
    -17.65001635887));
#107 = CARTESIAN_POINT('',(4.920463797012,-8.399458812397,
    -17.66345708422));
#108 = CARTESIAN_POINT('',(4.455382280375,-8.629619645674,
    -17.67691979859));
#109 = CARTESIAN_POINT('',(3.512274638682,-9.025276135519,
    -17.70354915501));
#110 = CARTESIAN_POINT('',(3.034832433315,-9.192264278136,
    -17.71671569971));
#111 = CARTESIAN_POINT('',(2.547584012505,-9.329992977026,
    -17.72990259448));
#112 = CARTESIAN_POINT('',(2.052667803417,-9.437736376171,-17.7431099544
    ));
#113 = CARTESIAN_POINT('',(1.552279698866,-9.514958993721,
    -17.75633820765));
#114 = CARTESIAN_POINT('',(1.048672343036,-9.561319455605,
    -17.76958750109));
#115 = CARTESIAN_POINT('',(5.252843880402E-02,-9.591678962184,
    -17.79578778159));
#116 = CARTESIAN_POINT('',(-0.43999608785,-9.577241249497,
    -17.80873862449));
#117 = CARTESIAN_POINT('',(-0.931273713389,-9.533262198899,
    -17.82170886318));
#118 = CARTESIAN_POINT('',(-1.419177586848,-9.459821951363,
    -17.83469864862));
#119 = CARTESIAN_POINT('',(-1.901593751686,-9.35718470966,
    -17.84770849291));
#120 = CARTESIAN_POINT('',(-2.376422963632,-9.22580175838,
    -17.86073869166));
#121 = CARTESIAN_POINT('',(-3.294749382335,-8.910979211119,
    -17.88650206215));
#122 = CARTESIAN_POINT('',(-3.738767865364,-8.728959893738,
    -17.89923503362));
#123 = CARTESIAN_POINT('',(-4.171715430601,-8.52088090455,
    -17.91198707202));
#124 = CARTESIAN_POINT('',(-4.591743440942,-8.2875162215,-17.9247584572)
  );
#125 = CARTESIAN_POINT('',(-4.997074119713,-8.029795536834,
    -17.9375497627));
#126 = CARTESIAN_POINT('',(-5.386003077686,-7.748806303118,
    -17.95036130683));
#127 = CARTESIAN_POINT('',(-6.11825757392,-7.150625452059,
    -17.97569310686));
#128 = CARTESIAN_POINT('',(-6.462521793962,-6.834535984464,
    -17.98821310211));
#129 = CARTESIAN_POINT('',(-6.788201203461,-6.498705935172,
    -18.0007520647));
#130 = CARTESIAN_POINT('',(-7.093914387869,-6.144420744542,
    -18.01331019951));
#131 = CARTESIAN_POINT('',(-7.378391289811,-5.773078782014,
    -18.02588794025));
#132 = CARTESIAN_POINT('',(-7.640476010299,-5.386192316303,
    -18.03848546285));
#133 = CARTESIAN_POINT('',(-8.111600166393,-4.595028194405,
    -18.06339078023));
#134 = CARTESIAN_POINT('',(-8.321854866543,-4.191442688723,
    -18.07569827076));
#135 = CARTESIAN_POINT('',(-8.508952044394,-3.776152771053,
    -18.08802409907));
#136 = CARTESIAN_POINT('',(-8.672080870558,-3.350737505628,
    -18.10036835222));
#137 = CARTESIAN_POINT('',(-8.81056288038,-2.916839422701,
    -18.11273135166));
#138 = CARTESIAN_POINT('',(-8.923854676893,-2.476164498417,
    -18.12511322019));
#139 = CARTESIAN_POINT('',(-9.09694939834,-1.596615321217,-18.1495851486
    ));
#140 = CARTESIAN_POINT('',(-9.158094169396,-1.157980016907,
    -18.1616748736));
#141 = CARTESIAN_POINT('',(-9.194631344883,-0.716217692806,
    -18.17378209097));
#142 = CARTESIAN_POINT('',(-9.206339117507,-0.272980582317,
    -18.18590691951));
#143 = CARTESIAN_POINT('',(-9.193130442511,0.17006446954,-18.19804972501
    ));
#144 = CARTESIAN_POINT('',(-9.155055377547,0.611236831413,
    -18.21021071465));
#145 = CARTESIAN_POINT('',(-9.031256545162,1.474729360248,
    -18.23424214116));
#146 = CARTESIAN_POINT('',(-8.94683318022,1.897258597027,-18.24611220666
    ));
#147 = CARTESIAN_POINT('',(-8.839228011055,2.314868072424,
    -18.25799933398));
#148 = CARTESIAN_POINT('',(-8.708753879274,2.72602539502,-18.26990373207
    ));
#149 = CARTESIAN_POINT('',(-8.555845510893,3.129226076312,-18.2818258279
    ));
#150 = CARTESIAN_POINT('',(-8.381061308414,3.522994933544,
    -18.29376588302));
#151 = CARTESIAN_POINT('',(-7.994380295776,4.278528382019,
    -18.31736091393));
#152 = CARTESIAN_POINT('',(-7.783594693104,4.640884544127,
    -18.32901547702));
#153 = CARTESIAN_POINT('',(-7.553375881489,4.991629158013,-18.3406869756
    ));
#154 = CARTESIAN_POINT('',(-7.304465790544,5.329496633311,-18.3523756108
    ));
#155 = CARTESIAN_POINT('',(-7.037704525128,5.653281874668,
    -18.36408175103));
#156 = CARTESIAN_POINT('',(-6.754031507528,5.96184200851,-18.37580558557
    ));
#157 = CARTESIAN_POINT('',(-5.874119599449,6.820382934981,
    -18.41029615009));
#158 = CARTESIAN_POINT('',(-5.233965717855,7.325691553146,
    -18.43311934578));
#159 = CARTESIAN_POINT('',(-4.541838755504,7.761888980319,
    -18.45600348637));
#160 = CARTESIAN_POINT('',(-3.806616415369,8.122551448861,
    -18.47895218031));
#161 = CARTESIAN_POINT('',(-3.037975675683,8.402604469978,
    -18.50196946999));
#162 = CARTESIAN_POINT('',(-2.246408475061,8.598336173409,-18.5250602308
    ));
#163 = CARTESIAN_POINT('',(-0.684032602401,8.811649652667,
    -18.57010605698));
#164 = CARTESIAN_POINT('',(8.600203155747E-02,8.838393918403,
    -18.5920670746));
#165 = CARTESIAN_POINT('',(0.856994373014,8.786552020936,-18.61408534038
    ));
#166 = CARTESIAN_POINT('',(1.619367649006,8.656156912021,-18.63616288936
    ));
#167 = CARTESIAN_POINT('',(2.363640953349,8.448557773429,-18.6583065174)
  );
#168 = CARTESIAN_POINT('',(3.08046954759,8.166454709437,-18.68051956075)
  );
#169 = CARTESIAN_POINT('',(4.411403001021,7.477565028461,-18.72409504724
    ));
#170 = CARTESIAN_POINT('',(5.028952759781,7.076577934436,-18.74546292331
    ));
#171 = CARTESIAN_POINT('',(5.605383483747,6.615202209415,-18.76688772752
    ));
#172 = CARTESIAN_POINT('',(6.133600002153,6.098410473698,-18.78837057013
    ));
#173 = CARTESIAN_POINT('',(6.607239793513,5.532085728567,-18.80991589637
    ));
#174 = CARTESIAN_POINT('',(7.020717797789,4.923026791453,-18.83152511947
    ));
#175 = CARTESIAN_POINT('',(7.369513574382,4.279195266186,-18.85319018933
    ));
#176 = PCURVE('',#43,#177);
#177 = DEFINITIONAL_REPRESENTATION('',(#178),#259);
#178 = B_SPLINE_CURVE_WITH_KNOTS('',7,(#179,#180,#181,#182,#183,#184,
    #185,#186,#187,#188,#189,#190,#191,#192,#193,#194,#195,#196,#197,
    #198,#199,#200,#201,#202,#203,#204,#205,#206,#207,#208,#209,#210,
    #211,#212,#213,#214,#215,#216,#217,#218,#219,#220,#221,#222,#223,
    #224,#225,#226,#227,#228,#229,#230,#231,#232,#233,#234,#235,#236,
    #237,#238,#239,#240,#241,#242,#243,#244,#245,#246,#247,#248,#249,
    #250,#251,#252,#253,#254,#255,#256,#257,#258),.UNSPECIFIED.,.F.,.F.,
  (8,6,6,6,6,6,6,6,6,6,6,6,6,8),(0.,7.602534250068E-02,0.149364751131,
    0.220863229983,0.290535966712,0.358411517648,0.424537566688,
    0.488943908149,0.551644167815,0.612665307613,0.672051578968,
    0.787116824783,0.895929401237,1.),.UNSPECIFIED.);
#179 = CARTESIAN_POINT('',(5.890511707263,0.));
#180 = CARTESIAN_POINT('',(5.836140349686,-1.371666400208E-02));
#181 = CARTESIAN_POINT('',(5.781680674049,-2.745512232896E-02));
#182 = CARTESIAN_POINT('',(5.72713624022,-4.121425119766E-02));
#183 = CARTESIAN_POINT('',(5.672506085987,-5.499425440705E-02));
#184 = CARTESIAN_POINT('',(5.617787576626,-6.879593822322E-02));
#185 = CARTESIAN_POINT('',(5.562979468482,-8.261986464037E-02));
#186 = CARTESIAN_POINT('',(5.455130289667,-0.109821746785));
#187 = CARTESIAN_POINT('',(5.402091049296,-0.123199252223));
#188 = CARTESIAN_POINT('',(5.348970559942,-0.136597317835));
#189 = CARTESIAN_POINT('',(5.295767932859,-0.150016358872));
#190 = CARTESIAN_POINT('',(5.242480811684,-0.16345708422));
#191 = CARTESIAN_POINT('',(5.189108068931,-0.176919798596));
#192 = CARTESIAN_POINT('',(5.083539108586,-0.20354915501));
#193 = CARTESIAN_POINT('',(5.031343206607,-0.216715699714));
#194 = CARTESIAN_POINT('',(4.97906780344,-0.229902594486));
#195 = CARTESIAN_POINT('',(4.926712052423,-0.243109954408));
#196 = CARTESIAN_POINT('',(4.874273759096,-0.256338207657));
#197 = CARTESIAN_POINT('',(4.82175186685,-0.269587501093));
#198 = CARTESIAN_POINT('',(4.717889572305,-0.295787781598));
#199 = CARTESIAN_POINT('',(4.666549765805,-0.308738624988));
#200 = CARTESIAN_POINT('',(4.615132264449,-0.321708863468));
#201 = CARTESIAN_POINT('',(4.563636273461,-0.334698648834));
#202 = CARTESIAN_POINT('',(4.512059756718,-0.347708493344));
#203 = CARTESIAN_POINT('',(4.460401721722,-0.360738691868));
#204 = CARTESIAN_POINT('',(4.358262130222,-0.386502062359));
#205 = CARTESIAN_POINT('',(4.307781397224,-0.399235033652));
#206 = CARTESIAN_POINT('',(4.257224810562,-0.411987071966));
#207 = CARTESIAN_POINT('',(4.206591617969,-0.424758457135));
#208 = CARTESIAN_POINT('',(4.155879923285,-0.437549762552));
#209 = CARTESIAN_POINT('',(4.105088788878,-0.450361306498));
#210 = CARTESIAN_POINT('',(4.004663305141,-0.475693106522));
#211 = CARTESIAN_POINT('',(3.955029939705,-0.488213101546));
#212 = CARTESIAN_POINT('',(3.905322522665,-0.500752064324));
#213 = CARTESIAN_POINT('',(3.855540337548,-0.513310199129));
#214 = CARTESIAN_POINT('',(3.805681617873,-0.525887939695));
#215 = CARTESIAN_POINT('',(3.755745480614,-0.538485462552));
#216 = CARTESIAN_POINT('',(3.657023115209,-0.563390779931));
#217 = CARTESIAN_POINT('',(3.608238054171,-0.575698270664));
#218 = CARTESIAN_POINT('',(3.559380744576,-0.58802409909));
#219 = CARTESIAN_POINT('',(3.510450509356,-0.600368352242));
#220 = CARTESIAN_POINT('',(3.461445710883,-0.612731351752));
#221 = CARTESIAN_POINT('',(3.412365522959,-0.625113220543));
#222 = CARTESIAN_POINT('',(3.315360159283,-0.64958514895));
#223 = CARTESIAN_POINT('',(3.267436354976,-0.661674873751));
#224 = CARTESIAN_POINT('',(3.219442161557,-0.673782092223));
#225 = CARTESIAN_POINT('',(3.171376943552,-0.685906920422));
#226 = CARTESIAN_POINT('',(3.123239187124,-0.698049724497));
#227 = CARTESIAN_POINT('',(3.075028119185,-0.71021071465));
#228 = CARTESIAN_POINT('',(2.979755757332,-0.73424214116));
#229 = CARTESIAN_POINT('',(2.932695990405,-0.746112206665));
#230 = CARTESIAN_POINT('',(2.885567717474,-0.757999333983));
#231 = CARTESIAN_POINT('',(2.838370339705,-0.769903732078));
#232 = CARTESIAN_POINT('',(2.791102454509,-0.781825827905));
#233 = CARTESIAN_POINT('',(2.743763334532,-0.793765883021));
#234 = CARTESIAN_POINT('',(2.650215840562,-0.817360913934));
#235 = CARTESIAN_POINT('',(2.604009090204,-0.82901547702));
#236 = CARTESIAN_POINT('',(2.557735681562,-0.840686975606));
#237 = CARTESIAN_POINT('',(2.511395046452,-0.852375610803));
#238 = CARTESIAN_POINT('',(2.464985882949,-0.864081751036));
#239 = CARTESIAN_POINT('',(2.418507506538,-0.875805585578));
#240 = CARTESIAN_POINT('',(2.281774584091,-0.910296150097));
#241 = CARTESIAN_POINT('',(2.19129868758,-0.933119345782));
#242 = CARTESIAN_POINT('',(2.100584393523,-0.956003486374));
#243 = CARTESIAN_POINT('',(2.009615966197,-0.978952180312));
#244 = CARTESIAN_POINT('',(1.918374645383,-1.001969469999));
#245 = CARTESIAN_POINT('',(1.826839534625,-1.025060230806));
#246 = CARTESIAN_POINT('',(1.648266407412,-1.070106056986));
#247 = CARTESIAN_POINT('',(1.561205080253,-1.092067074601));
#248 = CARTESIAN_POINT('',(1.473914434355,-1.114085340388));
#249 = CARTESIAN_POINT('',(1.386387778605,-1.136162889362));
#250 = CARTESIAN_POINT('',(1.298600672397,-1.158306517404));
#251 = CARTESIAN_POINT('',(1.210542209113,-1.180519560751));
#252 = CARTESIAN_POINT('',(1.037804561901,-1.224095047245));
#253 = CARTESIAN_POINT('',(0.953103528232,-1.245462923319));
#254 = CARTESIAN_POINT('',(0.86818034085,-1.266887727525));
#255 = CARTESIAN_POINT('',(0.783028873287,-1.288370570134));
#256 = CARTESIAN_POINT('',(0.697627588653,-1.309915896373));
#257 = CARTESIAN_POINT('',(0.61196684807,-1.331525119478));
#258 = CARTESIAN_POINT('',(0.526078887595,-1.353190189335));
#259 = ( GEOMETRIC_REPRESENTATION_CONTEXT(2) 
PARAMETRIC_REPRESENTATION_CONTEXT() REPRESENTATION_CONTEXT('2D SPACE',''
  ) );
#260 = PCURVE('',#261,#286);
#261 = B_SPLINE_SURFACE_WITH_KNOTS('',1,11,(
    (#262,#263,#264,#265,#266,#267,#268,#269,#270,#271,#272,#273)
    ,(#274,#275,#276,#277,#278,#279,#280,#281,#282,#283,#284,#285
  )),.UNSPECIFIED.,.F.,.F.,.F.,(2,2),(12,12),(0.,1.75),(0.,
    6.762279024438),.PIECEWISE_BEZIER_KNOTS.);
#262 = CARTESIAN_POINT('',(10.037390100887,-5.695760881E-08,
    -17.43749858637));
#263 = CARTESIAN_POINT('',(10.037373718086,-5.733343310279,
    -17.66477354954));
#264 = CARTESIAN_POINT('',(6.435063953272,-11.46654707568,
    -17.89203599721));
#265 = CARTESIAN_POINT('',(-0.772369836134,-14.6862156912,
    -18.11933858043));
#266 = CARTESIAN_POINT('',(-9.587212491864,-12.86864836385,
    -18.34655043354));
#267 = CARTESIAN_POINT('',(-16.15049540596,-5.30702289205,
    -18.57391496102));
#268 = CARTESIAN_POINT('',(-16.14967052782,5.306972243432,-18.8010826843
    ));
#269 = CARTESIAN_POINT('',(-9.587820309334,12.86874978794,
    -19.02844720765));
#270 = CARTESIAN_POINT('',(-0.772043834927,14.686145439523,
    -19.25565906555));
#271 = CARTESIAN_POINT('',(6.434941741507,11.466567561275,
    -19.48296164607));
#272 = CARTESIAN_POINT('',(10.037403026973,5.733343215352,
    -19.71022409447));
#273 = CARTESIAN_POINT('',(10.037386654995,-3.797135979E-08,
    -19.93749905759));
#274 = CARTESIAN_POINT('',(8.521838027081,4.7463774187E-07,
    -16.56251177985));
#275 = CARTESIAN_POINT('',(8.521833995326,-4.867658274159,
    -16.78976587589));
#276 = CARTESIAN_POINT('',(5.463396764239,-9.735198044722,
    -17.01712425868));
#277 = CARTESIAN_POINT('',(-0.655654861679,-12.46882527385,
    -17.24414821163));
#278 = CARTESIAN_POINT('',(-8.139815220046,-10.9253352534,
    -17.47192817514));
#279 = CARTESIAN_POINT('',(-13.71167780686,-4.506170077299,
    -17.69843596049));
#280 = CARTESIAN_POINT('',(-13.71146115783,4.506155435265,
    -17.92658367296));
#281 = CARTESIAN_POINT('',(-8.139976223596,10.925361165361,
    -18.15309145719));
#282 = CARTESIAN_POINT('',(-0.655570263039,12.468806723178,
    -18.38087142201));
#283 = CARTESIAN_POINT('',(5.463363669959,9.735203959015,-18.6078953742)
  );
#284 = CARTESIAN_POINT('',(8.521841242315,4.867659065222,-18.83525375722
    ));
#285 = CARTESIAN_POINT('',(8.521837120238,3.1642510243E-07,
    -19.06250785323));
#286 = DEFINITIONAL_REPRESENTATION('',(#287),#368);
#287 = B_SPLINE_CURVE_WITH_KNOTS('',7,(#288,#289,#290,#291,#292,#293,
    #294,#295,#296,#297,#298,#299,#300,#301,#302,#303,#304,#305,#306,
    #307,#308,#309,#310,#311,#312,#313,#314,#315,#316,#317,#318,#319,
    #320,#321,#322,#323,#324,#325,#326,#327,#328,#329,#330,#331,#332,
    #333,#334,#335,#336,#337,#338,#339,#340,#341,#342,#343,#344,#345,
    #346,#347,#348,#349,#350,#351,#352,#353,#354,#355,#356,#357,#358,
    #359,#360,#361,#362,#363,#364,#365,#366,#367),.UNSPECIFIED.,.F.,.F.,
  (8,6,6,6,6,6,6,6,6,6,6,6,6,8),(0.,7.602534250068E-02,0.149364751131,
    0.220863229983,0.290535966712,0.358411517648,0.424537566688,
    0.488943908149,0.551644167815,0.612665307613,0.672051578968,
    0.787116824783,0.895929401237,1.),.UNSPECIFIED.);
#288 = CARTESIAN_POINT('',(0.187479007163,0.422614047587));
#289 = CARTESIAN_POINT('',(0.203312910869,0.481130800442));
#290 = CARTESIAN_POINT('',(0.21917347948,0.539742558144));
#291 = CARTESIAN_POINT('',(0.235060203789,0.598445588317));
#292 = CARTESIAN_POINT('',(0.250973482907,0.6572409952));
#293 = CARTESIAN_POINT('',(0.266913836886,0.716131670975));
#294 = CARTESIAN_POINT('',(0.282881156961,0.775118987067));
#295 = CARTESIAN_POINT('',(0.314301811653,0.891192191179));
#296 = CARTESIAN_POINT('',(0.329754583882,0.9482760995));
#297 = CARTESIAN_POINT('',(0.34523099804,1.005447603086));
#298 = CARTESIAN_POINT('',(0.360730896492,1.0627076096));
#299 = CARTESIAN_POINT('',(0.376254690448,1.120058589249));
#300 = CARTESIAN_POINT('',(0.391802620682,1.177501688591));
#301 = CARTESIAN_POINT('',(0.422554246658,1.291121473514));
#302 = CARTESIAN_POINT('',(0.437757888729,1.347297823413));
#303 = CARTESIAN_POINT('',(0.452984007315,1.40355961069));
#304 = CARTESIAN_POINT('',(0.46823302078,1.459907711048));
#305 = CARTESIAN_POINT('',(0.48350580971,1.516344473449));
#306 = CARTESIAN_POINT('',(0.498802928385,1.572871045783));
#307 = CARTESIAN_POINT('',(0.529053382484,1.684652343146));
#308 = CARTESIAN_POINT('',(0.544006537108,1.739906433931));
#309 = CARTESIAN_POINT('',(0.558982651254,1.795244036916));
#310 = CARTESIAN_POINT('',(0.573982082415,1.850666046038));
#311 = CARTESIAN_POINT('',(0.589005458116,1.906174697431));
#312 = CARTESIAN_POINT('',(0.60405300713,1.961771102046));
#313 = CARTESIAN_POINT('',(0.633806022907,2.071697843832));
#314 = CARTESIAN_POINT('',(0.648511233073,2.126027292039));
#315 = CARTESIAN_POINT('',(0.663238727381,2.180438458174));
#316 = CARTESIAN_POINT('',(0.677988560967,2.234932174531));
#317 = CARTESIAN_POINT('',(0.692761102638,2.289510491249));
#318 = CARTESIAN_POINT('',(0.707556459213,2.344174413086));
#319 = CARTESIAN_POINT('',(0.736809336391,2.452257453637));
#320 = CARTESIAN_POINT('',(0.751266591917,2.50567550863));
#321 = CARTESIAN_POINT('',(0.765744895778,2.559173338215));
#322 = CARTESIAN_POINT('',(0.780244393337,2.612751691532));
#323 = CARTESIAN_POINT('',(0.794765604589,2.66641244316));
#324 = CARTESIAN_POINT('',(0.809308862184,2.720156517051));
#325 = CARTESIAN_POINT('',(0.838059731736,2.826407028642));
#326 = CARTESIAN_POINT('',(0.852267024049,2.878912211244));
#327 = CARTESIAN_POINT('',(0.866495110002,2.931495113216));
#328 = CARTESIAN_POINT('',(0.880744343775,2.984156447971));
#329 = CARTESIAN_POINT('',(0.895015380736,3.036897970811));
#330 = CARTESIAN_POINT('',(0.90930863397,3.089720572703));
#331 = CARTESIAN_POINT('',(0.9375595581,3.194122594432));
#332 = CARTESIAN_POINT('',(0.951516809094,3.245700540868));
#333 = CARTESIAN_POINT('',(0.965495063705,3.297354204052));
#334 = CARTESIAN_POINT('',(0.979494599823,3.34908428232));
#335 = CARTESIAN_POINT('',(0.993515902901,3.400892423312));
#336 = CARTESIAN_POINT('',(1.007559186407,3.452779478037));
#337 = CARTESIAN_POINT('',(1.035311932654,3.555316200442));
#338 = CARTESIAN_POINT('',(1.049020922008,3.605964223266));
#339 = CARTESIAN_POINT('',(1.062750330476,3.656686015977));
#340 = CARTESIAN_POINT('',(1.076500223796,3.707482234436));
#341 = CARTESIAN_POINT('',(1.09027086692,3.75835439328));
#342 = CARTESIAN_POINT('',(1.104062313015,3.809303272799));
#343 = CARTESIAN_POINT('',(1.131315591713,3.909984150872));
#344 = CARTESIAN_POINT('',(1.14477695624,3.959714399625));
#345 = CARTESIAN_POINT('',(1.158257514423,4.009516423243));
#346 = CARTESIAN_POINT('',(1.171757305578,4.059390818448));
#347 = CARTESIAN_POINT('',(1.185276615224,4.109338966754));
#348 = CARTESIAN_POINT('',(1.198815594822,4.159361583072));
#349 = CARTESIAN_POINT('',(1.238643948984,4.30652104204));
#350 = CARTESIAN_POINT('',(1.264996448891,4.403895997329));
#351 = CARTESIAN_POINT('',(1.29141655654,4.501527227615));
#352 = CARTESIAN_POINT('',(1.317909505461,4.599431548185));
#353 = CARTESIAN_POINT('',(1.344482174972,4.697629172752));
#354 = CARTESIAN_POINT('',(1.371141607029,4.796142810146));
#355 = CARTESIAN_POINT('',(1.423153345758,4.988330250278));
#356 = CARTESIAN_POINT('',(1.448512291949,5.082029136941));
#357 = CARTESIAN_POINT('',(1.473939418027,5.175975067195));
#358 = CARTESIAN_POINT('',(1.499436130727,5.270175485282));
#359 = CARTESIAN_POINT('',(1.525008311196,5.364656784541));
#360 = CARTESIAN_POINT('',(1.550657835593,5.459430576284));
#361 = CARTESIAN_POINT('',(1.600969005538,5.645341534893));
#362 = CARTESIAN_POINT('',(1.625637164649,5.736502199743));
#363 = CARTESIAN_POINT('',(1.650368171174,5.827901928845));
#364 = CARTESIAN_POINT('',(1.675164440087,5.919546961615));
#365 = CARTESIAN_POINT('',(1.700034189579,6.011460262626));
#366 = CARTESIAN_POINT('',(1.724982484075,6.103652264011));
#367 = CARTESIAN_POINT('',(1.75,6.196088571266));
#368 = ( GEOMETRIC_REPRESENTATION_CONTEXT(2) 
PARAMETRIC_REPRESENTATION_CONTEXT() REPRESENTATION_CONTEXT('2D SPACE',''
  ) );
#369 = ORIENTED_EDGE('',*,*,#370,.T.);
#370 = EDGE_CURVE('',#90,#371,#373,.T.);
#371 = VERTEX_POINT('',#372);
#372 = CARTESIAN_POINT('',(9.875,0.,-17.5));
#373 = SURFACE_CURVE('',#374,(#379,#386),.PCURVE_S1.);
#374 = CIRCLE('',#375,9.875);
#375 = AXIS2_PLACEMENT_3D('',#376,#377,#378);
#376 = CARTESIAN_POINT('',(0.,0.,-17.5));
#377 = DIRECTION('',(0.,0.,1.));
#378 = DIRECTION('',(1.,0.,0.));
#379 = PCURVE('',#43,#380);
#380 = DEFINITIONAL_REPRESENTATION('',(#381),#385);
#381 = LINE('',#382,#383);
#382 = CARTESIAN_POINT('',(0.,-0.));
#383 = VECTOR('',#384,1.);
#384 = DIRECTION('',(1.,-0.));
#385 = ( GEOMETRIC_REPRESENTATION_CONTEXT(2) 
PARAMETRIC_REPRESENTATION_CONTEXT() REPRESENTATION_CONTEXT('2D SPACE',''
  ) );
#386 = PCURVE('',#387,#392);
#387 = CYLINDRICAL_SURFACE('',#388,9.875);
#388 = AXIS2_PLACEMENT_3D('',#389,#390,#391);
#389 = CARTESIAN_POINT('',(0.,0.,-2.5));
#390 = DIRECTION('',(-0.,-0.,-1.));
#391 = DIRECTION('',(1.,0.,0.));
#392 = DEFINITIONAL_REPRESENTATION('',(#393),#397);
#393 = LINE('',#394,#395);
#394 = CARTESIAN_POINT('',(18.849555921539,15.));
#395 = VECTOR('',#396,1.);
#396 = DIRECTION('',(-1.,0.));
#397 = ( GEOMETRIC_REPRESENTATION_CONTEXT(2) 
PARAMETRIC_REPRESENTATION_CONTEXT() REPRESENTATION_CONTEXT('2D SPACE',''
  ) );
#398 = ORIENTED_EDGE('',*,*,#399,.T.);
#399 = EDGE_CURVE('',#371,#400,#402,.T.);
#400 = VERTEX_POINT('',#401);
#401 = CARTESIAN_POINT('',(9.505310433309,4.3223836E-08,-17.86968956669)
  );
#402 = SURFACE_CURVE('',#403,(#407,#414),.PCURVE_S1.);
#403 = LINE('',#404,#405);
#404 = CARTESIAN_POINT('',(9.875,0.,-17.5));
#405 = VECTOR('',#406,1.);
#406 = DIRECTION('',(-0.707106781187,0.,-0.707106781187));
#407 = PCURVE('',#43,#408);
#408 = DEFINITIONAL_REPRESENTATION('',(#409),#413);
#409 = LINE('',#410,#411);
#410 = CARTESIAN_POINT('',(6.28318530718,-0.));
#411 = VECTOR('',#412,1.);
#412 = DIRECTION('',(0.,-1.));
#413 = ( GEOMETRIC_REPRESENTATION_CONTEXT(2) 
PARAMETRIC_REPRESENTATION_CONTEXT() REPRESENTATION_CONTEXT('2D SPACE',''
  ) );
#414 = PCURVE('',#415,#420);
#415 = CONICAL_SURFACE('',#416,9.875,0.785398163397);
#416 = AXIS2_PLACEMENT_3D('',#417,#418,#419);
#417 = CARTESIAN_POINT('',(0.,0.,-17.5));
#418 = DIRECTION('',(0.,0.,1.));
#419 = DIRECTION('',(1.,0.,0.));
#420 = DEFINITIONAL_REPRESENTATION('',(#421),#425);
#421 = LINE('',#422,#423);
#422 = CARTESIAN_POINT('',(0.,-0.));
#423 = VECTOR('',#424,1.);
#424 = DIRECTION('',(0.,-1.));
#425 = ( GEOMETRIC_REPRESENTATION_CONTEXT(2) 
PARAMETRIC_REPRESENTATION_CONTEXT() REPRESENTATION_CONTEXT('2D SPACE',''
  ) );
#426 = ORIENTED_EDGE('',*,*,#427,.T.);
#427 = EDGE_CURVE('',#400,#428,#430,.T.);
#428 = VERTEX_POINT('',#429);
#429 = CARTESIAN_POINT('',(4.279603566012,-7.369306224721,
    -18.85316446322));
#430 = SURFACE_CURVE('',#431,(#446,#464),.PCURVE_S1.);
#431 = B_SPLINE_CURVE_WITH_KNOTS('',7,(#432,#433,#434,#435,#436,#437,
    #438,#439,#440,#441,#442,#443,#444,#445),.UNSPECIFIED.,.F.,.F.,(8,6,
    8),(0.,0.53348435258,1.),.UNSPECIFIED.);
#432 = CARTESIAN_POINT('',(9.505310424747,-4.44E-15,-17.86968957525));
#433 = CARTESIAN_POINT('',(9.43395655434,-0.720431462415,-17.9410434456)
  );
#434 = CARTESIAN_POINT('',(9.298305605298,-1.434248249768,
    -18.01299034321));
#435 = CARTESIAN_POINT('',(9.09846923389,-2.13427021973,-18.0855170765)
  );
#436 = CARTESIAN_POINT('',(8.835559495018,-2.813395869751,
    -18.15864994421));
#437 = CARTESIAN_POINT('',(8.511617280639,-3.464613499993,
    -18.23242072013));
#438 = CARTESIAN_POINT('',(8.129651030136,-4.081021604328,
    -18.30686004853));
#439 = CARTESIAN_POINT('',(7.312886367031,-5.158769567841,
    -18.44765190735));
#440 = CARTESIAN_POINT('',(6.89064970277,-5.629980344649,-18.51386186044
    ));
#441 = CARTESIAN_POINT('',(6.430035540532,-6.06513543821,-18.58060078912
    ));
#442 = CARTESIAN_POINT('',(5.934433554875,-6.460154165689,
    -18.64788181462));
#443 = CARTESIAN_POINT('',(5.407752598454,-6.811310226082,
    -18.71572543647));
#444 = CARTESIAN_POINT('',(4.854445511426,-7.115283138436,-18.7841509595
    ));
#445 = CARTESIAN_POINT('',(4.279603566012,-7.36930622472,-18.85316446322
    ));
#446 = PCURVE('',#43,#447);
#447 = DEFINITIONAL_REPRESENTATION('',(#448),#463);
#448 = B_SPLINE_CURVE_WITH_KNOTS('',7,(#449,#450,#451,#452,#453,#454,
    #455,#456,#457,#458,#459,#460,#461,#462),.UNSPECIFIED.,.F.,.F.,(8,6,
    8),(0.,0.53348435258,1.),.UNSPECIFIED.);
#449 = CARTESIAN_POINT('',(6.28318530718,-0.369689575253));
#450 = CARTESIAN_POINT('',(6.207392783819,-0.441043445631));
#451 = CARTESIAN_POINT('',(6.130968570506,-0.512990343134));
#452 = CARTESIAN_POINT('',(6.05391729028,-0.585517076599));
#453 = CARTESIAN_POINT('',(5.976219119685,-0.658649944149));
#454 = CARTESIAN_POINT('',(5.897846976362,-0.732420720156));
#455 = CARTESIAN_POINT('',(5.818770522854,-0.806860048531));
#456 = CARTESIAN_POINT('',(5.669218604228,-0.947651907351));
#457 = CARTESIAN_POINT('',(5.598893272394,-1.013861860448));
#458 = CARTESIAN_POINT('',(5.528010094872,-1.080600789127));
#459 = CARTESIAN_POINT('',(5.456553123238,-1.147881814628));
#460 = CARTESIAN_POINT('',(5.384498264265,-1.215725436476));
#461 = CARTESIAN_POINT('',(5.311823381621,-1.284150959501));
#462 = CARTESIAN_POINT('',(5.238521519624,-1.35316446322));
#463 = ( GEOMETRIC_REPRESENTATION_CONTEXT(2) 
PARAMETRIC_REPRESENTATION_CONTEXT() REPRESENTATION_CONTEXT('2D SPACE',''
  ) );
#464 = PCURVE('',#465,#490);
#465 = B_SPLINE_SURFACE_WITH_KNOTS('',1,11,(
    (#466,#467,#468,#469,#470,#471,#472,#473,#474,#475,#476,#477)
    ,(#478,#479,#480,#481,#482,#483,#484,#485,#486,#487,#488,#489
  )),.UNSPECIFIED.,.F.,.F.,.F.,(2,2),(12,12),(0.,1.75),(0.,
    6.762279024438),.PIECEWISE_BEZIER_KNOTS.);
#466 = CARTESIAN_POINT('',(8.521833492981,3.1642525759E-07,
    -18.43750785324));
#467 = CARTESIAN_POINT('',(8.52183797632,-4.867656360464,-18.66476194924
    ));
#468 = CARTESIAN_POINT('',(5.463362068289,-9.735199409364,
    -18.89212033241));
#469 = CARTESIAN_POINT('',(-0.655569060256,-12.46880146537,
    -19.11914428406));
#470 = CARTESIAN_POINT('',(-8.139971943355,-10.92535711796,
    -19.34692425008));
#471 = CARTESIAN_POINT('',(-13.71145499264,-4.5061545372,-19.5734320324)
  );
#472 = CARTESIAN_POINT('',(-13.7116722995,4.506167142039,-19.80157974715
    ));
#473 = CARTESIAN_POINT('',(-8.13981257087,10.925329998411,
    -20.02808753042));
#474 = CARTESIAN_POINT('',(-0.655655506376,12.468819917716,
    -20.25586749537));
#475 = CARTESIAN_POINT('',(5.463393715011,9.735194306795,-20.48289144757
    ));
#476 = CARTESIAN_POINT('',(8.52183000675,4.867656835102,-20.71024983065)
  );
#477 = CARTESIAN_POINT('',(8.521834399778,1.5821230552E-07,
    -20.93750392662));
#478 = CARTESIAN_POINT('',(10.037372871419,-3.797062624E-08,
    -17.56249905763));
#479 = CARTESIAN_POINT('',(10.037389200019,-5.733335418096,
    -17.78977402056));
#480 = CARTESIAN_POINT('',(6.434932818013,-11.46655186367,
    -18.01703646981));
#481 = CARTESIAN_POINT('',(-0.772042885438,-14.68612526727,
    -18.24433904784));
#482 = CARTESIAN_POINT('',(-9.58780724136,-12.86873204103,
    -18.47155091084));
#483 = CARTESIAN_POINT('',(-16.14964838964,-5.306964837954,
    -18.69891542647));
#484 = CARTESIAN_POINT('',(-16.15047318875,5.307015731022,
    -18.92608315863));
#485 = CARTESIAN_POINT('',(-9.58719922822,12.868630761894,-19.1534476783
    ));
#486 = CARTESIAN_POINT('',(-0.772368664912,14.686195530732,
    -19.38065953661));
#487 = CARTESIAN_POINT('',(6.43505520347,11.466531280686,-19.60796211728
    ));
#488 = CARTESIAN_POINT('',(10.037359977846,5.733335361138,
    -19.83522456583));
#489 = CARTESIAN_POINT('',(10.037376317316,-1.898503447E-08,
    -20.06249952881));
#490 = DEFINITIONAL_REPRESENTATION('',(#491),#506);
#491 = B_SPLINE_CURVE_WITH_KNOTS('',7,(#492,#493,#494,#495,#496,#497,
    #498,#499,#500,#501,#502,#503,#504,#505),.UNSPECIFIED.,.F.,.F.,(8,6,
    8),(0.,0.53348435258,1.),.UNSPECIFIED.);
#492 = CARTESIAN_POINT('',(1.135625147595,9.96138657E-09));
#493 = CARTESIAN_POINT('',(1.05323066197,8.157172866347E-02));
#494 = CARTESIAN_POINT('',(0.97015347043,0.163823590941));
#495 = CARTESIAN_POINT('',(0.886416097853,0.246750125348));
#496 = CARTESIAN_POINT('',(0.801981152336,0.330372292946));
#497 = CARTESIAN_POINT('',(0.716806613785,0.414719555134));
#498 = CARTESIAN_POINT('',(0.630855413733,0.499824852668));
#499 = CARTESIAN_POINT('',(0.468282241363,0.660779170858));
#500 = CARTESIAN_POINT('',(0.391825934381,0.736466553194));
#501 = CARTESIAN_POINT('',(0.314755715495,0.812754639726));
#502 = CARTESIAN_POINT('',(0.237058101281,0.889660664545));
#503 = CARTESIAN_POINT('',(0.15871126285,0.967210492025));
#504 = CARTESIAN_POINT('',(7.969413068235E-02,1.04542777456));
#505 = CARTESIAN_POINT('',(0.,1.12431984203));
#506 = ( GEOMETRIC_REPRESENTATION_CONTEXT(2) 
PARAMETRIC_REPRESENTATION_CONTEXT() REPRESENTATION_CONTEXT('2D SPACE',''
  ) );
#507 = ORIENTED_EDGE('',*,*,#508,.F.);
#508 = EDGE_CURVE('',#509,#428,#511,.T.);
#509 = VERTEX_POINT('',#510);
#510 = CARTESIAN_POINT('',(8.411411562053,1.71123507E-07,-18.96358843794
    ));
#511 = SURFACE_CURVE('',#512,(#606,#703),.PCURVE_S1.);
#512 = B_SPLINE_CURVE_WITH_KNOTS('',8,(#513,#514,#515,#516,#517,#518,
    #519,#520,#521,#522,#523,#524,#525,#526,#527,#528,#529,#530,#531,
    #532,#533,#534,#535,#536,#537,#538,#539,#540,#541,#542,#543,#544,
    #545,#546,#547,#548,#549,#550,#551,#552,#553,#554,#555,#556,#557,
    #558,#559,#560,#561,#562,#563,#564,#565,#566,#567,#568,#569,#570,
    #571,#572,#573,#574,#575,#576,#577,#578,#579,#580,#581,#582,#583,
    #584,#585,#586,#587,#588,#589,#590,#591,#592,#593,#594,#595,#596,
    #597,#598,#599,#600,#601,#602,#603,#604,#605),.UNSPECIFIED.,.F.,.F.,
  (9,7,7,7,7,7,7,7,7,7,7,7,7,9),(0.,0.144328399632,0.539669105765,
    0.699782217366,0.812434248696,0.892434788396,0.920818962124,
    0.936081457679,0.942631693831,0.949053513558,0.954467803146,
    0.964849483715,0.979851500347,1.),.UNSPECIFIED.);
#513 = CARTESIAN_POINT('',(8.411411558626,-1.78E-15,-18.96358844137));
#514 = CARTESIAN_POINT('',(8.407885073521,-0.176082428639,
    -18.96711492645));
#515 = CARTESIAN_POINT('',(8.400224646412,-0.3520793424,-18.97056270745)
  );
#516 = CARTESIAN_POINT('',(8.388431301186,-0.52787639145,-18.973930869)
  );
#517 = CARTESIAN_POINT('',(8.372510163269,-0.703359544906,
    -18.97721829281));
#518 = CARTESIAN_POINT('',(8.352470459625,-0.878415090834,
    -18.98042365769));
#519 = CARTESIAN_POINT('',(8.328325518753,-1.052929636247,
    -18.98354543952));
#520 = CARTESIAN_POINT('',(8.300092770692,-1.22679010711,-18.98658191126
    ));
#521 = CARTESIAN_POINT('',(8.17932107734,-1.87401747754,-18.99760960397)
  );
#522 = CARTESIAN_POINT('',(8.060326583181,-2.342463151038,-19.0050346426
    ));
#523 = CARTESIAN_POINT('',(7.911256377305,-2.802826265461,
    -19.01176304394));
#524 = CARTESIAN_POINT('',(7.732798101473,-3.252827367435,
    -19.01774346993));
#525 = CARTESIAN_POINT('',(7.525866409342,-3.690299438273,
    -19.02290112314));
#526 = CARTESIAN_POINT('',(7.291580870902,-4.113180315533,
    -19.02713937317));
#527 = CARTESIAN_POINT('',(7.031295060353,-4.519522532269,
    -19.03032123385));
#528 = CARTESIAN_POINT('',(6.63148891308,-5.064691349257,-19.03295188048
    ));
#529 = CARTESIAN_POINT('',(6.512255931551,-5.218841397511,
    -19.03349529319));
#530 = CARTESIAN_POINT('',(6.389148129531,-5.369877258034,
    -19.03380722732));
#531 = CARTESIAN_POINT('',(6.26228611396,-5.517690548066,-19.03386684055
    ));
#532 = CARTESIAN_POINT('',(6.131798826733,-5.662179902757,
    -19.03364944887));
#533 = CARTESIAN_POINT('',(5.99782616036,-5.803252060746,-19.03312442704
    ));
#534 = CARTESIAN_POINT('',(5.860524976448,-5.940824476213,
    -19.03225059954));
#535 = CARTESIAN_POINT('',(5.621263522591,-6.169112387718,
    -19.03006750299));
#536 = CARTESIAN_POINT('',(5.5208943437,-6.26162669798,-19.02896411029)
  );
#537 = CARTESIAN_POINT('',(5.419032583981,-6.352352134363,
    -19.02763794976));
#538 = CARTESIAN_POINT('',(5.315747194463,-6.441269554715,
    -19.02606433242));
#539 = CARTESIAN_POINT('',(5.211120947,-6.528363663079,-19.02421024801)
  );
#540 = CARTESIAN_POINT('',(5.105250980382,-6.613623652576,
    -19.02203420425));
#541 = CARTESIAN_POINT('',(4.998257711398,-6.697047190563,
    -19.01947969743));
#542 = CARTESIAN_POINT('',(4.813661195609,-6.83660618023,-19.01430097271
    ));
#543 = CARTESIAN_POINT('',(4.736573662599,-6.893608332196,
    -19.01191257667));
#544 = CARTESIAN_POINT('',(4.659072773933,-6.949699846495,
    -19.00925298379));
#545 = CARTESIAN_POINT('',(4.581231397331,-7.004904375492,
    -19.00627115902));
#546 = CARTESIAN_POINT('',(4.503139460688,-7.059228230921,
    -19.00292033771));
#547 = CARTESIAN_POINT('',(4.425016400648,-7.112681755282,
    -18.99909204637));
#548 = CARTESIAN_POINT('',(4.347091888302,-7.165262138795,
    -18.99469017407));
#549 = CARTESIAN_POINT('',(4.242640490979,-7.235408160389,
    -18.98750648791));
#550 = CARTESIAN_POINT('',(4.215411460654,-7.253662870879,
    -18.98551331595));
#551 = CARTESIAN_POINT('',(4.188323108224,-7.271814581153,
    -18.98339245957));
#552 = CARTESIAN_POINT('',(4.161408131489,-7.289867492134,
    -18.98112641251));
#553 = CARTESIAN_POINT('',(4.134729230777,-7.307817717661,
    -18.97869064306));
#554 = CARTESIAN_POINT('',(4.108375675086,-7.325654060653,
    -18.97605522182));
#555 = CARTESIAN_POINT('',(4.082475061878,-7.343359041567,
    -18.97317932761));
#556 = CARTESIAN_POINT('',(4.043688975342,-7.370346960736,
    -18.96826669921));
#557 = CARTESIAN_POINT('',(4.03034557102,-7.379723146398,-18.96645963931
    ));
#558 = CARTESIAN_POINT('',(4.017238327703,-7.389047364355,
    -18.96454914751));
#559 = CARTESIAN_POINT('',(4.004409165263,-7.398315834264,
    -18.96252011642));
#560 = CARTESIAN_POINT('',(3.9919352034,-7.407510284888,-18.96035389837)
  );
#561 = CARTESIAN_POINT('',(3.979926574874,-7.416598951426,
    -18.95802899253));
#562 = CARTESIAN_POINT('',(3.968536202962,-7.425535533959,
    -18.95551793544));
#563 = CARTESIAN_POINT('',(3.953486312215,-7.437992051225,
    -18.95159529968));
#564 = CARTESIAN_POINT('',(3.949129828458,-7.441688338424,
    -18.95037545182));
#565 = CARTESIAN_POINT('',(3.944954659056,-7.44533506196,-18.94911010173
    ));
#566 = CARTESIAN_POINT('',(3.940986175942,-7.448923205894,
    -18.94779581357));
#567 = CARTESIAN_POINT('',(3.937256193839,-7.452440142101,
    -18.94642941685));
#568 = CARTESIAN_POINT('',(3.933802444779,-7.455869802679,
    -18.94500810861));
#569 = CARTESIAN_POINT('',(3.930668052625,-7.45919285235,-18.94352955562
    ));
#570 = CARTESIAN_POINT('',(3.925188210079,-7.465518251304,
    -18.94048458104));
#571 = CARTESIAN_POINT('',(3.922826613231,-7.468527702188,
    -18.93891947348));
#572 = CARTESIAN_POINT('',(3.920866486563,-7.471388637561,-18.9372974386
    ));
#573 = CARTESIAN_POINT('',(3.919360127048,-7.474071433836,
    -18.93562110053));
#574 = CARTESIAN_POINT('',(3.918357606202,-7.47654511982,-18.93389531154
    ));
#575 = CARTESIAN_POINT('',(3.917900174316,-7.478780065462,
    -18.93212772973));
#576 = CARTESIAN_POINT('',(3.918011321848,-7.480751659324,
    -18.93032960553));
#577 = CARTESIAN_POINT('',(3.919253901467,-7.483872623099,
    -18.92698836662));
#578 = CARTESIAN_POINT('',(3.920222977621,-7.485103229867,
    -18.92544861195));
#579 = CARTESIAN_POINT('',(3.921589896199,-7.486127716902,-18.9239069155
    ));
#580 = CARTESIAN_POINT('',(3.923339279264,-7.486944929273,
    -18.92237132054));
#581 = CARTESIAN_POINT('',(3.925446487492,-7.48755987216,-18.92084859046
    ));
#582 = CARTESIAN_POINT('',(3.927880906491,-7.487981947722,-18.9193442881
    ));
#583 = CARTESIAN_POINT('',(3.930609233111,-7.488223191967,-18.9178628549
    ));
#584 = CARTESIAN_POINT('',(3.93933106163,-7.488437099068,-18.91361747076
    ));
#585 = CARTESIAN_POINT('',(3.946015001963,-7.487960268831,
    -18.91092791057));
#586 = CARTESIAN_POINT('',(3.953450477405,-7.48696335394,-18.90834318438
    ));
#587 = CARTESIAN_POINT('',(3.961464650276,-7.485534845026,
    -18.90586273518));
#588 = CARTESIAN_POINT('',(3.969918888682,-7.48374996711,-18.90348239788
    ));
#589 = CARTESIAN_POINT('',(3.97871267686,-7.481667954491,-18.9011950784)
  );
#590 = CARTESIAN_POINT('',(3.987784497746,-7.4793310237,-18.89899098801)
  );
#591 = CARTESIAN_POINT('',(4.010585025915,-7.473057083966,
    -18.89377434553));
#592 = CARTESIAN_POINT('',(4.024541740354,-7.468884077739,
    -18.89084937251));
#593 = CARTESIAN_POINT('',(4.038848838811,-7.464342214192,
    -18.88805535658));
#594 = CARTESIAN_POINT('',(4.053416240906,-7.459496316757,
    -18.88537486011));
#595 = CARTESIAN_POINT('',(4.068181268423,-7.454392342362,-18.8827950799
    ));
#596 = CARTESIAN_POINT('',(4.083100561305,-7.449064781514,
    -18.88030474549));
#597 = CARTESIAN_POINT('',(4.098147419389,-7.443538960089,
    -18.87789300084));
#598 = CARTESIAN_POINT('',(4.133684853045,-7.430158448258,
    -18.87240385786));
#599 = CARTESIAN_POINT('',(4.154245706707,-7.4221653655,-18.86938575056)
  );
#600 = CARTESIAN_POINT('',(4.174947414353,-7.413895554938,
    -18.86647609406));
#601 = CARTESIAN_POINT('',(4.195753976884,-7.40538211024,-18.86366113829
    ));
#602 = CARTESIAN_POINT('',(4.216639060841,-7.396649577357,
    -18.86093056636));
#603 = CARTESIAN_POINT('',(4.237583430988,-7.387717024682,
    -18.85827579063));
#604 = CARTESIAN_POINT('',(4.258573867248,-7.378599264358,
    -18.85568921494));
#605 = CARTESIAN_POINT('',(4.279603566012,-7.369306224721,
    -18.85316446322));
#606 = PCURVE('',#43,#607);
#607 = DEFINITIONAL_REPRESENTATION('',(#608),#702);
#608 = B_SPLINE_CURVE_WITH_KNOTS('',8,(#609,#610,#611,#612,#613,#614,
    #615,#616,#617,#618,#619,#620,#621,#622,#623,#624,#625,#626,#627,
    #628,#629,#630,#631,#632,#633,#634,#635,#636,#637,#638,#639,#640,
    #641,#642,#643,#644,#645,#646,#647,#648,#649,#650,#651,#652,#653,
    #654,#655,#656,#657,#658,#659,#660,#661,#662,#663,#664,#665,#666,
    #667,#668,#669,#670,#671,#672,#673,#674,#675,#676,#677,#678,#679,
    #680,#681,#682,#683,#684,#685,#686,#687,#688,#689,#690,#691,#692,
    #693,#694,#695,#696,#697,#698,#699,#700,#701),.UNSPECIFIED.,.F.,.F.,
  (9,7,7,7,7,7,7,7,7,7,7,7,7,9),(0.,0.144328399632,0.539669105765,
    0.699782217366,0.812434248696,0.892434788396,0.920818962124,
    0.936081457679,0.942631693831,0.949053513558,0.954467803146,
    0.964849483715,0.979851500347,1.),.UNSPECIFIED.);
#609 = CARTESIAN_POINT('',(6.28318530718,-1.463588441374));
#610 = CARTESIAN_POINT('',(6.262251552195,-1.467114926468));
#611 = CARTESIAN_POINT('',(6.2413079294,-1.470562707463));
#612 = CARTESIAN_POINT('',(6.220354769248,-1.473930869002));
#613 = CARTESIAN_POINT('',(6.199392414974,-1.477218292809));
#614 = CARTESIAN_POINT('',(6.178421222593,-1.480423657686));
#615 = CARTESIAN_POINT('',(6.157441560901,-1.483545439517));
#616 = CARTESIAN_POINT('',(6.136453811475,-1.486581911266));
#617 = CARTESIAN_POINT('',(6.057948182142,-1.497609603974));
#618 = CARTESIAN_POINT('',(6.000372481474,-1.505034642602));
#619 = CARTESIAN_POINT('',(5.942749743624,-1.511763043948));
#620 = CARTESIAN_POINT('',(5.885090016223,-1.517743469934));
#621 = CARTESIAN_POINT('',(5.827401949248,-1.522901123147));
#622 = CARTESIAN_POINT('',(5.769694941147,-1.527139373177));
#623 = CARTESIAN_POINT('',(5.711984501724,-1.530321233852));
#624 = CARTESIAN_POINT('',(5.630950310888,-1.532951880484));
#625 = CARTESIAN_POINT('',(5.60759641171,-1.533495293194));
#626 = CARTESIAN_POINT('',(5.58424928153,-1.53380722732));
#627 = CARTESIAN_POINT('',(5.560911310479,-1.533866840555));
#628 = CARTESIAN_POINT('',(5.537585234606,-1.533649448879));
#629 = CARTESIAN_POINT('',(5.514274445478,-1.533124427043));
#630 = CARTESIAN_POINT('',(5.490983608645,-1.532250599546));
#631 = CARTESIAN_POINT('',(5.451351544498,-1.530067502994));
#632 = CARTESIAN_POINT('',(5.43499723789,-1.52896411029));
#633 = CARTESIAN_POINT('',(5.418658617815,-1.527637949768));
#634 = CARTESIAN_POINT('',(5.402338433604,-1.526064332429));
#635 = CARTESIAN_POINT('',(5.386040802665,-1.524210248019));
#636 = CARTESIAN_POINT('',(5.369771255242,-1.522034204257));
#637 = CARTESIAN_POINT('',(5.353537538589,-1.519479697434));
#638 = CARTESIAN_POINT('',(5.325858526971,-1.514300972717));
#639 = CARTESIAN_POINT('',(5.314395965721,-1.511912576674));
#640 = CARTESIAN_POINT('',(5.302962732129,-1.50925298379));
#641 = CARTESIAN_POINT('',(5.291563668513,-1.506271159023));
#642 = CARTESIAN_POINT('',(5.280206565327,-1.502920337714));
#643 = CARTESIAN_POINT('',(5.268912957674,-1.499092046375));
#644 = CARTESIAN_POINT('',(5.257706436723,-1.494690174078));
#645 = CARTESIAN_POINT('',(5.242726695138,-1.487506487917));
#646 = CARTESIAN_POINT('',(5.238825601309,-1.485513315953));
#647 = CARTESIAN_POINT('',(5.23494731191,-1.483392459574));
#648 = CARTESIAN_POINT('',(5.231095065172,-1.481126412511));
#649 = CARTESIAN_POINT('',(5.227275737096,-1.478690643069));
#650 = CARTESIAN_POINT('',(5.223499434981,-1.476055221822));
#651 = CARTESIAN_POINT('',(5.219780679807,-1.47317932761));
#652 = CARTESIAN_POINT('',(5.214189319248,-1.468266699215));
#653 = CARTESIAN_POINT('',(5.212261398048,-1.466459639315));
#654 = CARTESIAN_POINT('',(5.210362031388,-1.464549147519));
#655 = CARTESIAN_POINT('',(5.208495871117,-1.462520116427));
#656 = CARTESIAN_POINT('',(5.206672080914,-1.460353898379));
#657 = CARTESIAN_POINT('',(5.204904045446,-1.458028992534));
#658 = CARTESIAN_POINT('',(5.203210441359,-1.455517935442));
#659 = CARTESIAN_POINT('',(5.200938077507,-1.451595299682));
#660 = CARTESIAN_POINT('',(5.20027546571,-1.450375451825));
#661 = CARTESIAN_POINT('',(5.19963484219,-1.449110101737));
#662 = CARTESIAN_POINT('',(5.199019370288,-1.447795813577));
#663 = CARTESIAN_POINT('',(5.198433086977,-1.446429416855));
#664 = CARTESIAN_POINT('',(5.19788083561,-1.445008108619));
#665 = CARTESIAN_POINT('',(5.197368198664,-1.443529555627));
#666 = CARTESIAN_POINT('',(5.196443813244,-1.440484581049));
#667 = CARTESIAN_POINT('',(5.196029970713,-1.438919473482));
#668 = CARTESIAN_POINT('',(5.195666626259,-1.437297438603));
#669 = CARTESIAN_POINT('',(5.195360874498,-1.435621100536));
#670 = CARTESIAN_POINT('',(5.195119635633,-1.433895311549));
#671 = CARTESIAN_POINT('',(5.194948814841,-1.43212772973));
#672 = CARTESIAN_POINT('',(5.194852166729,-1.430329605536));
#673 = CARTESIAN_POINT('',(5.194811061945,-1.426988366621));
#674 = CARTESIAN_POINT('',(5.194845112692,-1.42544861195));
#675 = CARTESIAN_POINT('',(5.194932179285,-1.423906915509));
#676 = CARTESIAN_POINT('',(5.195070674177,-1.42237132054));
#677 = CARTESIAN_POINT('',(5.195257703503,-1.420848590466));
#678 = CARTESIAN_POINT('',(5.19548951049,-1.419344288107));
#679 = CARTESIAN_POINT('',(5.195761918878,-1.417862854903));
#680 = CARTESIAN_POINT('',(5.196662997988,-1.413617470761));
#681 = CARTESIAN_POINT('',(5.197388318155,-1.41092791057));
#682 = CARTESIAN_POINT('',(5.198220294307,-1.408343184389));
#683 = CARTESIAN_POINT('',(5.199135902497,-1.405862735187));
#684 = CARTESIAN_POINT('',(5.200116479773,-1.403482397881));
#685 = CARTESIAN_POINT('',(5.201148258709,-1.401195078402));
#686 = CARTESIAN_POINT('',(5.202222494061,-1.398990988019));
#687 = CARTESIAN_POINT('',(5.204943067324,-1.393774345531));
#688 = CARTESIAN_POINT('',(5.206625549395,-1.390849372517));
#689 = CARTESIAN_POINT('',(5.20836367171,-1.388055356589));
#690 = CARTESIAN_POINT('',(5.210144504745,-1.385374860112));
#691 = CARTESIAN_POINT('',(5.211959030363,-1.382795079906));
#692 = CARTESIAN_POINT('',(5.213800877959,-1.380304745498));
#693 = CARTESIAN_POINT('',(5.215665911887,-1.377893000847));
#694 = CARTESIAN_POINT('',(5.220086686076,-1.372403857866));
#695 = CARTESIAN_POINT('',(5.222656586579,-1.369385750566));
#696 = CARTESIAN_POINT('',(5.225254726172,-1.366476094067));
#697 = CARTESIAN_POINT('',(5.227875628514,-1.36366113829));
#698 = CARTESIAN_POINT('',(5.230515291261,-1.360930566365));
#699 = CARTESIAN_POINT('',(5.233170747667,-1.358275790636));
#700 = CARTESIAN_POINT('',(5.235839884978,-1.355689214946));
#701 = CARTESIAN_POINT('',(5.238521519624,-1.35316446322));
#702 = ( GEOMETRIC_REPRESENTATION_CONTEXT(2) 
PARAMETRIC_REPRESENTATION_CONTEXT() REPRESENTATION_CONTEXT('2D SPACE',''
  ) );
#703 = PCURVE('',#704,#789);
#704 = ( BOUNDED_SURFACE() B_SPLINE_SURFACE(6,11,(
    (#705,#706,#707,#708,#709,#710,#711,#712,#713,#714,#715,#716)
    ,(#717,#718,#719,#720,#721,#722,#723,#724,#725,#726,#727,#728)
    ,(#729,#730,#731,#732,#733,#734,#735,#736,#737,#738,#739,#740)
    ,(#741,#742,#743,#744,#745,#746,#747,#748,#749,#750,#751,#752)
    ,(#753,#754,#755,#756,#757,#758,#759,#760,#761,#762,#763,#764)
    ,(#765,#766,#767,#768,#769,#770,#771,#772,#773,#774,#775,#776)
    ,(#777,#778,#779,#780,#781,#782,#783,#784,#785,#786,#787,#788
)),.UNSPECIFIED.,.F.,.F.,.F.) B_SPLINE_SURFACE_WITH_KNOTS((7,7),(12,12),
  (0.,2.094395102393),(0.,6.762279024438),.PIECEWISE_BEZIER_KNOTS.) 
GEOMETRIC_REPRESENTATION_ITEM() RATIONAL_B_SPLINE_SURFACE((
    (1.056590953773,1.056590953773,1.056590953773,1.056590953773
      ,1.056590953772,1.056590953774,1.056590953772,1.056590953774
      ,1.056590953773,1.056590953773,1.056590953773,1.056590953773)
    ,(1.017435169568,1.017435169568,1.017435169568,1.017435169568
      ,1.017435169568,1.017435169569,1.017435169568,1.017435169569
      ,1.017435169568,1.017435169568,1.017435169568,1.017435169568)
    ,(0.996326512422,0.996326512422,0.996326512422,0.996326512422
      ,0.996326512422,0.996326512423,0.996326512422,0.996326512423
      ,0.996326512422,0.996326512422,0.996326512422,0.996326512422)
    ,(0.989390034249,0.989390034249,0.989390034249,0.989390034249
      ,0.989390034248,0.989390034249,0.989390034248,0.989390034249
      ,0.989390034248,0.989390034249,0.989390034249,0.989390034249)
    ,(0.996326512422,0.996326512422,0.996326512422,0.996326512422
      ,0.996326512422,0.996326512423,0.996326512421,0.996326512423
      ,0.996326512422,0.996326512422,0.996326512422,0.996326512422)
    ,(1.017435169568,1.017435169568,1.017435169568,1.017435169568
      ,1.017435169568,1.017435169568,1.017435169568,1.017435169568
      ,1.017435169568,1.017435169568,1.017435169568,1.017435169568)
    ,(1.056590953773,1.056590953773,1.056590953773,1.056590953773
      ,1.056590953772,1.056590953774,1.056590953772,1.056590953774
      ,1.056590953773,1.056590953773,1.056590953773,1.056590953773
))) REPRESENTATION_ITEM('') SURFACE() );
#705 = CARTESIAN_POINT('',(8.521837120238,3.1642505283E-07,
    -19.06250785323));
#706 = CARTESIAN_POINT('',(8.521832998167,-4.867657914385,
    -19.28976194927));
#707 = CARTESIAN_POINT('',(5.463396001919,-9.735197110224,
    -19.51712033209));
#708 = CARTESIAN_POINT('',(-0.655655022851,-12.46882393478,
    -19.74414428493));
#709 = CARTESIAN_POINT('',(-8.139814557735,-10.92533393965,
    -19.97192424871));
#710 = CARTESIAN_POINT('',(-13.71167643,-4.506169343445,-20.1984320336)
  );
#711 = CARTESIAN_POINT('',(-13.7114596165,4.506155210715,-20.42657974665
    ));
#712 = CARTESIAN_POINT('',(-8.139975153532,10.925360153506,
    -20.65308753033));
#713 = CARTESIAN_POINT('',(-0.65556996233,12.468805408697,
    -20.88086749554));
#714 = CARTESIAN_POINT('',(5.463363269524,9.735202821584,-21.10789144753
    ));
#715 = CARTESIAN_POINT('',(8.521840425803,4.867658389024,-21.33524983062
    ));
#716 = CARTESIAN_POINT('',(8.521836213407,1.5821202415E-07,
    -21.56250392661));
#717 = CARTESIAN_POINT('',(8.408558497615,3.429141493E-07,
    -18.99710728653));
#718 = CARTESIAN_POINT('',(8.408555291152,-4.802953051953,
    -19.22435982288));
#719 = CARTESIAN_POINT('',(5.390769567178,-9.605788940077,
    -19.45172537628));
#720 = CARTESIAN_POINT('',(-0.646931282841,-12.30308701409,
    -19.67872850315));
#721 = CARTESIAN_POINT('',(-8.031630123643,-10.78008267746,
    -19.90655092984));
#722 = CARTESIAN_POINT('',(-13.52938913493,-4.446310274495,
    -20.13299467829));
#723 = CARTESIAN_POINT('',(-13.52921776928,4.44629887568,-20.36121563977
    ));
#724 = CARTESIAN_POINT('',(-8.031757288544,10.780103272503,
    -20.58765938724));
#725 = CARTESIAN_POINT('',(-0.646864227105,12.303072354414,
    -20.81548181511));
#726 = CARTESIAN_POINT('',(5.390743526097,9.60579354533,-21.04248494125)
  );
#727 = CARTESIAN_POINT('',(8.40856108491,4.802953566325,-21.2698504949)
  );
#728 = CARTESIAN_POINT('',(8.408557780563,1.7145656006E-07,
    -21.4971030312));
#729 = CARTESIAN_POINT('',(8.328730353644,3.6158112193E-07,
    -18.88641405916));
#730 = CARTESIAN_POINT('',(8.328728681941,-4.757355189894,
    -19.11366549638));
#731 = CARTESIAN_POINT('',(5.339586003438,-9.514594870482,
    -19.34103610296));
#732 = CARTESIAN_POINT('',(-0.640774752509,-12.18628940991,
    -19.56802455357));
#733 = CARTESIAN_POINT('',(-7.95540851254,-10.67772609389,
    -19.79587690424));
#734 = CARTESIAN_POINT('',(-13.40090786762,-4.404125887082,
    -20.02227552575));
#735 = CARTESIAN_POINT('',(-13.40081340355,4.404119178689,-20.2505481058
    ));
#736 = CARTESIAN_POINT('',(-7.955479043962,10.677737216333,
    -20.47694672671));
#737 = CARTESIAN_POINT('',(-0.640738113173,12.186281297303,
    -20.70479907811));
#738 = CARTESIAN_POINT('',(5.339571332515,9.514597578437,-20.93178752826
    ));
#739 = CARTESIAN_POINT('',(8.328731732716,4.757355732266,-21.15915813501
    ));
#740 = CARTESIAN_POINT('',(8.328729957803,1.8079006314E-07,
    -21.38640957219));
#741 = CARTESIAN_POINT('',(8.299876583623,3.6832816597E-07,
    -18.7500091414));
#742 = CARTESIAN_POINT('',(8.299876793887,-4.740873986868,
    -18.97726018134));
#743 = CARTESIAN_POINT('',(5.321080901536,-9.481633896382,-19.2046326144
    ));
#744 = CARTESIAN_POINT('',(-0.638536268159,-12.14407043364,
    -19.43161576022));
#745 = CARTESIAN_POINT('',(-7.927883127005,-10.64073374335,-19.659478927
    ));
#746 = CARTESIAN_POINT('',(-13.3544352422,-4.388876411769,
    -19.88586123736));
#747 = CARTESIAN_POINT('',(-13.35443552937,4.388875522515,
    -20.11415247478));
#748 = CARTESIAN_POINT('',(-7.927883838975,10.640733216222,
    -20.34053478501));
#749 = CARTESIAN_POINT('',(-0.638537074606,12.144070390726,
    -20.56839795198));
#750 = CARTESIAN_POINT('',(5.321080269662,9.481634250708,-20.79538109764
    ));
#751 = CARTESIAN_POINT('',(8.299876478472,4.74087453936,-21.0227535308)
  );
#752 = CARTESIAN_POINT('',(8.299876583603,1.8416361613E-07,
    -21.2500045707));
#753 = CARTESIAN_POINT('',(8.32872877036,3.6158120031E-07,
    -18.61360388874));
#754 = CARTESIAN_POINT('',(8.328730854886,-4.757354511613,
    -18.84085532594));
#755 = CARTESIAN_POINT('',(5.339571191537,-9.51459587405,-19.06822593267
    ));
#756 = CARTESIAN_POINT('',(-0.64073723016,-12.18627960209,
    -19.29521438276));
#757 = CARTESIAN_POINT('',(-7.955477210774,-10.67773621114,
    -19.52306673441));
#758 = CARTESIAN_POINT('',(-13.40081121104,-4.404119424204,
    -19.74946535478));
#759 = CARTESIAN_POINT('',(-13.40090623889,4.404124386667,-19.9777379356
    ));
#760 = CARTESIAN_POINT('',(-7.955408077236,10.677724053744,
    -20.20413655631));
#761 = CARTESIAN_POINT('',(-0.640775452828,12.186287630438,
    -20.43198890761));
#762 = CARTESIAN_POINT('',(5.339584621855,9.514593861764,-20.65897735785
    ));
#763 = CARTESIAN_POINT('',(8.328727184839,4.757355053985,-20.88634796459
    ));
#764 = CARTESIAN_POINT('',(8.328729166161,1.807901846E-07,
    -21.11359940176));
#765 = CARTESIAN_POINT('',(8.408555629484,3.4291432049E-07,
    -18.50290973479));
#766 = CARTESIAN_POINT('',(8.408559227457,-4.802951823243,-18.7301622711
    ));
#767 = CARTESIAN_POINT('',(5.390742735311,-9.605790758044,
    -18.95752782479));
#768 = CARTESIAN_POINT('',(-0.646863310833,-12.30306924716,
    -19.1845309507));
#769 = CARTESIAN_POINT('',(-8.031754570989,-10.78010100493,
    -19.41235337919));
#770 = CARTESIAN_POINT('',(-13.52921404084,-4.446298566956,
    -19.63879712557));
#771 = CARTESIAN_POINT('',(-13.52938594116,4.446308309972,
    -19.86701808844));
#772 = CARTESIAN_POINT('',(-8.031628731813,10.780079428383,
    -20.09346183554));
#773 = CARTESIAN_POINT('',(-0.64693186816,12.30308382693,-20.32128426323
    ));
#774 = CARTESIAN_POINT('',(5.390767599834,9.60578681255,-20.54828738954)
  );
#775 = CARTESIAN_POINT('',(8.408552846397,4.802952337614,-20.77565294317
    ));
#776 = CARTESIAN_POINT('',(8.408556346498,1.7145678721E-07,
    -21.00290547945));
#777 = CARTESIAN_POINT('',(8.521833492981,3.1642525777E-07,
    -18.43750785324));
#778 = CARTESIAN_POINT('',(8.52183797632,-4.867656360464,-18.66476194924
    ));
#779 = CARTESIAN_POINT('',(5.463362068289,-9.735199409365,
    -18.89212033241));
#780 = CARTESIAN_POINT('',(-0.655569060255,-12.46880146536,
    -19.11914428405));
#781 = CARTESIAN_POINT('',(-8.139971943362,-10.92535711797,
    -19.3469242501));
#782 = CARTESIAN_POINT('',(-13.71145499262,-4.506154537193,
    -19.57343203237));
#783 = CARTESIAN_POINT('',(-13.71167229952,4.506167142041,
    -19.80157974718));
#784 = CARTESIAN_POINT('',(-8.139812570861,10.925329998404,
    -20.02808753041));
#785 = CARTESIAN_POINT('',(-0.655655506378,12.46881991772,
    -20.25586749538));
#786 = CARTESIAN_POINT('',(5.463393715011,9.735194306794,-20.48289144757
    ));
#787 = CARTESIAN_POINT('',(8.52183000675,4.867656835102,-20.71024983065)
  );
#788 = CARTESIAN_POINT('',(8.521834399778,1.5821230637E-07,
    -20.93750392662));
#789 = DEFINITIONAL_REPRESENTATION('',(#790),#884);
#790 = B_SPLINE_CURVE_WITH_KNOTS('',8,(#791,#792,#793,#794,#795,#796,
    #797,#798,#799,#800,#801,#802,#803,#804,#805,#806,#807,#808,#809,
    #810,#811,#812,#813,#814,#815,#816,#817,#818,#819,#820,#821,#822,
    #823,#824,#825,#826,#827,#828,#829,#830,#831,#832,#833,#834,#835,
    #836,#837,#838,#839,#840,#841,#842,#843,#844,#845,#846,#847,#848,
    #849,#850,#851,#852,#853,#854,#855,#856,#857,#858,#859,#860,#861,
    #862,#863,#864,#865,#866,#867,#868,#869,#870,#871,#872,#873,#874,
    #875,#876,#877,#878,#879,#880,#881,#882,#883),.UNSPECIFIED.,.F.,.F.,
  (9,7,7,7,7,7,7,7,7,7,7,7,7,9),(0.,0.144328399632,0.539669105765,
    0.699782217366,0.812434248696,0.892434788396,0.920818962124,
    0.936081457679,0.942631693831,0.949053513558,0.954467803146,
    0.964849483715,0.979851500347,1.),.UNSPECIFIED.);
#791 = CARTESIAN_POINT('',(0.413796482698,4.407671947E-08));
#792 = CARTESIAN_POINT('',(0.430307090715,2.253001932715E-02));
#793 = CARTESIAN_POINT('',(0.44687358826,4.507063535649E-02));
#794 = CARTESIAN_POINT('',(0.463502700379,6.762152605712E-02));
#795 = CARTESIAN_POINT('',(0.480201651459,9.018231304115E-02));
#796 = CARTESIAN_POINT('',(0.496978165231,0.11275260564));
#797 = CARTESIAN_POINT('',(0.513840464768,0.135332000906));
#798 = CARTESIAN_POINT('',(0.530797272486,0.15792008361));
#799 = CARTESIAN_POINT('',(0.594589603893,0.242411757136));
#800 = CARTESIAN_POINT('',(0.642105862612,0.304377449154));
#801 = CARTESIAN_POINT('',(0.690595246178,0.366393559532));
#802 = CARTESIAN_POINT('',(0.740276593586,0.428449316892));
#803 = CARTESIAN_POINT('',(0.791447538128,0.490535522156));
#804 = CARTESIAN_POINT('',(0.844474887889,0.552642178919));
#805 = CARTESIAN_POINT('',(0.899857955306,0.61475267329));
#806 = CARTESIAN_POINT('',(0.982244454143,0.701965468641));
#807 = CARTESIAN_POINT('',(1.006528292987,0.727100060361));
#808 = CARTESIAN_POINT('',(1.031406934447,0.752227400176));
#809 = CARTESIAN_POINT('',(1.05695516332,0.777344917294));
#810 = CARTESIAN_POINT('',(1.083261455662,0.802449667456));
#811 = CARTESIAN_POINT('',(1.110435586475,0.827537999745));
#812 = CARTESIAN_POINT('',(1.13862554025,0.852604891061));
#813 = CARTESIAN_POINT('',(1.188741705653,0.895259169572));
#814 = CARTESIAN_POINT('',(1.210047112601,0.912860618201));
#815 = CARTESIAN_POINT('',(1.232036348282,0.930445198116));
#816 = CARTESIAN_POINT('',(1.254798803675,0.9480099492));
#817 = CARTESIAN_POINT('',(1.278454216091,0.965550438747));
#818 = CARTESIAN_POINT('',(1.303153101953,0.983060713321));
#819 = CARTESIAN_POINT('',(1.329101131171,1.000532433298));
#820 = CARTESIAN_POINT('',(1.376211110843,1.030322292644));
#821 = CARTESIAN_POINT('',(1.396569796745,1.042659011553));
#822 = CARTESIAN_POINT('',(1.417853190788,1.054964169203));
#823 = CARTESIAN_POINT('',(1.440252021394,1.067232553403));
#824 = CARTESIAN_POINT('',(1.463936319461,1.079455778984));
#825 = CARTESIAN_POINT('',(1.489304108241,1.09161066792));
#826 = CARTESIAN_POINT('',(1.516701453388,1.103671829329));
#827 = CARTESIAN_POINT('',(1.558211353651,1.119793967836));
#828 = CARTESIAN_POINT('',(1.569481726405,1.123992569989));
#829 = CARTESIAN_POINT('',(1.581212263195,1.128166628575));
#830 = CARTESIAN_POINT('',(1.593468017472,1.132312658382));
#831 = CARTESIAN_POINT('',(1.606338343443,1.136423259008));
#832 = CARTESIAN_POINT('',(1.619930890145,1.140487552321));
#833 = CARTESIAN_POINT('',(1.634392216551,1.144489909916));
#834 = CARTESIAN_POINT('',(1.658403945234,1.150507682745));
#835 = CARTESIAN_POINT('',(1.667119423136,1.152582632397));
#836 = CARTESIAN_POINT('',(1.67620851913,1.154626849832));
#837 = CARTESIAN_POINT('',(1.685726357,1.156635328439));
#838 = CARTESIAN_POINT('',(1.695738210034,1.158598205691));
#839 = CARTESIAN_POINT('',(1.706317120313,1.16050107617));
#840 = CARTESIAN_POINT('',(1.717555379888,1.162323838908));
#841 = CARTESIAN_POINT('',(1.734791758035,1.164769499096));
#842 = CARTESIAN_POINT('',(1.740114185043,1.165482643375));
#843 = CARTESIAN_POINT('',(1.745595394186,1.16617212249));
#844 = CARTESIAN_POINT('',(1.751246334809,1.166834531855));
#845 = CARTESIAN_POINT('',(1.75707624219,1.167465526629));
#846 = CARTESIAN_POINT('',(1.763092313108,1.168059894093));
#847 = CARTESIAN_POINT('',(1.769299381424,1.168611626036));
#848 = CARTESIAN_POINT('',(1.781974330639,1.169606507437));
#849 = CARTESIAN_POINT('',(1.788438791849,1.17005191065));
#850 = CARTESIAN_POINT('',(1.795084833835,1.170442964673));
#851 = CARTESIAN_POINT('',(1.801896817572,1.170772033838));
#852 = CARTESIAN_POINT('',(1.808850637411,1.171031670192));
#853 = CARTESIAN_POINT('',(1.8159121178,1.171215518215));
#854 = CARTESIAN_POINT('',(1.823034777765,1.171319536964));
#855 = CARTESIAN_POINT('',(1.83616173686,1.17136377652));
#856 = CARTESIAN_POINT('',(1.842169659517,1.171327128987));
#857 = CARTESIAN_POINT('',(1.848144098578,1.171233422487));
#858 = CARTESIAN_POINT('',(1.854055092734,1.171084365637));
#859 = CARTESIAN_POINT('',(1.85987868125,1.170883072996));
#860 = CARTESIAN_POINT('',(1.865596233291,1.170633587836));
#861 = CARTESIAN_POINT('',(1.871193777258,1.170340404909));
#862 = CARTESIAN_POINT('',(1.887145140833,1.169370607265));
#863 = CARTESIAN_POINT('',(1.897135741878,1.168589972368));
#864 = CARTESIAN_POINT('',(1.906638238458,1.167694547624));
#865 = CARTESIAN_POINT('',(1.915672998819,1.166709112839));
#866 = CARTESIAN_POINT('',(1.924270773501,1.165653754247));
#867 = CARTESIAN_POINT('',(1.932469835805,1.164543289212));
#868 = CARTESIAN_POINT('',(1.9403151435,1.16338712991));
#869 = CARTESIAN_POINT('',(1.958761503107,1.160459078695));
#870 = CARTESIAN_POINT('',(1.968996855698,1.158648286157));
#871 = CARTESIAN_POINT('',(1.978686220749,1.156777610072));
#872 = CARTESIAN_POINT('',(1.987907387289,1.154860966001));
#873 = CARTESIAN_POINT('',(1.996716952159,1.152908059828));
#874 = CARTESIAN_POINT('',(2.005163527971,1.150925747996));
#875 = CARTESIAN_POINT('',(2.013292499024,1.148918481551));
#876 = CARTESIAN_POINT('',(2.031685055744,1.144160567132));
#877 = CARTESIAN_POINT('',(2.041711637535,1.141394678994));
#878 = CARTESIAN_POINT('',(2.05130500083,1.138598398131));
#879 = CARTESIAN_POINT('',(2.060522571695,1.135777618526));
#880 = CARTESIAN_POINT('',(2.069407266887,1.132936647761));
#881 = CARTESIAN_POINT('',(2.077994509577,1.130078678842));
#882 = CARTESIAN_POINT('',(2.086315265912,1.127205985651));
#883 = CARTESIAN_POINT('',(2.094395102393,1.12431984203));
#884 = ( GEOMETRIC_REPRESENTATION_CONTEXT(2) 
PARAMETRIC_REPRESENTATION_CONTEXT() REPRESENTATION_CONTEXT('2D SPACE',''
  ) );
#885 = ORIENTED_EDGE('',*,*,#886,.T.);
#886 = EDGE_CURVE('',#509,#22,#887,.T.);
#887 = SEAM_CURVE('',#888,(#892,#899),.PCURVE_S1.);
#888 = LINE('',#889,#890);
#889 = CARTESIAN_POINT('',(9.875,0.,-17.5));
#890 = VECTOR('',#891,1.);
#891 = DIRECTION('',(-0.707106781187,0.,-0.707106781187));
#892 = PCURVE('',#43,#893);
#893 = DEFINITIONAL_REPRESENTATION('',(#894),#898);
#894 = LINE('',#895,#896);
#895 = CARTESIAN_POINT('',(0.,-0.));
#896 = VECTOR('',#897,1.);
#897 = DIRECTION('',(0.,-1.));
#898 = ( GEOMETRIC_REPRESENTATION_CONTEXT(2) 
PARAMETRIC_REPRESENTATION_CONTEXT() REPRESENTATION_CONTEXT('2D SPACE',''
  ) );
#899 = PCURVE('',#43,#900);
#900 = DEFINITIONAL_REPRESENTATION('',(#901),#905);
#901 = LINE('',#902,#903);
#902 = CARTESIAN_POINT('',(6.28318530718,-0.));
#903 = VECTOR('',#904,1.);
#904 = DIRECTION('',(0.,-1.));
#905 = ( GEOMETRIC_REPRESENTATION_CONTEXT(2) 
PARAMETRIC_REPRESENTATION_CONTEXT() REPRESENTATION_CONTEXT('2D SPACE',''
  ) );
#906 = ORIENTED_EDGE('',*,*,#21,.F.);
#907 = ORIENTED_EDGE('',*,*,#886,.F.);
#908 = ORIENTED_EDGE('',*,*,#909,.T.);
#909 = EDGE_CURVE('',#509,#92,#910,.T.);
#910 = SURFACE_CURVE('',#911,(#919,#930),.PCURVE_S1.);
#911 = B_SPLINE_CURVE_WITH_KNOTS('',6,(#912,#913,#914,#915,#916,#917,
    #918),.UNSPECIFIED.,.F.,.F.,(7,7),(0.,1.),.PIECEWISE_BEZIER_KNOTS.);
#912 = CARTESIAN_POINT('',(8.41141156548,3.4224737421E-07,
    -18.96358843452));
#913 = CARTESIAN_POINT('',(8.426274349887,0.742121898578,-18.94872561991
    ));
#914 = CARTESIAN_POINT('',(8.364038235908,1.485990450827,-18.93239021334
    ));
#915 = CARTESIAN_POINT('',(8.22453810163,2.221190173428,-18.9146825528)
  );
#916 = CARTESIAN_POINT('',(8.009729353639,2.937907483886,-18.89560977455
    ));
#917 = CARTESIAN_POINT('',(7.722947237724,3.626802806699,-18.87514333647
    ));
#918 = CARTESIAN_POINT('',(7.36951357438,4.279195266189,-18.85319018933)
  );
#919 = PCURVE('',#43,#920);
#920 = DEFINITIONAL_REPRESENTATION('',(#921),#929);
#921 = B_SPLINE_CURVE_WITH_KNOTS('',6,(#922,#923,#924,#925,#926,#927,
    #928),.UNSPECIFIED.,.F.,.F.,(7,7),(0.,1.),.PIECEWISE_BEZIER_KNOTS.);
#922 = CARTESIAN_POINT('',(4.068845895E-08,-1.46358843452));
#923 = CARTESIAN_POINT('',(8.822798554037E-02,-1.448725619917));
#924 = CARTESIAN_POINT('',(0.17628913867,-1.432390213343));
#925 = CARTESIAN_POINT('',(0.264115530508,-1.414682552806));
#926 = CARTESIAN_POINT('',(0.351704305732,-1.395609774555));
#927 = CARTESIAN_POINT('',(0.439048887392,-1.375143336478));
#928 = CARTESIAN_POINT('',(0.526078887596,-1.353190189335));
#929 = ( GEOMETRIC_REPRESENTATION_CONTEXT(2) 
PARAMETRIC_REPRESENTATION_CONTEXT() REPRESENTATION_CONTEXT('2D SPACE',''
  ) );
#930 = PCURVE('',#931,#1016);
#931 = ( BOUNDED_SURFACE() B_SPLINE_SURFACE(6,11,(
    (#932,#933,#934,#935,#936,#937,#938,#939,#940,#941,#942,#943)
    ,(#944,#945,#946,#947,#948,#949,#950,#951,#952,#953,#954,#955)
    ,(#956,#957,#958,#959,#960,#961,#962,#963,#964,#965,#966,#967)
    ,(#968,#969,#970,#971,#972,#973,#974,#975,#976,#977,#978,#979)
    ,(#980,#981,#982,#983,#984,#985,#986,#987,#988,#989,#990,#991)
    ,(#992,#993,#994,#995,#996,#997,#998,#999,#1000,#1001,#1002,#1003)
    ,(#1004,#1005,#1006,#1007,#1008,#1009,#1010,#1011,#1012,#1013,#1014
,#1015
    )),.UNSPECIFIED.,.F.,.F.,.F.) B_SPLINE_SURFACE_WITH_KNOTS((7,7),(12,
    12),(0.,2.094395102393),(0.,6.762279024438),
.PIECEWISE_BEZIER_KNOTS.) GEOMETRIC_REPRESENTATION_ITEM() 
RATIONAL_B_SPLINE_SURFACE((
    (1.056590953773,1.056590953773,1.056590953773,1.056590953773
      ,1.056590953772,1.056590953774,1.056590953772,1.056590953774
      ,1.056590953773,1.056590953773,1.056590953773,1.056590953773)
    ,(1.017435169568,1.017435169568,1.017435169568,1.017435169568
      ,1.017435169568,1.017435169569,1.017435169568,1.017435169569
      ,1.017435169568,1.017435169568,1.017435169568,1.017435169568)
    ,(0.996326512422,0.996326512422,0.996326512422,0.996326512422
      ,0.996326512422,0.996326512423,0.996326512422,0.996326512423
      ,0.996326512422,0.996326512422,0.996326512422,0.996326512422)
    ,(0.989390034249,0.989390034249,0.989390034249,0.989390034249
      ,0.989390034248,0.989390034249,0.989390034248,0.989390034249
      ,0.989390034248,0.989390034249,0.989390034249,0.989390034249)
    ,(0.996326512422,0.996326512422,0.996326512422,0.996326512422
      ,0.996326512422,0.996326512423,0.996326512421,0.996326512423
      ,0.996326512422,0.996326512422,0.996326512422,0.996326512422)
    ,(1.017435169568,1.017435169568,1.017435169568,1.017435169568
      ,1.017435169568,1.017435169568,1.017435169568,1.017435169568
      ,1.017435169568,1.017435169568,1.017435169568,1.017435169568)
    ,(1.056590953773,1.056590953773,1.056590953773,1.056590953773
      ,1.056590953772,1.056590953774,1.056590953772,1.056590953774
      ,1.056590953773,1.056590953773,1.056590953773,1.056590953773
))) REPRESENTATION_ITEM('') SURFACE() );
#932 = CARTESIAN_POINT('',(8.521838027081,4.7463774178E-07,
    -16.56251177985));
#933 = CARTESIAN_POINT('',(8.521833995325,-4.867658274159,
    -16.78976587589));
#934 = CARTESIAN_POINT('',(5.46339676424,-9.735198044723,-17.01712425868
    ));
#935 = CARTESIAN_POINT('',(-0.655654861681,-12.46882527384,
    -17.24414821164));
#936 = CARTESIAN_POINT('',(-8.139815220047,-10.9253352534,
    -17.47192817514));
#937 = CARTESIAN_POINT('',(-13.71167780685,-4.506170077298,
    -17.69843596049));
#938 = CARTESIAN_POINT('',(-13.71146115783,4.506155435272,
    -17.92658367296));
#939 = CARTESIAN_POINT('',(-8.139976223595,10.92536116535,-18.1530914572
    ));
#940 = CARTESIAN_POINT('',(-0.655570263036,12.468806723185,
    -18.38087142201));
#941 = CARTESIAN_POINT('',(5.463363669957,9.735203959012,-18.6078953742)
  );
#942 = CARTESIAN_POINT('',(8.521841242316,4.867659065223,-18.83525375722
    ));
#943 = CARTESIAN_POINT('',(8.521837120238,3.1642510989E-07,
    -19.06250785323));
#944 = CARTESIAN_POINT('',(8.408559214678,5.14371431E-07,-16.49711154186
    ));
#945 = CARTESIAN_POINT('',(8.408556106092,-4.80295329008,-16.72436407821
    ));
#946 = CARTESIAN_POINT('',(5.390770222978,-9.60578964928,-16.9517296316)
  );
#947 = CARTESIAN_POINT('',(-0.646931087736,-12.30308807652,
    -17.17873275854));
#948 = CARTESIAN_POINT('',(-8.031630587617,-10.78008376051,
    -17.40655518503));
#949 = CARTESIAN_POINT('',(-13.52939019955,-4.446310929375,
    -17.63299893383));
#950 = CARTESIAN_POINT('',(-13.52921901215,4.446298978632,
    -17.86121989486));
#951 = CARTESIAN_POINT('',(-8.0317581944,10.780104028366,-18.08766364277
    ));
#952 = CARTESIAN_POINT('',(-0.646864532543,12.30307339021,
    -18.31548607031));
#953 = CARTESIAN_POINT('',(5.390743789714,9.60579447445,-18.54248919663)
  );
#954 = CARTESIAN_POINT('',(8.408561704083,4.802954147366,-18.76985475021
    ));
#955 = CARTESIAN_POINT('',(8.408558497615,3.4291421547E-07,
    -18.99710728653));
#956 = CARTESIAN_POINT('',(8.328730749498,5.4237194314E-07,
    -16.38641854614));
#957 = CARTESIAN_POINT('',(8.328729181,-4.757355235211,-16.61366998335)
  );
#958 = CARTESIAN_POINT('',(5.339586463981,-9.514595206752,
    -16.84104058993));
#959 = CARTESIAN_POINT('',(-0.640774519065,-12.1862900031,
    -17.06802904056));
#960 = CARTESIAN_POINT('',(-7.955408657678,-10.67772677397,
    -17.29588139115));
#961 = CARTESIAN_POINT('',(-13.40090841055,-4.404126387241,
    -17.52228001283));
#962 = CARTESIAN_POINT('',(-13.40081413445,4.404119096873,
    -17.75055259263));
#963 = CARTESIAN_POINT('',(-7.955479655029,10.677737551422,
    -17.97695121381));
#964 = CARTESIAN_POINT('',(-0.640738407526,12.186281862413,-18.204803565
    ));
#965 = CARTESIAN_POINT('',(5.339571379529,9.514598146597,-18.43179201527
    ));
#966 = CARTESIAN_POINT('',(8.32873202535,4.757356139165,-18.65916262197)
  );
#967 = CARTESIAN_POINT('',(8.328730353644,3.61581177E-07,-18.88641405916
    ));
#968 = CARTESIAN_POINT('',(8.299876583656,5.5249257369E-07,
    -16.2500137121));
#969 = CARTESIAN_POINT('',(8.299876899052,-4.740873802719,
    -16.47726475203));
#970 = CARTESIAN_POINT('',(5.321081112177,-9.481633778305,
    -16.70463718512));
#971 = CARTESIAN_POINT('',(-0.638535999342,-12.14407044798,
    -16.93162033089));
#972 = CARTESIAN_POINT('',(-7.927882889712,-10.6407339191,
    -17.15948349774));
#973 = CARTESIAN_POINT('',(-13.35443514652,-4.388876708204,
    -17.38586580804));
#974 = CARTESIAN_POINT('',(-13.35443562514,4.388875226117,
    -17.61415704547));
#975 = CARTESIAN_POINT('',(-7.927884076319,10.640733040537,
    -17.84053935574));
#976 = CARTESIAN_POINT('',(-0.638537343426,12.144070376463,
    -18.06840252265));
#977 = CARTESIAN_POINT('',(5.321080059054,9.481634368846,-18.29538566836
    ));
#978 = CARTESIAN_POINT('',(8.29987637336,4.740874723539,-18.52275810149)
  );
#979 = CARTESIAN_POINT('',(8.299876583623,3.6832822858E-07,
    -18.7500091414));
#980 = CARTESIAN_POINT('',(8.328728374571,5.4237218783E-07,
    -16.11360837572));
#981 = CARTESIAN_POINT('',(8.328730562305,-4.757354104744,-16.3408598129
    ));
#982 = CARTESIAN_POINT('',(5.339571144553,-9.514595305953,
    -16.56823041969));
#983 = CARTESIAN_POINT('',(-0.640736935807,-12.18627903705,
    -16.79521886965));
#984 = CARTESIAN_POINT('',(-7.955476599762,-10.67773587613,
    -17.02307122152));
#985 = CARTESIAN_POINT('',(-13.40081048021,-4.40411950604,
    -17.24946984161));
#986 = CARTESIAN_POINT('',(-13.40090569605,4.404123886528,-17.4777424227
    ));
#987 = CARTESIAN_POINT('',(-7.955407932144,10.677723373738,
    -17.70414104322));
#988 = CARTESIAN_POINT('',(-0.640775686277,12.186287037313,
    -17.93199339461));
#989 = CARTESIAN_POINT('',(5.339584161345,9.514593525557,-18.15898184482
    ));
#990 = CARTESIAN_POINT('',(8.328726685831,4.757355008697,-18.38635245157
    ));
#991 = CARTESIAN_POINT('',(8.32872877036,3.6158127181E-07,
    -18.61360388874));
#992 = CARTESIAN_POINT('',(8.408554912482,5.1437187309E-07,
    -16.00291399013));
#993 = CARTESIAN_POINT('',(8.408558608336,-4.80295124223,-16.23016652642
    ));
#994 = CARTESIAN_POINT('',(5.390742471722,-9.605789828982,
    -16.45753208018));
#995 = CARTESIAN_POINT('',(-0.646863005393,-12.30306821144,
    -16.6845352059));
#996 = CARTESIAN_POINT('',(-8.031753665186,-10.78010024913,
    -16.91235763473));
#997 = CARTESIAN_POINT('',(-13.52921279804,-4.446298464038,
    -17.13880138065));
#998 = CARTESIAN_POINT('',(-13.52938487663,4.446307655125,-17.367022344)
  );
#999 = CARTESIAN_POINT('',(-8.031628267883,10.780078345396,
    -17.59346609074));
#1000 = CARTESIAN_POINT('',(-0.64693206327,12.303082764575,
    -17.82128851863));
#1001 = CARTESIAN_POINT('',(5.390766944066,9.605786103404,
    -18.04829164485));
#1002 = CARTESIAN_POINT('',(8.408552031506,4.802952099515,
    -18.27565719851));
#1003 = CARTESIAN_POINT('',(8.408555629484,3.4291437112E-07,
    -18.50290973479));
#1004 = CARTESIAN_POINT('',(8.521832586195,4.7463828268E-07,
    -15.93751177987));
#1005 = CARTESIAN_POINT('',(8.521837159853,-4.867655684291,
    -16.16476587584));
#1006 = CARTESIAN_POINT('',(5.463361667884,-9.735198271989,
    -16.39212425911));
#1007 = CARTESIAN_POINT('',(-0.65556875955,-12.46880015094,
    -16.61914821052));
#1008 = CARTESIAN_POINT('',(-8.139970873344,-10.92535610618,
    -16.84692817698));
#1009 = CARTESIAN_POINT('',(-13.71145345136,-4.506154312672,
    -17.07343595869));
#1010 = CARTESIAN_POINT('',(-13.71167092274,4.506166408226,
    -17.30158367409));
#1011 = CARTESIAN_POINT('',(-8.139811908594,10.925328684703,
    -17.52809145684));
#1012 = CARTESIAN_POINT('',(-0.655655667551,12.468818578725,
    -17.7558714221));
#1013 = CARTESIAN_POINT('',(5.463392952718,9.735193372348,
    -17.98289537416));
#1014 = CARTESIAN_POINT('',(8.521829009637,4.867656475354,
    -18.21025375728));
#1015 = CARTESIAN_POINT('',(8.521833492981,3.1642531795E-07,
    -18.43750785324));
#1016 = DEFINITIONAL_REPRESENTATION('',(#1017),#1025);
#1017 = B_SPLINE_CURVE_WITH_KNOTS('',6,(#1018,#1019,#1020,#1021,#1022,
    #1023,#1024),.UNSPECIFIED.,.F.,.F.,(7,7),(0.,1.),
  .PIECEWISE_BEZIER_KNOTS.);
#1018 = CARTESIAN_POINT('',(0.413796450392,6.762279024438));
#1019 = CARTESIAN_POINT('',(0.344210420368,6.667323615391));
#1020 = CARTESIAN_POINT('',(0.27563748702,6.572547314132));
#1021 = CARTESIAN_POINT('',(0.207464099853,6.478024283308));
#1022 = CARTESIAN_POINT('',(0.139183419999,6.38375773058));
#1023 = CARTESIAN_POINT('',(7.025423550303E-02,6.289753990664));
#1024 = CARTESIAN_POINT('',(0.,6.196088571266));
#1025 = ( GEOMETRIC_REPRESENTATION_CONTEXT(2) 
PARAMETRIC_REPRESENTATION_CONTEXT() REPRESENTATION_CONTEXT('2D SPACE',''
  ) );
#1026 = ADVANCED_FACE('',(#1027,#1063),#1040,.T.);
#1027 = FACE_BOUND('',#1028,.T.);
#1028 = EDGE_LOOP('',(#1029));
#1029 = ORIENTED_EDGE('',*,*,#1030,.T.);
#1030 = EDGE_CURVE('',#1031,#1031,#1033,.T.);
#1031 = VERTEX_POINT('',#1032);
#1032 = CARTESIAN_POINT('',(8.6,0.,65.));
#1033 = SURFACE_CURVE('',#1034,(#1039,#1051),.PCURVE_S1.);
#1034 = CIRCLE('',#1035,8.6);
#1035 = AXIS2_PLACEMENT_3D('',#1036,#1037,#1038);
#1036 = CARTESIAN_POINT('',(0.,0.,65.));
#1037 = DIRECTION('',(0.,0.,1.));
#1038 = DIRECTION('',(1.,0.,0.));
#1039 = PCURVE('',#1040,#1045);
#1040 = PLANE('',#1041);
#1041 = AXIS2_PLACEMENT_3D('',#1042,#1043,#1044);
#1042 = CARTESIAN_POINT('',(-6.894656130451E-16,-2.388926978312E-17,65.)
  );
#1043 = DIRECTION('',(0.,0.,1.));
#1044 = DIRECTION('',(1.,0.,0.));
#1045 = DEFINITIONAL_REPRESENTATION('',(#1046),#1050);
#1046 = CIRCLE('',#1047,8.6);
#1047 = AXIS2_PLACEMENT_2D('',#1048,#1049);
#1048 = CARTESIAN_POINT('',(6.894656130451E-16,2.388926978312E-17));
#1049 = DIRECTION('',(1.,0.));
#1050 = ( GEOMETRIC_REPRESENTATION_CONTEXT(2) 
PARAMETRIC_REPRESENTATION_CONTEXT() REPRESENTATION_CONTEXT('2D SPACE',''
  ) );
#1051 = PCURVE('',#1052,#1057);
#1052 = CYLINDRICAL_SURFACE('',#1053,8.6);
#1053 = AXIS2_PLACEMENT_3D('',#1054,#1055,#1056);
#1054 = CARTESIAN_POINT('',(0.,0.,0.));
#1055 = DIRECTION('',(-0.,-0.,-1.));
#1056 = DIRECTION('',(1.,0.,0.));
#1057 = DEFINITIONAL_REPRESENTATION('',(#1058),#1062);
#1058 = LINE('',#1059,#1060);
#1059 = CARTESIAN_POINT('',(-0.,-65.));
#1060 = VECTOR('',#1061,1.);
#1061 = DIRECTION('',(-1.,0.));
#1062 = ( GEOMETRIC_REPRESENTATION_CONTEXT(2) 
PARAMETRIC_REPRESENTATION_CONTEXT() REPRESENTATION_CONTEXT('2D SPACE',''
  ) );
#1063 = FACE_BOUND('',#1064,.F.);
#1064 = EDGE_LOOP('',(#1065));
#1065 = ORIENTED_EDGE('',*,*,#1066,.T.);
#1066 = EDGE_CURVE('',#1067,#1067,#1069,.T.);
#1067 = VERTEX_POINT('',#1068);
#1068 = CARTESIAN_POINT('',(3.3,0.,65.));
#1069 = SURFACE_CURVE('',#1070,(#1075,#1082),.PCURVE_S1.);
#1070 = CIRCLE('',#1071,3.3);
#1071 = AXIS2_PLACEMENT_3D('',#1072,#1073,#1074);
#1072 = CARTESIAN_POINT('',(0.,0.,65.));
#1073 = DIRECTION('',(0.,0.,1.));
#1074 = DIRECTION('',(1.,0.,0.));
#1075 = PCURVE('',#1040,#1076);
#1076 = DEFINITIONAL_REPRESENTATION('',(#1077),#1081);
#1077 = CIRCLE('',#1078,3.3);
#1078 = AXIS2_PLACEMENT_2D('',#1079,#1080);
#1079 = CARTESIAN_POINT('',(6.894656130451E-16,2.388926978312E-17));
#1080 = DIRECTION('',(1.,0.));
#1081 = ( GEOMETRIC_REPRESENTATION_CONTEXT(2) 
PARAMETRIC_REPRESENTATION_CONTEXT() REPRESENTATION_CONTEXT('2D SPACE',''
  ) );
#1082 = PCURVE('',#74,#1083);
#1083 = DEFINITIONAL_REPRESENTATION('',(#1084),#1088);
#1084 = LINE('',#1085,#1086);
#1085 = CARTESIAN_POINT('',(-0.,-65.));
#1086 = VECTOR('',#1087,1.);
#1087 = DIRECTION('',(-1.,0.));
#1088 = ( GEOMETRIC_REPRESENTATION_CONTEXT(2) 
PARAMETRIC_REPRESENTATION_CONTEXT() REPRESENTATION_CONTEXT('2D SPACE',''
  ) );
#1089 = ADVANCED_FACE('',(#1090),#1052,.T.);
#1090 = FACE_BOUND('',#1091,.F.);
#1091 = EDGE_LOOP('',(#1092,#1093,#1115,#1146));
#1092 = ORIENTED_EDGE('',*,*,#1030,.T.);
#1093 = ORIENTED_EDGE('',*,*,#1094,.T.);
#1094 = EDGE_CURVE('',#1031,#1095,#1097,.T.);
#1095 = VERTEX_POINT('',#1096);
#1096 = CARTESIAN_POINT('',(8.6,0.,-1.));
#1097 = SEAM_CURVE('',#1098,(#1101,#1108),.PCURVE_S1.);
#1098 = B_SPLINE_CURVE_WITH_KNOTS('',1,(#1099,#1100),.UNSPECIFIED.,.F.,
  .F.,(2,2),(-65.,1.),.PIECEWISE_BEZIER_KNOTS.);
#1099 = CARTESIAN_POINT('',(8.6,0.,65.));
#1100 = CARTESIAN_POINT('',(8.6,0.,-1.));
#1101 = PCURVE('',#1052,#1102);
#1102 = DEFINITIONAL_REPRESENTATION('',(#1103),#1107);
#1103 = LINE('',#1104,#1105);
#1104 = CARTESIAN_POINT('',(-6.28318530718,0.));
#1105 = VECTOR('',#1106,1.);
#1106 = DIRECTION('',(-0.,1.));
#1107 = ( GEOMETRIC_REPRESENTATION_CONTEXT(2) 
PARAMETRIC_REPRESENTATION_CONTEXT() REPRESENTATION_CONTEXT('2D SPACE',''
  ) );
#1108 = PCURVE('',#1052,#1109);
#1109 = DEFINITIONAL_REPRESENTATION('',(#1110),#1114);
#1110 = LINE('',#1111,#1112);
#1111 = CARTESIAN_POINT('',(-0.,0.));
#1112 = VECTOR('',#1113,1.);
#1113 = DIRECTION('',(-0.,1.));
#1114 = ( GEOMETRIC_REPRESENTATION_CONTEXT(2) 
PARAMETRIC_REPRESENTATION_CONTEXT() REPRESENTATION_CONTEXT('2D SPACE',''
  ) );
#1115 = ORIENTED_EDGE('',*,*,#1116,.T.);
#1116 = EDGE_CURVE('',#1095,#1095,#1117,.T.);
#1117 = SURFACE_CURVE('',#1118,(#1123,#1130),.PCURVE_S1.);
#1118 = CIRCLE('',#1119,8.6);
#1119 = AXIS2_PLACEMENT_3D('',#1120,#1121,#1122);
#1120 = CARTESIAN_POINT('',(0.,0.,-1.));
#1121 = DIRECTION('',(0.,0.,-1.));
#1122 = DIRECTION('',(1.,0.,0.));
#1123 = PCURVE('',#1052,#1124);
#1124 = DEFINITIONAL_REPRESENTATION('',(#1125),#1129);
#1125 = LINE('',#1126,#1127);
#1126 = CARTESIAN_POINT('',(-6.28318530718,1.));
#1127 = VECTOR('',#1128,1.);
#1128 = DIRECTION('',(1.,-0.));
#1129 = ( GEOMETRIC_REPRESENTATION_CONTEXT(2) 
PARAMETRIC_REPRESENTATION_CONTEXT() REPRESENTATION_CONTEXT('2D SPACE',''
  ) );
#1130 = PCURVE('',#1131,#1136);
#1131 = PLANE('',#1132);
#1132 = AXIS2_PLACEMENT_3D('',#1133,#1134,#1135);
#1133 = CARTESIAN_POINT('',(-7.469210807988E-16,-2.009859480498E-17,-1.)
  );
#1134 = DIRECTION('',(0.,0.,1.));
#1135 = DIRECTION('',(1.,0.,0.));
#1136 = DEFINITIONAL_REPRESENTATION('',(#1137),#1145);
#1137 = ( BOUNDED_CURVE() B_SPLINE_CURVE(2,(#1138,#1139,#1140,#1141,
#1142,#1143,#1144),.UNSPECIFIED.,.T.,.F.) B_SPLINE_CURVE_WITH_KNOTS((1,2
    ,2,2,2,1),(-2.094395102393,0.,2.094395102393,4.188790204786,
6.28318530718,8.377580409573),.UNSPECIFIED.) CURVE() 
GEOMETRIC_REPRESENTATION_ITEM() RATIONAL_B_SPLINE_CURVE((1.,0.5,1.,0.5,
1.,0.5,1.)) REPRESENTATION_ITEM('') );
#1138 = CARTESIAN_POINT('',(8.6,2.009859480498E-17));
#1139 = CARTESIAN_POINT('',(8.6,-14.89563694509));
#1140 = CARTESIAN_POINT('',(-4.3,-7.447818472546));
#1141 = CARTESIAN_POINT('',(-17.2,-2.086293899728E-15));
#1142 = CARTESIAN_POINT('',(-4.3,7.447818472546));
#1143 = CARTESIAN_POINT('',(8.6,14.895636945092));
#1144 = CARTESIAN_POINT('',(8.6,2.009859480498E-17));
#1145 = ( GEOMETRIC_REPRESENTATION_CONTEXT(2) 
PARAMETRIC_REPRESENTATION_CONTEXT() REPRESENTATION_CONTEXT('2D SPACE',''
  ) );
#1146 = ORIENTED_EDGE('',*,*,#1094,.F.);
#1147 = ADVANCED_FACE('',(#1148,#1151),#1131,.F.);
#1148 = FACE_BOUND('',#1149,.F.);
#1149 = EDGE_LOOP('',(#1150));
#1150 = ORIENTED_EDGE('',*,*,#1116,.F.);
#1151 = FACE_BOUND('',#1152,.F.);
#1152 = EDGE_LOOP('',(#1153,#1316,#1349));
#1153 = ORIENTED_EDGE('',*,*,#1154,.T.);
#1154 = EDGE_CURVE('',#1155,#1157,#1159,.T.);
#1155 = VERTEX_POINT('',#1156);
#1156 = CARTESIAN_POINT('',(4.450954797349,7.094337629058,-1.));
#1157 = VERTEX_POINT('',#1158);
#1158 = CARTESIAN_POINT('',(8.122316676473,2.041714155928,-1.));
#1159 = SURFACE_CURVE('',#1160,(#1188,#1219),.PCURVE_S1.);
#1160 = B_SPLINE_CURVE_WITH_KNOTS('',6,(#1161,#1162,#1163,#1164,#1165,
    #1166,#1167,#1168,#1169,#1170,#1171,#1172,#1173,#1174,#1175,#1176,
    #1177,#1178,#1179,#1180,#1181,#1182,#1183,#1184,#1185,#1186,#1187),
  .UNSPECIFIED.,.F.,.F.,(7,5,5,5,5,7),(0.,0.119396728391,0.460438086582,
    0.759933111536,0.86706694617,1.),.UNSPECIFIED.);
#1161 = CARTESIAN_POINT('',(3.890941320624,7.434724183582,-1.));
#1162 = CARTESIAN_POINT('',(4.035513271598,7.353842440393,-1.));
#1163 = CARTESIAN_POINT('',(4.17837863563,7.269783745074,-1.));
#1164 = CARTESIAN_POINT('',(4.319429222085,7.182575715909,-1.));
#1165 = CARTESIAN_POINT('',(4.458561558904,7.092254282761,-1.));
#1166 = CARTESIAN_POINT('',(4.595675864991,6.998862743334,-1.));
#1167 = CARTESIAN_POINT('',(5.116282707852,6.627062591341,-1.));
#1168 = CARTESIAN_POINT('',(5.484657590193,6.327013892578,-1.));
#1169 = CARTESIAN_POINT('',(5.833492501864,6.003493074645,-1.));
#1170 = CARTESIAN_POINT('',(6.160810767631,5.658047739876,-1.));
#1171 = CARTESIAN_POINT('',(6.464827687939,5.292468463951,-1.));
#1172 = CARTESIAN_POINT('',(6.989203010539,4.571987447794,-1.));
#1173 = CARTESIAN_POINT('',(7.215265319494,4.221176855555,-1.));
#1174 = CARTESIAN_POINT('',(7.421175980863,3.857841662351,-1.));
#1175 = CARTESIAN_POINT('',(7.606119773699,3.483487560714,-1.));
#1176 = CARTESIAN_POINT('',(7.769459136385,3.099695250458,-1.));
#1177 = CARTESIAN_POINT('',(7.96135738601,2.56810598241,-1.));
#1178 = CARTESIAN_POINT('',(8.009102130662,2.42705678645,-1.));
#1179 = CARTESIAN_POINT('',(8.054014481535,2.28509171675,-1.));
#1180 = CARTESIAN_POINT('',(8.096081055445,2.142288017075,-1.));
#1181 = CARTESIAN_POINT('',(8.135293109287,1.998723799989,-1.));
#1182 = CARTESIAN_POINT('',(8.216754349183,1.675496042395,-1.));
#1183 = CARTESIAN_POINT('',(8.257461206703,1.495464084704,-1.));
#1184 = CARTESIAN_POINT('',(8.293760102642,1.314534213633,-1.));
#1185 = CARTESIAN_POINT('',(8.325655909883,1.132858418484,-1.));
#1186 = CARTESIAN_POINT('',(8.353169663098,0.950590738682,-1.));
#1187 = CARTESIAN_POINT('',(8.376342837703,0.767889364452,-1.));
#1188 = PCURVE('',#1131,#1189);
#1189 = DEFINITIONAL_REPRESENTATION('',(#1190),#1218);
#1190 = B_SPLINE_CURVE_WITH_KNOTS('',6,(#1191,#1192,#1193,#1194,#1195,
    #1196,#1197,#1198,#1199,#1200,#1201,#1202,#1203,#1204,#1205,#1206,
    #1207,#1208,#1209,#1210,#1211,#1212,#1213,#1214,#1215,#1216,#1217),
  .UNSPECIFIED.,.F.,.F.,(7,5,5,5,5,7),(0.,0.119396728391,0.460438086582,
    0.759933111536,0.86706694617,1.),.UNSPECIFIED.);
#1191 = CARTESIAN_POINT('',(3.890941320624,7.434724183582));
#1192 = CARTESIAN_POINT('',(4.035513271598,7.353842440393));
#1193 = CARTESIAN_POINT('',(4.17837863563,7.269783745074));
#1194 = CARTESIAN_POINT('',(4.319429222085,7.182575715909));
#1195 = CARTESIAN_POINT('',(4.458561558904,7.092254282761));
#1196 = CARTESIAN_POINT('',(4.595675864991,6.998862743334));
#1197 = CARTESIAN_POINT('',(5.116282707852,6.627062591341));
#1198 = CARTESIAN_POINT('',(5.484657590193,6.327013892578));
#1199 = CARTESIAN_POINT('',(5.833492501864,6.003493074645));
#1200 = CARTESIAN_POINT('',(6.160810767631,5.658047739876));
#1201 = CARTESIAN_POINT('',(6.464827687939,5.292468463951));
#1202 = CARTESIAN_POINT('',(6.989203010539,4.571987447794));
#1203 = CARTESIAN_POINT('',(7.215265319494,4.221176855555));
#1204 = CARTESIAN_POINT('',(7.421175980863,3.857841662351));
#1205 = CARTESIAN_POINT('',(7.606119773699,3.483487560714));
#1206 = CARTESIAN_POINT('',(7.769459136385,3.099695250458));
#1207 = CARTESIAN_POINT('',(7.96135738601,2.56810598241));
#1208 = CARTESIAN_POINT('',(8.009102130662,2.42705678645));
#1209 = CARTESIAN_POINT('',(8.054014481535,2.28509171675));
#1210 = CARTESIAN_POINT('',(8.096081055445,2.142288017075));
#1211 = CARTESIAN_POINT('',(8.135293109287,1.998723799989));
#1212 = CARTESIAN_POINT('',(8.216754349183,1.675496042395));
#1213 = CARTESIAN_POINT('',(8.257461206703,1.495464084704));
#1214 = CARTESIAN_POINT('',(8.293760102642,1.314534213633));
#1215 = CARTESIAN_POINT('',(8.325655909883,1.132858418484));
#1216 = CARTESIAN_POINT('',(8.353169663098,0.950590738682));
#1217 = CARTESIAN_POINT('',(8.376342837703,0.767889364452));
#1218 = ( GEOMETRIC_REPRESENTATION_CONTEXT(2) 
PARAMETRIC_REPRESENTATION_CONTEXT() REPRESENTATION_CONTEXT('2D SPACE',''
  ) );
#1219 = PCURVE('',#1220,#1305);
#1220 = ( BOUNDED_SURFACE() B_SPLINE_SURFACE(6,11,(
    (#1221,#1222,#1223,#1224,#1225,#1226,#1227,#1228,#1229,#1230,#1231
      ,#1232)
    ,(#1233,#1234,#1235,#1236,#1237,#1238,#1239,#1240,#1241,#1242,#1243
      ,#1244)
    ,(#1245,#1246,#1247,#1248,#1249,#1250,#1251,#1252,#1253,#1254,#1255
      ,#1256)
    ,(#1257,#1258,#1259,#1260,#1261,#1262,#1263,#1264,#1265,#1266,#1267
      ,#1268)
    ,(#1269,#1270,#1271,#1272,#1273,#1274,#1275,#1276,#1277,#1278,#1279
      ,#1280)
    ,(#1281,#1282,#1283,#1284,#1285,#1286,#1287,#1288,#1289,#1290,#1291
      ,#1292)
    ,(#1293,#1294,#1295,#1296,#1297,#1298,#1299,#1300,#1301,#1302,#1303
,#1304
    )),.UNSPECIFIED.,.F.,.F.,.F.) B_SPLINE_SURFACE_WITH_KNOTS((7,7),(12,
    12),(0.,2.094395102393),(0.,6.762279024438),
.PIECEWISE_BEZIER_KNOTS.) GEOMETRIC_REPRESENTATION_ITEM() 
RATIONAL_B_SPLINE_SURFACE((
    (1.056590953773,1.056590953773,1.056590953773,1.056590953773
      ,1.056590953772,1.056590953774,1.056590953772,1.056590953774
      ,1.056590953773,1.056590953773,1.056590953773,1.056590953773)
    ,(1.017435169568,1.017435169568,1.017435169568,1.017435169568
      ,1.017435169568,1.017435169569,1.017435169568,1.017435169569
      ,1.017435169568,1.017435169568,1.017435169568,1.017435169568)
    ,(0.996326512422,0.996326512422,0.996326512422,0.996326512422
      ,0.996326512422,0.996326512423,0.996326512422,0.996326512423
      ,0.996326512422,0.996326512422,0.996326512422,0.996326512422)
    ,(0.989390034249,0.989390034249,0.989390034249,0.989390034249
      ,0.989390034248,0.989390034249,0.989390034248,0.989390034249
      ,0.989390034248,0.989390034249,0.989390034249,0.989390034249)
    ,(0.996326512422,0.996326512422,0.996326512422,0.996326512422
      ,0.996326512422,0.996326512423,0.996326512421,0.996326512423
      ,0.996326512422,0.996326512422,0.996326512422,0.996326512422)
    ,(1.017435169568,1.017435169568,1.017435169568,1.017435169568
      ,1.017435169568,1.017435169568,1.017435169568,1.017435169568
      ,1.017435169568,1.017435169568,1.017435169568,1.017435169568)
    ,(1.056590953773,1.056590953773,1.056590953773,1.056590953773
      ,1.056590953772,1.056590953774,1.056590953772,1.056590953774
      ,1.056590953773,1.056590953773,1.056590953773,1.056590953773
))) REPRESENTATION_ITEM('') SURFACE() );
#1221 = CARTESIAN_POINT('',(8.521844375304,1.5821226802E-06,
    0.937460733905));
#1222 = CARTESIAN_POINT('',(8.521840975764,-4.867660792765,
    0.710206637787));
#1223 = CARTESIAN_POINT('',(5.463402100676,-9.735204586597,
    0.482848255363));
#1224 = CARTESIAN_POINT('',(-0.655653733499,-12.46883464773,
    0.255824301315));
#1225 = CARTESIAN_POINT('',(-8.139819856557,-10.92534445016,
    2.804434008881E-02));
#1226 = CARTESIAN_POINT('',(-13.71168744537,-4.506175214298,
    -0.19846344877));
#1227 = CARTESIAN_POINT('',(-13.7114719477,4.506157007216,
    -0.426611157142));
#1228 = CARTESIAN_POINT('',(-8.139983714361,10.925368248777,
    -0.653118945027));
#1229 = CARTESIAN_POINT('',(-0.655572367984,12.468815925039,
    -0.880898907382));
#1230 = CARTESIAN_POINT('',(5.463366473192,9.735211921388,
    -1.107922860796));
#1231 = CARTESIAN_POINT('',(8.521846958238,4.867663798797,
    -1.335281243388));
#1232 = CARTESIAN_POINT('',(8.521843468381,1.4239106636E-06,
    -1.562535339495));
#1233 = CARTESIAN_POINT('',(8.408564234472,1.71456932363E-06,
    1.002858670887));
#1234 = CARTESIAN_POINT('',(8.408561811028,-4.802954957171,
    0.775606134486));
#1235 = CARTESIAN_POINT('',(5.390774813787,-9.605794614102,
    0.548240581376));
#1236 = CARTESIAN_POINT('',(-0.646929722028,-12.30309551402,
    0.32123745359));
#1237 = CARTESIAN_POINT('',(-8.03163383576,-10.78009134231,
    9.341502886977E-02));
#1238 = CARTESIAN_POINT('',(-13.52939765244,-4.446315513646,
    -0.13302872268));
#1239 = CARTESIAN_POINT('',(-13.52922771276,4.4462996994,-0.361249680473
    ));
#1240 = CARTESIAN_POINT('',(-8.031764535756,10.780109319913,
    -0.587693431285));
#1241 = CARTESIAN_POINT('',(-0.646866670618,12.303080641272,
    -0.815515856861));
#1242 = CARTESIAN_POINT('',(5.390745635254,9.605800978688,
    -1.042518984167));
#1243 = CARTESIAN_POINT('',(8.408566038644,4.802958214852,
    -1.269884537404));
#1244 = CARTESIAN_POINT('',(8.408563517322,1.54311250622E-06,
    -1.497137073797));
#1245 = CARTESIAN_POINT('',(8.32873352084,1.80790589099E-06,
    1.113550045061));
#1246 = CARTESIAN_POINT('',(8.328732674783,-4.757355552646,
    0.886298607822));
#1247 = CARTESIAN_POINT('',(5.339589688024,-9.514597561053,
    0.658928001377));
#1248 = CARTESIAN_POINT('',(-0.640772885008,-12.18629415601,
    0.431939550318));
#1249 = CARTESIAN_POINT('',(-7.955409673956,-10.67773153498,
    0.204087200655));
#1250 = CARTESIAN_POINT('',(-13.40091221174,-4.404129888559,
    -2.231142250154E-02));
#1251 = CARTESIAN_POINT('',(-13.40081925127,4.40411852437,
    -0.250584000524));
#1252 = CARTESIAN_POINT('',(-7.955483932907,10.6777398975,
    -0.476982623331));
#1253 = CARTESIAN_POINT('',(-0.640740467991,12.186285818744,
    -0.704834973398));
#1254 = CARTESIAN_POINT('',(5.339571708857,9.514602124116,
    -0.931823424232));
#1255 = CARTESIAN_POINT('',(8.328734074158,4.757358987666,
    -1.159194030736));
#1256 = CARTESIAN_POINT('',(8.328733124895,1.62711524232E-06,
    -1.38644546797));
#1257 = CARTESIAN_POINT('',(8.299876584261,1.84164317596E-06,
    1.24995429296));
#1258 = CARTESIAN_POINT('',(8.29987763558,-4.740872513888,1.022703253044
    ));
#1259 = CARTESIAN_POINT('',(5.3210825869,-9.481632952186,0.795330819916)
  );
#1260 = CARTESIAN_POINT('',(-0.638534117649,-12.14407054893,
    0.568347674233));
#1261 = CARTESIAN_POINT('',(-7.927881229017,-10.6407351498,
    0.340484507263));
#1262 = CARTESIAN_POINT('',(-13.35443447731,-4.388878783437,
    0.114102197052));
#1263 = CARTESIAN_POINT('',(-13.35443629614,4.388873151506,
    -0.114189040385));
#1264 = CARTESIAN_POINT('',(-7.927885738076,10.640731811241,
    -0.34057135072));
#1265 = CARTESIAN_POINT('',(-0.638539225207,12.14407027716,
    -0.568434517545));
#1266 = CARTESIAN_POINT('',(5.321078585048,9.481635196236,
    -0.795417663311));
#1267 = CARTESIAN_POINT('',(8.299875637948,4.740876013008,
    -1.022790096416));
#1268 = CARTESIAN_POINT('',(8.299876584135,1.65747858683E-06,
    -1.250041136334));
#1269 = CARTESIAN_POINT('',(8.328725604416,1.80791034254E-06,
    1.386360215375));
#1270 = CARTESIAN_POINT('',(8.328728514595,-4.757351256864,
    1.159108778246));
#1271 = CARTESIAN_POINT('',(5.339570815932,-9.51459132968,0.931738171243
    ));
#1272 = CARTESIAN_POINT('',(-0.640734875423,-12.18627508233,
    0.704749721874));
#1273 = CARTESIAN_POINT('',(-7.955472322922,-10.67773353144,
    0.476897368846));
#1274 = CARTESIAN_POINT('',(-13.40080536516,-4.404120079159,
    0.25049875041));
#1275 = CARTESIAN_POINT('',(-13.40090189663,4.404120385815,
    2.222616752625E-02));
#1276 = CARTESIAN_POINT('',(-7.955406916914,10.677718614103,
    -0.204172451502));
#1277 = CARTESIAN_POINT('',(-0.640777320427,12.186282886015,
    -0.43202480384));
#1278 = CARTESIAN_POINT('',(5.339580938001,9.514591172506,
    -0.659013253599));
#1279 = CARTESIAN_POINT('',(8.328723193141,4.757354691892,
    -0.886383860497));
#1280 = CARTESIAN_POINT('',(8.328726000113,1.62711882035E-06,
    -1.113635297634));
#1281 = CARTESIAN_POINT('',(8.408549893814,1.71457737341E-06,
    1.497056222429));
#1282 = CARTESIAN_POINT('',(8.408554274818,-4.802947175331,
    1.269803686225));
#1283 = CARTESIAN_POINT('',(5.390740626857,-9.605783325923,
    1.042438132103));
#1284 = CARTESIAN_POINT('',(-0.646860867392,-12.30306096191,
    0.81543500738));
#1285 = CARTESIAN_POINT('',(-8.031747324806,-10.7800949589,
    0.587612576562));
#1286 = CARTESIAN_POINT('',(-13.52920409911,-4.446297743858,
    0.361168833568));
#1287 = CARTESIAN_POINT('',(-13.5293774254,4.446303071424,0.132947866964
    ));
#1288 = CARTESIAN_POINT('',(-8.031625020738,10.780070764893,
    -9.349587699892E-02));
#1289 = CARTESIAN_POINT('',(-0.646933429071,12.30307532861,
    -0.321318306691));
#1290 = CARTESIAN_POINT('',(5.390762353917,9.605781139769,-0.54832143205
    ));
#1291 = CARTESIAN_POINT('',(8.408546327605,4.802950433026,
    -0.775686986001));
#1292 = CARTESIAN_POINT('',(8.40855061073,1.54311899858E-06,
    -1.002939522216));
#1293 = CARTESIAN_POINT('',(8.521826239011,1.58213289692E-06,
    1.562460733642));
#1294 = CARTESIAN_POINT('',(8.521831444895,-4.867650951255,
    1.335206637774));
#1295 = CARTESIAN_POINT('',(5.463358865273,-9.735190310703,1.10784825407
    ));
#1296 = CARTESIAN_POINT('',(-0.655566654665,-12.46879095049,
    0.880824303896));
#1297 = CARTESIAN_POINT('',(-8.139963383479,-10.92534902398,
    0.653044334958));
#1298 = CARTESIAN_POINT('',(-13.71144266303,-4.506152741265,
    0.426536556919));
#1299 = CARTESIAN_POINT('',(-13.71166128577,4.506161271739,
    0.198388837405));
#1300 = CARTESIAN_POINT('',(-8.139807273004,10.925319489145,
    -2.811894181882E-02));
#1301 = CARTESIAN_POINT('',(-0.655656795825,12.468809206245,
    -0.25589890938));
#1302 = CARTESIAN_POINT('',(5.46338761689,9.735186831572,-0.482922860331
    ));
#1303 = CARTESIAN_POINT('',(8.521822030151,4.867653957306,
    -0.710281243826));
#1304 = CARTESIAN_POINT('',(8.521827145718,1.42391885949E-06,
    -0.937535339709));
#1305 = DEFINITIONAL_REPRESENTATION('',(#1306),#1315);
#1306 = B_SPLINE_CURVE_WITH_KNOTS('',7,(#1307,#1308,#1309,#1310,#1311,
    #1312,#1313,#1314),.UNSPECIFIED.,.F.,.F.,(8,8),(7.869677510794E-02,
    0.843828158464),.PIECEWISE_BEZIER_KNOTS.);
#1307 = CARTESIAN_POINT('',(0.612347806017,5.674754117534));
#1308 = CARTESIAN_POINT('',(0.744547512892,5.791778852122));
#1309 = CARTESIAN_POINT('',(0.867866018626,5.90931717238));
#1310 = CARTESIAN_POINT('',(0.987958974527,6.02707226362));
#1311 = CARTESIAN_POINT('',(1.106558674694,6.144924863162));
#1312 = CARTESIAN_POINT('',(1.226650486935,6.262676448703));
#1313 = CARTESIAN_POINT('',(1.349969287051,6.380210158638));
#1314 = CARTESIAN_POINT('',(1.482171565438,6.497232613388));
#1315 = ( GEOMETRIC_REPRESENTATION_CONTEXT(2) 
PARAMETRIC_REPRESENTATION_CONTEXT() REPRESENTATION_CONTEXT('2D SPACE',''
  ) );
#1316 = ORIENTED_EDGE('',*,*,#1317,.T.);
#1317 = EDGE_CURVE('',#1157,#1318,#1320,.T.);
#1318 = VERTEX_POINT('',#1319);
#1319 = CARTESIAN_POINT('',(8.375,0.,-1.));
#1320 = SURFACE_CURVE('',#1321,(#1326,#1337),.PCURVE_S1.);
#1321 = CIRCLE('',#1322,8.375);
#1322 = AXIS2_PLACEMENT_3D('',#1323,#1324,#1325);
#1323 = CARTESIAN_POINT('',(0.,0.,-1.));
#1324 = DIRECTION('',(0.,0.,-1.));
#1325 = DIRECTION('',(1.,0.,0.));
#1326 = PCURVE('',#1131,#1327);
#1327 = DEFINITIONAL_REPRESENTATION('',(#1328),#1336);
#1328 = ( BOUNDED_CURVE() B_SPLINE_CURVE(2,(#1329,#1330,#1331,#1332,
#1333,#1334,#1335),.UNSPECIFIED.,.T.,.F.) B_SPLINE_CURVE_WITH_KNOTS((1,2
    ,2,2,2,1),(-2.094395102393,0.,2.094395102393,4.188790204786,
6.28318530718,8.377580409573),.UNSPECIFIED.) CURVE() 
GEOMETRIC_REPRESENTATION_ITEM() RATIONAL_B_SPLINE_CURVE((1.,0.5,1.,0.5,
1.,0.5,1.)) REPRESENTATION_ITEM('') );
#1329 = CARTESIAN_POINT('',(8.375,2.009859480498E-17));
#1330 = CARTESIAN_POINT('',(8.375,-14.50592551338));
#1331 = CARTESIAN_POINT('',(-4.1875,-7.252962756695));
#1332 = CARTESIAN_POINT('',(-16.75,-2.031184793767E-15));
#1333 = CARTESIAN_POINT('',(-4.1875,7.252962756695));
#1334 = CARTESIAN_POINT('',(8.375,14.505925513389));
#1335 = CARTESIAN_POINT('',(8.375,2.009859480498E-17));
#1336 = ( GEOMETRIC_REPRESENTATION_CONTEXT(2) 
PARAMETRIC_REPRESENTATION_CONTEXT() REPRESENTATION_CONTEXT('2D SPACE',''
  ) );
#1337 = PCURVE('',#1338,#1343);
#1338 = CONICAL_SURFACE('',#1339,7.375,0.785398163397);
#1339 = AXIS2_PLACEMENT_3D('',#1340,#1341,#1342);
#1340 = CARTESIAN_POINT('',(0.,0.,0.));
#1341 = DIRECTION('',(-0.,-0.,-1.));
#1342 = DIRECTION('',(1.,0.,0.));
#1343 = DEFINITIONAL_REPRESENTATION('',(#1344),#1348);
#1344 = LINE('',#1345,#1346);
#1345 = CARTESIAN_POINT('',(-6.28318530718,1.));
#1346 = VECTOR('',#1347,1.);
#1347 = DIRECTION('',(1.,-0.));
#1348 = ( GEOMETRIC_REPRESENTATION_CONTEXT(2) 
PARAMETRIC_REPRESENTATION_CONTEXT() REPRESENTATION_CONTEXT('2D SPACE',''
  ) );
#1349 = ORIENTED_EDGE('',*,*,#1350,.T.);
#1350 = EDGE_CURVE('',#1318,#1155,#1351,.T.);
#1351 = SURFACE_CURVE('',#1352,(#1357,#1368),.PCURVE_S1.);
#1352 = CIRCLE('',#1353,8.375);
#1353 = AXIS2_PLACEMENT_3D('',#1354,#1355,#1356);
#1354 = CARTESIAN_POINT('',(0.,0.,-1.));
#1355 = DIRECTION('',(0.,0.,-1.));
#1356 = DIRECTION('',(1.,0.,0.));
#1357 = PCURVE('',#1131,#1358);
#1358 = DEFINITIONAL_REPRESENTATION('',(#1359),#1367);
#1359 = ( BOUNDED_CURVE() B_SPLINE_CURVE(2,(#1360,#1361,#1362,#1363,
#1364,#1365,#1366),.UNSPECIFIED.,.T.,.F.) B_SPLINE_CURVE_WITH_KNOTS((1,2
    ,2,2,2,1),(-2.094395102393,0.,2.094395102393,4.188790204786,
6.28318530718,8.377580409573),.UNSPECIFIED.) CURVE() 
GEOMETRIC_REPRESENTATION_ITEM() RATIONAL_B_SPLINE_CURVE((1.,0.5,1.,0.5,
1.,0.5,1.)) REPRESENTATION_ITEM('') );
#1360 = CARTESIAN_POINT('',(8.375,2.009859480498E-17));
#1361 = CARTESIAN_POINT('',(8.375,-14.50592551338));
#1362 = CARTESIAN_POINT('',(-4.1875,-7.252962756695));
#1363 = CARTESIAN_POINT('',(-16.75,-2.031184793767E-15));
#1364 = CARTESIAN_POINT('',(-4.1875,7.252962756695));
#1365 = CARTESIAN_POINT('',(8.375,14.505925513389));
#1366 = CARTESIAN_POINT('',(8.375,2.009859480498E-17));
#1367 = ( GEOMETRIC_REPRESENTATION_CONTEXT(2) 
PARAMETRIC_REPRESENTATION_CONTEXT() REPRESENTATION_CONTEXT('2D SPACE',''
  ) );
#1368 = PCURVE('',#1369,#1374);
#1369 = CONICAL_SURFACE('',#1370,7.375,0.785398163397);
#1370 = AXIS2_PLACEMENT_3D('',#1371,#1372,#1373);
#1371 = CARTESIAN_POINT('',(0.,0.,0.));
#1372 = DIRECTION('',(-0.,-0.,-1.));
#1373 = DIRECTION('',(1.,0.,0.));
#1374 = DEFINITIONAL_REPRESENTATION('',(#1375),#1379);
#1375 = LINE('',#1376,#1377);
#1376 = CARTESIAN_POINT('',(-6.28318530718,1.));
#1377 = VECTOR('',#1378,1.);
#1378 = DIRECTION('',(1.,-0.));
#1379 = ( GEOMETRIC_REPRESENTATION_CONTEXT(2) 
PARAMETRIC_REPRESENTATION_CONTEXT() REPRESENTATION_CONTEXT('2D SPACE',''
  ) );
#1380 = ADVANCED_FACE('',(#1381),#1220,.T.);
#1381 = FACE_BOUND('',#1382,.T.);
#1382 = EDGE_LOOP('',(#1383,#1441,#1732,#1733,#2026));
#1383 = ORIENTED_EDGE('',*,*,#1384,.F.);
#1384 = EDGE_CURVE('',#1385,#1387,#1389,.T.);
#1385 = VERTEX_POINT('',#1386);
#1386 = CARTESIAN_POINT('',(4.278991914974,7.369672936632,
    -1.146845516162));
#1387 = VERTEX_POINT('',#1388);
#1388 = CARTESIAN_POINT('',(8.521843468381,1.423910701E-06,
    -1.562535339495));
#1389 = SURFACE_CURVE('',#1390,(#1403,#1409),.PCURVE_S1.);
#1390 = B_SPLINE_CURVE_WITH_KNOTS('',11,(#1391,#1392,#1393,#1394,#1395,
    #1396,#1397,#1398,#1399,#1400,#1401,#1402),.UNSPECIFIED.,.F.,.F.,(12
    ,12),(0.,6.762279024438),.PIECEWISE_BEZIER_KNOTS.);
#1391 = CARTESIAN_POINT('',(8.521844375304,1.58212267684E-06,
    0.937460733905));
#1392 = CARTESIAN_POINT('',(8.521840975764,-4.867660792765,
    0.710206637787));
#1393 = CARTESIAN_POINT('',(5.463402100676,-9.735204586595,
    0.482848255363));
#1394 = CARTESIAN_POINT('',(-0.6556537335,-12.46883464774,0.255824301315
    ));
#1395 = CARTESIAN_POINT('',(-8.13981985655,-10.92534445015,
    2.804434008927E-02));
#1396 = CARTESIAN_POINT('',(-13.71168744539,-4.506175214306,
    -0.19846344877));
#1397 = CARTESIAN_POINT('',(-13.71147194769,4.506157007217,
    -0.42661115714));
#1398 = CARTESIAN_POINT('',(-8.139983714369,10.92536824878,
    -0.653118945028));
#1399 = CARTESIAN_POINT('',(-0.655572367983,12.468815925037,
    -0.880898907381));
#1400 = CARTESIAN_POINT('',(5.463366473192,9.735211921388,
    -1.107922860796));
#1401 = CARTESIAN_POINT('',(8.521846958238,4.867663798797,
    -1.335281243388));
#1402 = CARTESIAN_POINT('',(8.521843468381,1.42391066979E-06,
    -1.562535339495));
#1403 = PCURVE('',#1220,#1404);
#1404 = DEFINITIONAL_REPRESENTATION('',(#1405),#1408);
#1405 = B_SPLINE_CURVE_WITH_KNOTS('',1,(#1406,#1407),.UNSPECIFIED.,.F.,
  .F.,(2,2),(0.,6.762279024438),.PIECEWISE_BEZIER_KNOTS.);
#1406 = CARTESIAN_POINT('',(0.,0.));
#1407 = CARTESIAN_POINT('',(0.,6.762279024438));
#1408 = ( GEOMETRIC_REPRESENTATION_CONTEXT(2) 
PARAMETRIC_REPRESENTATION_CONTEXT() REPRESENTATION_CONTEXT('2D SPACE',''
  ) );
#1409 = PCURVE('',#1410,#1435);
#1410 = B_SPLINE_SURFACE_WITH_KNOTS('',1,11,(
    (#1411,#1412,#1413,#1414,#1415,#1416,#1417,#1418,#1419,#1420,#1421
      ,#1422)
    ,(#1423,#1424,#1425,#1426,#1427,#1428,#1429,#1430,#1431,#1432,#1433
      ,#1434
    )),.UNSPECIFIED.,.F.,.F.,.F.,(2,2),(12,12),(0.,1.75),(0.,
    6.762279024438),.PIECEWISE_BEZIER_KNOTS.);
#1411 = CARTESIAN_POINT('',(10.037414222098,-1.8987475393E-07,
    6.250471244712E-02));
#1412 = CARTESIAN_POINT('',(10.03739776341,-5.733357221263,
    -0.164770251054));
#1413 = CARTESIAN_POINT('',(6.435079265429,-11.46657471684,
    -0.392032697201));
#1414 = CARTESIAN_POINT('',(-0.77237188585,-14.68625097204,
    -0.619335284853));
#1415 = CARTESIAN_POINT('',(-9.587235703188,-12.86867916699,
    -0.846547128936));
#1416 = CARTESIAN_POINT('',(-16.15053428595,-5.307035424103,
    -1.073911670023));
#1417 = CARTESIAN_POINT('',(-16.14970926966,5.30698520334,
    -1.301079377729));
#1418 = CARTESIAN_POINT('',(-9.587843178083,12.868780844725,
    -1.528443914701));
#1419 = CARTESIAN_POINT('',(-0.772045496623,14.686180741002,
    -1.755655763563));
#1420 = CARTESIAN_POINT('',(6.434957357686,11.466595031963,
    -1.982958348524));
#1421 = CARTESIAN_POINT('',(10.037427224062,5.733356860505,
    -2.21022079539));
#1422 = CARTESIAN_POINT('',(10.037410776214,-1.7088542826E-07,
    -2.437495758843));
#1423 = CARTESIAN_POINT('',(8.521844375304,1.58212267684E-06,
    0.937460733905));
#1424 = CARTESIAN_POINT('',(8.521840975764,-4.867660792765,
    0.710206637787));
#1425 = CARTESIAN_POINT('',(5.463402100676,-9.735204586595,
    0.482848255363));
#1426 = CARTESIAN_POINT('',(-0.6556537335,-12.46883464774,0.255824301315
    ));
#1427 = CARTESIAN_POINT('',(-8.13981985655,-10.92534445015,
    2.804434008927E-02));
#1428 = CARTESIAN_POINT('',(-13.71168744539,-4.506175214306,
    -0.19846344877));
#1429 = CARTESIAN_POINT('',(-13.71147194769,4.506157007217,
    -0.42661115714));
#1430 = CARTESIAN_POINT('',(-8.139983714369,10.92536824878,
    -0.653118945028));
#1431 = CARTESIAN_POINT('',(-0.655572367983,12.468815925037,
    -0.880898907381));
#1432 = CARTESIAN_POINT('',(5.463366473192,9.735211921388,
    -1.107922860796));
#1433 = CARTESIAN_POINT('',(8.521846958238,4.867663798797,
    -1.335281243388));
#1434 = CARTESIAN_POINT('',(8.521843468381,1.42391066979E-06,
    -1.562535339495));
#1435 = DEFINITIONAL_REPRESENTATION('',(#1436),#1440);
#1436 = LINE('',#1437,#1438);
#1437 = CARTESIAN_POINT('',(1.75,0.));
#1438 = VECTOR('',#1439,1.);
#1439 = DIRECTION('',(0.,1.));
#1440 = ( GEOMETRIC_REPRESENTATION_CONTEXT(2) 
PARAMETRIC_REPRESENTATION_CONTEXT() REPRESENTATION_CONTEXT('2D SPACE',''
  ) );
#1441 = ORIENTED_EDGE('',*,*,#1442,.F.);
#1442 = EDGE_CURVE('',#1155,#1385,#1443,.T.);
#1443 = SURFACE_CURVE('',#1444,(#1538,#1635),.PCURVE_S1.);
#1444 = B_SPLINE_CURVE_WITH_KNOTS('',8,(#1445,#1446,#1447,#1448,#1449,
    #1450,#1451,#1452,#1453,#1454,#1455,#1456,#1457,#1458,#1459,#1460,
    #1461,#1462,#1463,#1464,#1465,#1466,#1467,#1468,#1469,#1470,#1471,
    #1472,#1473,#1474,#1475,#1476,#1477,#1478,#1479,#1480,#1481,#1482,
    #1483,#1484,#1485,#1486,#1487,#1488,#1489,#1490,#1491,#1492,#1493,
    #1494,#1495,#1496,#1497,#1498,#1499,#1500,#1501,#1502,#1503,#1504,
    #1505,#1506,#1507,#1508,#1509,#1510,#1511,#1512,#1513,#1514,#1515,
    #1516,#1517,#1518,#1519,#1520,#1521,#1522,#1523,#1524,#1525,#1526,
    #1527,#1528,#1529,#1530,#1531,#1532,#1533,#1534,#1535,#1536,#1537),
  .UNSPECIFIED.,.F.,.F.,(9,7,7,7,7,7,7,7,7,7,7,7,7,9),(0.,0.14431833513,
    0.541403861336,0.701174322589,0.81347431025,0.892411201412,
    0.920799953085,0.936066066537,0.94261790441,0.949040227987,
    0.954417073658,0.964780077247,0.979756186505,1.),.UNSPECIFIED.);
#1445 = CARTESIAN_POINT('',(8.411427416407,1.54009225138E-06,
    -1.036427416407));
#1446 = CARTESIAN_POINT('',(8.407900524564,0.17608720754,-1.032900556805
    ));
#1447 = CARTESIAN_POINT('',(8.400239543118,0.352087351281,
    -1.029452400762));
#1448 = CARTESIAN_POINT('',(8.388445495455,0.527887615495,
    -1.026083863294));
#1449 = CARTESIAN_POINT('',(8.372523506718,0.703373963281,
    -1.022796062299));
#1450 = CARTESIAN_POINT('',(8.352482803814,0.878432676653,
    -1.019590318559));
#1451 = CARTESIAN_POINT('',(8.328336715409,1.052950356541,
    -1.016468155738));
#1452 = CARTESIAN_POINT('',(8.30010267193,1.226813922793,-1.013431300386
    ));
#1453 = CARTESIAN_POINT('',(8.178928898708,1.876178516787,
    -1.002365937009));
#1454 = CARTESIAN_POINT('',(8.059258146224,2.346707916494,-0.99490943814
    ));
#1455 = CARTESIAN_POINT('',(7.909242103961,2.809070908031,
    -0.988156031913));
#1456 = CARTESIAN_POINT('',(7.729578892511,3.26095709136,-0.982157703237
    ));
#1457 = CARTESIAN_POINT('',(7.521197923134,3.700171012856,
    -0.976990512022));
#1458 = CARTESIAN_POINT('',(7.285236843897,4.12462422915,-0.972752693139
    ));
#1459 = CARTESIAN_POINT('',(7.023071330517,4.532345398983,
    -0.969583656395));
#1460 = CARTESIAN_POINT('',(6.621138216197,5.078123998382,
    -0.967001869149));
#1461 = CARTESIAN_POINT('',(6.501854894325,5.231722475926,
    -0.966476206136));
#1462 = CARTESIAN_POINT('',(6.378720217758,5.38221245345,-0.966182293031
    ));
#1463 = CARTESIAN_POINT('',(6.251854551458,5.529486584573,
    -0.966141077272));
#1464 = CARTESIAN_POINT('',(6.121386585819,5.673444518323,
    -0.966377368875));
#1465 = CARTESIAN_POINT('',(5.987455981361,5.813994000067,
    -0.966921960404));
#1466 = CARTESIAN_POINT('',(5.850219460638,5.951053519201,
    -0.967816292912));
#1467 = CARTESIAN_POINT('',(5.611204271821,6.178393520656,
    -0.970035788327));
#1468 = CARTESIAN_POINT('',(5.511008392437,6.270470702706,
    -0.971153970399));
#1469 = CARTESIAN_POINT('',(5.409334074565,6.360768334133,
    -0.972495317187));
#1470 = CARTESIAN_POINT('',(5.306250102515,6.449267741898,-0.97408463641
    ));
#1471 = CARTESIAN_POINT('',(5.201839270745,6.535954076974,
    -0.975955151601));
#1472 = CARTESIAN_POINT('',(5.096198890701,6.620816952241,
    -0.978148627642));
#1473 = CARTESIAN_POINT('',(4.98944981861,6.703854477013,-0.980721979599
    ));
#1474 = CARTESIAN_POINT('',(4.806078308478,6.842184915981,
    -0.985914928671));
#1475 = CARTESIAN_POINT('',(4.72997131588,6.898358681733,-0.988292668751
    ));
#1476 = CARTESIAN_POINT('',(4.653467184762,6.953646210263,
    -0.990937375367));
#1477 = CARTESIAN_POINT('',(4.576637085253,7.00807031956,-0.993898651631
    ));
#1478 = CARTESIAN_POINT('',(4.499570181824,7.061637383151,-0.99722286639
    ));
#1479 = CARTESIAN_POINT('',(4.422478436685,7.114357351384,
    -1.001014635823));
#1480 = CARTESIAN_POINT('',(4.345587182054,7.166228140857,-1.00536885008
    ));
#1481 = CARTESIAN_POINT('',(4.242137297258,7.235688134726,
    -1.012480482362));
#1482 = CARTESIAN_POINT('',(4.214898676288,7.253945618943,
    -1.014473452927));
#1483 = CARTESIAN_POINT('',(4.187800616197,7.272100063702,
    -1.016594088484));
#1484 = CARTESIAN_POINT('',(4.16087580495,7.290155671365,-1.018859889928
    ));
#1485 = CARTESIAN_POINT('',(4.134186902309,7.30810857167,-1.021295378954
    ));
#1486 = CARTESIAN_POINT('',(4.107823115432,7.32594759626,-1.02393047421)
  );
#1487 = CARTESIAN_POINT('',(4.081911949599,7.343655308809,
    -1.026805982277));
#1488 = CARTESIAN_POINT('',(4.043107813164,7.370648329516,
    -1.031717985847));
#1489 = CARTESIAN_POINT('',(4.02975728581,7.380026812797,-1.033524900177
    ));
#1490 = CARTESIAN_POINT('',(4.016642774489,7.389353370625,
    -1.035435227584));
#1491 = CARTESIAN_POINT('',(4.003806170402,7.398624234722,
    -1.037464069479));
#1492 = CARTESIAN_POINT('',(3.991324532687,7.407821167962,
    -1.039630068738));
#1493 = CARTESIAN_POINT('',(3.97930790447,7.416912460104,-1.041954723207
    ));
#1494 = CARTESIAN_POINT('',(3.967909087838,7.425851888917,
    -1.044465495645));
#1495 = CARTESIAN_POINT('',(3.952846209725,7.438312984815,
    -1.048387687978));
#1496 = CARTESIAN_POINT('',(3.948485689641,7.442010730476,
    -1.049607404746));
#1497 = CARTESIAN_POINT('',(3.944306357412,7.445658987316,
    -1.050872621154));
#1498 = CARTESIAN_POINT('',(3.940333566463,7.449248754424,
    -1.052186775416));
#1499 = CARTESIAN_POINT('',(3.936599113461,7.452767421169,
    -1.053553042112));
#1500 = CARTESIAN_POINT('',(3.933140717907,7.456198937943,
    -1.054974230858));
#1501 = CARTESIAN_POINT('',(3.930001501741,7.459523986902,
    -1.056452684983));
#1502 = CARTESIAN_POINT('',(3.924512232639,7.465853137912,-1.05949728279
    ));
#1503 = CARTESIAN_POINT('',(3.922145929574,7.468864366388,
    -1.061062086811));
#1504 = CARTESIAN_POINT('',(3.920180809873,7.471727303188,
    -1.062683849446));
#1505 = CARTESIAN_POINT('',(3.918669191538,7.474412344732,
    -1.064359968331));
#1506 = CARTESIAN_POINT('',(3.917661218119,7.476888513433,
    -1.066085612782));
#1507 = CARTESIAN_POINT('',(3.917198262065,7.479126144957,
    -1.067853144906));
#1508 = CARTESIAN_POINT('',(3.917303973763,7.481100568122,
    -1.069651330608));
#1509 = CARTESIAN_POINT('',(3.918533073056,7.484216864062,-1.07298221391
    ));
#1510 = CARTESIAN_POINT('',(3.919488432809,7.485442704935,
    -1.074511356998));
#1511 = CARTESIAN_POINT('',(3.920836397776,7.486465349998,
    -1.076042560765));
#1512 = CARTESIAN_POINT('',(3.922562070073,7.487283563501,
    -1.077567929924));
#1513 = CARTESIAN_POINT('',(3.924641486299,7.487902122709,
    -1.079080807803));
#1514 = CARTESIAN_POINT('',(3.927044792205,7.488330116601,
    -1.080575701255));
#1515 = CARTESIAN_POINT('',(3.929739417352,7.488579244573,
    -1.082048205583));
#1516 = CARTESIAN_POINT('',(3.93838628576,7.488821834794,-1.08628325656)
  );
#1517 = CARTESIAN_POINT('',(3.945033401792,7.488363901587,
    -1.088971662407));
#1518 = CARTESIAN_POINT('',(3.952434851214,7.48738507726,-1.091555640871
    ));
#1519 = CARTESIAN_POINT('',(3.960417532292,7.485973751111,
    -1.094035554408));
#1520 = CARTESIAN_POINT('',(3.968842332937,7.484205248092,-1.09641545279
    ));
#1521 = CARTESIAN_POINT('',(3.977608285055,7.482138940907,
    -1.098702357782));
#1522 = CARTESIAN_POINT('',(3.986653528512,7.479817166089,
    -1.100906013761));
#1523 = CARTESIAN_POINT('',(4.009392351478,7.473579041993,
    -1.106121743056));
#1524 = CARTESIAN_POINT('',(4.023315197559,7.469426105934,
    -1.109046187531));
#1525 = CARTESIAN_POINT('',(4.037590003326,7.464903628237,
    -1.111839594427));
#1526 = CARTESIAN_POINT('',(4.052126258098,7.4600766386,-1.114519399365)
  );
#1527 = CARTESIAN_POINT('',(4.066860988163,7.454991239976,-1.11709840786
    ));
#1528 = CARTESIAN_POINT('',(4.081750637303,7.449682029183,
    -1.119587900126));
#1529 = CARTESIAN_POINT('',(4.096768399797,7.444174402217,
    -1.121998749705));
#1530 = CARTESIAN_POINT('',(4.132370473044,7.430786747959,
    -1.127506070221));
#1531 = CARTESIAN_POINT('',(4.153027801812,7.422764081449,
    -1.130541526894));
#1532 = CARTESIAN_POINT('',(4.173828157399,7.414461315265,
    -1.133467197513));
#1533 = CARTESIAN_POINT('',(4.194734810909,7.405912177127,-1.13629708087
    ));
#1534 = CARTESIAN_POINT('',(4.215720947466,7.397141634166,
    -1.139041659124));
#1535 = CARTESIAN_POINT('',(4.236767014586,7.38816905983,-1.141709654014
    ));
#1536 = CARTESIAN_POINT('',(4.257859610865,7.379009485472,
    -1.144308783118));
#1537 = CARTESIAN_POINT('',(4.278991914974,7.369672936632,
    -1.146845516162));
#1538 = PCURVE('',#1220,#1539);
#1539 = DEFINITIONAL_REPRESENTATION('',(#1540),#1634);
#1540 = B_SPLINE_CURVE_WITH_KNOTS('',8,(#1541,#1542,#1543,#1544,#1545,
    #1546,#1547,#1548,#1549,#1550,#1551,#1552,#1553,#1554,#1555,#1556,
    #1557,#1558,#1559,#1560,#1561,#1562,#1563,#1564,#1565,#1566,#1567,
    #1568,#1569,#1570,#1571,#1572,#1573,#1574,#1575,#1576,#1577,#1578,
    #1579,#1580,#1581,#1582,#1583,#1584,#1585,#1586,#1587,#1588,#1589,
    #1590,#1591,#1592,#1593,#1594,#1595,#1596,#1597,#1598,#1599,#1600,
    #1601,#1602,#1603,#1604,#1605,#1606,#1607,#1608,#1609,#1610,#1611,
    #1612,#1613,#1614,#1615,#1616,#1617,#1618,#1619,#1620,#1621,#1622,
    #1623,#1624,#1625,#1626,#1627,#1628,#1629,#1630,#1631,#1632,#1633),
  .UNSPECIFIED.,.F.,.F.,(9,7,7,7,7,7,7,7,7,7,7,7,7,9),(0.,0.14431833513,
    0.541403861336,0.701174322589,0.81347431025,0.892411201412,
    0.920799953085,0.936066066537,0.94261790441,0.949040227987,
    0.954417073658,0.964780077247,0.979756186505,1.),.UNSPECIFIED.);
#1541 = CARTESIAN_POINT('',(1.680704780734,6.762279024438));
#1542 = CARTESIAN_POINT('',(1.664194088249,6.739748677853));
#1543 = CARTESIAN_POINT('',(1.647627528306,6.71720768874));
#1544 = CARTESIAN_POINT('',(1.630998376266,6.694656423319));
#1545 = CARTESIAN_POINT('',(1.614299408283,6.67209526004));
#1546 = CARTESIAN_POINT('',(1.597522901306,6.649524589589));
#1547 = CARTESIAN_POINT('',(1.580660633077,6.626944814885));
#1548 = CARTESIAN_POINT('',(1.563703882132,6.604356351077));
#1549 = CARTESIAN_POINT('',(1.499702341077,6.519585733107));
#1550 = CARTESIAN_POINT('',(1.45196986801,6.457340699968));
#1551 = CARTESIAN_POINT('',(1.403254766042,6.395044861359));
#1552 = CARTESIAN_POINT('',(1.353335467814,6.33270914134));
#1553 = CARTESIAN_POINT('',(1.301909458549,6.270342873719));
#1554 = CARTESIAN_POINT('',(1.248603979887,6.20795618052));
#1555 = CARTESIAN_POINT('',(1.192911060219,6.145565922732));
#1556 = CARTESIAN_POINT('',(1.110170282756,6.058126550925));
#1557 = CARTESIAN_POINT('',(1.085893591755,6.033044032294));
#1558 = CARTESIAN_POINT('',(1.06102016022,6.007968883824));
#1559 = CARTESIAN_POINT('',(1.035474827635,5.982903687127));
#1560 = CARTESIAN_POINT('',(1.00916866629,5.957851402235));
#1561 = CARTESIAN_POINT('',(0.981991296616,5.932815702877));
#1562 = CARTESIAN_POINT('',(0.953793762908,5.907801648517));
#1563 = CARTESIAN_POINT('',(0.903674853571,5.865255185506));
#1564 = CARTESIAN_POINT('',(0.882378555623,5.847708569769));
#1565 = CARTESIAN_POINT('',(0.860396250516,5.830178942941));
#1566 = CARTESIAN_POINT('',(0.837638099812,5.812669278882));
#1567 = CARTESIAN_POINT('',(0.813983572148,5.795184048517));
#1568 = CARTESIAN_POINT('',(0.789281143724,5.777729263422));
#1569 = CARTESIAN_POINT('',(0.763323623449,5.760313352037));
#1570 = CARTESIAN_POINT('',(0.71638071003,5.730745582638));
#1571 = CARTESIAN_POINT('',(0.696219427884,5.71857404348));
#1572 = CARTESIAN_POINT('',(0.675147102419,5.706433704468));
#1573 = CARTESIAN_POINT('',(0.652978419517,5.694329708487));
#1574 = CARTESIAN_POINT('',(0.629544689372,5.682270417746));
#1575 = CARTESIAN_POINT('',(0.604462101995,5.670278237997));
#1576 = CARTESIAN_POINT('',(0.577388646312,5.658378070996));
#1577 = CARTESIAN_POINT('',(0.536289515982,5.642411431065));
#1578 = CARTESIAN_POINT('',(0.525018803776,5.638211597815));
#1579 = CARTESIAN_POINT('',(0.513288002684,5.63403629801));
#1580 = CARTESIAN_POINT('',(0.501032079707,5.629889015821));
#1581 = CARTESIAN_POINT('',(0.488161715951,5.625777146349));
#1582 = CARTESIAN_POINT('',(0.474569298391,5.621711559319));
#1583 = CARTESIAN_POINT('',(0.460108316013,5.617707870593));
#1584 = CARTESIAN_POINT('',(0.436097051716,5.611687794853));
#1585 = CARTESIAN_POINT('',(0.427381358326,5.60961191808));
#1586 = CARTESIAN_POINT('',(0.418292111073,5.607566755741));
#1587 = CARTESIAN_POINT('',(0.408774207028,5.605557310687));
#1588 = CARTESIAN_POINT('',(0.398762385481,5.603593436815));
#1589 = CARTESIAN_POINT('',(0.38818360679,5.601689526473));
#1590 = CARTESIAN_POINT('',(0.376945569154,5.599865662751));
#1591 = CARTESIAN_POINT('',(0.359709565397,5.597418299333));
#1592 = CARTESIAN_POINT('',(0.354387229282,5.596704623774));
#1593 = CARTESIAN_POINT('',(0.348906109211,5.596014595257));
#1594 = CARTESIAN_POINT('',(0.34325524457,5.595351615453));
#1595 = CARTESIAN_POINT('',(0.337425382081,5.594720026196));
#1596 = CARTESIAN_POINT('',(0.331409297382,5.594125037783));
#1597 = CARTESIAN_POINT('',(0.325202116606,5.593572657256));
#1598 = CARTESIAN_POINT('',(0.312527681606,5.592576520062));
#1599 = CARTESIAN_POINT('',(0.306063937113,5.592130496358));
#1600 = CARTESIAN_POINT('',(0.299418459001,5.591738777129));
#1601 = CARTESIAN_POINT('',(0.292606802623,5.591408999296));
#1602 = CARTESIAN_POINT('',(0.285652996008,5.591148619372));
#1603 = CARTESIAN_POINT('',(0.278591147655,5.590964008697));
#1604 = CARTESIAN_POINT('',(0.27146769027,5.590859229714));
#1605 = CARTESIAN_POINT('',(0.258380440308,5.590813783646));
#1606 = CARTESIAN_POINT('',(0.252413202476,5.590849182867));
#1607 = CARTESIAN_POINT('',(0.246478438407,5.590940878212));
#1608 = CARTESIAN_POINT('',(0.240605578916,5.591087220729));
#1609 = CARTESIAN_POINT('',(0.234818236653,5.591285186188));
#1610 = CARTESIAN_POINT('',(0.229134848569,5.591530836023));
#1611 = CARTESIAN_POINT('',(0.223569318379,5.591819778277));
#1612 = CARTESIAN_POINT('',(0.207651446869,5.592779507098));
#1613 = CARTESIAN_POINT('',(0.197661804213,5.593554927971));
#1614 = CARTESIAN_POINT('',(0.188158967199,5.594445505039));
#1615 = CARTESIAN_POINT('',(0.179123303947,5.595426433603));
#1616 = CARTESIAN_POINT('',(0.17052446621,5.596477566592));
#1617 = CARTESIAN_POINT('',(0.162324418,5.597584027055));
#1618 = CARTESIAN_POINT('',(0.154478341187,5.598736356946));
#1619 = CARTESIAN_POINT('',(0.136029861813,5.601655489363));
#1620 = CARTESIAN_POINT('',(0.125793491026,5.603461369667));
#1621 = CARTESIAN_POINT('',(0.116103598844,5.605327352362));
#1622 = CARTESIAN_POINT('',(0.106882358544,5.607239461008));
#1623 = CARTESIAN_POINT('',(9.807313318793E-02,5.609187947707));
#1624 = CARTESIAN_POINT('',(8.962725110054E-02,5.611165927581));
#1625 = CARTESIAN_POINT('',(8.149924718994E-02,5.613168933486));
#1626 = CARTESIAN_POINT('',(6.304119541284E-02,5.617934635642));
#1627 = CARTESIAN_POINT('',(5.29551140838E-02,5.620713106724));
#1628 = CARTESIAN_POINT('',(4.330763988195E-02,5.623522392171));
#1629 = CARTESIAN_POINT('',(3.40402995014E-02,5.626356480353));
#1630 = CARTESIAN_POINT('',(2.510948305548E-02,5.629210986416));
#1631 = CARTESIAN_POINT('',(1.647921277565E-02,5.632082665227));
#1632 = CARTESIAN_POINT('',(8.118029935529E-03,5.634969210908));
#1633 = CARTESIAN_POINT('',(0.,5.637869342962));
#1634 = ( GEOMETRIC_REPRESENTATION_CONTEXT(2) 
PARAMETRIC_REPRESENTATION_CONTEXT() REPRESENTATION_CONTEXT('2D SPACE',''
  ) );
#1635 = PCURVE('',#1369,#1636);
#1636 = DEFINITIONAL_REPRESENTATION('',(#1637),#1731);
#1637 = B_SPLINE_CURVE_WITH_KNOTS('',8,(#1638,#1639,#1640,#1641,#1642,
    #1643,#1644,#1645,#1646,#1647,#1648,#1649,#1650,#1651,#1652,#1653,
    #1654,#1655,#1656,#1657,#1658,#1659,#1660,#1661,#1662,#1663,#1664,
    #1665,#1666,#1667,#1668,#1669,#1670,#1671,#1672,#1673,#1674,#1675,
    #1676,#1677,#1678,#1679,#1680,#1681,#1682,#1683,#1684,#1685,#1686,
    #1687,#1688,#1689,#1690,#1691,#1692,#1693,#1694,#1695,#1696,#1697,
    #1698,#1699,#1700,#1701,#1702,#1703,#1704,#1705,#1706,#1707,#1708,
    #1709,#1710,#1711,#1712,#1713,#1714,#1715,#1716,#1717,#1718,#1719,
    #1720,#1721,#1722,#1723,#1724,#1725,#1726,#1727,#1728,#1729,#1730),
  .UNSPECIFIED.,.F.,.F.,(9,7,7,7,7,7,7,7,7,7,7,7,7,9),(0.,0.14431833513,
    0.541403861336,0.701174322589,0.81347431025,0.892411201412,
    0.920799953085,0.936066066537,0.94261790441,0.949040227987,
    0.954417073658,0.964780077247,0.979756186505,1.),.UNSPECIFIED.);
#1638 = CARTESIAN_POINT('',(-1.8309523166E-07,1.036427416407));
#1639 = CARTESIAN_POINT('',(-2.093428373906E-02,1.032900556805));
#1640 = CARTESIAN_POINT('',(-4.187825367697E-02,1.029452400762));
#1641 = CARTESIAN_POINT('',(-6.283176246021E-02,1.026083863294));
#1642 = CARTESIAN_POINT('',(-8.379446686369E-02,1.022796062299));
#1643 = CARTESIAN_POINT('',(-0.104766010886,1.019590318559));
#1644 = CARTESIAN_POINT('',(-0.125746025749,1.016468155738));
#1645 = CARTESIAN_POINT('',(-0.146734129899,1.013431300386));
#1646 = CARTESIAN_POINT('',(-0.225498943099,1.002365937009));
#1647 = CARTESIAN_POINT('',(-0.283334196795,0.99490943814));
#1648 = CARTESIAN_POINT('',(-0.341216849219,0.988156031913));
#1649 = CARTESIAN_POINT('',(-0.39913670985,0.982157703237));
#1650 = CARTESIAN_POINT('',(-0.457085001583,0.976990512022));
#1651 = CARTESIAN_POINT('',(-0.515052207658,0.972752693139));
#1652 = CARTESIAN_POINT('',(-0.573022588276,0.969583656395));
#1653 = CARTESIAN_POINT('',(-0.654267296488,0.967001869149));
#1654 = CARTESIAN_POINT('',(-0.677572809539,0.966476206136));
#1655 = CARTESIAN_POINT('',(-0.700871443697,0.966182293031));
#1656 = CARTESIAN_POINT('',(-0.724160798839,0.966141077272));
#1657 = CARTESIAN_POINT('',(-0.747438124313,0.966377368875));
#1658 = CARTESIAN_POINT('',(-0.770700007398,0.966921960404));
#1659 = CARTESIAN_POINT('',(-0.793941748783,0.967816292912));
#1660 = CARTESIAN_POINT('',(-0.833473633131,0.970035788327));
#1661 = CARTESIAN_POINT('',(-0.84977699066,0.971153970399));
#1662 = CARTESIAN_POINT('',(-0.866064550092,0.972495317187));
#1663 = CARTESIAN_POINT('',(-0.882333549323,0.97408463641));
#1664 = CARTESIAN_POINT('',(-0.898579835427,0.975955151601));
#1665 = CARTESIAN_POINT('',(-0.914797824123,0.978148627642));
#1666 = CARTESIAN_POINT('',(-0.930979685621,0.980721979599));
#1667 = CARTESIAN_POINT('',(-0.958452342416,0.985914928671));
#1668 = CARTESIAN_POINT('',(-0.969761427592,0.988292668751));
#1669 = CARTESIAN_POINT('',(-0.981041520696,0.990937375367));
#1670 = CARTESIAN_POINT('',(-0.992287843782,0.993898651631));
#1671 = CARTESIAN_POINT('',(-1.003492627689,0.99722286639));
#1672 = CARTESIAN_POINT('',(-1.014635054833,1.001014635823));
#1673 = CARTESIAN_POINT('',(-1.025691988468,1.00536885008));
#1674 = CARTESIAN_POINT('',(-1.04052724865,1.012480482362));
#1675 = CARTESIAN_POINT('',(-1.044429485981,1.014473452927));
#1676 = CARTESIAN_POINT('',(-1.048308928266,1.016594088484));
#1677 = CARTESIAN_POINT('',(-1.052162338235,1.018859889928));
#1678 = CARTESIAN_POINT('',(-1.055982844811,1.021295378954));
#1679 = CARTESIAN_POINT('',(-1.059760348498,1.02393047421));
#1680 = CARTESIAN_POINT('',(-1.063480339964,1.026805982277));
#1681 = CARTESIAN_POINT('',(-1.069073839374,1.031717985847));
#1682 = CARTESIAN_POINT('',(-1.071002621676,1.033524900177));
#1683 = CARTESIAN_POINT('',(-1.072902865942,1.035435227584));
#1684 = CARTESIAN_POINT('',(-1.074769923817,1.037464069479));
#1685 = CARTESIAN_POINT('',(-1.076594639633,1.039630068738));
#1686 = CARTESIAN_POINT('',(-1.078363640864,1.041954723207));
#1687 = CARTESIAN_POINT('',(-1.080058267474,1.044465495645));
#1688 = CARTESIAN_POINT('',(-1.082332213166,1.048387687978));
#1689 = CARTESIAN_POINT('',(-1.082995318379,1.049607404746));
#1690 = CARTESIAN_POINT('',(-1.083636452145,1.050872621154));
#1691 = CARTESIAN_POINT('',(-1.084252453832,1.052186775416));
#1692 = CARTESIAN_POINT('',(-1.084839289257,1.053553042112));
#1693 = CARTESIAN_POINT('',(-1.085392117321,1.054974230858));
#1694 = CARTESIAN_POINT('',(-1.085905356629,1.056452684983));
#1695 = CARTESIAN_POINT('',(-1.086830908315,1.05949728279));
#1696 = CARTESIAN_POINT('',(-1.087245327092,1.061062086811));
#1697 = CARTESIAN_POINT('',(-1.087609289328,1.062683849446));
#1698 = CARTESIAN_POINT('',(-1.087915699242,1.064359968331));
#1699 = CARTESIAN_POINT('',(-1.088157628681,1.066085612782));
#1700 = CARTESIAN_POINT('',(-1.08832915777,1.067853144906));
#1701 = CARTESIAN_POINT('',(-1.088426511927,1.069651330608));
#1702 = CARTESIAN_POINT('',(-1.088468737137,1.07298221391));
#1703 = CARTESIAN_POINT('',(-1.088435845977,1.074511356998));
#1704 = CARTESIAN_POINT('',(-1.088350647759,1.076042560765));
#1705 = CARTESIAN_POINT('',(-1.088214674594,1.077567929924));
#1706 = CARTESIAN_POINT('',(-1.088030736422,1.079080807803));
#1707 = CARTESIAN_POINT('',(-1.087802492728,1.080575701255));
#1708 = CARTESIAN_POINT('',(-1.087534024263,1.082048205583));
#1709 = CARTESIAN_POINT('',(-1.08664229976,1.08628325656));
#1710 = CARTESIAN_POINT('',(-1.085921823679,1.088971662407));
#1711 = CARTESIAN_POINT('',(-1.085094351245,1.091555640871));
#1712 = CARTESIAN_POINT('',(-1.08418292953,1.094035554408));
#1713 = CARTESIAN_POINT('',(-1.083206278014,1.09641545279));
#1714 = CARTESIAN_POINT('',(-1.082178219486,1.098702357782));
#1715 = CARTESIAN_POINT('',(-1.081107541807,1.100906013761));
#1716 = CARTESIAN_POINT('',(-1.078395254442,1.106121743056));
#1717 = CARTESIAN_POINT('',(-1.07671733601,1.109046187531));
#1718 = CARTESIAN_POINT('',(-1.074983574022,1.111839594427));
#1719 = CARTESIAN_POINT('',(-1.073206954563,1.114519399365));
#1720 = CARTESIAN_POINT('',(-1.071396534805,1.11709840786));
#1721 = CARTESIAN_POINT('',(-1.069558711768,1.119587900126));
#1722 = CARTESIAN_POINT('',(-1.067697636057,1.121998749705));
#1723 = CARTESIAN_POINT('',(-1.063269624987,1.127506070221));
#1724 = CARTESIAN_POINT('',(-1.060688032617,1.130541526894));
#1725 = CARTESIAN_POINT('',(-1.058077809415,1.133467197513));
#1726 = CARTESIAN_POINT('',(-1.055444541028,1.13629708087));
#1727 = CARTESIAN_POINT('',(-1.052792301597,1.139041659124));
#1728 = CARTESIAN_POINT('',(-1.0501241063,1.141709654014));
#1729 = CARTESIAN_POINT('',(-1.047442097616,1.144308783118));
#1730 = CARTESIAN_POINT('',(-1.044747465298,1.146845516162));
#1731 = ( GEOMETRIC_REPRESENTATION_CONTEXT(2) 
PARAMETRIC_REPRESENTATION_CONTEXT() REPRESENTATION_CONTEXT('2D SPACE',''
  ) );
#1732 = ORIENTED_EDGE('',*,*,#1154,.T.);
#1733 = ORIENTED_EDGE('',*,*,#1734,.F.);
#1734 = EDGE_CURVE('',#1735,#1157,#1737,.T.);
#1735 = VERTEX_POINT('',#1736);
#1736 = CARTESIAN_POINT('',(8.411427416407,1.540092257E-06,
    -1.036427416407));
#1737 = SURFACE_CURVE('',#1738,(#1832,#1929),.PCURVE_S1.);
#1738 = B_SPLINE_CURVE_WITH_KNOTS('',8,(#1739,#1740,#1741,#1742,#1743,
    #1744,#1745,#1746,#1747,#1748,#1749,#1750,#1751,#1752,#1753,#1754,
    #1755,#1756,#1757,#1758,#1759,#1760,#1761,#1762,#1763,#1764,#1765,
    #1766,#1767,#1768,#1769,#1770,#1771,#1772,#1773,#1774,#1775,#1776,
    #1777,#1778,#1779,#1780,#1781,#1782,#1783,#1784,#1785,#1786,#1787,
    #1788,#1789,#1790,#1791,#1792,#1793,#1794,#1795,#1796,#1797,#1798,
    #1799,#1800,#1801,#1802,#1803,#1804,#1805,#1806,#1807,#1808,#1809,
    #1810,#1811,#1812,#1813,#1814,#1815,#1816,#1817,#1818,#1819,#1820,
    #1821,#1822,#1823,#1824,#1825,#1826,#1827,#1828,#1829,#1830,#1831),
  .UNSPECIFIED.,.F.,.F.,(9,7,7,7,7,7,7,7,7,7,7,7,7,9),(0.,0.14431833513,
    0.541403861336,0.701174322589,0.81347431025,0.892411201412,
    0.920799953085,0.936066066537,0.94261790441,0.949040227987,
    0.954417073658,0.964780077247,0.979756186505,1.),.UNSPECIFIED.);
#1739 = CARTESIAN_POINT('',(8.411427416407,1.54009225138E-06,
    -1.036427416407));
#1740 = CARTESIAN_POINT('',(8.407900524564,0.17608720754,-1.032900556805
    ));
#1741 = CARTESIAN_POINT('',(8.400239543118,0.352087351281,
    -1.029452400762));
#1742 = CARTESIAN_POINT('',(8.388445495455,0.527887615495,
    -1.026083863294));
#1743 = CARTESIAN_POINT('',(8.372523506718,0.703373963281,
    -1.022796062299));
#1744 = CARTESIAN_POINT('',(8.352482803814,0.878432676653,
    -1.019590318559));
#1745 = CARTESIAN_POINT('',(8.328336715409,1.052950356541,
    -1.016468155738));
#1746 = CARTESIAN_POINT('',(8.30010267193,1.226813922793,-1.013431300386
    ));
#1747 = CARTESIAN_POINT('',(8.178928898708,1.876178516787,
    -1.002365937009));
#1748 = CARTESIAN_POINT('',(8.059258146224,2.346707916494,-0.99490943814
    ));
#1749 = CARTESIAN_POINT('',(7.909242103961,2.809070908031,
    -0.988156031913));
#1750 = CARTESIAN_POINT('',(7.729578892511,3.26095709136,-0.982157703237
    ));
#1751 = CARTESIAN_POINT('',(7.521197923134,3.700171012856,
    -0.976990512022));
#1752 = CARTESIAN_POINT('',(7.285236843897,4.12462422915,-0.972752693139
    ));
#1753 = CARTESIAN_POINT('',(7.023071330517,4.532345398983,
    -0.969583656395));
#1754 = CARTESIAN_POINT('',(6.621138216197,5.078123998382,
    -0.967001869149));
#1755 = CARTESIAN_POINT('',(6.501854894325,5.231722475926,
    -0.966476206136));
#1756 = CARTESIAN_POINT('',(6.378720217758,5.38221245345,-0.966182293031
    ));
#1757 = CARTESIAN_POINT('',(6.251854551458,5.529486584573,
    -0.966141077272));
#1758 = CARTESIAN_POINT('',(6.121386585819,5.673444518323,
    -0.966377368875));
#1759 = CARTESIAN_POINT('',(5.987455981361,5.813994000067,
    -0.966921960404));
#1760 = CARTESIAN_POINT('',(5.850219460638,5.951053519201,
    -0.967816292912));
#1761 = CARTESIAN_POINT('',(5.611204271821,6.178393520656,
    -0.970035788327));
#1762 = CARTESIAN_POINT('',(5.511008392437,6.270470702706,
    -0.971153970399));
#1763 = CARTESIAN_POINT('',(5.409334074565,6.360768334133,
    -0.972495317187));
#1764 = CARTESIAN_POINT('',(5.306250102515,6.449267741898,-0.97408463641
    ));
#1765 = CARTESIAN_POINT('',(5.201839270745,6.535954076974,
    -0.975955151601));
#1766 = CARTESIAN_POINT('',(5.096198890701,6.620816952241,
    -0.978148627642));
#1767 = CARTESIAN_POINT('',(4.98944981861,6.703854477013,-0.980721979599
    ));
#1768 = CARTESIAN_POINT('',(4.806078308478,6.842184915981,
    -0.985914928671));
#1769 = CARTESIAN_POINT('',(4.72997131588,6.898358681733,-0.988292668751
    ));
#1770 = CARTESIAN_POINT('',(4.653467184762,6.953646210263,
    -0.990937375367));
#1771 = CARTESIAN_POINT('',(4.576637085253,7.00807031956,-0.993898651631
    ));
#1772 = CARTESIAN_POINT('',(4.499570181824,7.061637383151,-0.99722286639
    ));
#1773 = CARTESIAN_POINT('',(4.422478436685,7.114357351384,
    -1.001014635823));
#1774 = CARTESIAN_POINT('',(4.345587182054,7.166228140857,-1.00536885008
    ));
#1775 = CARTESIAN_POINT('',(4.242137297258,7.235688134726,
    -1.012480482362));
#1776 = CARTESIAN_POINT('',(4.214898676288,7.253945618943,
    -1.014473452927));
#1777 = CARTESIAN_POINT('',(4.187800616197,7.272100063702,
    -1.016594088484));
#1778 = CARTESIAN_POINT('',(4.16087580495,7.290155671365,-1.018859889928
    ));
#1779 = CARTESIAN_POINT('',(4.134186902309,7.30810857167,-1.021295378954
    ));
#1780 = CARTESIAN_POINT('',(4.107823115432,7.32594759626,-1.02393047421)
  );
#1781 = CARTESIAN_POINT('',(4.081911949599,7.343655308809,
    -1.026805982277));
#1782 = CARTESIAN_POINT('',(4.043107813164,7.370648329516,
    -1.031717985847));
#1783 = CARTESIAN_POINT('',(4.02975728581,7.380026812797,-1.033524900177
    ));
#1784 = CARTESIAN_POINT('',(4.016642774489,7.389353370625,
    -1.035435227584));
#1785 = CARTESIAN_POINT('',(4.003806170402,7.398624234722,
    -1.037464069479));
#1786 = CARTESIAN_POINT('',(3.991324532687,7.407821167962,
    -1.039630068738));
#1787 = CARTESIAN_POINT('',(3.97930790447,7.416912460104,-1.041954723207
    ));
#1788 = CARTESIAN_POINT('',(3.967909087838,7.425851888917,
    -1.044465495645));
#1789 = CARTESIAN_POINT('',(3.952846209725,7.438312984815,
    -1.048387687978));
#1790 = CARTESIAN_POINT('',(3.948485689641,7.442010730476,
    -1.049607404746));
#1791 = CARTESIAN_POINT('',(3.944306357412,7.445658987316,
    -1.050872621154));
#1792 = CARTESIAN_POINT('',(3.940333566463,7.449248754424,
    -1.052186775416));
#1793 = CARTESIAN_POINT('',(3.936599113461,7.452767421169,
    -1.053553042112));
#1794 = CARTESIAN_POINT('',(3.933140717907,7.456198937943,
    -1.054974230858));
#1795 = CARTESIAN_POINT('',(3.930001501741,7.459523986902,
    -1.056452684983));
#1796 = CARTESIAN_POINT('',(3.924512232639,7.465853137912,-1.05949728279
    ));
#1797 = CARTESIAN_POINT('',(3.922145929574,7.468864366388,
    -1.061062086811));
#1798 = CARTESIAN_POINT('',(3.920180809873,7.471727303188,
    -1.062683849446));
#1799 = CARTESIAN_POINT('',(3.918669191538,7.474412344732,
    -1.064359968331));
#1800 = CARTESIAN_POINT('',(3.917661218119,7.476888513433,
    -1.066085612782));
#1801 = CARTESIAN_POINT('',(3.917198262065,7.479126144957,
    -1.067853144906));
#1802 = CARTESIAN_POINT('',(3.917303973763,7.481100568122,
    -1.069651330608));
#1803 = CARTESIAN_POINT('',(3.918533073056,7.484216864062,-1.07298221391
    ));
#1804 = CARTESIAN_POINT('',(3.919488432809,7.485442704935,
    -1.074511356998));
#1805 = CARTESIAN_POINT('',(3.920836397776,7.486465349998,
    -1.076042560765));
#1806 = CARTESIAN_POINT('',(3.922562070073,7.487283563501,
    -1.077567929924));
#1807 = CARTESIAN_POINT('',(3.924641486299,7.487902122709,
    -1.079080807803));
#1808 = CARTESIAN_POINT('',(3.927044792205,7.488330116601,
    -1.080575701255));
#1809 = CARTESIAN_POINT('',(3.929739417352,7.488579244573,
    -1.082048205583));
#1810 = CARTESIAN_POINT('',(3.93838628576,7.488821834794,-1.08628325656)
  );
#1811 = CARTESIAN_POINT('',(3.945033401792,7.488363901587,
    -1.088971662407));
#1812 = CARTESIAN_POINT('',(3.952434851214,7.48738507726,-1.091555640871
    ));
#1813 = CARTESIAN_POINT('',(3.960417532292,7.485973751111,
    -1.094035554408));
#1814 = CARTESIAN_POINT('',(3.968842332937,7.484205248092,-1.09641545279
    ));
#1815 = CARTESIAN_POINT('',(3.977608285055,7.482138940907,
    -1.098702357782));
#1816 = CARTESIAN_POINT('',(3.986653528512,7.479817166089,
    -1.100906013761));
#1817 = CARTESIAN_POINT('',(4.009392351478,7.473579041993,
    -1.106121743056));
#1818 = CARTESIAN_POINT('',(4.023315197559,7.469426105934,
    -1.109046187531));
#1819 = CARTESIAN_POINT('',(4.037590003326,7.464903628237,
    -1.111839594427));
#1820 = CARTESIAN_POINT('',(4.052126258098,7.4600766386,-1.114519399365)
  );
#1821 = CARTESIAN_POINT('',(4.066860988163,7.454991239976,-1.11709840786
    ));
#1822 = CARTESIAN_POINT('',(4.081750637303,7.449682029183,
    -1.119587900126));
#1823 = CARTESIAN_POINT('',(4.096768399797,7.444174402217,
    -1.121998749705));
#1824 = CARTESIAN_POINT('',(4.132370473044,7.430786747959,
    -1.127506070221));
#1825 = CARTESIAN_POINT('',(4.153027801812,7.422764081449,
    -1.130541526894));
#1826 = CARTESIAN_POINT('',(4.173828157399,7.414461315265,
    -1.133467197513));
#1827 = CARTESIAN_POINT('',(4.194734810909,7.405912177127,-1.13629708087
    ));
#1828 = CARTESIAN_POINT('',(4.215720947466,7.397141634166,
    -1.139041659124));
#1829 = CARTESIAN_POINT('',(4.236767014586,7.38816905983,-1.141709654014
    ));
#1830 = CARTESIAN_POINT('',(4.257859610865,7.379009485472,
    -1.144308783118));
#1831 = CARTESIAN_POINT('',(4.278991914974,7.369672936632,
    -1.146845516162));
#1832 = PCURVE('',#1220,#1833);
#1833 = DEFINITIONAL_REPRESENTATION('',(#1834),#1928);
#1834 = B_SPLINE_CURVE_WITH_KNOTS('',8,(#1835,#1836,#1837,#1838,#1839,
    #1840,#1841,#1842,#1843,#1844,#1845,#1846,#1847,#1848,#1849,#1850,
    #1851,#1852,#1853,#1854,#1855,#1856,#1857,#1858,#1859,#1860,#1861,
    #1862,#1863,#1864,#1865,#1866,#1867,#1868,#1869,#1870,#1871,#1872,
    #1873,#1874,#1875,#1876,#1877,#1878,#1879,#1880,#1881,#1882,#1883,
    #1884,#1885,#1886,#1887,#1888,#1889,#1890,#1891,#1892,#1893,#1894,
    #1895,#1896,#1897,#1898,#1899,#1900,#1901,#1902,#1903,#1904,#1905,
    #1906,#1907,#1908,#1909,#1910,#1911,#1912,#1913,#1914,#1915,#1916,
    #1917,#1918,#1919,#1920,#1921,#1922,#1923,#1924,#1925,#1926,#1927),
  .UNSPECIFIED.,.F.,.F.,(9,7,7,7,7,7,7,7,7,7,7,7,7,9),(0.,0.14431833513,
    0.541403861336,0.701174322589,0.81347431025,0.892411201412,
    0.920799953085,0.936066066537,0.94261790441,0.949040227987,
    0.954417073658,0.964780077247,0.979756186505,1.),.UNSPECIFIED.);
#1835 = CARTESIAN_POINT('',(1.680704780734,6.762279024438));
#1836 = CARTESIAN_POINT('',(1.664194088249,6.739748677853));
#1837 = CARTESIAN_POINT('',(1.647627528306,6.71720768874));
#1838 = CARTESIAN_POINT('',(1.630998376266,6.694656423319));
#1839 = CARTESIAN_POINT('',(1.614299408283,6.67209526004));
#1840 = CARTESIAN_POINT('',(1.597522901306,6.649524589589));
#1841 = CARTESIAN_POINT('',(1.580660633077,6.626944814885));
#1842 = CARTESIAN_POINT('',(1.563703882132,6.604356351077));
#1843 = CARTESIAN_POINT('',(1.499702341077,6.519585733107));
#1844 = CARTESIAN_POINT('',(1.45196986801,6.457340699968));
#1845 = CARTESIAN_POINT('',(1.403254766042,6.395044861359));
#1846 = CARTESIAN_POINT('',(1.353335467814,6.33270914134));
#1847 = CARTESIAN_POINT('',(1.301909458549,6.270342873719));
#1848 = CARTESIAN_POINT('',(1.248603979887,6.20795618052));
#1849 = CARTESIAN_POINT('',(1.192911060219,6.145565922732));
#1850 = CARTESIAN_POINT('',(1.110170282756,6.058126550925));
#1851 = CARTESIAN_POINT('',(1.085893591755,6.033044032294));
#1852 = CARTESIAN_POINT('',(1.06102016022,6.007968883824));
#1853 = CARTESIAN_POINT('',(1.035474827635,5.982903687127));
#1854 = CARTESIAN_POINT('',(1.00916866629,5.957851402235));
#1855 = CARTESIAN_POINT('',(0.981991296616,5.932815702877));
#1856 = CARTESIAN_POINT('',(0.953793762908,5.907801648517));
#1857 = CARTESIAN_POINT('',(0.903674853571,5.865255185506));
#1858 = CARTESIAN_POINT('',(0.882378555623,5.847708569769));
#1859 = CARTESIAN_POINT('',(0.860396250516,5.830178942941));
#1860 = CARTESIAN_POINT('',(0.837638099812,5.812669278882));
#1861 = CARTESIAN_POINT('',(0.813983572148,5.795184048517));
#1862 = CARTESIAN_POINT('',(0.789281143724,5.777729263422));
#1863 = CARTESIAN_POINT('',(0.763323623449,5.760313352037));
#1864 = CARTESIAN_POINT('',(0.71638071003,5.730745582638));
#1865 = CARTESIAN_POINT('',(0.696219427884,5.71857404348));
#1866 = CARTESIAN_POINT('',(0.675147102419,5.706433704468));
#1867 = CARTESIAN_POINT('',(0.652978419517,5.694329708487));
#1868 = CARTESIAN_POINT('',(0.629544689372,5.682270417746));
#1869 = CARTESIAN_POINT('',(0.604462101995,5.670278237997));
#1870 = CARTESIAN_POINT('',(0.577388646312,5.658378070996));
#1871 = CARTESIAN_POINT('',(0.536289515982,5.642411431065));
#1872 = CARTESIAN_POINT('',(0.525018803776,5.638211597815));
#1873 = CARTESIAN_POINT('',(0.513288002684,5.63403629801));
#1874 = CARTESIAN_POINT('',(0.501032079707,5.629889015821));
#1875 = CARTESIAN_POINT('',(0.488161715951,5.625777146349));
#1876 = CARTESIAN_POINT('',(0.474569298391,5.621711559319));
#1877 = CARTESIAN_POINT('',(0.460108316013,5.617707870593));
#1878 = CARTESIAN_POINT('',(0.436097051716,5.611687794853));
#1879 = CARTESIAN_POINT('',(0.427381358326,5.60961191808));
#1880 = CARTESIAN_POINT('',(0.418292111073,5.607566755741));
#1881 = CARTESIAN_POINT('',(0.408774207028,5.605557310687));
#1882 = CARTESIAN_POINT('',(0.398762385481,5.603593436815));
#1883 = CARTESIAN_POINT('',(0.38818360679,5.601689526473));
#1884 = CARTESIAN_POINT('',(0.376945569154,5.599865662751));
#1885 = CARTESIAN_POINT('',(0.359709565397,5.597418299333));
#1886 = CARTESIAN_POINT('',(0.354387229282,5.596704623774));
#1887 = CARTESIAN_POINT('',(0.348906109211,5.596014595257));
#1888 = CARTESIAN_POINT('',(0.34325524457,5.595351615453));
#1889 = CARTESIAN_POINT('',(0.337425382081,5.594720026196));
#1890 = CARTESIAN_POINT('',(0.331409297382,5.594125037783));
#1891 = CARTESIAN_POINT('',(0.325202116606,5.593572657256));
#1892 = CARTESIAN_POINT('',(0.312527681606,5.592576520062));
#1893 = CARTESIAN_POINT('',(0.306063937113,5.592130496358));
#1894 = CARTESIAN_POINT('',(0.299418459001,5.591738777129));
#1895 = CARTESIAN_POINT('',(0.292606802623,5.591408999296));
#1896 = CARTESIAN_POINT('',(0.285652996008,5.591148619372));
#1897 = CARTESIAN_POINT('',(0.278591147655,5.590964008697));
#1898 = CARTESIAN_POINT('',(0.27146769027,5.590859229714));
#1899 = CARTESIAN_POINT('',(0.258380440308,5.590813783646));
#1900 = CARTESIAN_POINT('',(0.252413202476,5.590849182867));
#1901 = CARTESIAN_POINT('',(0.246478438407,5.590940878212));
#1902 = CARTESIAN_POINT('',(0.240605578916,5.591087220729));
#1903 = CARTESIAN_POINT('',(0.234818236653,5.591285186188));
#1904 = CARTESIAN_POINT('',(0.229134848569,5.591530836023));
#1905 = CARTESIAN_POINT('',(0.223569318379,5.591819778277));
#1906 = CARTESIAN_POINT('',(0.207651446869,5.592779507098));
#1907 = CARTESIAN_POINT('',(0.197661804213,5.593554927971));
#1908 = CARTESIAN_POINT('',(0.188158967199,5.594445505039));
#1909 = CARTESIAN_POINT('',(0.179123303947,5.595426433603));
#1910 = CARTESIAN_POINT('',(0.17052446621,5.596477566592));
#1911 = CARTESIAN_POINT('',(0.162324418,5.597584027055));
#1912 = CARTESIAN_POINT('',(0.154478341187,5.598736356946));
#1913 = CARTESIAN_POINT('',(0.136029861813,5.601655489363));
#1914 = CARTESIAN_POINT('',(0.125793491026,5.603461369667));
#1915 = CARTESIAN_POINT('',(0.116103598844,5.605327352362));
#1916 = CARTESIAN_POINT('',(0.106882358544,5.607239461008));
#1917 = CARTESIAN_POINT('',(9.807313318793E-02,5.609187947707));
#1918 = CARTESIAN_POINT('',(8.962725110054E-02,5.611165927581));
#1919 = CARTESIAN_POINT('',(8.149924718994E-02,5.613168933486));
#1920 = CARTESIAN_POINT('',(6.304119541284E-02,5.617934635642));
#1921 = CARTESIAN_POINT('',(5.29551140838E-02,5.620713106724));
#1922 = CARTESIAN_POINT('',(4.330763988195E-02,5.623522392171));
#1923 = CARTESIAN_POINT('',(3.40402995014E-02,5.626356480353));
#1924 = CARTESIAN_POINT('',(2.510948305548E-02,5.629210986416));
#1925 = CARTESIAN_POINT('',(1.647921277565E-02,5.632082665227));
#1926 = CARTESIAN_POINT('',(8.118029935529E-03,5.634969210908));
#1927 = CARTESIAN_POINT('',(0.,5.637869342962));
#1928 = ( GEOMETRIC_REPRESENTATION_CONTEXT(2) 
PARAMETRIC_REPRESENTATION_CONTEXT() REPRESENTATION_CONTEXT('2D SPACE',''
  ) );
#1929 = PCURVE('',#1338,#1930);
#1930 = DEFINITIONAL_REPRESENTATION('',(#1931),#2025);
#1931 = B_SPLINE_CURVE_WITH_KNOTS('',8,(#1932,#1933,#1934,#1935,#1936,
    #1937,#1938,#1939,#1940,#1941,#1942,#1943,#1944,#1945,#1946,#1947,
    #1948,#1949,#1950,#1951,#1952,#1953,#1954,#1955,#1956,#1957,#1958,
    #1959,#1960,#1961,#1962,#1963,#1964,#1965,#1966,#1967,#1968,#1969,
    #1970,#1971,#1972,#1973,#1974,#1975,#1976,#1977,#1978,#1979,#1980,
    #1981,#1982,#1983,#1984,#1985,#1986,#1987,#1988,#1989,#1990,#1991,
    #1992,#1993,#1994,#1995,#1996,#1997,#1998,#1999,#2000,#2001,#2002,
    #2003,#2004,#2005,#2006,#2007,#2008,#2009,#2010,#2011,#2012,#2013,
    #2014,#2015,#2016,#2017,#2018,#2019,#2020,#2021,#2022,#2023,#2024),
  .UNSPECIFIED.,.F.,.F.,(9,7,7,7,7,7,7,7,7,7,7,7,7,9),(0.,0.14431833513,
    0.541403861336,0.701174322589,0.81347431025,0.892411201412,
    0.920799953085,0.936066066537,0.94261790441,0.949040227987,
    0.954417073658,0.964780077247,0.979756186505,1.),.UNSPECIFIED.);
#1932 = CARTESIAN_POINT('',(-1.8309523166E-07,1.036427416407));
#1933 = CARTESIAN_POINT('',(-2.093428373906E-02,1.032900556805));
#1934 = CARTESIAN_POINT('',(-4.187825367697E-02,1.029452400762));
#1935 = CARTESIAN_POINT('',(-6.283176246021E-02,1.026083863294));
#1936 = CARTESIAN_POINT('',(-8.379446686369E-02,1.022796062299));
#1937 = CARTESIAN_POINT('',(-0.104766010886,1.019590318559));
#1938 = CARTESIAN_POINT('',(-0.125746025749,1.016468155738));
#1939 = CARTESIAN_POINT('',(-0.146734129899,1.013431300386));
#1940 = CARTESIAN_POINT('',(-0.225498943099,1.002365937009));
#1941 = CARTESIAN_POINT('',(-0.283334196795,0.99490943814));
#1942 = CARTESIAN_POINT('',(-0.341216849219,0.988156031913));
#1943 = CARTESIAN_POINT('',(-0.39913670985,0.982157703237));
#1944 = CARTESIAN_POINT('',(-0.457085001583,0.976990512022));
#1945 = CARTESIAN_POINT('',(-0.515052207658,0.972752693139));
#1946 = CARTESIAN_POINT('',(-0.573022588276,0.969583656395));
#1947 = CARTESIAN_POINT('',(-0.654267296488,0.967001869149));
#1948 = CARTESIAN_POINT('',(-0.677572809539,0.966476206136));
#1949 = CARTESIAN_POINT('',(-0.700871443697,0.966182293031));
#1950 = CARTESIAN_POINT('',(-0.724160798839,0.966141077272));
#1951 = CARTESIAN_POINT('',(-0.747438124313,0.966377368875));
#1952 = CARTESIAN_POINT('',(-0.770700007398,0.966921960404));
#1953 = CARTESIAN_POINT('',(-0.793941748783,0.967816292912));
#1954 = CARTESIAN_POINT('',(-0.833473633131,0.970035788327));
#1955 = CARTESIAN_POINT('',(-0.84977699066,0.971153970399));
#1956 = CARTESIAN_POINT('',(-0.866064550092,0.972495317187));
#1957 = CARTESIAN_POINT('',(-0.882333549323,0.97408463641));
#1958 = CARTESIAN_POINT('',(-0.898579835427,0.975955151601));
#1959 = CARTESIAN_POINT('',(-0.914797824123,0.978148627642));
#1960 = CARTESIAN_POINT('',(-0.930979685621,0.980721979599));
#1961 = CARTESIAN_POINT('',(-0.958452342416,0.985914928671));
#1962 = CARTESIAN_POINT('',(-0.969761427592,0.988292668751));
#1963 = CARTESIAN_POINT('',(-0.981041520696,0.990937375367));
#1964 = CARTESIAN_POINT('',(-0.992287843782,0.993898651631));
#1965 = CARTESIAN_POINT('',(-1.003492627689,0.99722286639));
#1966 = CARTESIAN_POINT('',(-1.014635054833,1.001014635823));
#1967 = CARTESIAN_POINT('',(-1.025691988468,1.00536885008));
#1968 = CARTESIAN_POINT('',(-1.04052724865,1.012480482362));
#1969 = CARTESIAN_POINT('',(-1.044429485981,1.014473452927));
#1970 = CARTESIAN_POINT('',(-1.048308928266,1.016594088484));
#1971 = CARTESIAN_POINT('',(-1.052162338235,1.018859889928));
#1972 = CARTESIAN_POINT('',(-1.055982844811,1.021295378954));
#1973 = CARTESIAN_POINT('',(-1.059760348498,1.02393047421));
#1974 = CARTESIAN_POINT('',(-1.063480339964,1.026805982277));
#1975 = CARTESIAN_POINT('',(-1.069073839374,1.031717985847));
#1976 = CARTESIAN_POINT('',(-1.071002621676,1.033524900177));
#1977 = CARTESIAN_POINT('',(-1.072902865942,1.035435227584));
#1978 = CARTESIAN_POINT('',(-1.074769923817,1.037464069479));
#1979 = CARTESIAN_POINT('',(-1.076594639633,1.039630068738));
#1980 = CARTESIAN_POINT('',(-1.078363640864,1.041954723207));
#1981 = CARTESIAN_POINT('',(-1.080058267474,1.044465495645));
#1982 = CARTESIAN_POINT('',(-1.082332213166,1.048387687978));
#1983 = CARTESIAN_POINT('',(-1.082995318379,1.049607404746));
#1984 = CARTESIAN_POINT('',(-1.083636452145,1.050872621154));
#1985 = CARTESIAN_POINT('',(-1.084252453832,1.052186775416));
#1986 = CARTESIAN_POINT('',(-1.084839289257,1.053553042112));
#1987 = CARTESIAN_POINT('',(-1.085392117321,1.054974230858));
#1988 = CARTESIAN_POINT('',(-1.085905356629,1.056452684983));
#1989 = CARTESIAN_POINT('',(-1.086830908315,1.05949728279));
#1990 = CARTESIAN_POINT('',(-1.087245327092,1.061062086811));
#1991 = CARTESIAN_POINT('',(-1.087609289328,1.062683849446));
#1992 = CARTESIAN_POINT('',(-1.087915699242,1.064359968331));
#1993 = CARTESIAN_POINT('',(-1.088157628681,1.066085612782));
#1994 = CARTESIAN_POINT('',(-1.08832915777,1.067853144906));
#1995 = CARTESIAN_POINT('',(-1.088426511927,1.069651330608));
#1996 = CARTESIAN_POINT('',(-1.088468737137,1.07298221391));
#1997 = CARTESIAN_POINT('',(-1.088435845977,1.074511356998));
#1998 = CARTESIAN_POINT('',(-1.088350647759,1.076042560765));
#1999 = CARTESIAN_POINT('',(-1.088214674594,1.077567929924));
#2000 = CARTESIAN_POINT('',(-1.088030736422,1.079080807803));
#2001 = CARTESIAN_POINT('',(-1.087802492728,1.080575701255));
#2002 = CARTESIAN_POINT('',(-1.087534024263,1.082048205583));
#2003 = CARTESIAN_POINT('',(-1.08664229976,1.08628325656));
#2004 = CARTESIAN_POINT('',(-1.085921823679,1.088971662407));
#2005 = CARTESIAN_POINT('',(-1.085094351245,1.091555640871));
#2006 = CARTESIAN_POINT('',(-1.08418292953,1.094035554408));
#2007 = CARTESIAN_POINT('',(-1.083206278014,1.09641545279));
#2008 = CARTESIAN_POINT('',(-1.082178219486,1.098702357782));
#2009 = CARTESIAN_POINT('',(-1.081107541807,1.100906013761));
#2010 = CARTESIAN_POINT('',(-1.078395254442,1.106121743056));
#2011 = CARTESIAN_POINT('',(-1.07671733601,1.109046187531));
#2012 = CARTESIAN_POINT('',(-1.074983574022,1.111839594427));
#2013 = CARTESIAN_POINT('',(-1.073206954563,1.114519399365));
#2014 = CARTESIAN_POINT('',(-1.071396534805,1.11709840786));
#2015 = CARTESIAN_POINT('',(-1.069558711768,1.119587900126));
#2016 = CARTESIAN_POINT('',(-1.067697636057,1.121998749705));
#2017 = CARTESIAN_POINT('',(-1.063269624987,1.127506070221));
#2018 = CARTESIAN_POINT('',(-1.060688032617,1.130541526894));
#2019 = CARTESIAN_POINT('',(-1.058077809415,1.133467197513));
#2020 = CARTESIAN_POINT('',(-1.055444541028,1.13629708087));
#2021 = CARTESIAN_POINT('',(-1.052792301597,1.139041659124));
#2022 = CARTESIAN_POINT('',(-1.0501241063,1.141709654014));
#2023 = CARTESIAN_POINT('',(-1.047442097616,1.144308783118));
#2024 = CARTESIAN_POINT('',(-1.044747465298,1.146845516162));
#2025 = ( GEOMETRIC_REPRESENTATION_CONTEXT(2) 
PARAMETRIC_REPRESENTATION_CONTEXT() REPRESENTATION_CONTEXT('2D SPACE',''
  ) );
#2026 = ORIENTED_EDGE('',*,*,#2027,.F.);
#2027 = EDGE_CURVE('',#1387,#1735,#2028,.T.);
#2028 = SURFACE_CURVE('',#2029,(#2037,#2044),.PCURVE_S1.);
#2029 = ( BOUNDED_CURVE() B_SPLINE_CURVE(6,(#2030,#2031,#2032,#2033,
#2034,#2035,#2036),.UNSPECIFIED.,.F.,.F.) B_SPLINE_CURVE_WITH_KNOTS((7,7
),(0.,2.094395102393),.PIECEWISE_BEZIER_KNOTS.) CURVE() 
GEOMETRIC_REPRESENTATION_ITEM() RATIONAL_B_SPLINE_CURVE((1.056590953773,
    1.017435169568,0.996326512422,0.989390034249,0.996326512422,
1.017435169568,1.056590953773)) REPRESENTATION_ITEM('') );
#2030 = CARTESIAN_POINT('',(8.521843468381,1.4239106636E-06,
    -1.562535339495));
#2031 = CARTESIAN_POINT('',(8.408563517322,1.54311250622E-06,
    -1.497137073797));
#2032 = CARTESIAN_POINT('',(8.328733124895,1.62711524232E-06,
    -1.38644546797));
#2033 = CARTESIAN_POINT('',(8.299876584135,1.65747858683E-06,
    -1.250041136334));
#2034 = CARTESIAN_POINT('',(8.328726000113,1.62711882035E-06,
    -1.113635297634));
#2035 = CARTESIAN_POINT('',(8.40855061073,1.54311899858E-06,
    -1.002939522216));
#2036 = CARTESIAN_POINT('',(8.521827145718,1.42391885949E-06,
    -0.937535339709));
#2037 = PCURVE('',#1220,#2038);
#2038 = DEFINITIONAL_REPRESENTATION('',(#2039),#2043);
#2039 = LINE('',#2040,#2041);
#2040 = CARTESIAN_POINT('',(0.,6.762279024438));
#2041 = VECTOR('',#2042,1.);
#2042 = DIRECTION('',(1.,0.));
#2043 = ( GEOMETRIC_REPRESENTATION_CONTEXT(2) 
PARAMETRIC_REPRESENTATION_CONTEXT() REPRESENTATION_CONTEXT('2D SPACE',''
  ) );
#2044 = PCURVE('',#2045,#2130);
#2045 = ( BOUNDED_SURFACE() B_SPLINE_SURFACE(6,11,(
    (#2046,#2047,#2048,#2049,#2050,#2051,#2052,#2053,#2054,#2055,#2056
      ,#2057)
    ,(#2058,#2059,#2060,#2061,#2062,#2063,#2064,#2065,#2066,#2067,#2068
      ,#2069)
    ,(#2070,#2071,#2072,#2073,#2074,#2075,#2076,#2077,#2078,#2079,#2080
      ,#2081)
    ,(#2082,#2083,#2084,#2085,#2086,#2087,#2088,#2089,#2090,#2091,#2092
      ,#2093)
    ,(#2094,#2095,#2096,#2097,#2098,#2099,#2100,#2101,#2102,#2103,#2104
      ,#2105)
    ,(#2106,#2107,#2108,#2109,#2110,#2111,#2112,#2113,#2114,#2115,#2116
      ,#2117)
    ,(#2118,#2119,#2120,#2121,#2122,#2123,#2124,#2125,#2126,#2127,#2128
,#2129
    )),.UNSPECIFIED.,.F.,.F.,.F.) B_SPLINE_SURFACE_WITH_KNOTS((7,7),(12,
    12),(0.,2.094395102393),(0.,6.762279024438),
.PIECEWISE_BEZIER_KNOTS.) GEOMETRIC_REPRESENTATION_ITEM() 
RATIONAL_B_SPLINE_SURFACE((
    (1.056590953773,1.056590953773,1.056590953773,1.056590953773
      ,1.056590953772,1.056590953774,1.056590953772,1.056590953774
      ,1.056590953773,1.056590953773,1.056590953773,1.056590953773)
    ,(1.017435169568,1.017435169568,1.017435169568,1.017435169568
      ,1.017435169568,1.017435169569,1.017435169568,1.017435169569
      ,1.017435169568,1.017435169568,1.017435169568,1.017435169568)
    ,(0.996326512422,0.996326512422,0.996326512422,0.996326512422
      ,0.996326512422,0.996326512423,0.996326512422,0.996326512423
      ,0.996326512422,0.996326512422,0.996326512422,0.996326512422)
    ,(0.989390034249,0.989390034249,0.989390034249,0.989390034249
      ,0.989390034248,0.989390034249,0.989390034248,0.989390034249
      ,0.989390034248,0.989390034249,0.989390034249,0.989390034249)
    ,(0.996326512422,0.996326512422,0.996326512422,0.996326512422
      ,0.996326512422,0.996326512423,0.996326512421,0.996326512423
      ,0.996326512422,0.996326512422,0.996326512422,0.996326512422)
    ,(1.017435169568,1.017435169568,1.017435169568,1.017435169568
      ,1.017435169568,1.017435169568,1.017435169568,1.017435169568
      ,1.017435169568,1.017435169568,1.017435169568,1.017435169568)
    ,(1.056590953773,1.056590953773,1.056590953773,1.056590953773
      ,1.056590953772,1.056590953774,1.056590953772,1.056590953774
      ,1.056590953773,1.056590953773,1.056590953773,1.056590953773
))) REPRESENTATION_ITEM('') SURFACE() );
#2046 = CARTESIAN_POINT('',(8.521843468381,1.42391069824E-06,
    -1.562535339495));
#2047 = CARTESIAN_POINT('',(8.521839978524,-4.867660432944,
    -1.789789435603));
#2048 = CARTESIAN_POINT('',(5.463401338306,-9.735203652005,
    -2.017147818081));
#2049 = CARTESIAN_POINT('',(-0.655653894666,-12.46883330855,
    -2.244171771969));
#2050 = CARTESIAN_POINT('',(-8.139819194163,-10.9253431363,
    -2.471951733524));
#2051 = CARTESIAN_POINT('',(-13.71168606839,-4.506174480425,
    -2.698459521881));
#2052 = CARTESIAN_POINT('',(-13.71147040624,4.506156782641,
    -2.926607230834));
#2053 = CARTESIAN_POINT('',(-8.13998264422,10.925367236805,
    -3.153115018207));
#2054 = CARTESIAN_POINT('',(-0.655572067275,12.468814610445,
    -3.380894980903));
#2055 = CARTESIAN_POINT('',(5.463366072708,9.735210783863,-3.60791893415
    ));
#2056 = CARTESIAN_POINT('',(8.521846141643,4.867663122553,
    -3.835277316799));
#2057 = CARTESIAN_POINT('',(8.521842561469,1.26569852021E-06,
    -4.062531412894));
#2058 = CARTESIAN_POINT('',(8.408563517322,1.54311254397E-06,
    -1.497137073797));
#2059 = CARTESIAN_POINT('',(8.408560996001,-4.802954718993,
    -1.724389610189));
#2060 = CARTESIAN_POINT('',(5.390774157931,-9.605793904801,
    -1.951755163341));
#2061 = CARTESIAN_POINT('',(-0.646929917122,-12.30309445146,
    -2.178758291003));
#2062 = CARTESIAN_POINT('',(-8.031633371711,-10.78009025916,
    -2.40658071598));
#2063 = CARTESIAN_POINT('',(-13.52939658768,-4.446314858728,
    -2.633024467136));
#2064 = CARTESIAN_POINT('',(-13.52922646976,4.446299596416,
    -2.861245425388));
#2065 = CARTESIAN_POINT('',(-8.031763629803,10.780108563925,
    -3.087689175794));
#2066 = CARTESIAN_POINT('',(-0.646866365183,12.303079605355,
    -3.31551160164));
#2067 = CARTESIAN_POINT('',(5.390745371585,9.605800049467,
    -3.542514728813));
#2068 = CARTESIAN_POINT('',(8.408565419383,4.802957633761,
    -3.769880282095));
#2069 = CARTESIAN_POINT('',(8.408562800183,1.37165560066E-06,
    -3.997132818479));
#2070 = CARTESIAN_POINT('',(8.328733124895,1.62711526741E-06,
    -1.38644546797));
#2071 = CARTESIAN_POINT('',(8.328732175632,-4.757355507276,
    -1.613696905205));
#2072 = CARTESIAN_POINT('',(5.339589227421,-9.514597224681,
    -1.841067511671));
#2073 = CARTESIAN_POINT('',(-0.640773118444,-12.18629356268,
    -2.068055962666));
#2074 = CARTESIAN_POINT('',(-7.955409528732,-10.67773085479,
    -2.295908312464));
#2075 = CARTESIAN_POINT('',(-13.40091166865,-4.40412938835,
    -2.52230693541));
#2076 = CARTESIAN_POINT('',(-13.40081852023,4.404118606141,
    -2.750579513681));
#2077 = CARTESIAN_POINT('',(-7.955483321746,10.677739562287,
    -2.976978136265));
#2078 = CARTESIAN_POINT('',(-0.640740173636,12.186285253502,
    -3.204830486482));
#2079 = CARTESIAN_POINT('',(5.339571661785,9.514601555852,
    -3.431818937243));
#2080 = CARTESIAN_POINT('',(8.328733781432,4.757358580716,
    -3.659189543771));
#2081 = CARTESIAN_POINT('',(8.328732728963,1.4463245368E-06,
    -3.886440981001));
#2082 = CARTESIAN_POINT('',(8.299876584135,1.65747860881E-06,
    -1.250041136334));
#2083 = CARTESIAN_POINT('',(8.299877530321,-4.740872697983,
    -1.477292176252));
#2084 = CARTESIAN_POINT('',(5.321082376202,-9.48163307016,
    -1.704664609376));
#2085 = CARTESIAN_POINT('',(-0.638534386465,-12.14407053444,
    -1.931647755067));
#2086 = CARTESIAN_POINT('',(-7.927881466212,-10.64073497395,
    -2.159510922025));
#2087 = CARTESIAN_POINT('',(-13.35443457286,-4.388878486946,
    -2.385893232248));
#2088 = CARTESIAN_POINT('',(-13.35443620021,4.388873447855,
    -2.614184469679));
#2089 = CARTESIAN_POINT('',(-7.927885500652,10.640731986803,
    -2.840566780013));
#2090 = CARTESIAN_POINT('',(-0.638538956374,12.144070291289,
    -3.06842994684));
#2091 = CARTESIAN_POINT('',(5.321078795594,9.481635077991,
    -3.295413092606));
#2092 = CARTESIAN_POINT('',(8.299875742967,4.740875828776,-3.52278552571
    ));
#2093 = CARTESIAN_POINT('',(8.299876584022,1.47331397304E-06,
    -3.750036565629));
#2094 = CARTESIAN_POINT('',(8.328726000113,1.62711885476E-06,
    -1.113635297634));
#2095 = CARTESIAN_POINT('',(8.328728807086,-4.757351663682,
    -1.34088673477));
#2096 = CARTESIAN_POINT('',(5.339570862852,-9.514591897676,
    -1.568257341744));
#2097 = CARTESIAN_POINT('',(-0.64073516976,-12.18627564723,
    -1.795245791194));
#2098 = CARTESIAN_POINT('',(-7.955472933862,-10.67773386634,
    -2.023098144062));
#2099 = CARTESIAN_POINT('',(-13.40080609582,-4.404119997264,
    -2.249496762732));
#2100 = CARTESIAN_POINT('',(-13.40090243934,4.404120885902,
    -2.477769345356));
#2101 = CARTESIAN_POINT('',(-7.955407061907,10.677719293994,
    -2.704167964605));
#2102 = CARTESIAN_POINT('',(-0.640777086975,12.186283479006,
    -2.932020316799));
#2103 = CARTESIAN_POINT('',(5.339581398455,9.514591508609,-3.15900876663
    ));
#2104 = CARTESIAN_POINT('',(8.328723692058,4.757354737128,
    -3.386379373502));
#2105 = CARTESIAN_POINT('',(8.328726395824,1.44632733634E-06,
    -3.613630810644));
#2106 = CARTESIAN_POINT('',(8.408550610729,1.543119033E-06,
    -1.002939522216));
#2107 = CARTESIAN_POINT('',(8.408554893855,-4.802947756296,
    -1.230192058431));
#2108 = CARTESIAN_POINT('',(5.390740890385,-9.605784254891,
    -1.457557612503));
#2109 = CARTESIAN_POINT('',(-0.646861172818,-12.3030619975,
    -1.684560737366));
#2110 = CARTESIAN_POINT('',(-8.03174823054,-10.7800957146,
    -1.912383167904));
#2111 = CARTESIAN_POINT('',(-13.52920534175,-4.446297846719,
    -2.138826911314));
#2112 = CARTESIAN_POINT('',(-13.52937848981,4.446303726221,
    -2.36704787745));
#2113 = CARTESIAN_POINT('',(-8.031625484579,10.78007184777,
    -2.593491621816));
#2114 = CARTESIAN_POINT('',(-0.646933233955,12.303076390841,
    -2.821314051243));
#2115 = CARTESIAN_POINT('',(5.39076300963,9.605781848816,-3.048317176732
    ));
#2116 = CARTESIAN_POINT('',(8.408547142411,4.802950671075,
    -3.275682730637));
#2117 = CARTESIAN_POINT('',(8.408551327658,1.37166067926E-06,
    -3.502935266863));
#2118 = CARTESIAN_POINT('',(8.521827145718,1.42391889812E-06,
    -0.937535339709));
#2119 = CARTESIAN_POINT('',(8.521832261284,-4.867651627384,
    -1.164789435591));
#2120 = CARTESIAN_POINT('',(5.463359265624,-9.735191447993,
    -1.392147819233));
#2121 = CARTESIAN_POINT('',(-0.655566955362,-12.46879226479,
    -1.619171769582));
#2122 = CARTESIAN_POINT('',(-8.139964453424,-10.92535003569,
    -1.846951738168));
#2123 = CARTESIAN_POINT('',(-13.71144420417,-4.506152965727,
    -2.073459516732));
#2124 = CARTESIAN_POINT('',(-13.71166266242,4.506162005504,
    -2.301607235653));
#2125 = CARTESIAN_POINT('',(-8.139807935201,10.92532080275,
    -2.52811501539));
#2126 = CARTESIAN_POINT('',(-0.655656634638,12.468810545124,
    -2.755894982613));
#2127 = CARTESIAN_POINT('',(5.46338837913,9.735187765928,-2.98291893373)
  );
#2128 = CARTESIAN_POINT('',(8.521823027187,4.867654317007,
    -3.210277317167));
#2129 = CARTESIAN_POINT('',(8.521828052435,1.26570493131E-06,
    -3.437531413063));
#2130 = DEFINITIONAL_REPRESENTATION('',(#2131),#2134);
#2131 = B_SPLINE_CURVE_WITH_KNOTS('',1,(#2132,#2133),.UNSPECIFIED.,.F.,
  .F.,(2,2),(0.,2.094395102393),.PIECEWISE_BEZIER_KNOTS.);
#2132 = CARTESIAN_POINT('',(0.,0.));
#2133 = CARTESIAN_POINT('',(2.094395102393,0.));
#2134 = ( GEOMETRIC_REPRESENTATION_CONTEXT(2) 
PARAMETRIC_REPRESENTATION_CONTEXT() REPRESENTATION_CONTEXT('2D SPACE',''
  ) );
#2135 = ADVANCED_FACE('',(#2136),#1369,.T.);
#2136 = FACE_BOUND('',#2137,.F.);
#2137 = EDGE_LOOP('',(#2138,#2139,#2160,#2195,#2474,#2498,#2526,#2580));
#2138 = ORIENTED_EDGE('',*,*,#1350,.F.);
#2139 = ORIENTED_EDGE('',*,*,#2140,.T.);
#2140 = EDGE_CURVE('',#1318,#1735,#2141,.T.);
#2141 = SURFACE_CURVE('',#2142,(#2146,#2153),.PCURVE_S1.);
#2142 = LINE('',#2143,#2144);
#2143 = CARTESIAN_POINT('',(7.375,0.,0.));
#2144 = VECTOR('',#2145,1.);
#2145 = DIRECTION('',(0.707106781187,0.,-0.707106781187));
#2146 = PCURVE('',#1369,#2147);
#2147 = DEFINITIONAL_REPRESENTATION('',(#2148),#2152);
#2148 = LINE('',#2149,#2150);
#2149 = CARTESIAN_POINT('',(-6.28318530718,0.));
#2150 = VECTOR('',#2151,1.);
#2151 = DIRECTION('',(-0.,1.));
#2152 = ( GEOMETRIC_REPRESENTATION_CONTEXT(2) 
PARAMETRIC_REPRESENTATION_CONTEXT() REPRESENTATION_CONTEXT('2D SPACE',''
  ) );
#2153 = PCURVE('',#1338,#2154);
#2154 = DEFINITIONAL_REPRESENTATION('',(#2155),#2159);
#2155 = LINE('',#2156,#2157);
#2156 = CARTESIAN_POINT('',(-0.,0.));
#2157 = VECTOR('',#2158,1.);
#2158 = DIRECTION('',(-0.,1.));
#2159 = ( GEOMETRIC_REPRESENTATION_CONTEXT(2) 
PARAMETRIC_REPRESENTATION_CONTEXT() REPRESENTATION_CONTEXT('2D SPACE',''
  ) );
#2160 = ORIENTED_EDGE('',*,*,#2161,.T.);
#2161 = EDGE_CURVE('',#1735,#2162,#2164,.T.);
#2162 = VERTEX_POINT('',#2163);
#2163 = CARTESIAN_POINT('',(7.370077550291,-4.278203988782,
    -1.146799837296));
#2164 = SURFACE_CURVE('',#2165,(#2173,#2184),.PCURVE_S1.);
#2165 = B_SPLINE_CURVE_WITH_KNOTS('',6,(#2166,#2167,#2168,#2169,#2170,
    #2171,#2172),.UNSPECIFIED.,.F.,.F.,(7,7),(0.,1.),
  .PIECEWISE_BEZIER_KNOTS.);
#2166 = CARTESIAN_POINT('',(8.411427447254,-8.9E-16,-1.036427447254));
#2167 = CARTESIAN_POINT('',(8.426287798348,-0.741933311095,
    -1.051287798446));
#2168 = CARTESIAN_POINT('',(8.364088444222,-1.485612716967,
    -1.067619929942));
#2169 = CARTESIAN_POINT('',(8.224664482345,-2.220630518657,
    -1.085323619135));
#2170 = CARTESIAN_POINT('',(8.009969268778,-2.937180507428,
    -1.104391742144));
#2171 = CARTESIAN_POINT('',(7.723334800685,-3.625929956466,
    -1.124852826125));
#2172 = CARTESIAN_POINT('',(7.370077550291,-4.278203988782,
    -1.146799837296));
#2173 = PCURVE('',#1369,#2174);
#2174 = DEFINITIONAL_REPRESENTATION('',(#2175),#2183);
#2175 = B_SPLINE_CURVE_WITH_KNOTS('',6,(#2176,#2177,#2178,#2179,#2180,
    #2181,#2182),.UNSPECIFIED.,.F.,.F.,(7,7),(0.,1.),
  .PIECEWISE_BEZIER_KNOTS.);
#2176 = CARTESIAN_POINT('',(-6.28318530718,1.036427447254));
#2177 = CARTESIAN_POINT('',(-6.194979908542,1.051287798397));
#2178 = CARTESIAN_POINT('',(-6.106941250632,1.067619930045));
#2179 = CARTESIAN_POINT('',(-6.019137230448,1.085323619042));
#2180 = CARTESIAN_POINT('',(-5.931570712937,1.104391742179));
#2181 = CARTESIAN_POINT('',(-5.844248280052,1.124852826125));
#2182 = CARTESIAN_POINT('',(-5.757240245534,1.146799837296));
#2183 = ( GEOMETRIC_REPRESENTATION_CONTEXT(2) 
PARAMETRIC_REPRESENTATION_CONTEXT() REPRESENTATION_CONTEXT('2D SPACE',''
  ) );
#2184 = PCURVE('',#2045,#2185);
#2185 = DEFINITIONAL_REPRESENTATION('',(#2186),#2194);
#2186 = B_SPLINE_CURVE_WITH_KNOTS('',6,(#2187,#2188,#2189,#2190,#2191,
    #2192,#2193),.UNSPECIFIED.,.F.,.F.,(7,7),(0.,1.),
  .PIECEWISE_BEZIER_KNOTS.);
#2187 = CARTESIAN_POINT('',(1.680704925328,1.9734222063E-07));
#2188 = CARTESIAN_POINT('',(1.750272379028,9.493133813298E-02));
#2189 = CARTESIAN_POINT('',(1.818827687659,0.189683424109));
#2190 = CARTESIAN_POINT('',(1.886983891894,0.284182376747));
#2191 = CARTESIAN_POINT('',(1.955247453922,0.378424970055));
#2192 = CARTESIAN_POINT('',(2.024159190892,0.472404869211));
#2193 = CARTESIAN_POINT('',(2.094395102393,0.566046643738));
#2194 = ( GEOMETRIC_REPRESENTATION_CONTEXT(2) 
PARAMETRIC_REPRESENTATION_CONTEXT() REPRESENTATION_CONTEXT('2D SPACE',''
  ) );
#2195 = ORIENTED_EDGE('',*,*,#2196,.F.);
#2196 = EDGE_CURVE('',#2197,#2162,#2199,.T.);
#2197 = VERTEX_POINT('',#2198);
#2198 = CARTESIAN_POINT('',(9.123598089835,3.778304235389,-2.5));
#2199 = SURFACE_CURVE('',#2200,(#2281,#2365),.PCURVE_S1.);
#2200 = B_SPLINE_CURVE_WITH_KNOTS('',7,(#2201,#2202,#2203,#2204,#2205,
    #2206,#2207,#2208,#2209,#2210,#2211,#2212,#2213,#2214,#2215,#2216,
    #2217,#2218,#2219,#2220,#2221,#2222,#2223,#2224,#2225,#2226,#2227,
    #2228,#2229,#2230,#2231,#2232,#2233,#2234,#2235,#2236,#2237,#2238,
    #2239,#2240,#2241,#2242,#2243,#2244,#2245,#2246,#2247,#2248,#2249,
    #2250,#2251,#2252,#2253,#2254,#2255,#2256,#2257,#2258,#2259,#2260,
    #2261,#2262,#2263,#2264,#2265,#2266,#2267,#2268,#2269,#2270,#2271,
    #2272,#2273,#2274,#2275,#2276,#2277,#2278,#2279,#2280),
  .UNSPECIFIED.,.F.,.F.,(8,6,6,6,6,6,6,6,6,6,6,6,6,8),(0.,
    7.603411455531E-02,0.149371590299,0.220868196413,0.290539118912,
    0.358412913928,0.424537263823,0.488941960102,0.551640627239,
    0.612660227713,0.672045012154,0.787107403404,0.895917315787,1.),
  .UNSPECIFIED.);
#2201 = CARTESIAN_POINT('',(9.123598089835,3.778304235389,-2.5));
#2202 = CARTESIAN_POINT('',(8.905461408244,4.269191860426,
    -2.486281659461));
#2203 = CARTESIAN_POINT('',(8.656160467235,4.746234049189,
    -2.472541517851));
#2204 = CARTESIAN_POINT('',(8.376706027831,5.206991897241,
    -2.458780702108));
#2205 = CARTESIAN_POINT('',(8.06833623248,5.649160171714,-2.444999006882
    ));
#2206 = CARTESIAN_POINT('',(7.732495708486,6.070554899751,
    -2.431195625042));
#2207 = CARTESIAN_POINT('',(7.370838071941,6.469117486548,
    -2.417369995572));
#2208 = CARTESIAN_POINT('',(6.613340859455,7.203495351207,
    -2.390166650261));
#2209 = CARTESIAN_POINT('',(6.219139102597,7.541063243025,
    -2.376789390701));
#2210 = CARTESIAN_POINT('',(5.804335252901,7.853916234536,
    -2.363391571695));
#2211 = CARTESIAN_POINT('',(5.370762008006,8.14051626795,-2.349972777985
    ));
#2212 = CARTESIAN_POINT('',(4.920383619545,8.399493906209,
    -2.336532300681));
#2213 = CARTESIAN_POINT('',(4.455296636428,8.629652444259,
    -2.323069835078));
#2214 = CARTESIAN_POINT('',(3.512178270746,9.025303270014,-2.29644096932
    ));
#2215 = CARTESIAN_POINT('',(3.034730798747,9.192288064033,
    -2.283274666441));
#2216 = CARTESIAN_POINT('',(2.547477238082,9.330012842454,
    -2.270088014218));
#2217 = CARTESIAN_POINT('',(2.052556076715,9.437751754054,
    -2.256880897584));
#2218 = CARTESIAN_POINT('',(1.552163267738,9.51496932874,-2.243652888372
    ));
#2219 = CARTESIAN_POINT('',(1.048551514981,9.561324211217,
    -2.230403839733));
#2220 = CARTESIAN_POINT('',(5.239957726666E-02,9.591671697613,
    -2.20420404213));
#2221 = CARTESIAN_POINT('',(-0.440128606249,9.577227561054,
    -2.191253436913));
#2222 = CARTESIAN_POINT('',(-0.931409486482,9.533241617022,
    -2.178283437169));
#2223 = CARTESIAN_POINT('',(-1.419316161093,9.459794038776,
    -2.165293891314));
#2224 = CARTESIAN_POINT('',(-1.901734624858,9.357149066475,
    -2.152284287122));
#2225 = CARTESIAN_POINT('',(-2.376565587697,9.225758026919,
    -2.139254329536));
#2226 = CARTESIAN_POINT('',(-3.294894377849,8.910918879119,
    -2.11349143412));
#2227 = CARTESIAN_POINT('',(-3.738913509271,8.728891054676,
    -2.100758696797));
#2228 = CARTESIAN_POINT('',(-4.171861122568,8.520803303178,
    -2.088006893174));
#2229 = CARTESIAN_POINT('',(-4.591888547517,8.287429652996,-2.0752357434
    ));
#2230 = CARTESIAN_POINT('',(-4.99721797923,8.029699850696,
    -2.062444674038));
#2231 = CARTESIAN_POINT('',(-5.386145005399,7.748701407224,
    -2.049633366803));
#2232 = CARTESIAN_POINT('',(-6.118394367434,7.150502264459,
    -2.024302033398));
#2233 = CARTESIAN_POINT('',(-6.462655414879,6.834403707714,
    -2.011782268119));
#2234 = CARTESIAN_POINT('',(-6.788330965129,6.498564591522,
    -1.999243535861));
#2235 = CARTESIAN_POINT('',(-7.094039593622,6.144270415841,
    -1.986685632198));
#2236 = CARTESIAN_POINT('',(-7.378511239796,5.772919611451,
    -1.974108123412));
#2237 = CARTESIAN_POINT('',(-7.64059000832,5.386024510126,
    -1.961510833146));
#2238 = CARTESIAN_POINT('',(-8.111701094882,4.59484381519,
    -1.936605974328));
#2239 = CARTESIAN_POINT('',(-8.321948706474,4.19125035348,
    -1.924298709641));
#2240 = CARTESIAN_POINT('',(-8.509038146652,3.775952790324,
    -1.911973107922));
#2241 = CARTESIAN_POINT('',(-8.672158601305,3.350530249118,
    -1.899629082156));
#2242 = CARTESIAN_POINT('',(-8.810631627452,2.916625317761,
    -1.887266310767));
#2243 = CARTESIAN_POINT('',(-8.923913855942,2.47594402834,
    -1.874884670861));
#2244 = CARTESIAN_POINT('',(-9.096988620518,1.5963832897,-1.850413193741
    ));
#2245 = CARTESIAN_POINT('',(-9.158123024217,1.157742758687,
    -1.838323691305));
#2246 = CARTESIAN_POINT('',(-9.194649336539,0.715975766493,
    -1.826216696225));
#2247 = CARTESIAN_POINT('',(-9.206345783713,0.272734595722,
    -1.814092091742));
#2248 = CARTESIAN_POINT('',(-9.193125363229,-0.170313864128,
    -1.801949511786));
#2249 = CARTESIAN_POINT('',(-9.155038183284,-0.611488941706,
    -1.789788746924));
#2250 = CARTESIAN_POINT('',(-9.031214803408,-1.474985458871,
    -1.765757764037));
#2251 = CARTESIAN_POINT('',(-8.94677901464,-1.897516007422,
    -1.753887916927));
#2252 = CARTESIAN_POINT('',(-8.83916115858,-2.315126066328,
    -1.742001008641));
#2253 = CARTESIAN_POINT('',(-8.708674128798,-2.726283213637,
    -1.730096830208));
#2254 = CARTESIAN_POINT('',(-8.555752706541,-3.129482934996,
    -1.718174954665));
#2255 = CARTESIAN_POINT('',(-8.380955352788,-3.523250026589,
    -1.706235120453));
#2256 = CARTESIAN_POINT('',(-7.99424828453,-4.278778440345,
    -1.682640524487));
#2257 = CARTESIAN_POINT('',(-7.78344977095,-4.6411313734,-1.670986175396
    ));
#2258 = CARTESIAN_POINT('',(-7.553218064159,-4.991871961442,
    -1.659314891397));
#2259 = CARTESIAN_POINT('',(-7.304295152904,-5.329734604528,
    -1.647626471385));
#2260 = CARTESIAN_POINT('',(-7.037521202501,-5.653514203089,
    -1.63592054694));
#2261 = CARTESIAN_POINT('',(-6.753835696966,-5.962067884773,
    -1.624196928802));
#2262 = CARTESIAN_POINT('',(-5.8738877357,-6.820587631535,
    -1.589706996631));
#2263 = CARTESIAN_POINT('',(-5.233710961699,-7.325879286756,
    -1.566884218487));
#2264 = CARTESIAN_POINT('',(-4.541562523057,-7.76205675231,
    -1.544000497994));
#2265 = CARTESIAN_POINT('',(-3.80632058375,-8.122696404524,
    -1.521052226746));
#2266 = CARTESIAN_POINT('',(-3.037662557905,-8.402723973695,
    -1.49803536242));
#2267 = CARTESIAN_POINT('',(-2.246080795806,-8.59842788331,
    -1.474945029551));
#2268 = CARTESIAN_POINT('',(-0.68368237413,-8.81168354581,-1.42990003423
    ));
#2269 = CARTESIAN_POINT('',(8.636060320047E-02,-8.83839792955,
    -1.407939419002));
#2270 = CARTESIAN_POINT('',(0.857358214168,-8.786524682725,
    -1.385921557954));
#2271 = CARTESIAN_POINT('',(1.619733431799,-8.656097147373,
    -1.363844415948));
#2272 = CARTESIAN_POINT('',(2.364005155611,-8.448464935645,
    -1.341701196972));
#2273 = CARTESIAN_POINT('',(3.080828515849,-8.166328620933,
    -1.319488564833));
#2274 = CARTESIAN_POINT('',(4.411835982449,-7.477327206637,
    -1.275910892345));
#2275 = CARTESIAN_POINT('',(5.029456075024,-7.076243480444,
    -1.254540397981));
#2276 = CARTESIAN_POINT('',(5.605940988712,-6.614755412741,
    -1.233112963243));
#2277 = CARTESIAN_POINT('',(6.134192716037,-6.097838371554,
    -1.211627477499));
#2278 = CARTESIAN_POINT('',(6.607846394463,-5.531378564495,
    -1.190079492591));
#2279 = CARTESIAN_POINT('',(7.021315154586,-4.922178468889,
    -1.16846759411));
#2280 = CARTESIAN_POINT('',(7.370077550291,-4.278203988783,
    -1.146799837296));
#2281 = PCURVE('',#1369,#2282);
#2282 = DEFINITIONAL_REPRESENTATION('',(#2283),#2364);
#2283 = B_SPLINE_CURVE_WITH_KNOTS('',7,(#2284,#2285,#2286,#2287,#2288,
    #2289,#2290,#2291,#2292,#2293,#2294,#2295,#2296,#2297,#2298,#2299,
    #2300,#2301,#2302,#2303,#2304,#2305,#2306,#2307,#2308,#2309,#2310,
    #2311,#2312,#2313,#2314,#2315,#2316,#2317,#2318,#2319,#2320,#2321,
    #2322,#2323,#2324,#2325,#2326,#2327,#2328,#2329,#2330,#2331,#2332,
    #2333,#2334,#2335,#2336,#2337,#2338,#2339,#2340,#2341,#2342,#2343,
    #2344,#2345,#2346,#2347,#2348,#2349,#2350,#2351,#2352,#2353,#2354,
    #2355,#2356,#2357,#2358,#2359,#2360,#2361,#2362,#2363),
  .UNSPECIFIED.,.F.,.F.,(8,6,6,6,6,6,6,6,6,6,6,6,6,8),(0.,
    7.603411455531E-02,0.149371590299,0.220868196413,0.290539118912,
    0.358412913928,0.424537263823,0.488941960102,0.551640627239,
    0.612660227713,0.672045012154,0.787107403404,0.895917315787,1.),
  .UNSPECIFIED.);
#2284 = CARTESIAN_POINT('',(-0.392622941763,2.5));
#2285 = CARTESIAN_POINT('',(-0.447002413218,2.486281659163));
#2286 = CARTESIAN_POINT('',(-0.50147022782,2.472541518273));
#2287 = CARTESIAN_POINT('',(-0.556022822923,2.458780702045));
#2288 = CARTESIAN_POINT('',(-0.610661161291,2.444999006611));
#2289 = CARTESIAN_POINT('',(-0.66538787944,2.431195625216));
#2290 = CARTESIAN_POINT('',(-0.720204221782,2.417369995572));
#2291 = CARTESIAN_POINT('',(-0.828062116604,2.390166650261));
#2292 = CARTESIAN_POINT('',(-0.881101815514,2.376789390701));
#2293 = CARTESIAN_POINT('',(-0.934222762644,2.363391571695));
#2294 = CARTESIAN_POINT('',(-0.987425846747,2.349972777985));
#2295 = CARTESIAN_POINT('',(-1.040713424258,2.336532300681));
#2296 = CARTESIAN_POINT('',(-1.094086622676,2.323069835078));
#2297 = CARTESIAN_POINT('',(-1.199656489745,2.29644096932));
#2298 = CARTESIAN_POINT('',(-1.251852843014,2.283274666441));
#2299 = CARTESIAN_POINT('',(-1.304128696716,2.270088014218));
#2300 = CARTESIAN_POINT('',(-1.356484897523,2.256880897584));
#2301 = CARTESIAN_POINT('',(-1.408923639955,2.243652888372));
#2302 = CARTESIAN_POINT('',(-1.461445980635,2.230403839733));
#2303 = CARTESIAN_POINT('',(-1.565309166833,2.20420404213));
#2304 = CARTESIAN_POINT('',(-1.616649416782,2.191253436913));
#2305 = CARTESIAN_POINT('',(-1.668067360802,2.178283437169));
#2306 = CARTESIAN_POINT('',(-1.719563793737,2.165293891314));
#2307 = CARTESIAN_POINT('',(-1.771140751764,2.152284287122));
#2308 = CARTESIAN_POINT('',(-1.822799227329,2.139254329536));
#2309 = CARTESIAN_POINT('',(-1.924939695588,2.11349143412));
#2310 = CARTESIAN_POINT('',(-1.975420864973,2.100758696797));
#2311 = CARTESIAN_POINT('',(-2.025977887276,2.088006893175));
#2312 = CARTESIAN_POINT('',(-2.076611514779,2.0752357434));
#2313 = CARTESIAN_POINT('',(-2.127323643698,2.062444674038));
#2314 = CARTESIAN_POINT('',(-2.178115211656,2.049633366803));
#2315 = CARTESIAN_POINT('',(-2.278541558404,2.024302033398));
#2316 = CARTESIAN_POINT('',(-2.328175353482,2.011782268119));
#2317 = CARTESIAN_POINT('',(-2.377883199438,1.999243535861));
#2318 = CARTESIAN_POINT('',(-2.427665812744,1.986685632198));
#2319 = CARTESIAN_POINT('',(-2.477524959936,1.974108123412));
#2320 = CARTESIAN_POINT('',(-2.527461524055,1.961510833146));
#2321 = CARTESIAN_POINT('',(-2.626184737898,1.936605974328));
#2322 = CARTESIAN_POINT('',(-2.674970220686,1.924298709641));
#2323 = CARTESIAN_POINT('',(-2.723827951329,1.911973107922));
#2324 = CARTESIAN_POINT('',(-2.772758606876,1.899629082156));
#2325 = CARTESIAN_POINT('',(-2.821763825001,1.887266310767));
#2326 = CARTESIAN_POINT('',(-2.870844431925,1.874884670861));
#2327 = CARTESIAN_POINT('',(-2.967850627855,1.850413193741));
#2328 = CARTESIAN_POINT('',(-3.015774845563,1.838323691305));
#2329 = CARTESIAN_POINT('',(-3.063769451741,1.826216696225));
#2330 = CARTESIAN_POINT('',(-3.111835081736,1.814092091742));
#2331 = CARTESIAN_POINT('',(-3.159973249454,1.801949511786));
#2332 = CARTESIAN_POINT('',(-3.208184728137,1.789788746924));
#2333 = CARTESIAN_POINT('',(-3.3034579069,1.765757764037));
#2334 = CARTESIAN_POINT('',(-3.350518080253,1.753887916927));
#2335 = CARTESIAN_POINT('',(-3.39764675891,1.742001008641));
#2336 = CARTESIAN_POINT('',(-3.444844541706,1.730096830208));
#2337 = CARTESIAN_POINT('',(-3.492112831266,1.718174954665));
#2338 = CARTESIAN_POINT('',(-3.539452354948,1.706235120453));
#2339 = CARTESIAN_POINT('',(-3.633000652702,1.682640524487));
#2340 = CARTESIAN_POINT('',(-3.679207803294,1.670986175396));
#2341 = CARTESIAN_POINT('',(-3.725481611486,1.659314891397));
#2342 = CARTESIAN_POINT('',(-3.771822645462,1.647626471385));
#2343 = CARTESIAN_POINT('',(-3.818232207179,1.63592054694));
#2344 = CARTESIAN_POINT('',(-3.864710981156,1.624196928802));
#2345 = CARTESIAN_POINT('',(-4.001445090042,1.589706996631));
#2346 = CARTESIAN_POINT('',(-4.091921774964,1.566884218487));
#2347 = CARTESIAN_POINT('',(-4.182636853852,1.544000497994));
#2348 = CARTESIAN_POINT('',(-4.273606063083,1.521052226746));
#2349 = CARTESIAN_POINT('',(-4.364848163329,1.49803536242));
#2350 = CARTESIAN_POINT('',(-4.456384051787,1.474945029551));
#2351 = CARTESIAN_POINT('',(-4.634958712405,1.42990003423));
#2352 = CARTESIAN_POINT('',(-4.722020797983,1.407939419002));
#2353 = CARTESIAN_POINT('',(-4.809312199084,1.385921557954));
#2354 = CARTESIAN_POINT('',(-4.896839606975,1.363844415948));
#2355 = CARTESIAN_POINT('',(-4.984627463139,1.341701196972));
#2356 = CARTESIAN_POINT('',(-5.072686674434,1.319488564833));
#2357 = CARTESIAN_POINT('',(-5.245437651958,1.275910892345));
#2358 = CARTESIAN_POINT('',(-5.330151351206,1.254540397981));
#2359 = CARTESIAN_POINT('',(-5.415087257815,1.233112963243));
#2360 = CARTESIAN_POINT('',(-5.500251501903,1.211627477499));
#2361 = CARTESIAN_POINT('',(-5.58566563543,1.190079492591));
#2362 = CARTESIAN_POINT('',(-5.671339303571,1.16846759411));
#2363 = CARTESIAN_POINT('',(-5.757240245534,1.146799837296));
#2364 = ( GEOMETRIC_REPRESENTATION_CONTEXT(2) 
PARAMETRIC_REPRESENTATION_CONTEXT() REPRESENTATION_CONTEXT('2D SPACE',''
  ) );
#2365 = PCURVE('',#2366,#2391);
#2366 = B_SPLINE_SURFACE_WITH_KNOTS('',1,11,(
    (#2367,#2368,#2369,#2370,#2371,#2372,#2373,#2374,#2375,#2376,#2377
      ,#2378)
    ,(#2379,#2380,#2381,#2382,#2383,#2384,#2385,#2386,#2387,#2388,#2389
      ,#2390
    )),.UNSPECIFIED.,.F.,.F.,.F.,(2,2),(12,12),(0.,1.75),(0.,
    6.762279024438),.PIECEWISE_BEZIER_KNOTS.);
#2367 = CARTESIAN_POINT('',(8.521827145718,1.42391888505E-06,
    -0.937535339709));
#2368 = CARTESIAN_POINT('',(8.521832261284,-4.867651627384,
    -1.164789435591));
#2369 = CARTESIAN_POINT('',(5.463359265623,-9.735191447993,
    -1.392147819233));
#2370 = CARTESIAN_POINT('',(-0.655566955362,-12.46879226479,
    -1.619171769584));
#2371 = CARTESIAN_POINT('',(-8.13996445342,-10.92535003568,
    -1.846951738165));
#2372 = CARTESIAN_POINT('',(-13.71144420418,-4.506152965732,
    -2.073459516737));
#2373 = CARTESIAN_POINT('',(-13.7116626624,4.5061620055,-2.301607235647)
  );
#2374 = CARTESIAN_POINT('',(-8.139807935206,10.925320802757,
    -2.528115015394));
#2375 = CARTESIAN_POINT('',(-0.655656634639,12.46881054512,
    -2.75589498261));
#2376 = CARTESIAN_POINT('',(5.463388379131,9.735187765929,
    -2.982918933731));
#2377 = CARTESIAN_POINT('',(8.521823027187,4.867654317007,
    -3.210277317167));
#2378 = CARTESIAN_POINT('',(8.521828052435,1.26570493821E-06,
    -3.437531413063));
#2379 = CARTESIAN_POINT('',(10.037348750094,-1.7085423636E-07,
    -6.249575965273E-02));
#2380 = CARTESIAN_POINT('',(10.037365002855,-5.733321772855,
    -0.289770722252));
#2381 = CARTESIAN_POINT('',(6.434917201789,-11.46652439286,
    -0.51703317304));
#2382 = CARTESIAN_POINT('',(-0.772041223678,-14.68608996561,
    -0.744335746612));
#2383 = CARTESIAN_POINT('',(-9.587784372477,-12.8687009842,
    -0.971547618698));
#2384 = CARTESIAN_POINT('',(-16.14960964762,-5.306951877982,
    -1.198912120635));
#2385 = CARTESIAN_POINT('',(-16.15043430861,5.307003198824,
    -1.426079868434));
#2386 = CARTESIAN_POINT('',(-9.58717601685,12.868599958617,
    -1.653444374455));
#2387 = CARTESIAN_POINT('',(-0.772366615223,14.686160249731,
    -1.880656241799));
#2388 = CARTESIAN_POINT('',(6.435039891208,11.466503639424,
    -2.10795881804));
#2389 = CARTESIAN_POINT('',(10.037335932405,5.733321450126,
    -2.335221268116));
#2390 = CARTESIAN_POINT('',(10.037352196003,-1.5187211915E-07,
    -2.562496230763));
#2391 = DEFINITIONAL_REPRESENTATION('',(#2392),#2473);
#2392 = B_SPLINE_CURVE_WITH_KNOTS('',7,(#2393,#2394,#2395,#2396,#2397,
    #2398,#2399,#2400,#2401,#2402,#2403,#2404,#2405,#2406,#2407,#2408,
    #2409,#2410,#2411,#2412,#2413,#2414,#2415,#2416,#2417,#2418,#2419,
    #2420,#2421,#2422,#2423,#2424,#2425,#2426,#2427,#2428,#2429,#2430,
    #2431,#2432,#2433,#2434,#2435,#2436,#2437,#2438,#2439,#2440,#2441,
    #2442,#2443,#2444,#2445,#2446,#2447,#2448,#2449,#2450,#2451,#2452,
    #2453,#2454,#2455,#2456,#2457,#2458,#2459,#2460,#2461,#2462,#2463,
    #2464,#2465,#2466,#2467,#2468,#2469,#2470,#2471,#2472),
  .UNSPECIFIED.,.F.,.F.,(8,6,6,6,6,6,6,6,6,6,6,6,6,8),(0.,
    7.603411455531E-02,0.149371590299,0.220868196413,0.290539118912,
    0.358412913928,0.424537263823,0.488941960102,0.551640627239,
    0.612660227713,0.672045012154,0.787107403404,0.895917315787,1.),
  .UNSPECIFIED.);
#2393 = CARTESIAN_POINT('',(1.562561302763,6.33971949732));
#2394 = CARTESIAN_POINT('',(1.546725172862,6.281194013859));
#2395 = CARTESIAN_POINT('',(1.530862370968,6.222573498513));
#2396 = CARTESIAN_POINT('',(1.514973406871,6.163861686938));
#2397 = CARTESIAN_POINT('',(1.499057880912,6.105057473974));
#2398 = CARTESIAN_POINT('',(1.483115272545,6.046157965423));
#2399 = CARTESIAN_POINT('',(1.467145690715,5.987161789274));
#2400 = CARTESIAN_POINT('',(1.435722766438,5.871079208371));
#2401 = CARTESIAN_POINT('',(1.420269993293,5.813994808445));
#2402 = CARTESIAN_POINT('',(1.404793578688,5.756822814087));
#2403 = CARTESIAN_POINT('',(1.389293680256,5.699562317626));
#2404 = CARTESIAN_POINT('',(1.373769886762,5.642210848783));
#2405 = CARTESIAN_POINT('',(1.358221957416,5.584767260988));
#2406 = CARTESIAN_POINT('',(1.327470331612,5.4711465041));
#2407 = CARTESIAN_POINT('',(1.312266688759,5.414969670441));
#2408 = CARTESIAN_POINT('',(1.297040569796,5.358707400232));
#2409 = CARTESIAN_POINT('',(1.281791556346,5.302358817761));
#2410 = CARTESIAN_POINT('',(1.266518767802,5.245921573996));
#2411 = CARTESIAN_POINT('',(1.251221649879,5.18939452103));
#2412 = CARTESIAN_POINT('',(1.220971195786,5.077612267977));
#2413 = CARTESIAN_POINT('',(1.206018041068,5.022357701889));
#2414 = CARTESIAN_POINT('',(1.1910419262,4.967019624448));
#2415 = CARTESIAN_POINT('',(1.176042494907,4.911597141646));
#2416 = CARTESIAN_POINT('',(1.161019119891,4.856088017288));
#2417 = CARTESIAN_POINT('',(1.145971571335,4.800491140472));
#2418 = CARTESIAN_POINT('',(1.116218555521,4.690563458959));
#2419 = CARTESIAN_POINT('',(1.101513344197,4.636233543003));
#2420 = CARTESIAN_POINT('',(1.086785849322,4.581821909934));
#2421 = CARTESIAN_POINT('',(1.072036015724,4.527327727426));
#2422 = CARTESIAN_POINT('',(1.05726347438,4.472748945288));
#2423 = CARTESIAN_POINT('',(1.042468118415,4.418084558783));
#2424 = CARTESIAN_POINT('',(1.013215241376,4.310000593262));
#2425 = CARTESIAN_POINT('',(0.998757984714,4.256582077781));
#2426 = CARTESIAN_POINT('',(0.984279680737,4.203083788498));
#2427 = CARTESIAN_POINT('',(0.969780183201,4.149504976279));
#2428 = CARTESIAN_POINT('',(0.955258972107,4.095843766491));
#2429 = CARTESIAN_POINT('',(0.940715715675,4.042099235167));
#2430 = CARTESIAN_POINT('',(0.91196484627,3.935847814367));
#2431 = CARTESIAN_POINT('',(0.897757553578,3.883342179813));
#2432 = CARTESIAN_POINT('',(0.883529467447,3.83075882665));
#2433 = CARTESIAN_POINT('',(0.869280233669,3.778097041499));
#2434 = CARTESIAN_POINT('',(0.855009197135,3.725355069005));
#2435 = CARTESIAN_POINT('',(0.840715944921,3.672532018159));
#2436 = CARTESIAN_POINT('',(0.812465020756,3.568129104684));
#2437 = CARTESIAN_POINT('',(0.798507768747,3.516550715281));
#2438 = CARTESIAN_POINT('',(0.784529515346,3.464896609835));
#2439 = CARTESIAN_POINT('',(0.770529978707,3.413166090132));
#2440 = CARTESIAN_POINT('',(0.756508673893,3.361357508457));
#2441 = CARTESIAN_POINT('',(0.742465391849,3.309470013641));
#2442 = CARTESIAN_POINT('',(0.714712645517,3.206932415932));
#2443 = CARTESIAN_POINT('',(0.701003655296,3.156283957617));
#2444 = CARTESIAN_POINT('',(0.687274246376,3.10556173017));
#2445 = CARTESIAN_POINT('',(0.673524353037,3.054765077731));
#2446 = CARTESIAN_POINT('',(0.65975371033,3.003892485629));
#2447 = CARTESIAN_POINT('',(0.645962265094,2.952943173572));
#2448 = CARTESIAN_POINT('',(0.618708986479,2.852261434296));
#2449 = CARTESIAN_POINT('',(0.605247621122,2.802530756712));
#2450 = CARTESIAN_POINT('',(0.591767062542,2.752728305014));
#2451 = CARTESIAN_POINT('',(0.578267271413,2.702853482481));
#2452 = CARTESIAN_POINT('',(0.564747962198,2.652904907569));
#2453 = CARTESIAN_POINT('',(0.551208983417,2.602881865363));
#2454 = CARTESIAN_POINT('',(0.511380626764,2.455721135398));
#2455 = CARTESIAN_POINT('',(0.485028124253,2.358345335555));
#2456 = CARTESIAN_POINT('',(0.458608015516,2.260713264636));
#2457 = CARTESIAN_POINT('',(0.432115066717,2.162808106639));
#2458 = CARTESIAN_POINT('',(0.405542398366,2.064609647318));
#2459 = CARTESIAN_POINT('',(0.378882968472,1.966095177009));
#2460 = CARTESIAN_POINT('',(0.326871229138,1.773906094427));
#2461 = CARTESIAN_POINT('',(0.301512279453,1.680206395314));
#2462 = CARTESIAN_POINT('',(0.276085151486,1.586259656031));
#2463 = CARTESIAN_POINT('',(0.250588438714,1.492058432181));
#2464 = CARTESIAN_POINT('',(0.225016259918,1.397576329532));
#2465 = CARTESIAN_POINT('',(0.199366738807,1.302801736582));
#2466 = CARTESIAN_POINT('',(0.149052120316,1.11687643883));
#2467 = CARTESIAN_POINT('',(0.124380485621,1.025702146366));
#2468 = CARTESIAN_POINT('',(9.964598889753E-02,0.934288732075));
#2469 = CARTESIAN_POINT('',(7.484621325953E-02,0.842629952821));
#2470 = CARTESIAN_POINT('',(4.9972934723E-02,0.7507028278));
#2471 = CARTESIAN_POINT('',(2.502108614881E-02,0.658496917826));
#2472 = CARTESIAN_POINT('',(0.,0.566046643738));
#2473 = ( GEOMETRIC_REPRESENTATION_CONTEXT(2) 
PARAMETRIC_REPRESENTATION_CONTEXT() REPRESENTATION_CONTEXT('2D SPACE',''
  ) );
#2474 = ORIENTED_EDGE('',*,*,#2475,.F.);
#2475 = EDGE_CURVE('',#2476,#2197,#2478,.T.);
#2476 = VERTEX_POINT('',#2477);
#2477 = CARTESIAN_POINT('',(9.875,0.,-2.5));
#2478 = SURFACE_CURVE('',#2479,(#2484,#2491),.PCURVE_S1.);
#2479 = CIRCLE('',#2480,9.875);
#2480 = AXIS2_PLACEMENT_3D('',#2481,#2482,#2483);
#2481 = CARTESIAN_POINT('',(0.,0.,-2.5));
#2482 = DIRECTION('',(0.,0.,1.));
#2483 = DIRECTION('',(1.,0.,0.));
#2484 = PCURVE('',#1369,#2485);
#2485 = DEFINITIONAL_REPRESENTATION('',(#2486),#2490);
#2486 = LINE('',#2487,#2488);
#2487 = CARTESIAN_POINT('',(-0.,2.5));
#2488 = VECTOR('',#2489,1.);
#2489 = DIRECTION('',(-1.,0.));
#2490 = ( GEOMETRIC_REPRESENTATION_CONTEXT(2) 
PARAMETRIC_REPRESENTATION_CONTEXT() REPRESENTATION_CONTEXT('2D SPACE',''
  ) );
#2491 = PCURVE('',#387,#2492);
#2492 = DEFINITIONAL_REPRESENTATION('',(#2493),#2497);
#2493 = LINE('',#2494,#2495);
#2494 = CARTESIAN_POINT('',(-25.13274122871,0.));
#2495 = VECTOR('',#2496,1.);
#2496 = DIRECTION('',(-1.,0.));
#2497 = ( GEOMETRIC_REPRESENTATION_CONTEXT(2) 
PARAMETRIC_REPRESENTATION_CONTEXT() REPRESENTATION_CONTEXT('2D SPACE',''
  ) );
#2498 = ORIENTED_EDGE('',*,*,#2499,.F.);
#2499 = EDGE_CURVE('',#2500,#2476,#2502,.T.);
#2500 = VERTEX_POINT('',#2501);
#2501 = CARTESIAN_POINT('',(9.505299990091,1.94521175E-07,
    -2.130299990091));
#2502 = SURFACE_CURVE('',#2503,(#2507,#2514),.PCURVE_S1.);
#2503 = LINE('',#2504,#2505);
#2504 = CARTESIAN_POINT('',(7.375,0.,0.));
#2505 = VECTOR('',#2506,1.);
#2506 = DIRECTION('',(0.707106781187,0.,-0.707106781187));
#2507 = PCURVE('',#1369,#2508);
#2508 = DEFINITIONAL_REPRESENTATION('',(#2509),#2513);
#2509 = LINE('',#2510,#2511);
#2510 = CARTESIAN_POINT('',(-0.,0.));
#2511 = VECTOR('',#2512,1.);
#2512 = DIRECTION('',(-0.,1.));
#2513 = ( GEOMETRIC_REPRESENTATION_CONTEXT(2) 
PARAMETRIC_REPRESENTATION_CONTEXT() REPRESENTATION_CONTEXT('2D SPACE',''
  ) );
#2514 = PCURVE('',#2515,#2520);
#2515 = CONICAL_SURFACE('',#2516,7.375,0.785398163397);
#2516 = AXIS2_PLACEMENT_3D('',#2517,#2518,#2519);
#2517 = CARTESIAN_POINT('',(0.,0.,0.));
#2518 = DIRECTION('',(-0.,-0.,-1.));
#2519 = DIRECTION('',(1.,0.,0.));
#2520 = DEFINITIONAL_REPRESENTATION('',(#2521),#2525);
#2521 = LINE('',#2522,#2523);
#2522 = CARTESIAN_POINT('',(-6.28318530718,0.));
#2523 = VECTOR('',#2524,1.);
#2524 = DIRECTION('',(-0.,1.));
#2525 = ( GEOMETRIC_REPRESENTATION_CONTEXT(2) 
PARAMETRIC_REPRESENTATION_CONTEXT() REPRESENTATION_CONTEXT('2D SPACE',''
  ) );
#2526 = ORIENTED_EDGE('',*,*,#2527,.F.);
#2527 = EDGE_CURVE('',#1385,#2500,#2528,.T.);
#2528 = SURFACE_CURVE('',#2529,(#2544,#2562),.PCURVE_S1.);
#2529 = B_SPLINE_CURVE_WITH_KNOTS('',7,(#2530,#2531,#2532,#2533,#2534,
    #2535,#2536,#2537,#2538,#2539,#2540,#2541,#2542,#2543),
  .UNSPECIFIED.,.F.,.F.,(8,6,8),(0.,0.466644141683,1.),.UNSPECIFIED.);
#2530 = CARTESIAN_POINT('',(4.278991914975,7.369672936631,
    -1.146845516162));
#2531 = CARTESIAN_POINT('',(4.854056356855,7.115601387197,
    -1.215876558141));
#2532 = CARTESIAN_POINT('',(5.407574280067,6.811543114758,-1.28431932014
    ));
#2533 = CARTESIAN_POINT('',(5.934448729033,6.46026735035,-1.352179877532
    ));
#2534 = CARTESIAN_POINT('',(6.430222094537,6.065097966939,
    -1.419477553649));
#2535 = CARTESIAN_POINT('',(6.890981487962,5.629765213715,
    -1.486232868882));
#2536 = CARTESIAN_POINT('',(7.313333896351,5.158354194474,
    -1.552458953529));
#2537 = CARTESIAN_POINT('',(8.130053078922,4.080436227751,-1.69324604367
    ));
#2538 = CARTESIAN_POINT('',(8.511903904549,3.46409555944,-1.767665103762
    ));
#2539 = CARTESIAN_POINT('',(8.835747346596,2.812961951221,
    -1.841415978799));
#2540 = CARTESIAN_POINT('',(9.098576946974,2.133933599975,
    -1.914529287276));
#2541 = CARTESIAN_POINT('',(9.298353168767,1.434018794584,
    -1.987036781021));
#2542 = CARTESIAN_POINT('',(9.433964705317,0.720315537225,
    -2.058964734799));
#2543 = CARTESIAN_POINT('',(9.505299970827,3.8904234935E-07,
    -2.130299970827));
#2544 = PCURVE('',#1369,#2545);
#2545 = DEFINITIONAL_REPRESENTATION('',(#2546),#2561);
#2546 = B_SPLINE_CURVE_WITH_KNOTS('',7,(#2547,#2548,#2549,#2550,#2551,
    #2552,#2553,#2554,#2555,#2556,#2557,#2558,#2559,#2560),
  .UNSPECIFIED.,.F.,.F.,(8,6,8),(0.,0.466644141683,1.),.UNSPECIFIED.);
#2547 = CARTESIAN_POINT('',(-1.044747465298,1.146845516162));
#2548 = CARTESIAN_POINT('',(-0.971419577251,1.215876558141));
#2549 = CARTESIAN_POINT('',(-0.898719051659,1.28431932014));
#2550 = CARTESIAN_POINT('',(-0.826638936783,1.352179877532));
#2551 = CARTESIAN_POINT('',(-0.755157073067,1.419477553649));
#2552 = CARTESIAN_POINT('',(-0.684249340311,1.486232868882));
#2553 = CARTESIAN_POINT('',(-0.613899776986,1.552458953529));
#2554 = CARTESIAN_POINT('',(-0.464337832386,1.69324604367));
#2555 = CARTESIAN_POINT('',(-0.385274933126,1.767665103762));
#2556 = CARTESIAN_POINT('',(-0.306916029696,1.841415978799));
#2557 = CARTESIAN_POINT('',(-0.229230808552,1.914529287276));
#2558 = CARTESIAN_POINT('',(-0.152192205718,1.987036781021));
#2559 = CARTESIAN_POINT('',(-7.578041117648E-02,2.058964734799));
#2560 = CARTESIAN_POINT('',(-4.09289923E-08,2.130299970827));
#2561 = ( GEOMETRIC_REPRESENTATION_CONTEXT(2) 
PARAMETRIC_REPRESENTATION_CONTEXT() REPRESENTATION_CONTEXT('2D SPACE',''
  ) );
#2562 = PCURVE('',#1410,#2563);
#2563 = DEFINITIONAL_REPRESENTATION('',(#2564),#2579);
#2564 = B_SPLINE_CURVE_WITH_KNOTS('',7,(#2565,#2566,#2567,#2568,#2569,
    #2570,#2571,#2572,#2573,#2574,#2575,#2576,#2577,#2578),
  .UNSPECIFIED.,.F.,.F.,(8,6,8),(0.,0.466644141683,1.),.UNSPECIFIED.);
#2565 = CARTESIAN_POINT('',(1.75,5.637869342962));
#2566 = CARTESIAN_POINT('',(1.670287087311,5.716789408298));
#2567 = CARTESIAN_POINT('',(1.591251504606,5.795034276872));
#2568 = CARTESIAN_POINT('',(1.51288655178,5.872611274151));
#2569 = CARTESIAN_POINT('',(1.435171139501,5.949544077267));
#2570 = CARTESIAN_POINT('',(1.358083417384,6.025858579537));
#2571 = CARTESIAN_POINT('',(1.281609893674,6.101572029273));
#2572 = CARTESIAN_POINT('',(1.11904523151,6.26253711362));
#2573 = CARTESIAN_POINT('',(1.033119021749,6.347627811476));
#2574 = CARTESIAN_POINT('',(0.947969033657,6.431960811231));
#2575 = CARTESIAN_POINT('',(0.863558223753,6.515569033089));
#2576 = CARTESIAN_POINT('',(0.779844607283,6.598481909778));
#2577 = CARTESIAN_POINT('',(0.696790819555,6.680720396321));
#2578 = CARTESIAN_POINT('',(0.614419369311,6.762279024438));
#2579 = ( GEOMETRIC_REPRESENTATION_CONTEXT(2) 
PARAMETRIC_REPRESENTATION_CONTEXT() REPRESENTATION_CONTEXT('2D SPACE',''
  ) );
#2580 = ORIENTED_EDGE('',*,*,#1442,.F.);
#2581 = ADVANCED_FACE('',(#2582),#1338,.T.);
#2582 = FACE_BOUND('',#2583,.F.);
#2583 = EDGE_LOOP('',(#2584,#2585,#2586));
#2584 = ORIENTED_EDGE('',*,*,#2140,.F.);
#2585 = ORIENTED_EDGE('',*,*,#1317,.F.);
#2586 = ORIENTED_EDGE('',*,*,#1734,.F.);
#2587 = ADVANCED_FACE('',(#2588),#1410,.T.);
#2588 = FACE_BOUND('',#2589,.T.);
#2589 = EDGE_LOOP('',(#2590,#2634,#2635));
#2590 = ORIENTED_EDGE('',*,*,#2591,.F.);
#2591 = EDGE_CURVE('',#2500,#1387,#2592,.T.);
#2592 = SURFACE_CURVE('',#2593,(#2596,#2603),.PCURVE_S1.);
#2593 = B_SPLINE_CURVE_WITH_KNOTS('',1,(#2594,#2595),.UNSPECIFIED.,.F.,
  .F.,(2,2),(0.,1.75),.PIECEWISE_BEZIER_KNOTS.);
#2594 = CARTESIAN_POINT('',(10.037410776214,-1.7088542826E-07,
    -2.437495758843));
#2595 = CARTESIAN_POINT('',(8.521843468381,1.42391066979E-06,
    -1.562535339495));
#2596 = PCURVE('',#1410,#2597);
#2597 = DEFINITIONAL_REPRESENTATION('',(#2598),#2602);
#2598 = LINE('',#2599,#2600);
#2599 = CARTESIAN_POINT('',(0.,6.762279024438));
#2600 = VECTOR('',#2601,1.);
#2601 = DIRECTION('',(1.,0.));
#2602 = ( GEOMETRIC_REPRESENTATION_CONTEXT(2) 
PARAMETRIC_REPRESENTATION_CONTEXT() REPRESENTATION_CONTEXT('2D SPACE',''
  ) );
#2603 = PCURVE('',#2604,#2629);
#2604 = B_SPLINE_SURFACE_WITH_KNOTS('',1,11,(
    (#2605,#2606,#2607,#2608,#2609,#2610,#2611,#2612,#2613,#2614,#2615
      ,#2616)
    ,(#2617,#2618,#2619,#2620,#2621,#2622,#2623,#2624,#2625,#2626,#2627
      ,#2628
    )),.UNSPECIFIED.,.F.,.F.,.F.,(2,2),(12,12),(0.,1.75),(0.,
    6.762279024438),.PIECEWISE_BEZIER_KNOTS.);
#2605 = CARTESIAN_POINT('',(10.037410776214,-1.7088540175E-07,
    -2.437495758843));
#2606 = CARTESIAN_POINT('',(10.037394328367,-5.73335523398,
    -2.664770722296));
#2607 = CARTESIAN_POINT('',(6.435077077983,-11.46657076811,
    -2.89203316866));
#2608 = CARTESIAN_POINT('',(-0.772371593036,-14.68624593193,
    -3.119335755684));
#2609 = CARTESIAN_POINT('',(-9.58723238728,-12.86867476654,
    -3.346547601046));
#2610 = CARTESIAN_POINT('',(-16.15052873167,-5.307033633821,
    -3.573912140206));
#2611 = CARTESIAN_POINT('',(-16.14970373511,5.306983351936,
    -3.801079850115));
#2612 = CARTESIAN_POINT('',(-9.587839911123,12.868776408032,
    -4.028444385162));
#2613 = CARTESIAN_POINT('',(-0.772045259242,14.686175697946,
    -4.255656235301));
#2614 = CARTESIAN_POINT('',(6.434955126806,11.46659110758,
    -4.482958819635));
#2615 = CARTESIAN_POINT('',(10.037423767337,5.7333549112,-4.710221266717
    ));
#2616 = CARTESIAN_POINT('',(10.037407330329,-1.5189651306E-07,
    -4.937496230123));
#2617 = CARTESIAN_POINT('',(8.521843468381,1.42391069497E-06,
    -1.562535339495));
#2618 = CARTESIAN_POINT('',(8.521839978524,-4.867660432944,
    -1.789789435603));
#2619 = CARTESIAN_POINT('',(5.463401338306,-9.735203652004,
    -2.017147818081));
#2620 = CARTESIAN_POINT('',(-0.655653894666,-12.46883330856,
    -2.24417177197));
#2621 = CARTESIAN_POINT('',(-8.139819194158,-10.92534313629,
    -2.471951733522));
#2622 = CARTESIAN_POINT('',(-13.7116860684,-4.506174480428,
    -2.698459521884));
#2623 = CARTESIAN_POINT('',(-13.71147040622,4.506156782635,
    -2.92660723083));
#2624 = CARTESIAN_POINT('',(-8.139982644224,10.925367236814,
    -3.15311501821));
#2625 = CARTESIAN_POINT('',(-0.655572067276,12.468814610438,
    -3.380894980901));
#2626 = CARTESIAN_POINT('',(5.46336607271,9.735210783866,-3.60791893415)
  );
#2627 = CARTESIAN_POINT('',(8.521846141642,4.867663122553,
    -3.835277316799));
#2628 = CARTESIAN_POINT('',(8.521842561469,1.26569851739E-06,
    -4.062531412894));
#2629 = DEFINITIONAL_REPRESENTATION('',(#2630),#2633);
#2630 = B_SPLINE_CURVE_WITH_KNOTS('',1,(#2631,#2632),.UNSPECIFIED.,.F.,
  .F.,(2,2),(0.,1.75),.PIECEWISE_BEZIER_KNOTS.);
#2631 = CARTESIAN_POINT('',(0.,0.));
#2632 = CARTESIAN_POINT('',(1.75,0.));
#2633 = ( GEOMETRIC_REPRESENTATION_CONTEXT(2) 
PARAMETRIC_REPRESENTATION_CONTEXT() REPRESENTATION_CONTEXT('2D SPACE',''
  ) );
#2634 = ORIENTED_EDGE('',*,*,#2527,.F.);
#2635 = ORIENTED_EDGE('',*,*,#1384,.T.);
#2636 = ADVANCED_FACE('',(#2637),#2045,.T.);
#2637 = FACE_BOUND('',#2638,.T.);
#2638 = EDGE_LOOP('',(#2639,#2670,#2671,#2672,#2703));
#2639 = ORIENTED_EDGE('',*,*,#2640,.F.);
#2640 = EDGE_CURVE('',#1387,#2641,#2643,.T.);
#2641 = VERTEX_POINT('',#2642);
#2642 = CARTESIAN_POINT('',(8.521842561469,1.265698602E-06,
    -4.062531412894));
#2643 = SURFACE_CURVE('',#2644,(#2657,#2663),.PCURVE_S1.);
#2644 = B_SPLINE_CURVE_WITH_KNOTS('',11,(#2645,#2646,#2647,#2648,#2649,
    #2650,#2651,#2652,#2653,#2654,#2655,#2656),.UNSPECIFIED.,.F.,.F.,(12
    ,12),(0.,6.762279024438),.PIECEWISE_BEZIER_KNOTS.);
#2645 = CARTESIAN_POINT('',(8.521843468381,1.42391069497E-06,
    -1.562535339495));
#2646 = CARTESIAN_POINT('',(8.521839978524,-4.867660432944,
    -1.789789435603));
#2647 = CARTESIAN_POINT('',(5.463401338306,-9.735203652004,
    -2.017147818081));
#2648 = CARTESIAN_POINT('',(-0.655653894666,-12.46883330856,
    -2.24417177197));
#2649 = CARTESIAN_POINT('',(-8.139819194158,-10.92534313629,
    -2.471951733522));
#2650 = CARTESIAN_POINT('',(-13.7116860684,-4.506174480428,
    -2.698459521884));
#2651 = CARTESIAN_POINT('',(-13.71147040622,4.506156782635,
    -2.92660723083));
#2652 = CARTESIAN_POINT('',(-8.139982644224,10.925367236814,
    -3.15311501821));
#2653 = CARTESIAN_POINT('',(-0.655572067276,12.468814610438,
    -3.380894980901));
#2654 = CARTESIAN_POINT('',(5.46336607271,9.735210783866,-3.60791893415)
  );
#2655 = CARTESIAN_POINT('',(8.521846141642,4.867663122553,
    -3.835277316799));
#2656 = CARTESIAN_POINT('',(8.521842561469,1.26569851739E-06,
    -4.062531412894));
#2657 = PCURVE('',#2045,#2658);
#2658 = DEFINITIONAL_REPRESENTATION('',(#2659),#2662);
#2659 = B_SPLINE_CURVE_WITH_KNOTS('',1,(#2660,#2661),.UNSPECIFIED.,.F.,
  .F.,(2,2),(0.,6.762279024438),.PIECEWISE_BEZIER_KNOTS.);
#2660 = CARTESIAN_POINT('',(0.,0.));
#2661 = CARTESIAN_POINT('',(0.,6.762279024438));
#2662 = ( GEOMETRIC_REPRESENTATION_CONTEXT(2) 
PARAMETRIC_REPRESENTATION_CONTEXT() REPRESENTATION_CONTEXT('2D SPACE',''
  ) );
#2663 = PCURVE('',#2604,#2664);
#2664 = DEFINITIONAL_REPRESENTATION('',(#2665),#2669);
#2665 = LINE('',#2666,#2667);
#2666 = CARTESIAN_POINT('',(1.75,0.));
#2667 = VECTOR('',#2668,1.);
#2668 = DIRECTION('',(0.,1.));
#2669 = ( GEOMETRIC_REPRESENTATION_CONTEXT(2) 
PARAMETRIC_REPRESENTATION_CONTEXT() REPRESENTATION_CONTEXT('2D SPACE',''
  ) );
#2670 = ORIENTED_EDGE('',*,*,#2027,.T.);
#2671 = ORIENTED_EDGE('',*,*,#2161,.T.);
#2672 = ORIENTED_EDGE('',*,*,#2673,.T.);
#2673 = EDGE_CURVE('',#2162,#2674,#2676,.T.);
#2674 = VERTEX_POINT('',#2675);
#2675 = CARTESIAN_POINT('',(8.521828052435,1.265705021E-06,
    -3.437531413063));
#2676 = SURFACE_CURVE('',#2677,(#2690,#2697),.PCURVE_S1.);
#2677 = ( BOUNDED_CURVE() B_SPLINE_CURVE(11,(#2678,#2679,#2680,#2681,
    #2682,#2683,#2684,#2685,#2686,#2687,#2688,#2689),.UNSPECIFIED.,.F.,
.F.) B_SPLINE_CURVE_WITH_KNOTS((12,12),(0.,6.762279024438),
.PIECEWISE_BEZIER_KNOTS.) CURVE() GEOMETRIC_REPRESENTATION_ITEM() 
RATIONAL_B_SPLINE_CURVE((1.056590953773,1.056590953773,1.056590953773,
    1.056590953773,1.056590953772,1.056590953774,1.056590953772,
    1.056590953774,1.056590953773,1.056590953773,1.056590953773,
1.056590953773)) REPRESENTATION_ITEM('') );
#2678 = CARTESIAN_POINT('',(8.521827145718,1.42391889812E-06,
    -0.937535339709));
#2679 = CARTESIAN_POINT('',(8.521832261284,-4.867651627384,
    -1.164789435591));
#2680 = CARTESIAN_POINT('',(5.463359265624,-9.735191447993,
    -1.392147819233));
#2681 = CARTESIAN_POINT('',(-0.655566955362,-12.46879226479,
    -1.619171769582));
#2682 = CARTESIAN_POINT('',(-8.139964453424,-10.92535003569,
    -1.846951738168));
#2683 = CARTESIAN_POINT('',(-13.71144420417,-4.506152965727,
    -2.073459516732));
#2684 = CARTESIAN_POINT('',(-13.71166266242,4.506162005504,
    -2.301607235653));
#2685 = CARTESIAN_POINT('',(-8.139807935201,10.92532080275,
    -2.52811501539));
#2686 = CARTESIAN_POINT('',(-0.655656634638,12.468810545124,
    -2.755894982613));
#2687 = CARTESIAN_POINT('',(5.46338837913,9.735187765928,-2.98291893373)
  );
#2688 = CARTESIAN_POINT('',(8.521823027187,4.867654317007,
    -3.210277317167));
#2689 = CARTESIAN_POINT('',(8.521828052435,1.26570493131E-06,
    -3.437531413063));
#2690 = PCURVE('',#2045,#2691);
#2691 = DEFINITIONAL_REPRESENTATION('',(#2692),#2696);
#2692 = LINE('',#2693,#2694);
#2693 = CARTESIAN_POINT('',(2.094395102393,0.));
#2694 = VECTOR('',#2695,1.);
#2695 = DIRECTION('',(0.,1.));
#2696 = ( GEOMETRIC_REPRESENTATION_CONTEXT(2) 
PARAMETRIC_REPRESENTATION_CONTEXT() REPRESENTATION_CONTEXT('2D SPACE',''
  ) );
#2697 = PCURVE('',#2366,#2698);
#2698 = DEFINITIONAL_REPRESENTATION('',(#2699),#2702);
#2699 = B_SPLINE_CURVE_WITH_KNOTS('',1,(#2700,#2701),.UNSPECIFIED.,.F.,
  .F.,(2,2),(0.,6.762279024438),.PIECEWISE_BEZIER_KNOTS.);
#2700 = CARTESIAN_POINT('',(0.,0.));
#2701 = CARTESIAN_POINT('',(0.,6.762279024438));
#2702 = ( GEOMETRIC_REPRESENTATION_CONTEXT(2) 
PARAMETRIC_REPRESENTATION_CONTEXT() REPRESENTATION_CONTEXT('2D SPACE',''
  ) );
#2703 = ORIENTED_EDGE('',*,*,#2704,.F.);
#2704 = EDGE_CURVE('',#2641,#2674,#2705,.T.);
#2705 = SURFACE_CURVE('',#2706,(#2714,#2721),.PCURVE_S1.);
#2706 = ( BOUNDED_CURVE() B_SPLINE_CURVE(6,(#2707,#2708,#2709,#2710,
#2711,#2712,#2713),.UNSPECIFIED.,.F.,.F.) B_SPLINE_CURVE_WITH_KNOTS((7,7
),(0.,2.094395102393),.PIECEWISE_BEZIER_KNOTS.) CURVE() 
GEOMETRIC_REPRESENTATION_ITEM() RATIONAL_B_SPLINE_CURVE((1.056590953773,
    1.017435169568,0.996326512422,0.989390034249,0.996326512422,
1.017435169568,1.056590953773)) REPRESENTATION_ITEM('') );
#2707 = CARTESIAN_POINT('',(8.521842561469,1.26569852021E-06,
    -4.062531412894));
#2708 = CARTESIAN_POINT('',(8.408562800183,1.37165560066E-06,
    -3.997132818479));
#2709 = CARTESIAN_POINT('',(8.328732728963,1.4463245368E-06,
    -3.886440981001));
#2710 = CARTESIAN_POINT('',(8.299876584022,1.47331397304E-06,
    -3.750036565629));
#2711 = CARTESIAN_POINT('',(8.328726395824,1.44632733634E-06,
    -3.613630810644));
#2712 = CARTESIAN_POINT('',(8.408551327658,1.37166067926E-06,
    -3.502935266863));
#2713 = CARTESIAN_POINT('',(8.521828052435,1.26570493131E-06,
    -3.437531413063));
#2714 = PCURVE('',#2045,#2715);
#2715 = DEFINITIONAL_REPRESENTATION('',(#2716),#2720);
#2716 = LINE('',#2717,#2718);
#2717 = CARTESIAN_POINT('',(0.,6.762279024438));
#2718 = VECTOR('',#2719,1.);
#2719 = DIRECTION('',(1.,0.));
#2720 = ( GEOMETRIC_REPRESENTATION_CONTEXT(2) 
PARAMETRIC_REPRESENTATION_CONTEXT() REPRESENTATION_CONTEXT('2D SPACE',''
  ) );
#2721 = PCURVE('',#2722,#2807);
#2722 = ( BOUNDED_SURFACE() B_SPLINE_SURFACE(6,11,(
    (#2723,#2724,#2725,#2726,#2727,#2728,#2729,#2730,#2731,#2732,#2733
      ,#2734)
    ,(#2735,#2736,#2737,#2738,#2739,#2740,#2741,#2742,#2743,#2744,#2745
      ,#2746)
    ,(#2747,#2748,#2749,#2750,#2751,#2752,#2753,#2754,#2755,#2756,#2757
      ,#2758)
    ,(#2759,#2760,#2761,#2762,#2763,#2764,#2765,#2766,#2767,#2768,#2769
      ,#2770)
    ,(#2771,#2772,#2773,#2774,#2775,#2776,#2777,#2778,#2779,#2780,#2781
      ,#2782)
    ,(#2783,#2784,#2785,#2786,#2787,#2788,#2789,#2790,#2791,#2792,#2793
      ,#2794)
    ,(#2795,#2796,#2797,#2798,#2799,#2800,#2801,#2802,#2803,#2804,#2805
,#2806
    )),.UNSPECIFIED.,.F.,.F.,.F.) B_SPLINE_SURFACE_WITH_KNOTS((7,7),(12,
    12),(0.,2.094395102393),(0.,6.762279024438),
.PIECEWISE_BEZIER_KNOTS.) GEOMETRIC_REPRESENTATION_ITEM() 
RATIONAL_B_SPLINE_SURFACE((
    (1.056590953773,1.056590953773,1.056590953773,1.056590953773
      ,1.056590953772,1.056590953774,1.056590953772,1.056590953774
      ,1.056590953773,1.056590953773,1.056590953773,1.056590953773)
    ,(1.017435169568,1.017435169568,1.017435169568,1.017435169568
      ,1.017435169568,1.017435169569,1.017435169568,1.017435169569
      ,1.017435169568,1.017435169568,1.017435169568,1.017435169568)
    ,(0.996326512422,0.996326512422,0.996326512422,0.996326512422
      ,0.996326512422,0.996326512423,0.996326512422,0.996326512423
      ,0.996326512422,0.996326512422,0.996326512422,0.996326512422)
    ,(0.989390034249,0.989390034249,0.989390034249,0.989390034249
      ,0.989390034248,0.989390034249,0.989390034248,0.989390034249
      ,0.989390034248,0.989390034249,0.989390034249,0.989390034249)
    ,(0.996326512422,0.996326512422,0.996326512422,0.996326512422
      ,0.996326512422,0.996326512423,0.996326512421,0.996326512423
      ,0.996326512422,0.996326512422,0.996326512422,0.996326512422)
    ,(1.017435169568,1.017435169568,1.017435169568,1.017435169568
      ,1.017435169568,1.017435169568,1.017435169568,1.017435169568
      ,1.017435169568,1.017435169568,1.017435169568,1.017435169568)
    ,(1.056590953773,1.056590953773,1.056590953773,1.056590953773
      ,1.056590953772,1.056590953774,1.056590953772,1.056590953774
      ,1.056590953773,1.056590953773,1.056590953773,1.056590953773
))) REPRESENTATION_ITEM('') SURFACE() );
#2723 = CARTESIAN_POINT('',(8.521842561469,1.26569860148E-06,
    -4.062531412894));
#2724 = CARTESIAN_POINT('',(8.521838981295,-4.867660073128,
    -4.289785508982));
#2725 = CARTESIAN_POINT('',(5.463400575942,-9.735202717426,
    -4.517143891536));
#2726 = CARTESIAN_POINT('',(-0.655654055826,-12.46883196939,
    -4.744167845224));
#2727 = CARTESIAN_POINT('',(-8.139818531791,-10.92534182244,
    -4.971947807162));
#2728 = CARTESIAN_POINT('',(-13.71168469141,-4.506173746567,
    -5.19845559497));
#2729 = CARTESIAN_POINT('',(-13.71146886479,4.506156558074,
    -5.426603304519));
#2730 = CARTESIAN_POINT('',(-8.139981574092,10.925366224855,
    -5.6531110914));
#2731 = CARTESIAN_POINT('',(-0.655571766562,12.468813295856,
    -5.880891054399));
#2732 = CARTESIAN_POINT('',(5.463365672228,9.73520964636,-6.107915007514
    ));
#2733 = CARTESIAN_POINT('',(8.521845325059,4.867662446313,
    -6.335273390199));
#2734 = CARTESIAN_POINT('',(8.521841654568,1.10748740534E-06,
    -6.562527486291));
#2735 = CARTESIAN_POINT('',(8.408562800183,1.37165568082E-06,
    -3.997132818479));
#2736 = CARTESIAN_POINT('',(8.408560180985,-4.802954480821,
    -4.224385354854));
#2737 = CARTESIAN_POINT('',(5.390773502084,-9.605793195514,
    -4.451750908071));
#2738 = CARTESIAN_POINT('',(-0.646930112216,-12.30309338892,
    -4.678754035565));
#2739 = CARTESIAN_POINT('',(-8.031632907673,-10.78008917601,
    -4.906576460858));
#2740 = CARTESIAN_POINT('',(-13.52939552293,-4.446314203826,
    -5.133020211569));
#2741 = CARTESIAN_POINT('',(-13.52922522678,4.44629949344,
    -5.361241170296));
#2742 = CARTESIAN_POINT('',(-8.031762723878,10.780107807959,
    -5.587684920317));
#2743 = CARTESIAN_POINT('',(-0.646866059735,12.303078569446,
    -5.815507346394));
#2744 = CARTESIAN_POINT('',(5.390745107916,9.605799120268,
    -6.042510473472));
#2745 = CARTESIAN_POINT('',(8.408564800135,4.802957052675,
    -6.269876026776));
#2746 = CARTESIAN_POINT('',(8.408562083058,1.20019980621E-06,
    -6.49712856316));
#2747 = CARTESIAN_POINT('',(8.328732728963,1.44632459942E-06,
    -3.886440981001));
#2748 = CARTESIAN_POINT('',(8.328731676495,-4.757355461911,
    -4.113692418222));
#2749 = CARTESIAN_POINT('',(5.339588766824,-9.514596888325,
    -4.341063024733));
#2750 = CARTESIAN_POINT('',(-0.64077335187,-12.18629296937,
    -4.568051475618));
#2751 = CARTESIAN_POINT('',(-7.955409383536,-10.67773017461,
    -4.795903825613));
#2752 = CARTESIAN_POINT('',(-13.40091112557,-4.404128888146,
    -5.022302448294));
#2753 = CARTESIAN_POINT('',(-13.40081778921,4.404118687909,
    -5.250575026834));
#2754 = CARTESIAN_POINT('',(-7.9554827106,10.677739227107,
    -5.476973649215));
#2755 = CARTESIAN_POINT('',(-0.640739879276,12.186284688264,
    -5.704825999541));
#2756 = CARTESIAN_POINT('',(5.339571614717,9.514600987612,
    -5.931814450266));
#2757 = CARTESIAN_POINT('',(8.328733488719,4.757358173769,
    -6.159185056796));
#2758 = CARTESIAN_POINT('',(8.328732333043,1.26553498148E-06,
    -6.386436494031));
#2759 = CARTESIAN_POINT('',(8.299876584022,1.47331405742E-06,
    -3.750036565629));
#2760 = CARTESIAN_POINT('',(8.299877425078,-4.740872882085,
    -3.977287605539));
#2761 = CARTESIAN_POINT('',(5.321082165504,-9.481633188151,
    -4.204660038683));
#2762 = CARTESIAN_POINT('',(-0.638534655264,-12.14407051998,
    -4.431643184337));
#2763 = CARTESIAN_POINT('',(-7.927881703445,-10.64073479811,
    -4.659506351343));
#2764 = CARTESIAN_POINT('',(-13.35443466841,-4.38887819046,
    -4.885888661526));
#2765 = CARTESIAN_POINT('',(-13.35443610432,4.388873744201,
    -5.114179898968));
#2766 = CARTESIAN_POINT('',(-7.927885263235,10.640732162397,
    -5.340562209325));
#2767 = CARTESIAN_POINT('',(-0.63853868754,12.144070305423,
    -5.568425376111));
#2768 = CARTESIAN_POINT('',(5.321079006144,9.48163495977,-5.795408521915
    ));
#2769 = CARTESIAN_POINT('',(8.299875848001,4.740875644548,
    -6.022780954995));
#2770 = CARTESIAN_POINT('',(8.299876583922,1.28915054898E-06,
    -6.250031994924));
#2771 = CARTESIAN_POINT('',(8.328726395824,1.44632740895E-06,
    -3.613630810644));
#2772 = CARTESIAN_POINT('',(8.328729099592,-4.757352070506,
    -3.840882247778));
#2773 = CARTESIAN_POINT('',(5.339570909775,-9.51459246569,
    -4.068252854748));
#2774 = CARTESIAN_POINT('',(-0.640735464085,-12.18627621214,
    -4.295241304234));
#2775 = CARTESIAN_POINT('',(-7.955473544833,-10.67773420128,
    -4.523093657001));
#2776 = CARTESIAN_POINT('',(-13.40080682648,-4.404119915361,
    -4.749492275855));
#2777 = CARTESIAN_POINT('',(-13.40090298208,4.404121385973,
    -4.977764858234));
#2778 = CARTESIAN_POINT('',(-7.95540720692,10.677719973927,
    -5.204163477729));
#2779 = CARTESIAN_POINT('',(-0.640776853515,12.186284071996,
    -5.432015829734));
#2780 = CARTESIAN_POINT('',(5.33958185891,9.514591844738,-5.659004279675
    ));
#2781 = CARTESIAN_POINT('',(8.32872419099,4.757354782368,-5.886374886499
    ));
#2782 = CARTESIAN_POINT('',(8.328726791547,1.26553701363E-06,
    -6.113626323657));
#2783 = CARTESIAN_POINT('',(8.408551327658,1.37166076897E-06,
    -3.502935266863));
#2784 = CARTESIAN_POINT('',(8.408555512907,-4.802948337266,
    -3.73018780308));
#2785 = CARTESIAN_POINT('',(5.390741153914,-9.605785183876,
    -3.957553357126));
#2786 = CARTESIAN_POINT('',(-0.64686147823,-12.3030630331,
    -4.184556482086));
#2787 = CARTESIAN_POINT('',(-8.031749136305,-10.78009647033,
    -4.4123789124));
#2788 = CARTESIAN_POINT('',(-13.5292065844,-4.446297949569,
    -4.638822656178));
#2789 = CARTESIAN_POINT('',(-13.52937955423,4.446304381001,
    -4.86704362186));
#2790 = CARTESIAN_POINT('',(-8.031625948441,10.78007293069,
    -5.093487366654));
#2791 = CARTESIAN_POINT('',(-0.646933038827,12.30307745307,
    -5.321309795772));
#2792 = CARTESIAN_POINT('',(5.390763665343,9.605782557887,-5.54831292143
    ));
#2793 = CARTESIAN_POINT('',(8.408547957232,4.802950909128,
    -5.775678475267));
#2794 = CARTESIAN_POINT('',(8.408552044598,1.20020351146E-06,
    -6.002931011512));
#2795 = CARTESIAN_POINT('',(8.521828052435,1.26570503078E-06,
    -3.437531413063));
#2796 = CARTESIAN_POINT('',(8.521833077687,-4.867652303518,
    -3.66478550895));
#2797 = CARTESIAN_POINT('',(5.463359665974,-9.735192585299,
    -3.892143892553));
#2798 = CARTESIAN_POINT('',(-0.655567256043,-12.4687935791,
    -4.119167843036));
#2799 = CARTESIAN_POINT('',(-8.139965523404,-10.92535104741,
    -4.346947811325));
#2800 = CARTESIAN_POINT('',(-13.71144574531,-4.506153190184,
    -4.573455590366));
#2801 = CARTESIAN_POINT('',(-13.71166403909,4.506162739256,
    -4.801603308709));
#2802 = CARTESIAN_POINT('',(-8.139808597417,10.925322116392,
    -5.028111088981));
#2803 = CARTESIAN_POINT('',(-0.655656473441,12.468811884004,
    -5.255891055825));
#2804 = CARTESIAN_POINT('',(5.463389141368,9.735188700306,
    -5.482915007145));
#2805 = CARTESIAN_POINT('',(8.521824024237,4.867654676713,
    -5.710273390503));
#2806 = CARTESIAN_POINT('',(8.521828959165,1.10749209625E-06,
    -5.93752748642));
#2807 = DEFINITIONAL_REPRESENTATION('',(#2808),#2811);
#2808 = B_SPLINE_CURVE_WITH_KNOTS('',1,(#2809,#2810),.UNSPECIFIED.,.F.,
  .F.,(2,2),(0.,2.094395102393),.PIECEWISE_BEZIER_KNOTS.);
#2809 = CARTESIAN_POINT('',(0.,0.));
#2810 = CARTESIAN_POINT('',(2.094395102393,0.));
#2811 = ( GEOMETRIC_REPRESENTATION_CONTEXT(2) 
PARAMETRIC_REPRESENTATION_CONTEXT() REPRESENTATION_CONTEXT('2D SPACE',''
  ) );
#2812 = ADVANCED_FACE('',(#2813),#2515,.T.);
#2813 = FACE_BOUND('',#2814,.F.);
#2814 = EDGE_LOOP('',(#2815,#2850,#2851));
#2815 = ORIENTED_EDGE('',*,*,#2816,.F.);
#2816 = EDGE_CURVE('',#2500,#2817,#2819,.T.);
#2817 = VERTEX_POINT('',#2818);
#2818 = CARTESIAN_POINT('',(9.123302266347,-3.779018491205,-2.5));
#2819 = SURFACE_CURVE('',#2820,(#2828,#2839),.PCURVE_S1.);
#2820 = B_SPLINE_CURVE_WITH_KNOTS('',6,(#2821,#2822,#2823,#2824,#2825,
    #2826,#2827),.UNSPECIFIED.,.F.,.F.,(7,7),(0.,1.),
  .PIECEWISE_BEZIER_KNOTS.);
#2821 = CARTESIAN_POINT('',(9.505300009356,-5.33E-15,-2.130300009356));
#2822 = CARTESIAN_POINT('',(9.568025044578,-0.633372562682,
    -2.193025044629));
#2823 = CARTESIAN_POINT('',(9.579647226671,-1.272141295416,
    -2.255292015789));
#2824 = CARTESIAN_POINT('',(9.540065208273,-1.91102573483,
    -2.317112949265));
#2825 = CARTESIAN_POINT('',(9.449909928998,-2.544977671579,
    -2.37849861622));
#2826 = CARTESIAN_POINT('',(9.31038293645,-3.169171588486,
    -2.439460332077));
#2827 = CARTESIAN_POINT('',(9.123302266347,-3.779018491205,-2.5));
#2828 = PCURVE('',#2515,#2829);
#2829 = DEFINITIONAL_REPRESENTATION('',(#2830),#2838);
#2830 = B_SPLINE_CURVE_WITH_KNOTS('',6,(#2831,#2832,#2833,#2834,#2835,
    #2836,#2837),.UNSPECIFIED.,.F.,.F.,(7,7),(0.,1.),
  .PIECEWISE_BEZIER_KNOTS.);
#2831 = CARTESIAN_POINT('',(-6.28318530718,2.130300009356));
#2832 = CARTESIAN_POINT('',(-6.21655168572,2.193025044603));
#2833 = CARTESIAN_POINT('',(-6.150405703462,2.255292015839));
#2834 = CARTESIAN_POINT('',(-6.084741199865,2.317112949225));
#2835 = CARTESIAN_POINT('',(-6.019540787711,2.378498616228));
#2836 = CARTESIAN_POINT('',(-5.954789658706,2.439460332082));
#2837 = CARTESIAN_POINT('',(-5.89048407751,2.5));
#2838 = ( GEOMETRIC_REPRESENTATION_CONTEXT(2) 
PARAMETRIC_REPRESENTATION_CONTEXT() REPRESENTATION_CONTEXT('2D SPACE',''
  ) );
#2839 = PCURVE('',#2604,#2840);
#2840 = DEFINITIONAL_REPRESENTATION('',(#2841),#2849);
#2841 = B_SPLINE_CURVE_WITH_KNOTS('',6,(#2842,#2843,#2844,#2845,#2846,
    #2847,#2848),.UNSPECIFIED.,.F.,.F.,(7,7),(0.,1.),
  .PIECEWISE_BEZIER_KNOTS.);
#2842 = CARTESIAN_POINT('',(0.614419324646,4.422311528E-08));
#2843 = CARTESIAN_POINT('',(0.541990151997,7.171450266784E-02));
#2844 = CARTESIAN_POINT('',(0.470090562276,0.142904333382));
#2845 = CARTESIAN_POINT('',(0.398699953393,0.213575809412));
#2846 = CARTESIAN_POINT('',(0.327810343769,0.283747467651));
#2847 = CARTESIAN_POINT('',(0.257410929811,0.353435410617));
#2848 = CARTESIAN_POINT('',(0.187500991982,0.422643781506));
#2849 = ( GEOMETRIC_REPRESENTATION_CONTEXT(2) 
PARAMETRIC_REPRESENTATION_CONTEXT() REPRESENTATION_CONTEXT('2D SPACE',''
  ) );
#2850 = ORIENTED_EDGE('',*,*,#2499,.T.);
#2851 = ORIENTED_EDGE('',*,*,#2852,.F.);
#2852 = EDGE_CURVE('',#2817,#2476,#2853,.T.);
#2853 = SURFACE_CURVE('',#2854,(#2859,#2866),.PCURVE_S1.);
#2854 = CIRCLE('',#2855,9.875);
#2855 = AXIS2_PLACEMENT_3D('',#2856,#2857,#2858);
#2856 = CARTESIAN_POINT('',(0.,0.,-2.5));
#2857 = DIRECTION('',(0.,0.,1.));
#2858 = DIRECTION('',(1.,0.,0.));
#2859 = PCURVE('',#2515,#2860);
#2860 = DEFINITIONAL_REPRESENTATION('',(#2861),#2865);
#2861 = LINE('',#2862,#2863);
#2862 = CARTESIAN_POINT('',(-0.,2.5));
#2863 = VECTOR('',#2864,1.);
#2864 = DIRECTION('',(-1.,0.));
#2865 = ( GEOMETRIC_REPRESENTATION_CONTEXT(2) 
PARAMETRIC_REPRESENTATION_CONTEXT() REPRESENTATION_CONTEXT('2D SPACE',''
  ) );
#2866 = PCURVE('',#387,#2867);
#2867 = DEFINITIONAL_REPRESENTATION('',(#2868),#2872);
#2868 = LINE('',#2869,#2870);
#2869 = CARTESIAN_POINT('',(-18.84955592153,0.));
#2870 = VECTOR('',#2871,1.);
#2871 = DIRECTION('',(-1.,0.));
#2872 = ( GEOMETRIC_REPRESENTATION_CONTEXT(2) 
PARAMETRIC_REPRESENTATION_CONTEXT() REPRESENTATION_CONTEXT('2D SPACE',''
  ) );
#2873 = ADVANCED_FACE('',(#2874),#387,.T.);
#2874 = FACE_BOUND('',#2875,.F.);
#2875 = EDGE_LOOP('',(#2876,#2929,#3239,#3549,#3859,#4169,#4479,#4762,
    #4763,#4764,#4817,#5113,#5409,#5705,#6001,#6297,#6593,#6615));
#2876 = ORIENTED_EDGE('',*,*,#2877,.F.);
#2877 = EDGE_CURVE('',#2878,#90,#2880,.T.);
#2878 = VERTEX_POINT('',#2879);
#2879 = CARTESIAN_POINT('',(9.875,1.235E-12,-17.34374450279));
#2880 = SURFACE_CURVE('',#2881,(#2889,#2918),.PCURVE_S1.);
#2881 = B_SPLINE_CURVE_WITH_KNOTS('',6,(#2882,#2883,#2884,#2885,#2886,
    #2887,#2888),.UNSPECIFIED.,.F.,.F.,(7,7),(0.,1.),
  .PIECEWISE_BEZIER_KNOTS.);
#2882 = CARTESIAN_POINT('',(9.875,2.37765E-12,-17.34374450279));
#2883 = CARTESIAN_POINT('',(9.875,-0.646267770626,-17.36978517662));
#2884 = CARTESIAN_POINT('',(9.824246095277,-1.292572381024,
    -17.39582685967));
#2885 = CARTESIAN_POINT('',(9.722727778493,-1.933849788887,
    -17.42186972214));
#2886 = CARTESIAN_POINT('',(9.571127338354,-2.565165871848,
    -17.44791336465));
#2887 = CARTESIAN_POINT('',(9.370702571799,-3.18170082664,
    -17.47395828996));
#2888 = CARTESIAN_POINT('',(9.123400978535,-3.778780171546,-17.5000006)
  );
#2889 = PCURVE('',#387,#2890);
#2890 = DEFINITIONAL_REPRESENTATION('',(#2891),#2917);
#2891 = B_SPLINE_CURVE_WITH_KNOTS('',3,(#2892,#2893,#2894,#2895,#2896,
    #2897,#2898,#2899,#2900,#2901,#2902,#2903,#2904,#2905,#2906,#2907,
    #2908,#2909,#2910,#2911,#2912,#2913,#2914,#2915,#2916),
  .UNSPECIFIED.,.F.,.F.,(4,1,1,1,1,1,1,1,1,1,1,1,1,1,1,1,1,1,1,1,1,1,4),
  (0.,4.54543709134E-02,9.09087418268E-02,0.13636311274,0.181817483654,
    0.227271854567,0.27272622548,0.318180596394,0.363634967307,
    0.409089338221,0.454543709134,0.499998080047,0.545452450961,
    0.590906821874,0.636361192788,0.681815563701,0.727269934614,
    0.772724305528,0.818178676441,0.863633047355,0.909087418268,
    0.954541789181,0.999996160095),.QUASI_UNIFORM_KNOTS.);
#2892 = CARTESIAN_POINT('',(12.566370614359,14.843744502799));
#2893 = CARTESIAN_POINT('',(12.572320123695,14.846111827637));
#2894 = CARTESIAN_POINT('',(12.584219213701,14.85084649838));
#2895 = CARTESIAN_POINT('',(12.602067999311,14.857948568466));
#2896 = CARTESIAN_POINT('',(12.619916865565,14.865050703525));
#2897 = CARTESIAN_POINT('',(12.637765765433,14.872152903761));
#2898 = CARTESIAN_POINT('',(12.655614664286,14.879255168992));
#2899 = CARTESIAN_POINT('',(12.673463540201,14.88635749862));
#2900 = CARTESIAN_POINT('',(12.691312381462,14.89345989167));
#2901 = CARTESIAN_POINT('',(12.709161184901,14.900562346746));
#2902 = CARTESIAN_POINT('',(12.72700995408,14.907664861965));
#2903 = CARTESIAN_POINT('',(12.744858697582,14.914767434836));
#2904 = CARTESIAN_POINT('',(12.762707427312,14.9218700621));
#2905 = CARTESIAN_POINT('',(12.780556156831,14.928972739529));
#2906 = CARTESIAN_POINT('',(12.798404899698,14.936075461677));
#2907 = CARTESIAN_POINT('',(12.816253667815,14.943178221594));
#2908 = CARTESIAN_POINT('',(12.834102469755,14.950281010493));
#2909 = CARTESIAN_POINT('',(12.851951309073,14.957383817371));
#2910 = CARTESIAN_POINT('',(12.869800182596,14.964486628598));
#2911 = CARTESIAN_POINT('',(12.88764907861,14.971589427442));
#2912 = CARTESIAN_POINT('',(12.905497975201,14.978692193615));
#2913 = CARTESIAN_POINT('',(12.923346837767,14.985794902528));
#2914 = CARTESIAN_POINT('',(12.941195619318,14.992897525447));
#2915 = CARTESIAN_POINT('',(12.953094706426,14.997632525864));
#2916 = CARTESIAN_POINT('',(12.959044214276,15.));
#2917 = ( GEOMETRIC_REPRESENTATION_CONTEXT(2) 
PARAMETRIC_REPRESENTATION_CONTEXT() REPRESENTATION_CONTEXT('2D SPACE',''
  ) );
#2918 = PCURVE('',#261,#2919);
#2919 = DEFINITIONAL_REPRESENTATION('',(#2920),#2928);
#2920 = B_SPLINE_CURVE_WITH_KNOTS('',6,(#2921,#2922,#2923,#2924,#2925,
    #2926,#2927),.UNSPECIFIED.,.F.,.F.,(7,7),(0.,1.),
  .PIECEWISE_BEZIER_KNOTS.);
#2921 = CARTESIAN_POINT('',(0.187510994485,0.));
#2922 = CARTESIAN_POINT('',(0.187509002146,7.043502643691E-02));
#2923 = CARTESIAN_POINT('',(0.187508067363,0.140874213037));
#2924 = CARTESIAN_POINT('',(0.187501241393,0.211308622365));
#2925 = CARTESIAN_POINT('',(0.1874925775,0.28174265596));
#2926 = CARTESIAN_POINT('',(0.187484675871,0.352181190366));
#2927 = CARTESIAN_POINT('',(0.187479007379,0.422615670841));
#2928 = ( GEOMETRIC_REPRESENTATION_CONTEXT(2) 
PARAMETRIC_REPRESENTATION_CONTEXT() REPRESENTATION_CONTEXT('2D SPACE',''
  ) );
#2929 = ORIENTED_EDGE('',*,*,#2930,.F.);
#2930 = EDGE_CURVE('',#2931,#2878,#2933,.T.);
#2931 = VERTEX_POINT('',#2932);
#2932 = CARTESIAN_POINT('',(9.875,1.952E-12,-14.84374267042));
#2933 = SURFACE_CURVE('',#2934,(#3014,#3131),.PCURVE_S1.);
#2934 = B_SPLINE_CURVE_WITH_KNOTS('',8,(#2935,#2936,#2937,#2938,#2939,
    #2940,#2941,#2942,#2943,#2944,#2945,#2946,#2947,#2948,#2949,#2950,
    #2951,#2952,#2953,#2954,#2955,#2956,#2957,#2958,#2959,#2960,#2961,
    #2962,#2963,#2964,#2965,#2966,#2967,#2968,#2969,#2970,#2971,#2972,
    #2973,#2974,#2975,#2976,#2977,#2978,#2979,#2980,#2981,#2982,#2983,
    #2984,#2985,#2986,#2987,#2988,#2989,#2990,#2991,#2992,#2993,#2994,
    #2995,#2996,#2997,#2998,#2999,#3000,#3001,#3002,#3003,#3004,#3005,
    #3006,#3007,#3008,#3009,#3010,#3011,#3012,#3013),.UNSPECIFIED.,.F.,
  .F.,(9,7,7,7,7,7,7,7,7,7,7,9),(0.,8.700750576251E-02,0.196895983588,
    0.266035604021,0.37050996253,0.490399030317,0.633632334617,
    0.735266090799,0.806113531738,0.90601421682,0.971996850586,1.),
  .UNSPECIFIED.);
#2935 = CARTESIAN_POINT('',(9.875,3.73745E-12,-14.84374267042));
#2936 = CARTESIAN_POINT('',(9.875,-0.674718741218,-14.8709297459));
#2937 = CARTESIAN_POINT('',(9.822313106271,-1.349539650682,
    -14.89812041463));
#2938 = CARTESIAN_POINT('',(9.716913032685,-2.019509399351,
    -14.92531195153));
#2939 = CARTESIAN_POINT('',(9.559359251568,-2.679825212173,
    -14.95250288736));
#2940 = CARTESIAN_POINT('',(9.350709000255,-3.325816940399,
    -14.97969348277));
#2941 = CARTESIAN_POINT('',(9.092486752901,-3.95294534737,
    -15.00688478822));
#2942 = CARTESIAN_POINT('',(8.786711157555,-4.556816607787,
    -15.03407628975));
#2943 = CARTESIAN_POINT('',(7.99301334728,-5.86118842738,-15.09559724467
    ));
#2944 = CARTESIAN_POINT('',(7.478083850191,-6.545755564757,
    -15.1299429327));
#2945 = CARTESIAN_POINT('',(6.896380927539,-7.178169913301,
    -15.16427950814));
#2946 = CARTESIAN_POINT('',(6.25420504256,-7.750955100757,
    -15.19860980649));
#2947 = CARTESIAN_POINT('',(5.558645919822,-8.257581225845,
    -15.23294138443));
#2948 = CARTESIAN_POINT('',(4.817584239166,-8.692498794263,
    -15.26728046556));
#2949 = CARTESIAN_POINT('',(4.039658800354,-9.051129685379,
    -15.30162812409));
#2950 = CARTESIAN_POINT('',(2.727932062297,-9.505865419882,
    -15.35756708266));
#2951 = CARTESIAN_POINT('',(2.210422692879,-9.650058602496,
    -15.37917212085));
#2952 = CARTESIAN_POINT('',(1.684304271426,-9.762017475201,
    -15.40077687473));
#2953 = CARTESIAN_POINT('',(1.151925697654,-9.841158690246,
    -15.42238099413));
#2954 = CARTESIAN_POINT('',(0.615661485904,-9.887104077995,
    -15.44398499401));
#2955 = CARTESIAN_POINT('',(7.790927707911E-02,-9.899673217734,
    -15.46558943236));
#2956 = CARTESIAN_POINT('',(-0.458910858442,-9.878891224354,
    -15.48719406948));
#2957 = CARTESIAN_POINT('',(-1.798423805384,-9.743596443841,
    -15.54144042202));
#2958 = CARTESIAN_POINT('',(-2.597109078065,-9.58657568904,
    -15.57409307383));
#2959 = CARTESIAN_POINT('',(-3.379756444612,-9.354745903875,
    -15.60673950184));
#2960 = CARTESIAN_POINT('',(-4.13821248978,-9.050130335415,
    -15.6393806615));
#2961 = CARTESIAN_POINT('',(-4.864756004636,-8.675723215948,
    -15.6720218094));
#2962 = CARTESIAN_POINT('',(-5.552071489758,-8.235405953033,
    -15.70466824953));
#2963 = CARTESIAN_POINT('',(-6.193295093888,-7.734021936773,
    -15.7373210677));
#2964 = CARTESIAN_POINT('',(-7.457915306596,-6.539073159843,
    -15.80742534943));
#2965 = CARTESIAN_POINT('',(-8.065328549285,-5.827496660292,
    -15.84490753797));
#2966 = CARTESIAN_POINT('',(-8.594582158711,-5.05188814785,
    -15.88238059947));
#2967 = CARTESIAN_POINT('',(-9.038055210092,-4.222428414096,
    -15.91984679463));
#2968 = CARTESIAN_POINT('',(-9.389654095556,-3.350046607553,
    -15.95731332264));
#2969 = CARTESIAN_POINT('',(-9.644906690441,-2.446429407877,
    -15.99478721933));
#2970 = CARTESIAN_POINT('',(-9.800894893317,-1.5239546711,
    -16.03227038142));
#2971 = CARTESIAN_POINT('',(-9.924032736407,0.512766683556,
    -16.11448687328));
#2972 = CARTESIAN_POINT('',(-9.848614536431,1.631305681064,
    -16.15928840648));
#2973 = CARTESIAN_POINT('',(-9.628797304876,2.736398944102,
    -16.20405852559));
#2974 = CARTESIAN_POINT('',(-9.26796316214,3.806544342222,
    -16.24880898635));
#2975 = CARTESIAN_POINT('',(-8.772454102464,4.821376291244,
    -16.29355952869));
#2976 = CARTESIAN_POINT('',(-8.152073036574,5.761951039818,
    -16.33832973568));
#2977 = CARTESIAN_POINT('',(-7.419527005973,6.610595253498,
    -16.38313098957));
#2978 = CARTESIAN_POINT('',(-6.005781516708,7.878285200547,
    -16.45964155871));
#2979 = CARTESIAN_POINT('',(-5.370838527545,8.351072911476,
    -16.49140752359));
#2980 = CARTESIAN_POINT('',(-4.693639667633,8.765104976353,
    -16.52317048233));
#2981 = CARTESIAN_POINT('',(-3.980590503206,9.116065291688,
    -16.55492894998));
#2982 = CARTESIAN_POINT('',(-3.238494173685,9.400503941524,
    -16.58668714867));
#2983 = CARTESIAN_POINT('',(-2.474505343587,9.615776047482,
    -16.61844942135));
#2984 = CARTESIAN_POINT('',(-1.696143761555,9.760117110683,
    -16.65021460076));
#2985 = CARTESIAN_POINT('',(-0.364311043528,9.883559282448,
    -16.70410680151));
#2986 = CARTESIAN_POINT('',(0.186006109024,9.899483323022,
    -16.72624437054));
#2987 = CARTESIAN_POINT('',(0.73695007822,9.880374886423,-16.74838097718
    ));
#2988 = CARTESIAN_POINT('',(1.28591617972,9.826234636066,-16.77051659674
    ));
#2989 = CARTESIAN_POINT('',(1.830327465054,9.737289386674,
    -16.79265224754));
#2990 = CARTESIAN_POINT('',(2.367635440196,9.613983076859,
    -16.81478897663));
#2991 = CARTESIAN_POINT('',(2.895323035393,9.456985307247,
    -16.83692682702));
#2992 = CARTESIAN_POINT('',(4.137929362064,8.999629239437,-16.8902787093
    ));
#2993 = CARTESIAN_POINT('',(4.841147518259,8.666787201316,
    -16.92150277101));
#2994 = CARTESIAN_POINT('',(5.513436746858,8.271252012306,-16.9527247405
    ));
#2995 = CARTESIAN_POINT('',(6.148319735971,7.81646248341,-16.9839437381)
  );
#2996 = CARTESIAN_POINT('',(6.739857089308,7.306566969403,
    -17.01516353908));
#2997 = CARTESIAN_POINT('',(7.28261821233,6.74636061358,-17.04638732704)
  );
#2998 = CARTESIAN_POINT('',(7.771735405042,6.141328421987,
    -17.07761289714));
#2999 = CARTESIAN_POINT('',(8.487910977299,5.07275118547,-17.12944553635
    ));
#3000 = CARTESIAN_POINT('',(8.747625090322,4.630817586679,
    -17.15006282974));
#3001 = CARTESIAN_POINT('',(8.980992634883,4.173760981041,
    -17.17067860132));
#3002 = CARTESIAN_POINT('',(9.186997112608,3.703421942773,
    -17.19129273567));
#3003 = CARTESIAN_POINT('',(9.364780725175,3.221706430227,
    -17.21190607759));
#3004 = CARTESIAN_POINT('',(9.513639483381,2.730582524996,
    -17.23251975114));
#3005 = CARTESIAN_POINT('',(9.633029092478,2.232081489892,
    -17.25313431033));
#3006 = CARTESIAN_POINT('',(9.760587866174,1.514498703087,-17.2824975148
    ));
#3007 = CARTESIAN_POINT('',(9.793220836009,1.299738675869,
    -17.29124646642));
#3008 = CARTESIAN_POINT('',(9.820452439541,1.084181203123,
    -17.29999562341));
#3009 = CARTESIAN_POINT('',(9.84226020687,0.867984894958,-17.30874500958
    ));
#3010 = CARTESIAN_POINT('',(9.85862728192,0.651308832618,-17.3174946253)
  );
#3011 = CARTESIAN_POINT('',(9.869542422439,0.43431256848,-17.32624444758
    ));
#3012 = CARTESIAN_POINT('',(9.875,0.217156126059,-17.33499443001));
#3013 = CARTESIAN_POINT('',(9.875,2.19558E-12,-17.34374450279));
#3014 = PCURVE('',#387,#3015);
#3015 = DEFINITIONAL_REPRESENTATION('',(#3016),#3130);
#3016 = B_SPLINE_CURVE_WITH_KNOTS('',3,(#3017,#3018,#3019,#3020,#3021,
    #3022,#3023,#3024,#3025,#3026,#3027,#3028,#3029,#3030,#3031,#3032,
    #3033,#3034,#3035,#3036,#3037,#3038,#3039,#3040,#3041,#3042,#3043,
    #3044,#3045,#3046,#3047,#3048,#3049,#3050,#3051,#3052,#3053,#3054,
    #3055,#3056,#3057,#3058,#3059,#3060,#3061,#3062,#3063,#3064,#3065,
    #3066,#3067,#3068,#3069,#3070,#3071,#3072,#3073,#3074,#3075,#3076,
    #3077,#3078,#3079,#3080,#3081,#3082,#3083,#3084,#3085,#3086,#3087,
    #3088,#3089,#3090,#3091,#3092,#3093,#3094,#3095,#3096,#3097,#3098,
    #3099,#3100,#3101,#3102,#3103,#3104,#3105,#3106,#3107,#3108,#3109,
    #3110,#3111,#3112,#3113,#3114,#3115,#3116,#3117,#3118,#3119,#3120,
    #3121,#3122,#3123,#3124,#3125,#3126,#3127,#3128,#3129),
  .UNSPECIFIED.,.F.,.F.,(4,1,1,1,1,1,1,1,1,1,1,1,1,1,1,1,1,1,1,1,1,1,1,1
    ,1,1,1,1,1,1,1,1,1,1,1,1,1,1,1,1,1,1,1,1,1,1,1,1,1,1,1,1,1,1,1,1,1,1
    ,1,1,1,1,1,1,1,1,1,1,1,1,1,1,1,1,1,1,1,1,1,1,1,1,1,1,1,1,1,1,1,1,1,1
    ,1,1,1,1,1,1,1,1,1,1,1,1,1,1,1,1,1,1,4),(0.,9.090909090909E-03,
    1.818181818182E-02,2.727272727273E-02,3.636363636364E-02,
    4.545454545455E-02,5.454545454545E-02,6.363636363636E-02,
    7.272727272727E-02,8.181818181818E-02,9.090909090909E-02,1.E-01,
    0.109090909091,0.118181818182,0.127272727273,0.136363636364,
    0.145454545455,0.154545454545,0.163636363636,0.172727272727,
    0.181818181818,0.190909090909,0.2,0.209090909091,0.218181818182,
    0.227272727273,0.236363636364,0.245454545455,0.254545454545,
    0.263636363636,0.272727272727,0.281818181818,0.290909090909,0.3,
    0.309090909091,0.318181818182,0.327272727273,0.336363636364,
    0.345454545455,0.354545454545,0.363636363636,0.372727272727,
    0.381818181818,0.390909090909,0.4,0.409090909091,0.418181818182,
    0.427272727273,0.436363636364,0.445454545455,0.454545454545,
    0.463636363636,0.472727272727,0.481818181818,0.490909090909,0.5,
    0.509090909091,0.518181818182,0.527272727273,0.536363636364,
    0.545454545455,0.554545454545,0.563636363636,0.572727272727,
    0.581818181818,0.590909090909,0.6,0.609090909091,0.618181818182,
    0.627272727273,0.636363636364,0.645454545455,0.654545454545,
    0.663636363636,0.672727272727,0.681818181818,0.690909090909,0.7,
    0.709090909091,0.718181818182,0.727272727273,0.736363636364,
    0.745454545455,0.754545454545,0.763636363636,0.772727272727,
    0.781818181818,0.790909090909,0.8,0.809090909091,0.818181818182,
    0.827272727273,0.836363636364,0.845454545455,0.854545454545,
    0.863636363636,0.872727272727,0.881818181818,0.890909090909,0.9,
    0.909090909091,0.918181818182,0.927272727273,0.936363636364,
    0.945454545455,0.954545454545,0.963636363636,0.972727272727,
    0.981818181818,0.990909090909,1.),.QUASI_UNIFORM_KNOTS.);
#3017 = CARTESIAN_POINT('',(6.28318530718,12.343742670429));
#3018 = CARTESIAN_POINT('',(6.302222772678,12.351317678538));
#3019 = CARTESIAN_POINT('',(6.340299102804,12.366468342328));
#3020 = CARTESIAN_POINT('',(6.397415708959,12.389195660709));
#3021 = CARTESIAN_POINT('',(6.454531655792,12.411923579936));
#3022 = CARTESIAN_POINT('',(6.511646566559,12.434651734589));
#3023 = CARTESIAN_POINT('',(6.56876082333,12.457379937866));
#3024 = CARTESIAN_POINT('',(6.625875260347,12.480108116191));
#3025 = CARTESIAN_POINT('',(6.682990653497,12.502836207664));
#3026 = CARTESIAN_POINT('',(6.74010687682,12.525563870168));
#3027 = CARTESIAN_POINT('',(6.797223547602,12.548290764451));
#3028 = CARTESIAN_POINT('',(6.854334778773,12.571014505075));
#3029 = CARTESIAN_POINT('',(6.911455774978,12.593741197689));
#3030 = CARTESIAN_POINT('',(6.968578949751,12.61646796288));
#3031 = CARTESIAN_POINT('',(7.025701460801,12.639193872455));
#3032 = CARTESIAN_POINT('',(7.082821986285,12.661918637881));
#3033 = CARTESIAN_POINT('',(7.139940728254,12.684642584196));
#3034 = CARTESIAN_POINT('',(7.197058670675,12.707366330009));
#3035 = CARTESIAN_POINT('',(7.254177119848,12.730090586524));
#3036 = CARTESIAN_POINT('',(7.311297164364,12.752815930895));
#3037 = CARTESIAN_POINT('',(7.36841928539,12.775542644523));
#3038 = CARTESIAN_POINT('',(7.425542376491,12.798270320461));
#3039 = CARTESIAN_POINT('',(7.482664717052,12.820998251684));
#3040 = CARTESIAN_POINT('',(7.539777248358,12.843722765172));
#3041 = CARTESIAN_POINT('',(7.59689074451,12.866448043116));
#3042 = CARTESIAN_POINT('',(7.654004426941,12.889173654131));
#3043 = CARTESIAN_POINT('',(7.71111747041,12.911899118685));
#3044 = CARTESIAN_POINT('',(7.76823028133,12.934624459408));
#3045 = CARTESIAN_POINT('',(7.825343355434,12.957349750857));
#3046 = CARTESIAN_POINT('',(7.882457137885,12.980075063831));
#3047 = CARTESIAN_POINT('',(7.939570398589,13.002799820411));
#3048 = CARTESIAN_POINT('',(7.996683421599,13.025524099942));
#3049 = CARTESIAN_POINT('',(8.053804390019,13.048251146169));
#3050 = CARTESIAN_POINT('',(8.110925425053,13.07097785161));
#3051 = CARTESIAN_POINT('',(8.168045344054,13.093703806344));
#3052 = CARTESIAN_POINT('',(8.225163460262,13.116428824175));
#3053 = CARTESIAN_POINT('',(8.282280449965,13.139153281571));
#3054 = CARTESIAN_POINT('',(8.339397429757,13.16187774285));
#3055 = CARTESIAN_POINT('',(8.396515504146,13.184602771615));
#3056 = CARTESIAN_POINT('',(8.453635415937,13.207328782998));
#3057 = CARTESIAN_POINT('',(8.510756316643,13.230055546516));
#3058 = CARTESIAN_POINT('',(8.567877762546,13.252782973799));
#3059 = CARTESIAN_POINT('',(8.624989312407,13.275506972421));
#3060 = CARTESIAN_POINT('',(8.682110761855,13.298235448744));
#3061 = CARTESIAN_POINT('',(8.739238184616,13.320966846659));
#3062 = CARTESIAN_POINT('',(8.796365606244,13.343698753349));
#3063 = CARTESIAN_POINT('',(8.853491030325,13.366430312343));
#3064 = CARTESIAN_POINT('',(8.910613866969,13.389161201475));
#3065 = CARTESIAN_POINT('',(8.967734825366,13.411891592942));
#3066 = CARTESIAN_POINT('',(9.024855243881,13.434621891853));
#3067 = CARTESIAN_POINT('',(9.081976652039,13.457352569998));
#3068 = CARTESIAN_POINT('',(9.139100207408,13.480083950944));
#3069 = CARTESIAN_POINT('',(9.196226461211,13.502816124698));
#3070 = CARTESIAN_POINT('',(9.253353821638,13.525548342237));
#3071 = CARTESIAN_POINT('',(9.310481599423,13.54828022971));
#3072 = CARTESIAN_POINT('',(9.367595510818,13.571006032095));
#3073 = CARTESIAN_POINT('',(9.424718402373,13.593734791563));
#3074 = CARTESIAN_POINT('',(9.481858705146,13.616469866289));
#3075 = CARTESIAN_POINT('',(9.539001755629,13.639205435984));
#3076 = CARTESIAN_POINT('',(9.59614394928,13.661940110651));
#3077 = CARTESIAN_POINT('',(9.65328237612,13.684672812508));
#3078 = CARTESIAN_POINT('',(9.710416627539,13.707403485995));
#3079 = CARTESIAN_POINT('',(9.76754751438,13.730132576833));
#3080 = CARTESIAN_POINT('',(9.824676728007,13.752860887927));
#3081 = CARTESIAN_POINT('',(9.881806321019,13.775589366617));
#3082 = CARTESIAN_POINT('',(9.938938263688,13.798318924013));
#3083 = CARTESIAN_POINT('',(9.996074004284,13.821050255561));
#3084 = CARTESIAN_POINT('',(10.053213910154,13.843783612079));
#3085 = CARTESIAN_POINT('',(10.110356995774,13.866518681753));
#3086 = CARTESIAN_POINT('',(10.167499254776,13.889253918428));
#3087 = CARTESIAN_POINT('',(10.224636699378,13.91198774092));
#3088 = CARTESIAN_POINT('',(10.28175009869,13.934712495701));
#3089 = CARTESIAN_POINT('',(10.338867512757,13.957439268024));
#3090 = CARTESIAN_POINT('',(10.395987898831,13.980167653375));
#3091 = CARTESIAN_POINT('',(10.453107323408,14.002895962166));
#3092 = CARTESIAN_POINT('',(10.510225195652,14.025623816996));
#3093 = CARTESIAN_POINT('',(10.567341746641,14.048351184193));
#3094 = CARTESIAN_POINT('',(10.624457976371,14.071078363252));
#3095 = CARTESIAN_POINT('',(10.681574981524,14.093805707636));
#3096 = CARTESIAN_POINT('',(10.738693582258,14.116533459447));
#3097 = CARTESIAN_POINT('',(10.795813438067,14.139261394493));
#3098 = CARTESIAN_POINT('',(10.852933746865,14.161989109113));
#3099 = CARTESIAN_POINT('',(10.910047742001,14.184713926798));
#3100 = CARTESIAN_POINT('',(10.967160433819,14.207437913327));
#3101 = CARTESIAN_POINT('',(11.024274512881,14.230162175029));
#3102 = CARTESIAN_POINT('',(11.081387727587,14.252885912289));
#3103 = CARTESIAN_POINT('',(11.138500578765,14.275609440054));
#3104 = CARTESIAN_POINT('',(11.195613580249,14.298333106173));
#3105 = CARTESIAN_POINT('',(11.252727026611,14.321057174705));
#3106 = CARTESIAN_POINT('',(11.309841339327,14.343781941526));
#3107 = CARTESIAN_POINT('',(11.366952538492,14.366505945773));
#3108 = CARTESIAN_POINT('',(11.424070410242,14.389233140125));
#3109 = CARTESIAN_POINT('',(11.48119008798,14.411961705541));
#3110 = CARTESIAN_POINT('',(11.538308958065,14.43469056429));
#3111 = CARTESIAN_POINT('',(11.59542627206,14.457419326399));
#3112 = CARTESIAN_POINT('',(11.652542412855,14.480148017591));
#3113 = CARTESIAN_POINT('',(11.709658370302,14.502876875214));
#3114 = CARTESIAN_POINT('',(11.766775198076,14.525606121596));
#3115 = CARTESIAN_POINT('',(11.823893598946,14.548335790627));
#3116 = CARTESIAN_POINT('',(11.88101305311,14.571065394911));
#3117 = CARTESIAN_POINT('',(11.938132456852,14.593794208297));
#3118 = CARTESIAN_POINT('',(11.995244771326,14.61651927722));
#3119 = CARTESIAN_POINT('',(12.052357935774,14.639243644902));
#3120 = CARTESIAN_POINT('',(12.10947117388,14.661966963993));
#3121 = CARTESIAN_POINT('',(12.166583866075,14.684689077514));
#3122 = CARTESIAN_POINT('',(12.223696439508,14.707410383064));
#3123 = CARTESIAN_POINT('',(12.280809333826,14.730131415542));
#3124 = CARTESIAN_POINT('',(12.337922827991,14.752852730601));
#3125 = CARTESIAN_POINT('',(12.395035413432,14.775574227347));
#3126 = CARTESIAN_POINT('',(12.452147021326,14.798296295874));
#3127 = CARTESIAN_POINT('',(12.509258850655,14.821019809418));
#3128 = CARTESIAN_POINT('',(12.547333353578,14.836169497852));
#3129 = CARTESIAN_POINT('',(12.566370614359,14.843744502799));
#3130 = ( GEOMETRIC_REPRESENTATION_CONTEXT(2) 
PARAMETRIC_REPRESENTATION_CONTEXT() REPRESENTATION_CONTEXT('2D SPACE',''
  ) );
#3131 = PCURVE('',#3132,#3157);
#3132 = B_SPLINE_SURFACE_WITH_KNOTS('',1,11,(
    (#3133,#3134,#3135,#3136,#3137,#3138,#3139,#3140,#3141,#3142,#3143
      ,#3144)
    ,(#3145,#3146,#3147,#3148,#3149,#3150,#3151,#3152,#3153,#3154,#3155
      ,#3156
    )),.UNSPECIFIED.,.F.,.F.,.F.,(2,2),(12,12),(0.,1.75),(0.,
    6.762279024438),.PIECEWISE_BEZIER_KNOTS.);
#3133 = CARTESIAN_POINT('',(10.037393546778,-7.594450846E-08,
    -14.93749811514));
#3134 = CARTESIAN_POINT('',(10.03737715313,-5.733345297563,
    -15.16477307835));
#3135 = CARTESIAN_POINT('',(6.435066140736,-11.46655102441,
    -15.39203552581));
#3136 = CARTESIAN_POINT('',(-0.772370128962,-14.68622073134,
    -15.61933810967));
#3137 = CARTESIAN_POINT('',(-9.587215807756,-12.86865276427,
    -15.84654996148));
#3138 = CARTESIAN_POINT('',(-16.15050096025,-5.30702468238,
    -16.07391449092));
#3139 = CARTESIAN_POINT('',(-16.14967606238,5.306974094875,
    -16.30108221194));
#3140 = CARTESIAN_POINT('',(-9.587823576288,12.868754224605,
    -16.52844673727));
#3141 = CARTESIAN_POINT('',(-0.772044072328,14.686150482605,
    -16.75565859385));
#3142 = CARTESIAN_POINT('',(6.434943972399,11.466571485659,
    -16.98296117503));
#3143 = CARTESIAN_POINT('',(10.037406483698,5.733345164662,
    -17.2102236232));
#3144 = CARTESIAN_POINT('',(10.037390100887,-5.695751337E-08,
    -17.43749858637));
#3145 = CARTESIAN_POINT('',(8.521838933936,6.3285036977E-07,
    -14.06251570646));
#3146 = CARTESIAN_POINT('',(8.521834992495,-4.86765863394,
    -14.28976980251));
#3147 = CARTESIAN_POINT('',(5.463397526568,-9.735198979233,
    -14.51712818526));
#3148 = CARTESIAN_POINT('',(-0.655654700512,-12.46882661293,
    -14.74415213835));
#3149 = CARTESIAN_POINT('',(-8.139815882367,-10.92533656717,
    -14.97193210155));
#3150 = CARTESIAN_POINT('',(-13.71167918374,-4.506170811143,
    -15.1984398874));
#3151 = CARTESIAN_POINT('',(-13.71146269918,4.50615565981,
    -15.42658759925));
#3152 = CARTESIAN_POINT('',(-8.139977293669,10.925362177234,
    -15.65309538407));
#3153 = CARTESIAN_POINT('',(-0.655570563747,12.46880803768,
    -15.88087534847));
#3154 = CARTESIAN_POINT('',(5.463364070401,9.735205096456,
    -16.10789930088));
#3155 = CARTESIAN_POINT('',(8.52184205884,4.867659741428,-16.33525768381
    ));
#3156 = CARTESIAN_POINT('',(8.521838027081,4.7463783336E-07,
    -16.56251177985));
#3157 = DEFINITIONAL_REPRESENTATION('',(#3158),#3238);
#3158 = B_SPLINE_CURVE_WITH_KNOTS('',8,(#3159,#3160,#3161,#3162,#3163,
    #3164,#3165,#3166,#3167,#3168,#3169,#3170,#3171,#3172,#3173,#3174,
    #3175,#3176,#3177,#3178,#3179,#3180,#3181,#3182,#3183,#3184,#3185,
    #3186,#3187,#3188,#3189,#3190,#3191,#3192,#3193,#3194,#3195,#3196,
    #3197,#3198,#3199,#3200,#3201,#3202,#3203,#3204,#3205,#3206,#3207,
    #3208,#3209,#3210,#3211,#3212,#3213,#3214,#3215,#3216,#3217,#3218,
    #3219,#3220,#3221,#3222,#3223,#3224,#3225,#3226,#3227,#3228,#3229,
    #3230,#3231,#3232,#3233,#3234,#3235,#3236,#3237),.UNSPECIFIED.,.F.,
  .F.,(9,7,7,7,7,7,7,7,7,7,7,9),(0.,8.700750576251E-02,0.196895983588,
    0.266035604021,0.37050996253,0.490399030317,0.633632334617,
    0.735266090799,0.806113531738,0.90601421682,0.971996850586,1.),
  .UNSPECIFIED.);
#3159 = CARTESIAN_POINT('',(0.18751465929,0.));
#3160 = CARTESIAN_POINT('',(0.187512579248,7.353582297503E-02));
#3161 = CARTESIAN_POINT('',(0.187511549422,0.147082785749));
#3162 = CARTESIAN_POINT('',(0.187505068736,0.220624724903));
#3163 = CARTESIAN_POINT('',(0.187495053988,0.294160258634));
#3164 = CARTESIAN_POINT('',(0.187485502899,0.367695498651));
#3165 = CARTESIAN_POINT('',(0.187478941856,0.441236703114));
#3166 = CARTESIAN_POINT('',(0.187475658372,0.514782870602));
#3167 = CARTESIAN_POINT('',(0.187475793858,0.681191799068));
#3168 = CARTESIAN_POINT('',(0.187481097153,0.774101021705));
#3169 = CARTESIAN_POINT('',(0.187491184209,0.86699206526));
#3170 = CARTESIAN_POINT('',(0.187502940981,0.959868388059));
#3171 = CARTESIAN_POINT('',(0.187512406292,1.052745073001));
#3172 = CARTESIAN_POINT('',(0.187518208997,1.145637099967));
#3173 = CARTESIAN_POINT('',(0.18752051723,1.238547602014));
#3174 = CARTESIAN_POINT('',(0.187520309919,1.389857260116));
#3175 = CARTESIAN_POINT('',(0.187519266253,1.448295567255));
#3176 = CARTESIAN_POINT('',(0.187517512665,1.506732145253));
#3177 = CARTESIAN_POINT('',(0.187515448501,1.565166586992));
#3178 = CARTESIAN_POINT('',(0.187513494403,1.623600854307));
#3179 = CARTESIAN_POINT('',(0.187512001268,1.68203693107));
#3180 = CARTESIAN_POINT('',(0.187511192537,1.740474471078));
#3181 = CARTESIAN_POINT('',(0.187511060197,1.887205880889));
#3182 = CARTESIAN_POINT('',(0.187512708758,1.975530647411));
#3183 = CARTESIAN_POINT('',(0.187516349948,2.063841274023));
#3184 = CARTESIAN_POINT('',(0.18752150855,2.152139702416));
#3185 = CARTESIAN_POINT('',(0.187526908521,2.240438425414));
#3186 = CARTESIAN_POINT('',(0.187531113751,2.328749847626));
#3187 = CARTESIAN_POINT('',(0.187533218573,2.41707568122));
#3188 = CARTESIAN_POINT('',(0.187532611424,2.606700745628));
#3189 = CARTESIAN_POINT('',(0.187529142888,2.708082061614));
#3190 = CARTESIAN_POINT('',(0.187522097174,2.809433851863));
#3191 = CARTESIAN_POINT('',(0.1875121215,2.910763106698));
#3192 = CARTESIAN_POINT('',(0.187501291583,3.012092106564));
#3193 = CARTESIAN_POINT('',(0.187492120211,3.113443281115));
#3194 = CARTESIAN_POINT('',(0.187486189336,3.214823900327));
#3195 = CARTESIAN_POINT('',(0.187481332093,3.437205674595));
#3196 = CARTESIAN_POINT('',(0.18748399167,3.558393458778));
#3197 = CARTESIAN_POINT('',(0.187492774582,3.679504552003));
#3198 = CARTESIAN_POINT('',(0.187506291855,3.800568874073));
#3199 = CARTESIAN_POINT('',(0.187520020835,3.921633703093));
#3200 = CARTESIAN_POINT('',(0.187529487757,4.042745959141));
#3201 = CARTESIAN_POINT('',(0.18753357757,4.163934922124));
#3202 = CARTESIAN_POINT('',(0.187533040158,4.370888522047));
#3203 = CARTESIAN_POINT('',(0.187530615355,4.456809369852));
#3204 = CARTESIAN_POINT('',(0.187526269903,4.542719488786));
#3205 = CARTESIAN_POINT('',(0.187521012427,4.628616226255));
#3206 = CARTESIAN_POINT('',(0.187516094958,4.714512696044));
#3207 = CARTESIAN_POINT('',(0.187512588862,4.800422094427));
#3208 = CARTESIAN_POINT('',(0.187511020793,4.886341976268));
#3209 = CARTESIAN_POINT('',(0.187511102078,5.032115725681));
#3210 = CARTESIAN_POINT('',(0.187511926859,5.091997008618));
#3211 = CARTESIAN_POINT('',(0.187513463177,5.151876650682));
#3212 = CARTESIAN_POINT('',(0.187515461765,5.21175424799));
#3213 = CARTESIAN_POINT('',(0.187517534341,5.271632029843));
#3214 = CARTESIAN_POINT('',(0.187519221417,5.331512207003));
#3215 = CARTESIAN_POINT('',(0.187520097496,5.391394320391));
#3216 = CARTESIAN_POINT('',(0.187519654505,5.535705847054));
#3217 = CARTESIAN_POINT('',(0.187517281789,5.620160965157));
#3218 = CARTESIAN_POINT('',(0.187512097258,5.704606621175));
#3219 = CARTESIAN_POINT('',(0.18750393088,5.789040205764));
#3220 = CARTESIAN_POINT('',(0.187493955188,5.873473516458));
#3221 = CARTESIAN_POINT('',(0.187484581633,5.957918425905));
#3222 = CARTESIAN_POINT('',(0.187478438961,6.042372525454));
#3223 = CARTESIAN_POINT('',(0.18747510916,6.182570729688));
#3224 = CARTESIAN_POINT('',(0.187475602365,6.238339352987));
#3225 = CARTESIAN_POINT('',(0.187478152795,6.294106642171));
#3226 = CARTESIAN_POINT('',(0.187482820602,6.349872366407));
#3227 = CARTESIAN_POINT('',(0.187489122518,6.405638157196));
#3228 = CARTESIAN_POINT('',(0.187496001805,6.46140562586));
#3229 = CARTESIAN_POINT('',(0.187502132155,6.517174477197));
#3230 = CARTESIAN_POINT('',(0.18750843286,6.59660787113));
#3231 = CARTESIAN_POINT('',(0.187510022268,6.620275161499));
#3232 = CARTESIAN_POINT('',(0.187511219822,6.643942477443));
#3233 = CARTESIAN_POINT('',(0.187511968749,6.667609806532));
#3234 = CARTESIAN_POINT('',(0.187512259472,6.69127713687));
#3235 = CARTESIAN_POINT('',(0.187512129602,6.714944457095));
#3236 = CARTESIAN_POINT('',(0.187511663942,6.738611756382));
#3237 = CARTESIAN_POINT('',(0.187510994485,6.762279024438));
#3238 = ( GEOMETRIC_REPRESENTATION_CONTEXT(2) 
PARAMETRIC_REPRESENTATION_CONTEXT() REPRESENTATION_CONTEXT('2D SPACE',''
  ) );
#3239 = ORIENTED_EDGE('',*,*,#3240,.F.);
#3240 = EDGE_CURVE('',#3241,#2931,#3243,.T.);
#3241 = VERTEX_POINT('',#3242);
#3242 = CARTESIAN_POINT('',(9.875,2.862E-12,-12.34374083807));
#3243 = SURFACE_CURVE('',#3244,(#3324,#3441),.PCURVE_S1.);
#3244 = B_SPLINE_CURVE_WITH_KNOTS('',8,(#3245,#3246,#3247,#3248,#3249,
    #3250,#3251,#3252,#3253,#3254,#3255,#3256,#3257,#3258,#3259,#3260,
    #3261,#3262,#3263,#3264,#3265,#3266,#3267,#3268,#3269,#3270,#3271,
    #3272,#3273,#3274,#3275,#3276,#3277,#3278,#3279,#3280,#3281,#3282,
    #3283,#3284,#3285,#3286,#3287,#3288,#3289,#3290,#3291,#3292,#3293,
    #3294,#3295,#3296,#3297,#3298,#3299,#3300,#3301,#3302,#3303,#3304,
    #3305,#3306,#3307,#3308,#3309,#3310,#3311,#3312,#3313,#3314,#3315,
    #3316,#3317,#3318,#3319,#3320,#3321,#3322,#3323),.UNSPECIFIED.,.F.,
  .F.,(9,7,7,7,7,7,7,7,7,7,7,9),(0.,8.700751857422E-02,0.196896012105,
    0.266035642062,0.370510006682,0.49039908742,0.633632351292,
    0.735266023768,0.806124228515,0.906030104216,0.973661886594,1.),
  .UNSPECIFIED.);
#3245 = CARTESIAN_POINT('',(9.875,5.79981E-12,-12.34374083807));
#3246 = CARTESIAN_POINT('',(9.875,-0.674718741215,-12.37092791353));
#3247 = CARTESIAN_POINT('',(9.822313106271,-1.349539650681,
    -12.39811858226));
#3248 = CARTESIAN_POINT('',(9.716913032685,-2.019509399349,
    -12.42531011914));
#3249 = CARTESIAN_POINT('',(9.559359251568,-2.679825212173,
    -12.45250105494));
#3250 = CARTESIAN_POINT('',(9.350709000254,-3.325816940401,
    -12.47969165032));
#3251 = CARTESIAN_POINT('',(9.0924867529,-3.952945347374,-12.50688295575
    ));
#3252 = CARTESIAN_POINT('',(8.786711157553,-4.55681660779,
    -12.53407445726));
#3253 = CARTESIAN_POINT('',(7.993013349198,-5.861188424226,
    -12.59559541204));
#3254 = CARTESIAN_POINT('',(7.47808385462,-6.545755558859,
    -12.62994109994));
#3255 = CARTESIAN_POINT('',(6.896380935161,-7.178169905035,
    -12.66427767525));
#3256 = CARTESIAN_POINT('',(6.25420505358,-7.750955090901,
    -12.69860797351));
#3257 = CARTESIAN_POINT('',(5.558645934967,-8.257581214832,
    -12.73293955132));
#3258 = CARTESIAN_POINT('',(4.817584258368,-8.692498782987,
    -12.76727863232));
#3259 = CARTESIAN_POINT('',(4.039658823936,-9.051129674509,
    -12.80162629071));
#3260 = CARTESIAN_POINT('',(2.727932095508,-9.505865410064,
    -12.85756524893));
#3261 = CARTESIAN_POINT('',(2.210422731531,-9.650058593156,
    -12.87917028691));
#3262 = CARTESIAN_POINT('',(1.684304315562,-9.762017466983,
    -12.90077504058));
#3263 = CARTESIAN_POINT('',(1.151925747248,-9.841158683803,
    -12.92237915977));
#3264 = CARTESIAN_POINT('',(0.615661540865,-9.887104073978,
    -12.94398315944));
#3265 = CARTESIAN_POINT('',(7.790933724471E-02,-9.899673216786,
    -12.96558759758));
#3266 = CARTESIAN_POINT('',(-0.458910793306,-9.878891227104,
    -12.98719223449));
#3267 = CARTESIAN_POINT('',(-1.798423664635,-9.743596463842,
    -13.04143858393));
#3268 = CARTESIAN_POINT('',(-2.597108868159,-9.586575735363,
    -13.07409123284));
#3269 = CARTESIAN_POINT('',(-3.379756169694,-9.354745989631,
    -13.10673765796));
#3270 = CARTESIAN_POINT('',(-4.138212156146,-9.050130472993,
    -13.13937881475));
#3271 = CARTESIAN_POINT('',(-4.864755620532,-8.675723416697,
    -13.17201995977));
#3272 = CARTESIAN_POINT('',(-5.552071065216,-8.235406226974,
    -13.20466639701));
#3273 = CARTESIAN_POINT('',(-6.19329464054,-7.734022292279,
    -13.23731921229));
#3274 = CARTESIAN_POINT('',(-7.457914852616,-6.53907367243,
    -13.30742348965));
#3275 = CARTESIAN_POINT('',(-8.065328120638,-5.827497243404,
    -13.3449056767));
#3276 = CARTESIAN_POINT('',(-8.59458176613,-5.05188880103,
    -13.38237873671));
#3277 = CARTESIAN_POINT('',(-9.038054864428,-4.222429135195,
    -13.41984493036));
#3278 = CARTESIAN_POINT('',(-9.38965380757,-3.35004739256,
    -13.45731145687));
#3279 = CARTESIAN_POINT('',(-9.644906470419,-2.44643025114,
    -13.49478535206));
#3280 = CARTESIAN_POINT('',(-9.800894750837,-1.523955565183,
    -13.53226851266));
#3281 = CARTESIAN_POINT('',(-9.924032756299,0.512765265225,
    -13.61448498382));
#3282 = CARTESIAN_POINT('',(-9.848614755985,1.631303783615,
    -13.6592864977));
#3283 = CARTESIAN_POINT('',(-9.628797848433,2.736396602994,
    -13.70405659757));
#3284 = CARTESIAN_POINT('',(-9.26796414485,3.806541620005,
    -13.74880703916));
#3285 = CARTESIAN_POINT('',(-8.772455626363,4.821373275385,
    -13.79355756231));
#3286 = CARTESIAN_POINT('',(-8.152075184705,5.761947838737,
    -13.83832775007));
#3287 = CARTESIAN_POINT('',(-7.419529838536,6.610591994139,
    -13.88312898464));
#3288 = CARTESIAN_POINT('',(-6.005785885604,7.878281793489,
    -13.9596395037));
#3289 = CARTESIAN_POINT('',(-5.370843788171,8.351069402957,
    -13.99140543769));
#3290 = CARTESIAN_POINT('',(-4.693645868071,8.765101506234,
    -14.02316836555));
#3291 = CARTESIAN_POINT('',(-3.980597670044,9.116062008398,
    -14.05492680235));
#3292 = CARTESIAN_POINT('',(-3.238502311141,9.400500998442,
    -14.08668497019));
#3293 = CARTESIAN_POINT('',(-2.474514432847,9.615773599695,
    -14.11844721201));
#3294 = CARTESIAN_POINT('',(-1.696153760107,9.760115311303,
    -14.15021236054));
#3295 = CARTESIAN_POINT('',(-0.364238906847,9.883566576902,
    -14.20410789039));
#3296 = CARTESIAN_POINT('',(0.186162268069,9.899488362933,
    -14.22624882035));
#3297 = CARTESIAN_POINT('',(0.737190088787,9.880366995275,
    -14.24838878733));
#3298 = CARTESIAN_POINT('',(1.286238681019,9.82620317421,-14.27052776661
    ));
#3299 = CARTESIAN_POINT('',(1.830729929933,9.737223887037,
    -14.29266677722));
#3300 = CARTESIAN_POINT('',(2.368114199121,9.613873372459,
    -14.31480686695));
#3301 = CARTESIAN_POINT('',(2.895873303503,9.45682166621,-14.33694807877
    ));
#3302 = CARTESIAN_POINT('',(4.138565152811,8.999340338073,-14.3903049398
    ));
#3303 = CARTESIAN_POINT('',(4.841796414439,8.666430924388,
    -14.42153062197));
#3304 = CARTESIAN_POINT('',(5.514091002272,8.270824044569,
    -14.45275421118));
#3305 = CARTESIAN_POINT('',(6.148970848718,7.815959528891,
    -14.48397482724));
#3306 = CARTESIAN_POINT('',(6.740495968942,7.305986853406,
    -14.51519624604));
#3307 = CARTESIAN_POINT('',(7.283235333252,6.745702367922,
    -14.54642165184));
#3308 = CARTESIAN_POINT('',(7.772320980312,6.140592378777,
    -14.57764883945));
#3309 = CARTESIAN_POINT('',(8.495531958129,5.061286879023,
    -14.62999838907));
#3310 = CARTESIAN_POINT('',(8.761048986572,4.607847195742,
    -14.65113105728));
#3311 = CARTESIAN_POINT('',(8.998852797265,4.138568103902,
    -14.67226208749));
#3312 = CARTESIAN_POINT('',(9.207853303271,3.655434639505,
    -14.69339135235));
#3313 = CARTESIAN_POINT('',(9.387135816293,3.160503131322,
    -14.71451980771));
#3314 = CARTESIAN_POINT('',(9.535955378669,2.655897458625,
    -14.73564871959));
#3315 = CARTESIAN_POINT('',(9.65374360104,2.143810242567,-14.7567786911)
  );
#3316 = CARTESIAN_POINT('',(9.77376902717,1.425054284155,-14.78613715078
    ));
#3317 = CARTESIAN_POINT('',(9.802648169221,1.222804040491,
    -14.79436596441));
#3318 = CARTESIAN_POINT('',(9.826743444508,1.019890052034,
    -14.80259496457));
#3319 = CARTESIAN_POINT('',(9.846037261954,0.816444454169,
    -14.81082416699));
#3320 = CARTESIAN_POINT('',(9.860516426719,0.612599705816,
    -14.81905356903));
#3321 = CARTESIAN_POINT('',(9.870172140192,0.408488589426,
    -14.82728314965));
#3322 = CARTESIAN_POINT('',(9.875,0.204244210983,-14.83551286939));
#3323 = CARTESIAN_POINT('',(9.875,4.27391E-12,-14.84374267042));
#3324 = PCURVE('',#387,#3325);
#3325 = DEFINITIONAL_REPRESENTATION('',(#3326),#3440);
#3326 = B_SPLINE_CURVE_WITH_KNOTS('',3,(#3327,#3328,#3329,#3330,#3331,
    #3332,#3333,#3334,#3335,#3336,#3337,#3338,#3339,#3340,#3341,#3342,
    #3343,#3344,#3345,#3346,#3347,#3348,#3349,#3350,#3351,#3352,#3353,
    #3354,#3355,#3356,#3357,#3358,#3359,#3360,#3361,#3362,#3363,#3364,
    #3365,#3366,#3367,#3368,#3369,#3370,#3371,#3372,#3373,#3374,#3375,
    #3376,#3377,#3378,#3379,#3380,#3381,#3382,#3383,#3384,#3385,#3386,
    #3387,#3388,#3389,#3390,#3391,#3392,#3393,#3394,#3395,#3396,#3397,
    #3398,#3399,#3400,#3401,#3402,#3403,#3404,#3405,#3406,#3407,#3408,
    #3409,#3410,#3411,#3412,#3413,#3414,#3415,#3416,#3417,#3418,#3419,
    #3420,#3421,#3422,#3423,#3424,#3425,#3426,#3427,#3428,#3429,#3430,
    #3431,#3432,#3433,#3434,#3435,#3436,#3437,#3438,#3439),
  .UNSPECIFIED.,.F.,.F.,(4,1,1,1,1,1,1,1,1,1,1,1,1,1,1,1,1,1,1,1,1,1,1,1
    ,1,1,1,1,1,1,1,1,1,1,1,1,1,1,1,1,1,1,1,1,1,1,1,1,1,1,1,1,1,1,1,1,1,1
    ,1,1,1,1,1,1,1,1,1,1,1,1,1,1,1,1,1,1,1,1,1,1,1,1,1,1,1,1,1,1,1,1,1,1
    ,1,1,1,1,1,1,1,1,1,1,1,1,1,1,1,1,1,1,4),(0.,9.090909090909E-03,
    1.818181818182E-02,2.727272727273E-02,3.636363636364E-02,
    4.545454545455E-02,5.454545454545E-02,6.363636363636E-02,
    7.272727272727E-02,8.181818181818E-02,9.090909090909E-02,1.E-01,
    0.109090909091,0.118181818182,0.127272727273,0.136363636364,
    0.145454545455,0.154545454545,0.163636363636,0.172727272727,
    0.181818181818,0.190909090909,0.2,0.209090909091,0.218181818182,
    0.227272727273,0.236363636364,0.245454545455,0.254545454545,
    0.263636363636,0.272727272727,0.281818181818,0.290909090909,0.3,
    0.309090909091,0.318181818182,0.327272727273,0.336363636364,
    0.345454545455,0.354545454545,0.363636363636,0.372727272727,
    0.381818181818,0.390909090909,0.4,0.409090909091,0.418181818182,
    0.427272727273,0.436363636364,0.445454545455,0.454545454545,
    0.463636363636,0.472727272727,0.481818181818,0.490909090909,0.5,
    0.509090909091,0.518181818182,0.527272727273,0.536363636364,
    0.545454545455,0.554545454545,0.563636363636,0.572727272727,
    0.581818181818,0.590909090909,0.6,0.609090909091,0.618181818182,
    0.627272727273,0.636363636364,0.645454545455,0.654545454545,
    0.663636363636,0.672727272727,0.681818181818,0.690909090909,0.7,
    0.709090909091,0.718181818182,0.727272727273,0.736363636364,
    0.745454545455,0.754545454545,0.763636363636,0.772727272727,
    0.781818181818,0.790909090909,0.8,0.809090909091,0.818181818182,
    0.827272727273,0.836363636364,0.845454545455,0.854545454545,
    0.863636363636,0.872727272727,0.881818181818,0.890909090909,0.9,
    0.909090909091,0.918181818182,0.927272727273,0.936363636364,
    0.945454545455,0.954545454545,0.963636363636,0.972727272727,
    0.981818181818,0.990909090909,1.),.QUASI_UNIFORM_KNOTS.);
#3327 = CARTESIAN_POINT('',(0.,9.843740838074));
#3328 = CARTESIAN_POINT('',(1.903746269534E-02,9.851315845066));
#3329 = CARTESIAN_POINT('',(5.71137872141E-02,9.866466506619));
#3330 = CARTESIAN_POINT('',(0.114230384958,9.889193821645));
#3331 = CARTESIAN_POINT('',(0.171346323382,9.91192173751));
#3332 = CARTESIAN_POINT('',(0.228461225739,9.934649888796));
#3333 = CARTESIAN_POINT('',(0.2855754741,9.957378088704));
#3334 = CARTESIAN_POINT('',(0.342689902707,9.980106263661));
#3335 = CARTESIAN_POINT('',(0.399805287446,10.00283435177));
#3336 = CARTESIAN_POINT('',(0.456921502357,10.025562010913));
#3337 = CARTESIAN_POINT('',(0.514038164734,10.048288901846));
#3338 = CARTESIAN_POINT('',(0.571149387493,10.071012639124));
#3339 = CARTESIAN_POINT('',(0.628270375276,10.093739328395));
#3340 = CARTESIAN_POINT('',(0.685393541638,10.116466090253));
#3341 = CARTESIAN_POINT('',(0.742516044279,10.1391919965));
#3342 = CARTESIAN_POINT('',(0.799636561357,10.161916758601));
#3343 = CARTESIAN_POINT('',(0.856755294918,10.184640701592));
#3344 = CARTESIAN_POINT('',(0.913873228929,10.207364444079));
#3345 = CARTESIAN_POINT('',(0.970991669689,10.230088697264));
#3346 = CARTESIAN_POINT('',(1.028111705789,10.2528140383));
#3347 = CARTESIAN_POINT('',(1.0852338184,10.275540748591));
#3348 = CARTESIAN_POINT('',(1.142356901089,10.298268421188));
#3349 = CARTESIAN_POINT('',(1.199479233251,10.32099634907));
#3350 = CARTESIAN_POINT('',(1.256591756174,10.343720859222));
#3351 = CARTESIAN_POINT('',(1.313705243905,10.366446133812));
#3352 = CARTESIAN_POINT('',(1.370818917932,10.389171741477));
#3353 = CARTESIAN_POINT('',(1.427931952994,10.411897202679));
#3354 = CARTESIAN_POINT('',(1.485044755504,10.434622540051));
#3355 = CARTESIAN_POINT('',(1.542157821199,10.457347828148));
#3356 = CARTESIAN_POINT('',(1.599271595236,10.480073137772));
#3357 = CARTESIAN_POINT('',(1.656384847548,10.502797891012));
#3358 = CARTESIAN_POINT('',(1.713497862115,10.525522167186));
#3359 = CARTESIAN_POINT('',(1.770618822111,10.548249210066));
#3360 = CARTESIAN_POINT('',(1.827739848734,10.570975912168));
#3361 = CARTESIAN_POINT('',(1.88485975933,10.593701863566));
#3362 = CARTESIAN_POINT('',(1.941977867133,10.616426878064));
#3363 = CARTESIAN_POINT('',(1.999094848428,10.639151332125));
#3364 = CARTESIAN_POINT('',(2.056211819806,10.661875790066));
#3365 = CARTESIAN_POINT('',(2.113329885777,10.68460081549));
#3366 = CARTESIAN_POINT('',(2.170449789147,10.707326823529));
#3367 = CARTESIAN_POINT('',(2.227570681437,10.730053583703));
#3368 = CARTESIAN_POINT('',(2.28469211894,10.752781007644));
#3369 = CARTESIAN_POINT('',(2.341803660425,10.775505002931));
#3370 = CARTESIAN_POINT('',(2.398925101386,10.79823347587));
#3371 = CARTESIAN_POINT('',(2.456052515732,10.820964870426));
#3372 = CARTESIAN_POINT('',(2.513179928951,10.843696773757));
#3373 = CARTESIAN_POINT('',(2.570305344633,10.866428329394));
#3374 = CARTESIAN_POINT('',(2.627428172878,10.889159215166));
#3375 = CARTESIAN_POINT('',(2.684549122871,10.91188960327));
#3376 = CARTESIAN_POINT('',(2.741669532974,10.934619898815));
#3377 = CARTESIAN_POINT('',(2.798790932711,10.957350573591));
#3378 = CARTESIAN_POINT('',(2.855914479653,10.980081951168));
#3379 = CARTESIAN_POINT('',(2.913040725028,11.002814121555));
#3380 = CARTESIAN_POINT('',(2.970168077044,11.025546335737));
#3381 = CARTESIAN_POINT('',(3.027295846418,11.048278219858));
#3382 = CARTESIAN_POINT('',(3.084409749549,11.071004018952));
#3383 = CARTESIAN_POINT('',(3.141532632461,11.093732774984));
#3384 = CARTESIAN_POINT('',(3.198672926753,11.116467846342));
#3385 = CARTESIAN_POINT('',(3.255815968754,11.139203412673));
#3386 = CARTESIAN_POINT('',(3.312958153953,11.161938083992));
#3387 = CARTESIAN_POINT('',(3.370096572351,11.184670782507));
#3388 = CARTESIAN_POINT('',(3.427230815335,11.207401452656));
#3389 = CARTESIAN_POINT('',(3.484361693737,11.230130540156));
#3390 = CARTESIAN_POINT('',(3.541490898922,11.25285884791));
#3391 = CARTESIAN_POINT('',(3.598620483482,11.275587323255));
#3392 = CARTESIAN_POINT('',(3.655752417689,11.2983168773));
#3393 = CARTESIAN_POINT('',(3.712888149815,11.321048205492));
#3394 = CARTESIAN_POINT('',(3.770028047211,11.343781558648));
#3395 = CARTESIAN_POINT('',(3.827171124358,11.366516624956));
#3396 = CARTESIAN_POINT('',(3.8843133749,11.389251858268));
#3397 = CARTESIAN_POINT('',(3.941450811069,11.411985677403));
#3398 = CARTESIAN_POINT('',(3.998564202,11.434710428845));
#3399 = CARTESIAN_POINT('',(4.055681607608,11.457437197795));
#3400 = CARTESIAN_POINT('',(4.112801985238,11.480165579776));
#3401 = CARTESIAN_POINT('',(4.169921401368,11.502893885195));
#3402 = CARTESIAN_POINT('',(4.227039265171,11.525621736655));
#3403 = CARTESIAN_POINT('',(4.284155807723,11.548349100485));
#3404 = CARTESIAN_POINT('',(4.341272029022,11.571076276179));
#3405 = CARTESIAN_POINT('',(4.398389025742,11.593803617201));
#3406 = CARTESIAN_POINT('',(4.455507618046,11.616531365653));
#3407 = CARTESIAN_POINT('',(4.512627465398,11.639259297332));
#3408 = CARTESIAN_POINT('',(4.569747765796,11.661987008609));
#3409 = CARTESIAN_POINT('',(4.626861752244,11.684711822843));
#3410 = CARTESIAN_POINT('',(4.683974436473,11.707435806354));
#3411 = CARTESIAN_POINT('',(4.74108850843,11.730160065238));
#3412 = CARTESIAN_POINT('',(4.798201715866,11.752883799616));
#3413 = CARTESIAN_POINT('',(4.855314559359,11.775607324328));
#3414 = CARTESIAN_POINT('',(4.912427552932,11.798330987298));
#3415 = CARTESIAN_POINT('',(4.969540991127,11.821055052585));
#3416 = CARTESIAN_POINT('',(5.0266552978,11.843779816998));
#3417 = CARTESIAN_POINT('',(5.083766488178,11.866503817775));
#3418 = CARTESIAN_POINT('',(5.140884344837,11.88923100608));
#3419 = CARTESIAN_POINT('',(5.198004016422,11.911959568991));
#3420 = CARTESIAN_POINT('',(5.255122881142,11.934688425604));
#3421 = CARTESIAN_POINT('',(5.312240189967,11.957417185672));
#3422 = CARTESIAN_POINT('',(5.369356324252,11.98014587427));
#3423 = CARTESIAN_POINT('',(5.426472273614,12.002874728634));
#3424 = CARTESIAN_POINT('',(5.483589091866,12.025603971168));
#3425 = CARTESIAN_POINT('',(5.540707483562,12.048333636516));
#3426 = CARTESIAN_POINT('',(5.597826928327,12.071063237088));
#3427 = CARTESIAN_POINT('',(5.654946334763,12.093792051622));
#3428 = CARTESIAN_POINT('',(5.712058633021,12.116517114022));
#3429 = CARTESIAN_POINT('',(5.769171914015,12.139241527637));
#3430 = CARTESIAN_POINT('',(5.826285298424,12.161964905575));
#3431 = CARTESIAN_POINT('',(5.883398098916,12.184687062482));
#3432 = CARTESIAN_POINT('',(5.940510721543,12.207408387096));
#3433 = CARTESIAN_POINT('',(5.997623663709,12.230129437968));
#3434 = CARTESIAN_POINT('',(6.054737195032,12.252850769322));
#3435 = CARTESIAN_POINT('',(6.111850296929,12.275572470559));
#3436 = CARTESIAN_POINT('',(6.168961744412,12.298294478353));
#3437 = CARTESIAN_POINT('',(6.226073586501,12.321017989374));
#3438 = CARTESIAN_POINT('',(6.264148058706,12.33616766665));
#3439 = CARTESIAN_POINT('',(6.28318530718,12.343742670429));
#3440 = ( GEOMETRIC_REPRESENTATION_CONTEXT(2) 
PARAMETRIC_REPRESENTATION_CONTEXT() REPRESENTATION_CONTEXT('2D SPACE',''
  ) );
#3441 = PCURVE('',#3442,#3467);
#3442 = B_SPLINE_SURFACE_WITH_KNOTS('',1,11,(
    (#3443,#3444,#3445,#3446,#3447,#3448,#3449,#3450,#3451,#3452,#3453
      ,#3454)
    ,(#3455,#3456,#3457,#3458,#3459,#3460,#3461,#3462,#3463,#3464,#3465
      ,#3466
    )),.UNSPECIFIED.,.F.,.F.,.F.,(2,2),(12,12),(0.,1.75),(0.,
    6.762279024438),.PIECEWISE_BEZIER_KNOTS.);
#3443 = CARTESIAN_POINT('',(10.037396992668,-9.49314575E-08,
    -12.4374976439));
#3444 = CARTESIAN_POINT('',(10.03738058819,-5.733347284848,
    -12.66477260716));
#3445 = CARTESIAN_POINT('',(6.435068328177,-11.46655497316,
    -12.89203505439));
#3446 = CARTESIAN_POINT('',(-0.77237042176,-14.68622577144,
    -13.1193376389));
#3447 = CARTESIAN_POINT('',(-9.587219123677,-12.86865716479,
    -13.3465494894));
#3448 = CARTESIAN_POINT('',(-16.15050651454,-5.3070264726,
    -13.57391402079));
#3449 = CARTESIAN_POINT('',(-16.14968159693,5.306975946217,
    -13.8010817396));
#3450 = CARTESIAN_POINT('',(-9.587826843272,12.868758661347,
    -14.02844626686));
#3451 = CARTESIAN_POINT('',(-0.7720443097,14.686155525655,
    -14.25565812217));
#3452 = CARTESIAN_POINT('',(6.434946203272,11.466575410057,
    -14.48296070396));
#3453 = CARTESIAN_POINT('',(10.037409940436,5.733347113973,
    -14.71022315192));
#3454 = CARTESIAN_POINT('',(10.037393546778,-7.594434162E-08,
    -14.93749811514));
#3455 = CARTESIAN_POINT('',(8.521839840802,7.9106314505E-07,
    -11.56251963307));
#3456 = CARTESIAN_POINT('',(8.521835989681,-4.867658993728,
    -11.78977372914));
#3457 = CARTESIAN_POINT('',(5.463398288901,-9.735199913763,
    -12.01713211181));
#3458 = CARTESIAN_POINT('',(-0.65565453934,-12.46882795202,
    -12.24415606511));
#3459 = CARTESIAN_POINT('',(-8.1398165447,-10.92533788098,
    -12.47193602792));
#3460 = CARTESIAN_POINT('',(-13.71168056064,-4.506171544972,
    -12.69844381432));
#3461 = CARTESIAN_POINT('',(-13.71146424055,4.506155884344,
    -12.92659152559));
#3462 = CARTESIAN_POINT('',(-8.139978363765,10.925363189135,
    -13.15309931087));
#3463 = CARTESIAN_POINT('',(-0.655570864448,12.468809352192,
    -13.38087927499));
#3464 = CARTESIAN_POINT('',(5.463364470845,9.735206233915,
    -13.60790322752));
#3465 = CARTESIAN_POINT('',(8.521842875379,4.867660417641,
    -13.83526161043));
#3466 = CARTESIAN_POINT('',(8.521838933936,6.3285052693E-07,
    -14.06251570646));
#3467 = DEFINITIONAL_REPRESENTATION('',(#3468),#3548);
#3468 = B_SPLINE_CURVE_WITH_KNOTS('',8,(#3469,#3470,#3471,#3472,#3473,
    #3474,#3475,#3476,#3477,#3478,#3479,#3480,#3481,#3482,#3483,#3484,
    #3485,#3486,#3487,#3488,#3489,#3490,#3491,#3492,#3493,#3494,#3495,
    #3496,#3497,#3498,#3499,#3500,#3501,#3502,#3503,#3504,#3505,#3506,
    #3507,#3508,#3509,#3510,#3511,#3512,#3513,#3514,#3515,#3516,#3517,
    #3518,#3519,#3520,#3521,#3522,#3523,#3524,#3525,#3526,#3527,#3528,
    #3529,#3530,#3531,#3532,#3533,#3534,#3535,#3536,#3537,#3538,#3539,
    #3540,#3541,#3542,#3543,#3544,#3545,#3546,#3547),.UNSPECIFIED.,.F.,
  .F.,(9,7,7,7,7,7,7,7,7,7,7,9),(0.,8.700751857422E-02,0.196896012105,
    0.266035642062,0.370510006682,0.49039908742,0.633632351292,
    0.735266023768,0.806124228515,0.906030104216,0.973661886594,1.),
  .UNSPECIFIED.);
#3469 = CARTESIAN_POINT('',(0.187518324082,0.));
#3470 = CARTESIAN_POINT('',(0.187516244049,7.353582297493E-02));
#3471 = CARTESIAN_POINT('',(0.187515214226,0.147082785749));
#3472 = CARTESIAN_POINT('',(0.187508733551,0.220624724903));
#3473 = CARTESIAN_POINT('',(0.187498718821,0.294160258634));
#3474 = CARTESIAN_POINT('',(0.187489167747,0.367695498651));
#3475 = CARTESIAN_POINT('',(0.187482606715,0.441236703114));
#3476 = CARTESIAN_POINT('',(0.187479323236,0.514782870602));
#3477 = CARTESIAN_POINT('',(0.187479458722,0.681191798665));
#3478 = CARTESIAN_POINT('',(0.187484762007,0.774101020904));
#3479 = CARTESIAN_POINT('',(0.187494849046,0.866992064044));
#3480 = CARTESIAN_POINT('',(0.187506605798,0.959868386462));
#3481 = CARTESIAN_POINT('',(0.187516071094,1.05274507098));
#3482 = CARTESIAN_POINT('',(0.187521873789,1.14563709756));
#3483 = CARTESIAN_POINT('',(0.187524182018,1.238547599198));
#3484 = CARTESIAN_POINT('',(0.187523974708,1.389857256346));
#3485 = CARTESIAN_POINT('',(0.187522931044,1.448295562931));
#3486 = CARTESIAN_POINT('',(0.187521177458,1.506732140375));
#3487 = CARTESIAN_POINT('',(0.187519113297,1.56516658156));
#3488 = CARTESIAN_POINT('',(0.187517159203,1.623600848322));
#3489 = CARTESIAN_POINT('',(0.18751566607,1.682036924531));
#3490 = CARTESIAN_POINT('',(0.187514857341,1.740474463985));
#3491 = CARTESIAN_POINT('',(0.187514725001,1.887205865408));
#3492 = CARTESIAN_POINT('',(0.18751637356,1.975530624084));
#3493 = CARTESIAN_POINT('',(0.187520014743,2.063841242856));
#3494 = CARTESIAN_POINT('',(0.187525173335,2.152139663415));
#3495 = CARTESIAN_POINT('',(0.187530573296,2.240438378578));
#3496 = CARTESIAN_POINT('',(0.187534778519,2.328749792949));
#3497 = CARTESIAN_POINT('',(0.187536883339,2.417075618697));
#3498 = CARTESIAN_POINT('',(0.187536276194,2.606700671297));
#3499 = CARTESIAN_POINT('',(0.187532807667,2.708081983297));
#3500 = CARTESIAN_POINT('',(0.187525761967,2.809433769572));
#3501 = CARTESIAN_POINT('',(0.187515786311,2.910763020426));
#3502 = CARTESIAN_POINT('',(0.187504956412,3.012092016325));
#3503 = CARTESIAN_POINT('',(0.187495785054,3.113443186895));
#3504 = CARTESIAN_POINT('',(0.187489854187,3.214823802124));
#3505 = CARTESIAN_POINT('',(0.187484996947,3.437205520428));
#3506 = CARTESIAN_POINT('',(0.187487656511,3.558393252324));
#3507 = CARTESIAN_POINT('',(0.187496439396,3.679504293446));
#3508 = CARTESIAN_POINT('',(0.187509956633,3.800568563472));
#3509 = CARTESIAN_POINT('',(0.187523685585,3.921633340479));
#3510 = CARTESIAN_POINT('',(0.187533152499,4.042745544415));
#3511 = CARTESIAN_POINT('',(0.187537242321,4.163934455127));
#3512 = CARTESIAN_POINT('',(0.187536704938,4.370887919643));
#3513 = CARTESIAN_POINT('',(0.187534280154,4.456808683935));
#3514 = CARTESIAN_POINT('',(0.187529934724,4.542718719407));
#3515 = CARTESIAN_POINT('',(0.187524677265,4.628615373477));
#3516 = CARTESIAN_POINT('',(0.187519759804,4.714511759867));
#3517 = CARTESIAN_POINT('',(0.187516253702,4.800421074789));
#3518 = CARTESIAN_POINT('',(0.187514685617,4.886340873116));
#3519 = CARTESIAN_POINT('',(0.187514766873,5.032123627412));
#3520 = CARTESIAN_POINT('',(0.187515591884,5.092014001652));
#3521 = CARTESIAN_POINT('',(0.187517128642,5.15190273373));
#3522 = CARTESIAN_POINT('',(0.187519127737,5.211789419445));
#3523 = CARTESIAN_POINT('',(0.18752120067,5.271676289763));
#3524 = CARTESIAN_POINT('',(0.187522887713,5.331565557101));
#3525 = CARTESIAN_POINT('',(0.187523763203,5.391456762044));
#3526 = CARTESIAN_POINT('',(0.187523317497,5.535781752136));
#3527 = CARTESIAN_POINT('',(0.187520942546,5.620241250399));
#3528 = CARTESIAN_POINT('',(0.187515755277,5.704691283991));
#3529 = CARTESIAN_POINT('',(0.18750758631,5.789129242922));
#3530 = CARTESIAN_POINT('',(0.187497609183,5.873566927787));
#3531 = CARTESIAN_POINT('',(0.187488236324,5.958016214349));
#3532 = CARTESIAN_POINT('',(0.187482096817,6.042474693453));
#3533 = CARTESIAN_POINT('',(0.187478741494,6.184071060156));
#3534 = CARTESIAN_POINT('',(0.187479298327,6.241233812847));
#3535 = CARTESIAN_POINT('',(0.187482019474,6.298395061939));
#3536 = CARTESIAN_POINT('',(0.18748696926,6.35555454998));
#3537 = CARTESIAN_POINT('',(0.187493598782,6.412714120127));
#3538 = CARTESIAN_POINT('',(0.187500718484,6.46987558802));
#3539 = CARTESIAN_POINT('',(0.187506867861,6.52703860985));
#3540 = CARTESIAN_POINT('',(0.187512723524,6.606458567603));
#3541 = CARTESIAN_POINT('',(0.187514086927,6.628718625026));
#3542 = CARTESIAN_POINT('',(0.187515092393,6.650978702892));
#3543 = CARTESIAN_POINT('',(0.187515698564,6.673238787864));
#3544 = CARTESIAN_POINT('',(0.187515902831,6.695498869244));
#3545 = CARTESIAN_POINT('',(0.187515741329,6.717758938973));
#3546 = CARTESIAN_POINT('',(0.18751528894,6.740018991631));
#3547 = CARTESIAN_POINT('',(0.18751465929,6.762279024438));
#3548 = ( GEOMETRIC_REPRESENTATION_CONTEXT(2) 
PARAMETRIC_REPRESENTATION_CONTEXT() REPRESENTATION_CONTEXT('2D SPACE',''
  ) );
#3549 = ORIENTED_EDGE('',*,*,#3550,.F.);
#3550 = EDGE_CURVE('',#3551,#3241,#3553,.T.);
#3551 = VERTEX_POINT('',#3552);
#3552 = CARTESIAN_POINT('',(9.875,3.801E-12,-9.843739005734));
#3553 = SURFACE_CURVE('',#3554,(#3634,#3751),.PCURVE_S1.);
#3554 = B_SPLINE_CURVE_WITH_KNOTS('',8,(#3555,#3556,#3557,#3558,#3559,
    #3560,#3561,#3562,#3563,#3564,#3565,#3566,#3567,#3568,#3569,#3570,
    #3571,#3572,#3573,#3574,#3575,#3576,#3577,#3578,#3579,#3580,#3581,
    #3582,#3583,#3584,#3585,#3586,#3587,#3588,#3589,#3590,#3591,#3592,
    #3593,#3594,#3595,#3596,#3597,#3598,#3599,#3600,#3601,#3602,#3603,
    #3604,#3605,#3606,#3607,#3608,#3609,#3610,#3611,#3612,#3613,#3614,
    #3615,#3616,#3617,#3618,#3619,#3620,#3621,#3622,#3623,#3624,#3625,
    #3626,#3627,#3628,#3629,#3630,#3631,#3632,#3633),.UNSPECIFIED.,.F.,
  .F.,(9,7,7,7,7,7,7,7,7,7,7,9),(0.,8.700749346894E-02,0.196895955074,
    0.266035565231,0.370509864873,0.490398894143,0.633631895566,
    0.735265185426,0.806161413472,0.906085357026,0.971157349829,1.),
  .UNSPECIFIED.);
#3555 = CARTESIAN_POINT('',(9.875,7.55485E-12,-9.843739005734));
#3556 = CARTESIAN_POINT('',(9.875,-0.674718741213,-9.870926081191));
#3557 = CARTESIAN_POINT('',(9.822313106271,-1.349539650679,
    -9.898116749918));
#3558 = CARTESIAN_POINT('',(9.716913032686,-2.019509399348,
    -9.925308286776));
#3559 = CARTESIAN_POINT('',(9.559359251568,-2.679825212173,
    -9.952499222537));
#3560 = CARTESIAN_POINT('',(9.350709000253,-3.325816940404,
    -9.979689817884));
#3561 = CARTESIAN_POINT('',(9.092486752898,-3.952945347377,
    -10.00688112329));
#3562 = CARTESIAN_POINT('',(8.786711157552,-4.556816607792,
    -10.03407262479));
#3563 = CARTESIAN_POINT('',(7.993013350077,-5.861188422782,
    -10.0955935795));
#3564 = CARTESIAN_POINT('',(7.478083856706,-6.545755556097,
    -10.12993926735));
#3565 = CARTESIAN_POINT('',(6.896380938571,-7.178169901291,
    -10.16427584263));
#3566 = CARTESIAN_POINT('',(6.254205058833,-7.75095508626,
    -10.19860614085));
#3567 = CARTESIAN_POINT('',(5.558645941821,-8.25758120981,
    -10.23293771864));
#3568 = CARTESIAN_POINT('',(4.817584267311,-8.692498777749,
    -10.26727679958));
#3569 = CARTESIAN_POINT('',(4.039658834812,-9.051129669493,
    -10.30162445791));
#3570 = CARTESIAN_POINT('',(2.727932107544,-9.505865406675,
    -10.3575634161));
#3571 = CARTESIAN_POINT('',(2.210422742627,-9.650058590725,
    -10.37916845413));
#3572 = CARTESIAN_POINT('',(1.684304325643,-9.762017465381,
    -10.40077320784));
#3573 = CARTESIAN_POINT('',(1.151925756254,-9.841158682894,
    -10.42237732707));
#3574 = CARTESIAN_POINT('',(0.615661548745,-9.887104073622,
    -10.44398132678));
#3575 = CARTESIAN_POINT('',(7.79093439681E-02,-9.899673216841,
    -10.46558576496));
#3576 = CARTESIAN_POINT('',(-0.458910787752,-9.878891227424,
    -10.48719040191));
#3577 = CARTESIAN_POINT('',(-1.79842339151,-9.743596491792,
    -10.54143674052));
#3578 = CARTESIAN_POINT('',(-2.597108330994,-9.586575841264,
    -10.57408937853));
#3579 = CARTESIAN_POINT('',(-3.379755382127,-9.354746223175,
    -10.60673579278));
#3580 = CARTESIAN_POINT('',(-4.138211139907,-9.050130881385,
    -10.63937693869));
#3581 = CARTESIAN_POINT('',(-4.864754404783,-8.675724043421,
    -10.67201807285));
#3582 = CARTESIAN_POINT('',(-5.552069685941,-8.23540711072,
    -10.70466449921));
#3583 = CARTESIAN_POINT('',(-6.19329313983,-7.734023465725,
    -10.73731730359));
#3584 = CARTESIAN_POINT('',(-7.457913322623,-6.539075398802,
    -10.80742156478));
#3585 = CARTESIAN_POINT('',(-8.065326670753,-5.827499213651,
    -10.84490374654));
#3586 = CARTESIAN_POINT('',(-8.594580433845,-5.051891014825,
    -10.88237680123));
#3587 = CARTESIAN_POINT('',(-9.038053687969,-4.222431585909,
    -10.91984298958));
#3588 = CARTESIAN_POINT('',(-9.389652824825,-3.350050067462,
    -10.95730951078));
#3589 = CARTESIAN_POINT('',(-9.644905717891,-2.446433131203,
    -10.99478340065));
#3590 = CARTESIAN_POINT('',(-9.800894262596,-1.523958625321,
    -11.03226655595));
#3591 = CARTESIAN_POINT('',(-9.92403281975,0.512760322728,
    -11.11448295274));
#3592 = CARTESIAN_POINT('',(-9.848615519576,1.631297117714,
    -11.15928439716));
#3593 = CARTESIAN_POINT('',(-9.628799759337,2.736388338758,
    -11.20405442784));
#3594 = CARTESIAN_POINT('',(-9.267967617503,3.806531980375,
    -11.24880480035));
#3595 = CARTESIAN_POINT('',(-8.772461028488,4.821362572217,
    -11.29355525441));
#3596 = CARTESIAN_POINT('',(-8.152082815864,5.761936460176,
    -11.33832537295));
#3597 = CARTESIAN_POINT('',(-7.419539916665,6.610580394528,
    -11.38312653804));
#3598 = CARTESIAN_POINT('',(-6.005801458322,7.878269647931,
    -11.45963687754));
#3599 = CARTESIAN_POINT('',(-5.37086254955,8.35105688844,-11.49140270094
    ));
#3600 = CARTESIAN_POINT('',(-4.693667990799,8.765089123155,
    -11.52316551828));
#3601 = CARTESIAN_POINT('',(-3.980623249887,9.116050287896,
    -11.55492384465));
#3602 = CARTESIAN_POINT('',(-3.238531363793,9.400490489434,
    -11.58668190208));
#3603 = CARTESIAN_POINT('',(-2.474546891563,9.615764857284,
    -11.61844403343));
#3604 = CARTESIAN_POINT('',(-1.696189473303,9.760108883589,
    -11.65020907144));
#3605 = CARTESIAN_POINT('',(-0.363984075927,9.883592371014,
    -11.70411637781));
#3606 = CARTESIAN_POINT('',(0.186714357671,9.899506190478,
    -11.72626919817));
#3607 = CARTESIAN_POINT('',(0.738038832435,9.880339071258,
    -11.74842105351));
#3608 = CARTESIAN_POINT('',(1.287379261313,9.826091844246,
    -11.77057191892));
#3609 = CARTESIAN_POINT('',(1.832153400264,9.736992107958,
    -11.79272281601));
#3610 = CARTESIAN_POINT('',(2.369807568636,9.613485163878,
    -11.81487479513));
#3611 = CARTESIAN_POINT('',(2.897819632988,9.456242588653,
    -11.83702789915));
#3612 = CARTESIAN_POINT('',(4.140812412364,8.998318625082,
    -11.89040230711));
#3613 = CARTESIAN_POINT('',(4.844088541436,8.665171702656,
    -11.92163365496));
#3614 = CARTESIAN_POINT('',(5.516400735285,8.269312314335,
    -11.95286290739));
#3615 = CARTESIAN_POINT('',(6.151268293614,7.814183873209,
    -11.98408918221));
#3616 = CARTESIAN_POINT('',(6.742749185515,7.303939793314,-12.0153162575
    ));
#3617 = CARTESIAN_POINT('',(7.285410873544,6.743380659043,
    -12.04654731983));
#3618 = CARTESIAN_POINT('',(7.774384498472,6.137997337666,-12.0777801628
    ));
#3619 = CARTESIAN_POINT('',(8.486252979513,5.074817336119,
    -12.12933551568));
#3620 = CARTESIAN_POINT('',(8.742529202824,4.639099230864,
    -12.14966820002));
#3621 = CARTESIAN_POINT('',(8.973190630277,4.18866067673,-12.1699994173)
  );
#3622 = CARTESIAN_POINT('',(9.177261062633,3.725265883085,
    -12.19032907039));
#3623 = CARTESIAN_POINT('',(9.353914202316,3.2507413509,-12.21065795361)
  );
#3624 = CARTESIAN_POINT('',(9.502469214059,2.766972900073,
    -12.23098711759));
#3625 = CARTESIAN_POINT('',(9.622396209635,2.275906684282,
    -12.25131708175));
#3626 = CARTESIAN_POINT('',(9.753638079999,1.559549846803,-12.2806579248
    ));
#3627 = CARTESIAN_POINT('',(9.78824965821,1.338501722411,-12.28966911428
    ));
#3628 = CARTESIAN_POINT('',(9.81713479381,1.116582440651,-12.29868051834
    ));
#3629 = CARTESIAN_POINT('',(9.840268204721,0.89396518787,-12.30769216573
    ));
#3630 = CARTESIAN_POINT('',(9.857630924294,0.670823716319,
    -12.31670405875));
#3631 = CARTESIAN_POINT('',(9.869210301314,0.447332344143,
    -12.32571617327));
#3632 = CARTESIAN_POINT('',(9.875,0.22366595539,-12.33472845871));
#3633 = CARTESIAN_POINT('',(9.875,5.51026E-12,-12.34374083807));
#3634 = PCURVE('',#387,#3635);
#3635 = DEFINITIONAL_REPRESENTATION('',(#3636),#3750);
#3636 = B_SPLINE_CURVE_WITH_KNOTS('',3,(#3637,#3638,#3639,#3640,#3641,
    #3642,#3643,#3644,#3645,#3646,#3647,#3648,#3649,#3650,#3651,#3652,
    #3653,#3654,#3655,#3656,#3657,#3658,#3659,#3660,#3661,#3662,#3663,
    #3664,#3665,#3666,#3667,#3668,#3669,#3670,#3671,#3672,#3673,#3674,
    #3675,#3676,#3677,#3678,#3679,#3680,#3681,#3682,#3683,#3684,#3685,
    #3686,#3687,#3688,#3689,#3690,#3691,#3692,#3693,#3694,#3695,#3696,
    #3697,#3698,#3699,#3700,#3701,#3702,#3703,#3704,#3705,#3706,#3707,
    #3708,#3709,#3710,#3711,#3712,#3713,#3714,#3715,#3716,#3717,#3718,
    #3719,#3720,#3721,#3722,#3723,#3724,#3725,#3726,#3727,#3728,#3729,
    #3730,#3731,#3732,#3733,#3734,#3735,#3736,#3737,#3738,#3739,#3740,
    #3741,#3742,#3743,#3744,#3745,#3746,#3747,#3748,#3749),
  .UNSPECIFIED.,.F.,.F.,(4,1,1,1,1,1,1,1,1,1,1,1,1,1,1,1,1,1,1,1,1,1,1,1
    ,1,1,1,1,1,1,1,1,1,1,1,1,1,1,1,1,1,1,1,1,1,1,1,1,1,1,1,1,1,1,1,1,1,1
    ,1,1,1,1,1,1,1,1,1,1,1,1,1,1,1,1,1,1,1,1,1,1,1,1,1,1,1,1,1,1,1,1,1,1
    ,1,1,1,1,1,1,1,1,1,1,1,1,1,1,1,1,1,1,4),(0.,9.090909090909E-03,
    1.818181818182E-02,2.727272727273E-02,3.636363636364E-02,
    4.545454545455E-02,5.454545454545E-02,6.363636363636E-02,
    7.272727272727E-02,8.181818181818E-02,9.090909090909E-02,1.E-01,
    0.109090909091,0.118181818182,0.127272727273,0.136363636364,
    0.145454545455,0.154545454545,0.163636363636,0.172727272727,
    0.181818181818,0.190909090909,0.2,0.209090909091,0.218181818182,
    0.227272727273,0.236363636364,0.245454545455,0.254545454545,
    0.263636363636,0.272727272727,0.281818181818,0.290909090909,0.3,
    0.309090909091,0.318181818182,0.327272727273,0.336363636364,
    0.345454545455,0.354545454545,0.363636363636,0.372727272727,
    0.381818181818,0.390909090909,0.4,0.409090909091,0.418181818182,
    0.427272727273,0.436363636364,0.445454545455,0.454545454545,
    0.463636363636,0.472727272727,0.481818181818,0.490909090909,0.5,
    0.509090909091,0.518181818182,0.527272727273,0.536363636364,
    0.545454545455,0.554545454545,0.563636363636,0.572727272727,
    0.581818181818,0.590909090909,0.6,0.609090909091,0.618181818182,
    0.627272727273,0.636363636364,0.645454545455,0.654545454545,
    0.663636363636,0.672727272727,0.681818181818,0.690909090909,0.7,
    0.709090909091,0.718181818182,0.727272727273,0.736363636364,
    0.745454545455,0.754545454545,0.763636363636,0.772727272727,
    0.781818181818,0.790909090909,0.8,0.809090909091,0.818181818182,
    0.827272727273,0.836363636364,0.845454545455,0.854545454545,
    0.863636363636,0.872727272727,0.881818181818,0.890909090909,0.9,
    0.909090909091,0.918181818182,0.927272727273,0.936363636364,
    0.945454545455,0.954545454545,0.963636363636,0.972727272727,
    0.981818181818,0.990909090909,1.),.QUASI_UNIFORM_KNOTS.);
#3637 = CARTESIAN_POINT('',(-6.28318530718,7.343739005734));
#3638 = CARTESIAN_POINT('',(-6.264147838991,7.35131401491));
#3639 = CARTESIAN_POINT('',(-6.226071503486,7.366464680831));
#3640 = CARTESIAN_POINT('',(-6.16895488926,7.389192002406));
#3641 = CARTESIAN_POINT('',(-6.111838934357,7.411919924815));
#3642 = CARTESIAN_POINT('',(-6.054724015521,7.43464808264));
#3643 = CARTESIAN_POINT('',(-5.99760975068,7.457376289085));
#3644 = CARTESIAN_POINT('',(-5.940495305592,7.480104470578));
#3645 = CARTESIAN_POINT('',(-5.883379904371,7.502832565227));
#3646 = CARTESIAN_POINT('',(-5.826263672977,7.525560230914));
#3647 = CARTESIAN_POINT('',(-5.769146994128,7.548287128392));
#3648 = CARTESIAN_POINT('',(-5.712035754885,7.571010872226));
#3649 = CARTESIAN_POINT('',(-5.654914750598,7.593737568066));
#3650 = CARTESIAN_POINT('',(-5.597791567755,7.616464336492));
#3651 = CARTESIAN_POINT('',(-5.540669048637,7.639190249308));
#3652 = CARTESIAN_POINT('',(-5.483548515087,7.661915017981));
#3653 = CARTESIAN_POINT('',(-5.426429765051,7.684638967547));
#3654 = CARTESIAN_POINT('',(-5.36931181456,7.70736271661));
#3655 = CARTESIAN_POINT('',(-5.312193357315,7.730086976374));
#3656 = CARTESIAN_POINT('',(-5.255073304724,7.752812323989));
#3657 = CARTESIAN_POINT('',(-5.197951175622,7.775539040855));
#3658 = CARTESIAN_POINT('',(-5.14082807645,7.798266720021));
#3659 = CARTESIAN_POINT('',(-5.083705727831,7.820994654459));
#3660 = CARTESIAN_POINT('',(-5.02659318848,7.84371917115));
#3661 = CARTESIAN_POINT('',(-4.969479684247,7.866444452305));
#3662 = CARTESIAN_POINT('',(-4.912365993751,7.88917006652));
#3663 = CARTESIAN_POINT('',(-4.855252942213,7.911895534272));
#3664 = CARTESIAN_POINT('',(-4.798140123224,7.934620878193));
#3665 = CARTESIAN_POINT('',(-4.741027041049,7.957346172841));
#3666 = CARTESIAN_POINT('',(-4.683913250523,7.98007148902));
#3667 = CARTESIAN_POINT('',(-4.626799981766,8.002796248798));
#3668 = CARTESIAN_POINT('',(-4.569686950653,8.025520531552));
#3669 = CARTESIAN_POINT('',(-4.512565974163,8.048247580994));
#3670 = CARTESIAN_POINT('',(-4.455444931077,8.070974289648));
#3671 = CARTESIAN_POINT('',(-4.39832500403,8.093700247597));
#3672 = CARTESIAN_POINT('',(-4.341206879773,8.116425268648));
#3673 = CARTESIAN_POINT('',(-4.284089882014,8.139149729269));
#3674 = CARTESIAN_POINT('',(-4.226972894156,8.161874193778));
#3675 = CARTESIAN_POINT('',(-4.169854811694,8.184599225775));
#3676 = CARTESIAN_POINT('',(-4.11273489183,8.207325240388));
#3677 = CARTESIAN_POINT('',(-4.055613983061,8.230052007129));
#3678 = CARTESIAN_POINT('',(-3.998492529132,8.252779437615));
#3679 = CARTESIAN_POINT('',(-3.941380971274,8.275503439423));
#3680 = CARTESIAN_POINT('',(-3.884259513595,8.298231919018));
#3681 = CARTESIAN_POINT('',(-3.827132082768,8.320963320131));
#3682 = CARTESIAN_POINT('',(-3.770004653088,8.343695230008));
#3683 = CARTESIAN_POINT('',(-3.712879220978,8.366426792174));
#3684 = CARTESIAN_POINT('',(-3.6557563763,8.389157684474));
#3685 = CARTESIAN_POINT('',(-3.598635409855,8.41188807911));
#3686 = CARTESIAN_POINT('',(-3.541514983272,8.434618381196));
#3687 = CARTESIAN_POINT('',(-3.484393567028,8.45734906252));
#3688 = CARTESIAN_POINT('',(-3.427270003562,8.480080446652));
#3689 = CARTESIAN_POINT('',(-3.370143741662,8.502812623594));
#3690 = CARTESIAN_POINT('',(-3.313016373179,8.52554484431));
#3691 = CARTESIAN_POINT('',(-3.255888587347,8.548276734961));
#3692 = CARTESIAN_POINT('',(-3.198774668199,8.571002540413));
#3693 = CARTESIAN_POINT('',(-3.141651768142,8.593731303254));
#3694 = CARTESIAN_POINT('',(-3.084511457442,8.616466381133));
#3695 = CARTESIAN_POINT('',(-3.027368399109,8.639201953959));
#3696 = CARTESIAN_POINT('',(-2.970226197706,8.661936631725));
#3697 = CARTESIAN_POINT('',(-2.913087763125,8.684669336685));
#3698 = CARTESIAN_POINT('',(-2.855953503938,8.70740001329));
#3699 = CARTESIAN_POINT('',(-2.798822609276,8.730129107274));
#3700 = CARTESIAN_POINT('',(-2.741693387757,8.752857421543));
#3701 = CARTESIAN_POINT('',(-2.684563786788,8.775585903437));
#3702 = CARTESIAN_POINT('',(-2.62743183611,8.798315464056));
#3703 = CARTESIAN_POINT('',(-2.570296087486,8.821046798833));
#3704 = CARTESIAN_POINT('',(-2.513156173615,8.843780158565));
#3705 = CARTESIAN_POINT('',(-2.456013080102,8.866515231405));
#3706 = CARTESIAN_POINT('',(-2.398870813386,8.889250471168));
#3707 = CARTESIAN_POINT('',(-2.341733361486,8.911984296576));
#3708 = CARTESIAN_POINT('',(-2.284619955083,8.934709054183));
#3709 = CARTESIAN_POINT('',(-2.22750253246,8.957435829909));
#3710 = CARTESIAN_POINT('',(-2.170382138582,8.980164218359));
#3711 = CARTESIAN_POINT('',(-2.113262706155,9.002892530258));
#3712 = CARTESIAN_POINT('',(-2.056144826091,9.02562038818));
#3713 = CARTESIAN_POINT('',(-1.999028267207,9.048347758497));
#3714 = CARTESIAN_POINT('',(-1.941912029496,9.07107494071));
#3715 = CARTESIAN_POINT('',(-1.884795016301,9.093802288276));
#3716 = CARTESIAN_POINT('',(-1.827676407481,9.116530043286));
#3717 = CARTESIAN_POINT('',(-1.770556543772,9.139257981458));
#3718 = CARTESIAN_POINT('',(-1.713436226918,9.161985699266));
#3719 = CARTESIAN_POINT('',(-1.656322225605,9.184710519413));
#3720 = CARTESIAN_POINT('',(-1.599209521661,9.207434510749));
#3721 = CARTESIAN_POINT('',(-1.542095428695,9.230158777997));
#3722 = CARTESIAN_POINT('',(-1.484982200774,9.252882520539));
#3723 = CARTESIAN_POINT('',(-1.427869338251,9.275606052825));
#3724 = CARTESIAN_POINT('',(-1.370756326416,9.298329723054));
#3725 = CARTESIAN_POINT('',(-1.313642870813,9.321053795289));
#3726 = CARTESIAN_POINT('',(-1.256528539424,9.343778569545));
#3727 = CARTESIAN_POINT('',(-1.199417333662,9.366502576571));
#3728 = CARTESIAN_POINT('',(-1.14229948388,9.389229762046));
#3729 = CARTESIAN_POINT('',(-1.085179787943,9.411958334514));
#3730 = CARTESIAN_POINT('',(-1.028060896136,9.434687201972));
#3731 = CARTESIAN_POINT('',(-0.970943559549,9.457415973217));
#3732 = CARTESIAN_POINT('',(-0.913827402108,9.480144671087));
#3733 = CARTESIAN_POINT('',(-0.856711435243,9.502873532333));
#3734 = CARTESIAN_POINT('',(-0.799594603845,9.525602779935));
#3735 = CARTESIAN_POINT('',(-0.742476200219,9.548332449939));
#3736 = CARTESIAN_POINT('',(-0.685356735308,9.571062058619));
#3737 = CARTESIAN_POINT('',(-0.628237300386,9.593790884715));
#3738 = CARTESIAN_POINT('',(-0.571124913808,9.61651598194));
#3739 = CARTESIAN_POINT('',(-0.514011874889,9.639240300101));
#3740 = CARTESIAN_POINT('',(-0.456898760021,9.661963569745));
#3741 = CARTESIAN_POINT('',(-0.399786176064,9.684685640015));
#3742 = CARTESIAN_POINT('',(-0.342673671581,9.707406918469));
#3743 = CARTESIAN_POINT('',(-0.285560835415,9.730127928049));
#3744 = CARTESIAN_POINT('',(-0.228447410208,9.752849215538));
#3745 = CARTESIAN_POINT('',(-0.171335103193,9.775570599962));
#3746 = CARTESIAN_POINT('',(-0.114223482276,9.798292674564));
#3747 = CARTESIAN_POINT('',(-5.711171858415E-02,9.821016165206));
#3748 = CARTESIAN_POINT('',(-1.903724449819E-02,9.836165841461));
#3749 = CARTESIAN_POINT('',(0.,9.843740838074));
#3750 = ( GEOMETRIC_REPRESENTATION_CONTEXT(2) 
PARAMETRIC_REPRESENTATION_CONTEXT() REPRESENTATION_CONTEXT('2D SPACE',''
  ) );
#3751 = PCURVE('',#3752,#3777);
#3752 = B_SPLINE_SURFACE_WITH_KNOTS('',1,11,(
    (#3753,#3754,#3755,#3756,#3757,#3758,#3759,#3760,#3761,#3762,#3763
      ,#3764)
    ,(#3765,#3766,#3767,#3768,#3769,#3770,#3771,#3772,#3773,#3774,#3775
      ,#3776
    )),.UNSPECIFIED.,.F.,.F.,.F.,(2,2),(12,12),(0.,1.75),(0.,
    6.762279024438),.PIECEWISE_BEZIER_KNOTS.);
#3753 = CARTESIAN_POINT('',(10.037400438556,-1.1391947075E-07,
    -9.937497172652));
#3754 = CARTESIAN_POINT('',(10.037384023223,-5.73334927213,
    -10.16477213596));
#3755 = CARTESIAN_POINT('',(6.435070515645,-11.46655892188,
    -10.39203458298));
#3756 = CARTESIAN_POINT('',(-0.772370714597,-14.6862308116,
    -10.6193371681));
#3757 = CARTESIAN_POINT('',(-9.587222439557,-12.86866156513,
    -10.84654901734));
#3758 = CARTESIAN_POINT('',(-16.15051206884,-5.30702826304,
    -11.07391355066));
#3759 = CARTESIAN_POINT('',(-16.14968713146,5.306977797778,
    -11.30108126723));
#3760 = CARTESIAN_POINT('',(-9.587830110243,12.868763097923,
    -11.52844579647));
#3761 = CARTESIAN_POINT('',(-0.772044547091,14.686160568766,
    -11.75565765045));
#3762 = CARTESIAN_POINT('',(6.434948434165,11.466579334426,
    -11.9829602329));
#3763 = CARTESIAN_POINT('',(10.037413397149,5.73334906328,
    -12.21022268063));
#3764 = CARTESIAN_POINT('',(10.037396992668,-9.493154485E-08,
    -12.4374976439));
#3765 = CARTESIAN_POINT('',(8.521840747679,9.4927472896E-07,
    -9.062523559685));
#3766 = CARTESIAN_POINT('',(8.521836986872,-4.86765935352,
    -9.289777655746));
#3767 = CARTESIAN_POINT('',(5.463399051239,-9.735200848303,
    -9.517136038416));
#3768 = CARTESIAN_POINT('',(-0.655654378162,-12.46882929113,
    -9.744159991774));
#3769 = CARTESIAN_POINT('',(-8.139817207061,-10.92533919477,
    -9.97193995438));
#3770 = CARTESIAN_POINT('',(-13.71168193754,-4.506172278851,
    -10.19844774118));
#3771 = CARTESIAN_POINT('',(-13.71146578195,4.506156108927,
    -10.42659545187));
#3772 = CARTESIAN_POINT('',(-8.13997943386,10.925364201024,
    -10.65310323776));
#3773 = CARTESIAN_POINT('',(-0.655571165155,12.468810666723,
    -10.88088320141));
#3774 = CARTESIAN_POINT('',(5.463364871301,9.735207371388,
    -11.10790715421));
#3775 = CARTESIAN_POINT('',(8.521843691925,4.867661093856,-11.335265537)
  );
#3776 = CARTESIAN_POINT('',(8.521839840802,7.910630381E-07,
    -11.56251963307));
#3777 = DEFINITIONAL_REPRESENTATION('',(#3778),#3858);
#3778 = B_SPLINE_CURVE_WITH_KNOTS('',8,(#3779,#3780,#3781,#3782,#3783,
    #3784,#3785,#3786,#3787,#3788,#3789,#3790,#3791,#3792,#3793,#3794,
    #3795,#3796,#3797,#3798,#3799,#3800,#3801,#3802,#3803,#3804,#3805,
    #3806,#3807,#3808,#3809,#3810,#3811,#3812,#3813,#3814,#3815,#3816,
    #3817,#3818,#3819,#3820,#3821,#3822,#3823,#3824,#3825,#3826,#3827,
    #3828,#3829,#3830,#3831,#3832,#3833,#3834,#3835,#3836,#3837,#3838,
    #3839,#3840,#3841,#3842,#3843,#3844,#3845,#3846,#3847,#3848,#3849,
    #3850,#3851,#3852,#3853,#3854,#3855,#3856,#3857),.UNSPECIFIED.,.F.,
  .F.,(9,7,7,7,7,7,7,7,7,7,7,9),(0.,8.700749346894E-02,0.196895955074,
    0.266035565231,0.370509864873,0.490398894143,0.633631895566,
    0.735265185426,0.806161413472,0.906085357026,0.971157349829,1.),
  .UNSPECIFIED.);
#3779 = CARTESIAN_POINT('',(0.187521988863,0.));
#3780 = CARTESIAN_POINT('',(0.187519908834,7.353582297489E-02));
#3781 = CARTESIAN_POINT('',(0.187518879012,0.147082785749));
#3782 = CARTESIAN_POINT('',(0.187512398348,0.220624724903));
#3783 = CARTESIAN_POINT('',(0.187502383633,0.294160258634));
#3784 = CARTESIAN_POINT('',(0.187492832575,0.367695498652));
#3785 = CARTESIAN_POINT('',(0.187486271553,0.441236703114));
#3786 = CARTESIAN_POINT('',(0.18748298808,0.514782870602));
#3787 = CARTESIAN_POINT('',(0.187483123565,0.681191798481));
#3788 = CARTESIAN_POINT('',(0.187488426842,0.774101020529));
#3789 = CARTESIAN_POINT('',(0.187498513864,0.866992063496));
#3790 = CARTESIAN_POINT('',(0.187510270597,0.959868385707));
#3791 = CARTESIAN_POINT('',(0.187519735876,1.052745070063));
#3792 = CARTESIAN_POINT('',(0.187525538561,1.14563709644));
#3793 = CARTESIAN_POINT('',(0.187527846786,1.238547597899));
#3794 = CARTESIAN_POINT('',(0.187527639477,1.389857254986));
#3795 = CARTESIAN_POINT('',(0.187526595814,1.448295561697));
#3796 = CARTESIAN_POINT('',(0.187524842231,1.506732139267));
#3797 = CARTESIAN_POINT('',(0.187522778074,1.565166580578));
#3798 = CARTESIAN_POINT('',(0.187520823984,1.623600847465));
#3799 = CARTESIAN_POINT('',(0.187519330853,1.6820369238));
#3800 = CARTESIAN_POINT('',(0.187518522126,1.74047446338));
#3801 = CARTESIAN_POINT('',(0.187518389785,1.887205835486));
#3802 = CARTESIAN_POINT('',(0.187520038341,1.975530564673));
#3803 = CARTESIAN_POINT('',(0.187523679515,2.063841153982));
#3804 = CARTESIAN_POINT('',(0.187528838095,2.152139545095));
#3805 = CARTESIAN_POINT('',(0.187534238046,2.240438230813));
#3806 = CARTESIAN_POINT('',(0.187538443263,2.328749615721));
#3807 = CARTESIAN_POINT('',(0.187540548082,2.41707541198));
#3808 = CARTESIAN_POINT('',(0.18753994095,2.606700420871));
#3809 = CARTESIAN_POINT('',(0.187536472436,2.70808171857));
#3810 = CARTESIAN_POINT('',(0.187529426756,2.809433490563));
#3811 = CARTESIAN_POINT('',(0.187519451123,2.910762727155));
#3812 = CARTESIAN_POINT('',(0.187508621244,3.012091708785));
#3813 = CARTESIAN_POINT('',(0.187499449898,3.113442865077));
#3814 = CARTESIAN_POINT('',(0.187493519031,3.214823466005));
#3815 = CARTESIAN_POINT('',(0.187488661779,3.437204983158));
#3816 = CARTESIAN_POINT('',(0.187491321312,3.558392527112));
#3817 = CARTESIAN_POINT('',(0.187500104137,3.679503380908));
#3818 = CARTESIAN_POINT('',(0.187513621303,3.800567463925));
#3819 = CARTESIAN_POINT('',(0.187527350214,3.921632053893));
#3820 = CARTESIAN_POINT('',(0.187536817142,4.042744070551));
#3821 = CARTESIAN_POINT('',(0.187540907013,4.163932793358));
#3822 = CARTESIAN_POINT('',(0.187540369733,4.37088577231));
#3823 = CARTESIAN_POINT('',(0.187537945005,4.456806237578));
#3824 = CARTESIAN_POINT('',(0.187533599634,4.542715974211));
#3825 = CARTESIAN_POINT('',(0.187528342216,4.628612329668));
#3826 = CARTESIAN_POINT('',(0.187523424759,4.714508417445));
#3827 = CARTESIAN_POINT('',(0.187519918621,4.800417433526));
#3828 = CARTESIAN_POINT('',(0.18751835047,4.886336932829));
#3829 = CARTESIAN_POINT('',(0.187518431624,5.03215154142));
#3830 = CARTESIAN_POINT('',(0.187519257454,5.092074079276));
#3831 = CARTESIAN_POINT('',(0.187520795772,5.151994970402));
#3832 = CARTESIAN_POINT('',(0.18752279667,5.21191380947));
#3833 = CARTESIAN_POINT('',(0.18752487087,5.271832833345));
#3834 = CARTESIAN_POINT('',(0.187526557806,5.331754260307));
#3835 = CARTESIAN_POINT('',(0.187527431212,5.391677629753));
#3836 = CARTESIAN_POINT('',(0.187526975892,5.536050069751));
#3837 = CARTESIAN_POINT('',(0.18752459303,5.620524882497));
#3838 = CARTESIAN_POINT('',(0.187519396077,5.704990221523));
#3839 = CARTESIAN_POINT('',(0.187511217958,5.78944347458));
#3840 = CARTESIAN_POINT('',(0.18750123576,5.873896452961));
#3841 = CARTESIAN_POINT('',(0.187491865355,5.958361043348));
#3842 = CARTESIAN_POINT('',(0.18748573701,6.042834834809));
#3843 = CARTESIAN_POINT('',(0.187482459259,6.182283074472));
#3844 = CARTESIAN_POINT('',(0.18748293533,6.237281832269));
#3845 = CARTESIAN_POINT('',(0.187485411331,6.292279326536));
#3846 = CARTESIAN_POINT('',(0.187489942527,6.347275369274));
#3847 = CARTESIAN_POINT('',(0.187496075824,6.402271496312));
#3848 = CARTESIAN_POINT('',(0.187502820062,6.457269208984));
#3849 = CARTESIAN_POINT('',(0.187508919051,6.51226821346));
#3850 = CARTESIAN_POINT('',(0.187515425628,6.591641400064));
#3851 = CARTESIAN_POINT('',(0.187517133323,6.616018180609));
#3852 = CARTESIAN_POINT('',(0.187518432886,6.640394989625));
#3853 = CARTESIAN_POINT('',(0.187519258614,6.664771816001));
#3854 = CARTESIAN_POINT('',(0.187519596661,6.689148647241));
#3855 = CARTESIAN_POINT('',(0.187519485036,6.713525469466));
#3856 = CARTESIAN_POINT('',(0.187519013603,6.737902267414));
#3857 = CARTESIAN_POINT('',(0.187518324082,6.762279024438));
#3858 = ( GEOMETRIC_REPRESENTATION_CONTEXT(2) 
PARAMETRIC_REPRESENTATION_CONTEXT() REPRESENTATION_CONTEXT('2D SPACE',''
  ) );
#3859 = ORIENTED_EDGE('',*,*,#3860,.F.);
#3860 = EDGE_CURVE('',#3861,#3551,#3863,.T.);
#3861 = VERTEX_POINT('',#3862);
#3862 = CARTESIAN_POINT('',(9.875,5.05E-12,-7.34373717341));
#3863 = SURFACE_CURVE('',#3864,(#3944,#4061),.PCURVE_S1.);
#3864 = B_SPLINE_CURVE_WITH_KNOTS('',8,(#3865,#3866,#3867,#3868,#3869,
    #3870,#3871,#3872,#3873,#3874,#3875,#3876,#3877,#3878,#3879,#3880,
    #3881,#3882,#3883,#3884,#3885,#3886,#3887,#3888,#3889,#3890,#3891,
    #3892,#3893,#3894,#3895,#3896,#3897,#3898,#3899,#3900,#3901,#3902,
    #3903,#3904,#3905,#3906,#3907,#3908,#3909,#3910,#3911,#3912,#3913,
    #3914,#3915,#3916,#3917,#3918,#3919,#3920,#3921,#3922,#3923,#3924,
    #3925,#3926,#3927,#3928,#3929,#3930,#3931,#3932,#3933,#3934,#3935,
    #3936,#3937,#3938,#3939,#3940,#3941,#3942,#3943),.UNSPECIFIED.,.F.,
  .F.,(9,7,7,7,7,7,7,7,7,7,7,9),(0.,8.700749321617E-02,0.196895954356,
    0.266035564347,0.370509806828,0.490398807813,0.633631445038,
    0.735264152587,0.806221741937,0.906174171653,0.972841031118,1.),
  .UNSPECIFIED.);
#3865 = CARTESIAN_POINT('',(9.875,9.94049E-12,-7.34373717341));
#3866 = CARTESIAN_POINT('',(9.875,-0.674718741211,-7.370924248857));
#3867 = CARTESIAN_POINT('',(9.822313106272,-1.349539650676,
    -7.398114917581));
#3868 = CARTESIAN_POINT('',(9.716913032686,-2.019509399346,
    -7.425306454417));
#3869 = CARTESIAN_POINT('',(9.559359251568,-2.679825212173,
    -7.452497390144));
#3870 = CARTESIAN_POINT('',(9.350709000253,-3.325816940406,
    -7.479687985459));
#3871 = CARTESIAN_POINT('',(9.092486752897,-3.95294534738,
    -7.506879290846));
#3872 = CARTESIAN_POINT('',(8.78671115755,-4.556816607795,
    -7.534070792338));
#3873 = CARTESIAN_POINT('',(7.993013350664,-5.861188421817,
    -7.595591747002));
#3874 = CARTESIAN_POINT('',(7.478083858038,-6.545755554314,
    -7.629937434824));
#3875 = CARTESIAN_POINT('',(6.89638094095,-7.178169898738,
    -7.664274010092));
#3876 = CARTESIAN_POINT('',(6.254205062119,-7.750955083286,
    -7.698604308307));
#3877 = CARTESIAN_POINT('',(5.558645946512,-8.257581206421,
    -7.732935886076));
#3878 = CARTESIAN_POINT('',(4.817584273142,-8.692498774318,
    -7.767274967002));
#3879 = CARTESIAN_POINT('',(4.039658842019,-9.051129666171,
    -7.801622625288));
#3880 = CARTESIAN_POINT('',(2.727932115954,-9.505865404277,
    -7.857561583448));
#3881 = CARTESIAN_POINT('',(2.210422750896,-9.650058588857,
    -7.87916662148));
#3882 = CARTESIAN_POINT('',(1.684304333731,-9.762017464018,
    -7.900771375199));
#3883 = CARTESIAN_POINT('',(1.151925764126,-9.841158682008,
    -7.92237549443));
#3884 = CARTESIAN_POINT('',(0.615661556373,-9.88710407318,
    -7.943979494144));
#3885 = CARTESIAN_POINT('',(7.790935132566E-02,-9.899673216809,
    -7.965583932336));
#3886 = CARTESIAN_POINT('',(-0.458910780692,-9.878891227767,
    -7.987188569296));
#3887 = CARTESIAN_POINT('',(-1.798422946155,-9.743596537333,
    -8.041434890146));
#3888 = CARTESIAN_POINT('',(-2.59710745471,-9.586576013993,
    -8.074087510371));
#3889 = CARTESIAN_POINT('',(-3.379754097163,-9.354746604192,
    -8.106733906855));
#3890 = CARTESIAN_POINT('',(-4.13820948173,-9.050131547728,
    -8.139375035028));
#3891 = CARTESIAN_POINT('',(-4.864752420982,-8.675725066062,
    -8.172016151433));
#3892 = CARTESIAN_POINT('',(-5.552067435237,-8.235408552806,
    -8.204662560035));
#3893 = CARTESIAN_POINT('',(-6.193290690921,-7.734025380589,
    -8.237315346628));
#3894 = CARTESIAN_POINT('',(-7.457910823661,-6.539078218102,
    -8.307419581312));
#3895 = CARTESIAN_POINT('',(-8.065324300723,-5.827502433527,
    -8.344901754294));
#3896 = CARTESIAN_POINT('',(-8.594578254508,-5.051894635088,
    -8.382374800223));
#3897 = CARTESIAN_POINT('',(-9.03805176228,-4.222435596121,
    -8.419840979798));
#3898 = CARTESIAN_POINT('',(-9.389651215319,-3.350054446912,
    -8.45730749223));
#3899 = CARTESIAN_POINT('',(-9.64490448481,-2.446437848974,
    -8.494781373341));
#3900 = CARTESIAN_POINT('',(-9.800893462247,-1.523963640362,
    -8.532264519876));
#3901 = CARTESIAN_POINT('',(-9.924032923191,0.512752209846,
    -8.614480794272));
#3902 = CARTESIAN_POINT('',(-9.848616772788,1.631286169446,
    -8.659282124415));
#3903 = CARTESIAN_POINT('',(-9.628802898,2.736374760642,-8.704052041229)
  );
#3904 = CARTESIAN_POINT('',(-9.267973323491,3.806516138831,
    -8.748802300076));
#3905 = CARTESIAN_POINT('',(-8.772469906849,4.821344980138,
    -8.793552640453));
#3906 = CARTESIAN_POINT('',(-8.152095359559,5.761917755819,
    -8.838322645088));
#3907 = CARTESIAN_POINT('',(-7.419556484401,6.610561325161,
    -8.883123695862));
#3908 = CARTESIAN_POINT('',(-6.00582706769,7.878249673634,
    -8.959633739701));
#3909 = CARTESIAN_POINT('',(-5.370893409216,8.351036302656,
    -8.991399380935));
#3910 = CARTESIAN_POINT('',(-4.693704385581,8.765068749995,
    -9.023162016217));
#3911 = CARTESIAN_POINT('',(-3.980665337916,9.116031002149,
    -9.054920160669));
#3912 = CARTESIAN_POINT('',(-3.238579171314,9.400473195216,
    -9.086678036215));
#3913 = CARTESIAN_POINT('',(-2.474600309022,9.615750468944,
    -9.118439985587));
#3914 = CARTESIAN_POINT('',(-1.696248251387,9.760098303984,
    -9.150204841532));
#3915 = CARTESIAN_POINT('',(-0.363574340275,9.883633932106,
    -9.204131138669));
#3916 = CARTESIAN_POINT('',(0.187603550275,9.899534936546,
    -9.226303137336));
#3917 = CARTESIAN_POINT('',(0.739406506221,9.88029401489,-9.248474167643
    ));
#3918 = CARTESIAN_POINT('',(1.289217636048,9.825912209269,
    -9.270644204425));
#3919 = CARTESIAN_POINT('',(1.834448026424,9.736618106232,
    -9.292814273431));
#3920 = CARTESIAN_POINT('',(2.372537464859,9.612858725064,
    -9.314985429218));
#3921 = CARTESIAN_POINT('',(2.900957441229,9.455308132944,
    -9.337157714403));
#3922 = CARTESIAN_POINT('',(4.14443025516,8.996671927776,-9.390560204844
    ));
#3923 = CARTESIAN_POINT('',(4.847773862285,8.663144724568,
    -9.421800471344));
#3924 = CARTESIAN_POINT('',(5.52011003326,8.266881734068,-9.45303863855)
  );
#3925 = CARTESIAN_POINT('',(6.154953955061,7.811332072099,
    -9.484273821082));
#3926 = CARTESIAN_POINT('',(6.74636041466,7.300655409637,-9.515509800423
    ));
#3927 = CARTESIAN_POINT('',(7.288894546391,6.739659050296,
    -9.546749766777));
#3928 = CARTESIAN_POINT('',(7.777686129904,6.13384108919,-9.577991511785
    ));
#3929 = CARTESIAN_POINT('',(8.495959188405,5.059799691802,
    -9.630054081915));
#3930 = CARTESIAN_POINT('',(8.757653019119,4.612843508005,
    -9.650885125215));
#3931 = CARTESIAN_POINT('',(8.992422827009,4.150495279941,
    -9.671714580778));
#3932 = CARTESIAN_POINT('',(9.199224179346,3.674654963203,
    -9.692542361908));
#3933 = CARTESIAN_POINT('',(9.377177790818,3.187290434877,
    -9.713369375111));
#3934 = CARTESIAN_POINT('',(9.525564504094,2.690434163207,
    -9.734196799297));
#3935 = CARTESIAN_POINT('',(9.643831774697,2.186184402894,
    -9.755025185515));
#3936 = CARTESIAN_POINT('',(9.767371724404,1.469159897612,
    -9.784338435844));
#3937 = CARTESIAN_POINT('',(9.798072925194,1.26073685889,-9.792823650271
    ));
#3938 = CARTESIAN_POINT('',(9.823690408439,1.051586202348,
    -9.801309060682));
#3939 = CARTESIAN_POINT('',(9.844204289072,0.841852719913,
    -9.809794686498));
#3940 = CARTESIAN_POINT('',(9.859599651052,0.631681592947,
    -9.818280526381));
#3941 = CARTESIAN_POINT('',(9.86986654736,0.421218392246,-9.82676655824)
  );
#3942 = CARTESIAN_POINT('',(9.875,0.210609078044,-9.835252739226));
#3943 = CARTESIAN_POINT('',(9.875,7.68985E-12,-9.843739005734));
#3944 = PCURVE('',#387,#3945);
#3945 = DEFINITIONAL_REPRESENTATION('',(#3946),#4060);
#3946 = B_SPLINE_CURVE_WITH_KNOTS('',3,(#3947,#3948,#3949,#3950,#3951,
    #3952,#3953,#3954,#3955,#3956,#3957,#3958,#3959,#3960,#3961,#3962,
    #3963,#3964,#3965,#3966,#3967,#3968,#3969,#3970,#3971,#3972,#3973,
    #3974,#3975,#3976,#3977,#3978,#3979,#3980,#3981,#3982,#3983,#3984,
    #3985,#3986,#3987,#3988,#3989,#3990,#3991,#3992,#3993,#3994,#3995,
    #3996,#3997,#3998,#3999,#4000,#4001,#4002,#4003,#4004,#4005,#4006,
    #4007,#4008,#4009,#4010,#4011,#4012,#4013,#4014,#4015,#4016,#4017,
    #4018,#4019,#4020,#4021,#4022,#4023,#4024,#4025,#4026,#4027,#4028,
    #4029,#4030,#4031,#4032,#4033,#4034,#4035,#4036,#4037,#4038,#4039,
    #4040,#4041,#4042,#4043,#4044,#4045,#4046,#4047,#4048,#4049,#4050,
    #4051,#4052,#4053,#4054,#4055,#4056,#4057,#4058,#4059),
  .UNSPECIFIED.,.F.,.F.,(4,1,1,1,1,1,1,1,1,1,1,1,1,1,1,1,1,1,1,1,1,1,1,1
    ,1,1,1,1,1,1,1,1,1,1,1,1,1,1,1,1,1,1,1,1,1,1,1,1,1,1,1,1,1,1,1,1,1,1
    ,1,1,1,1,1,1,1,1,1,1,1,1,1,1,1,1,1,1,1,1,1,1,1,1,1,1,1,1,1,1,1,1,1,1
    ,1,1,1,1,1,1,1,1,1,1,1,1,1,1,1,1,1,1,4),(0.,9.090909090909E-03,
    1.818181818182E-02,2.727272727273E-02,3.636363636364E-02,
    4.545454545455E-02,5.454545454545E-02,6.363636363636E-02,
    7.272727272727E-02,8.181818181818E-02,9.090909090909E-02,1.E-01,
    0.109090909091,0.118181818182,0.127272727273,0.136363636364,
    0.145454545455,0.154545454545,0.163636363636,0.172727272727,
    0.181818181818,0.190909090909,0.2,0.209090909091,0.218181818182,
    0.227272727273,0.236363636364,0.245454545455,0.254545454545,
    0.263636363636,0.272727272727,0.281818181818,0.290909090909,0.3,
    0.309090909091,0.318181818182,0.327272727273,0.336363636364,
    0.345454545455,0.354545454545,0.363636363636,0.372727272727,
    0.381818181818,0.390909090909,0.4,0.409090909091,0.418181818182,
    0.427272727273,0.436363636364,0.445454545455,0.454545454545,
    0.463636363636,0.472727272727,0.481818181818,0.490909090909,0.5,
    0.509090909091,0.518181818182,0.527272727273,0.536363636364,
    0.545454545455,0.554545454545,0.563636363636,0.572727272727,
    0.581818181818,0.590909090909,0.6,0.609090909091,0.618181818182,
    0.627272727273,0.636363636364,0.645454545455,0.654545454545,
    0.663636363636,0.672727272727,0.681818181818,0.690909090909,0.7,
    0.709090909091,0.718181818182,0.727272727273,0.736363636364,
    0.745454545455,0.754545454545,0.763636363636,0.772727272727,
    0.781818181818,0.790909090909,0.8,0.809090909091,0.818181818182,
    0.827272727273,0.836363636364,0.845454545455,0.854545454545,
    0.863636363636,0.872727272727,0.881818181818,0.890909090909,0.9,
    0.909090909091,0.918181818182,0.927272727273,0.936363636364,
    0.945454545455,0.954545454545,0.963636363636,0.972727272727,
    0.981818181818,0.990909090909,1.),.QUASI_UNIFORM_KNOTS.);
#3947 = CARTESIAN_POINT('',(-12.56637061435,4.84373717341));
#3948 = CARTESIAN_POINT('',(-12.54733314611,4.851312182606));
#3949 = CARTESIAN_POINT('',(-12.50925681049,4.866462848566));
#3950 = CARTESIAN_POINT('',(-12.4521401961,4.889190170197));
#3951 = CARTESIAN_POINT('',(-12.39502424103,4.911918092657));
#3952 = CARTESIAN_POINT('',(-12.33790932203,4.934646250529));
#3953 = CARTESIAN_POINT('',(-12.28079505703,4.957374457018));
#3954 = CARTESIAN_POINT('',(-12.22368061177,4.980102638556));
#3955 = CARTESIAN_POINT('',(-12.16656521038,5.002830733252));
#3956 = CARTESIAN_POINT('',(-12.10944897882,5.025558398992));
#3957 = CARTESIAN_POINT('',(-12.05233229981,5.048285296528));
#3958 = CARTESIAN_POINT('',(-11.9952210604,5.071009040428));
#3959 = CARTESIAN_POINT('',(-11.93810005595,5.093735736341));
#3960 = CARTESIAN_POINT('',(-11.88097687294,5.116462504845));
#3961 = CARTESIAN_POINT('',(-11.82385435365,5.139188417744));
#3962 = CARTESIAN_POINT('',(-11.76673381994,5.161913186502));
#3963 = CARTESIAN_POINT('',(-11.70961506974,5.184637136154));
#3964 = CARTESIAN_POINT('',(-11.65249711908,5.207360885304));
#3965 = CARTESIAN_POINT('',(-11.59537866167,5.230085145152));
#3966 = CARTESIAN_POINT('',(-11.53825860891,5.252810492848));
#3967 = CARTESIAN_POINT('',(-11.48113647964,5.275537209792));
#3968 = CARTESIAN_POINT('',(-11.4240133803,5.298264889032));
#3969 = CARTESIAN_POINT('',(-11.36689103152,5.320992823539));
#3970 = CARTESIAN_POINT('',(-11.309778492,5.343717340296));
#3971 = CARTESIAN_POINT('',(-11.2526649876,5.366442621516));
#3972 = CARTESIAN_POINT('',(-11.19555129694,5.389168235792));
#3973 = CARTESIAN_POINT('',(-11.13843824523,5.411893703605));
#3974 = CARTESIAN_POINT('',(-11.08132542608,5.434619047586));
#3975 = CARTESIAN_POINT('',(-11.02421234374,5.457344342295));
#3976 = CARTESIAN_POINT('',(-10.96709855304,5.480069658536));
#3977 = CARTESIAN_POINT('',(-10.90998528412,5.502794418378));
#3978 = CARTESIAN_POINT('',(-10.85287225284,5.525518701198));
#3979 = CARTESIAN_POINT('',(-10.7957512762,5.548245750703));
#3980 = CARTESIAN_POINT('',(-10.73863023297,5.570972459421));
#3981 = CARTESIAN_POINT('',(-10.68151030577,5.593698417436));
#3982 = CARTESIAN_POINT('',(-10.62439218137,5.616423438555));
#3983 = CARTESIAN_POINT('',(-10.56727518345,5.639147899248));
#3984 = CARTESIAN_POINT('',(-10.51015819544,5.66187236383));
#3985 = CARTESIAN_POINT('',(-10.45304011282,5.6845973959));
#3986 = CARTESIAN_POINT('',(-10.39592019279,5.707323410584));
#3987 = CARTESIAN_POINT('',(-10.33879928387,5.730050177392));
#3988 = CARTESIAN_POINT('',(-10.28167782981,5.752777607933));
#3989 = CARTESIAN_POINT('',(-10.22456627183,5.775501609791));
#3990 = CARTESIAN_POINT('',(-10.1674448139,5.798230089485));
#3991 = CARTESIAN_POINT('',(-10.11031738291,5.820961490654));
#3992 = CARTESIAN_POINT('',(-10.05318995309,5.843693400579));
#3993 = CARTESIAN_POINT('',(-9.996064520846,5.866424962785));
#3994 = CARTESIAN_POINT('',(-9.938941676028,5.889155855125));
#3995 = CARTESIAN_POINT('',(-9.881820709435,5.911886249803));
#3996 = CARTESIAN_POINT('',(-9.824700282692,5.934616551934));
#3997 = CARTESIAN_POINT('',(-9.767578866276,5.957347233309));
#3998 = CARTESIAN_POINT('',(-9.710455302634,5.980078617494));
#3999 = CARTESIAN_POINT('',(-9.653329040558,6.00281079449));
#4000 = CARTESIAN_POINT('',(-9.596201671923,6.025543015252));
#4001 = CARTESIAN_POINT('',(-9.539073885951,6.048274905949));
#4002 = CARTESIAN_POINT('',(-9.481959966826,6.071000711385));
#4003 = CARTESIAN_POINT('',(-9.424837066381,6.093729474379));
#4004 = CARTESIAN_POINT('',(-9.367696755742,6.116464552236));
#4005 = CARTESIAN_POINT('',(-9.310553697549,6.139200125011));
#4006 = CARTESIAN_POINT('',(-9.253411496362,6.161934802701));
#4007 = CARTESIAN_POINT('',(-9.196273061996,6.184667507588));
#4008 = CARTESIAN_POINT('',(-9.139138802993,6.207398184136));
#4009 = CARTESIAN_POINT('',(-9.082007908456,6.230127278087));
#4010 = CARTESIAN_POINT('',(-9.024878686997,6.252855592351));
#4011 = CARTESIAN_POINT('',(-8.967749086024,6.275584074265));
#4012 = CARTESIAN_POINT('',(-8.910617135297,6.298313634921));
#4013 = CARTESIAN_POINT('',(-8.853481386612,6.321044969738));
#4014 = CARTESIAN_POINT('',(-8.796341472715,6.343778329495));
#4015 = CARTESIAN_POINT('',(-8.739198379289,6.36651340231));
#4016 = CARTESIAN_POINT('',(-8.682056112837,6.389248641976));
#4017 = CARTESIAN_POINT('',(-8.624918661617,6.411982467116));
#4018 = CARTESIAN_POINT('',(-8.567805256059,6.434707224386));
#4019 = CARTESIAN_POINT('',(-8.510687832802,6.457434000363));
#4020 = CARTESIAN_POINT('',(-8.453567439075,6.480162388749));
#4021 = CARTESIAN_POINT('',(-8.396448006756,6.502890700596));
#4022 = CARTESIAN_POINT('',(-8.339330126823,6.525618558454));
#4023 = CARTESIAN_POINT('',(-8.282213567986,6.54834592874));
#4024 = CARTESIAN_POINT('',(-8.225097330228,6.571073110963));
#4025 = CARTESIAN_POINT('',(-8.167980316917,6.593800458568));
#4026 = CARTESIAN_POINT('',(-8.110861707936,6.616528213636));
#4027 = CARTESIAN_POINT('',(-8.053741844289,6.639256151776));
#4028 = CARTESIAN_POINT('',(-7.996621527281,6.661983869634));
#4029 = CARTESIAN_POINT('',(-7.939507528074,6.684708688953));
#4030 = CARTESIAN_POINT('',(-7.88239481891,6.707432682345));
#4031 = CARTESIAN_POINT('',(-7.825280718405,6.730156952611));
#4032 = CARTESIAN_POINT('',(-7.768167483824,6.752880697825));
#4033 = CARTESIAN_POINT('',(-7.711054616995,6.775604231824));
#4034 = CARTESIAN_POINT('',(-7.65394160214,6.798327903233));
#4035 = CARTESIAN_POINT('',(-7.596828144855,6.821051976158));
#4036 = CARTESIAN_POINT('',(-7.539713800192,6.843776755691));
#4037 = CARTESIAN_POINT('',(-7.482602595325,6.866500762546));
#4038 = CARTESIAN_POINT('',(-7.425484783937,6.889227932575));
#4039 = CARTESIAN_POINT('',(-7.368365075345,6.911956509838));
#4040 = CARTESIAN_POINT('',(-7.311246166471,6.934685384174));
#4041 = CARTESIAN_POINT('',(-7.254128811601,6.957414162893));
#4042 = CARTESIAN_POINT('',(-7.197012643305,6.980142865171));
#4043 = CARTESIAN_POINT('',(-7.139896674598,7.002871727026));
#4044 = CARTESIAN_POINT('',(-7.082779848824,7.025600972144));
#4045 = CARTESIAN_POINT('',(-7.025661451398,7.048330639556));
#4046 = CARTESIAN_POINT('',(-6.968541985064,7.071060248982));
#4047 = CARTESIAN_POINT('',(-6.911422514957,7.093789089498));
#4048 = CARTESIAN_POINT('',(-6.8543100734,7.116514208129));
#4049 = CARTESIAN_POINT('',(-6.797197015769,7.139238533667));
#4050 = CARTESIAN_POINT('',(-6.740083856797,7.161961821295));
#4051 = CARTESIAN_POINT('',(-6.682971274946,7.184683890798));
#4052 = CARTESIAN_POINT('',(-6.625858812159,7.207405152055));
#4053 = CARTESIAN_POINT('',(-6.568746002654,7.230126150787));
#4054 = CARTESIAN_POINT('',(-6.511632582469,7.252847437226));
#4055 = CARTESIAN_POINT('',(-6.454519872532,7.275568983261));
#4056 = CARTESIAN_POINT('',(-6.397408539633,7.29829094319));
#4057 = CARTESIAN_POINT('',(-6.340296871951,7.321014388709));
#4058 = CARTESIAN_POINT('',(-6.302222501792,7.336164025077));
#4059 = CARTESIAN_POINT('',(-6.28318530718,7.343739005734));
#4060 = ( GEOMETRIC_REPRESENTATION_CONTEXT(2) 
PARAMETRIC_REPRESENTATION_CONTEXT() REPRESENTATION_CONTEXT('2D SPACE',''
  ) );
#4061 = PCURVE('',#4062,#4087);
#4062 = B_SPLINE_SURFACE_WITH_KNOTS('',1,11,(
    (#4063,#4064,#4065,#4066,#4067,#4068,#4069,#4070,#4071,#4072,#4073
      ,#4074)
    ,(#4075,#4076,#4077,#4078,#4079,#4080,#4081,#4082,#4083,#4084,#4085
      ,#4086
    )),.UNSPECIFIED.,.F.,.F.,.F.,(2,2),(12,12),(0.,1.75),(0.,
    6.762279024438),.PIECEWISE_BEZIER_KNOTS.);
#4063 = CARTESIAN_POINT('',(10.037403884443,-1.3290770408E-07,
    -7.437496701392));
#4064 = CARTESIAN_POINT('',(10.037387458276,-5.733351259414,
    -7.664771664751));
#4065 = CARTESIAN_POINT('',(6.435072703091,-11.46656287063,
    -7.892034111551));
#4066 = CARTESIAN_POINT('',(-0.772371007409,-14.6862358517,
    -8.119336697308));
#4067 = CARTESIAN_POINT('',(-9.587225755468,-12.86866596564,
    -8.346548545253));
#4068 = CARTESIAN_POINT('',(-16.1505176231,-5.307030053258,
    -8.573913080521));
#4069 = CARTESIAN_POINT('',(-16.14969266604,5.306979649125,
    -8.801080794877));
#4070 = CARTESIAN_POINT('',(-9.587833377179,12.868767534652,
    -9.02844532604));
#4071 = CARTESIAN_POINT('',(-0.772044784491,14.68616561182,
    -9.255657178752));
#4072 = CARTESIAN_POINT('',(6.43495066505,11.466583258816,
    -9.482959761824));
#4073 = CARTESIAN_POINT('',(10.037416853881,5.733351012588,
    -9.710222209341));
#4074 = CARTESIAN_POINT('',(10.037400438556,-1.1391941936E-07,
    -9.937497172652));
#4075 = CARTESIAN_POINT('',(8.521841654568,1.10748725656E-06,
    -6.562527486291));
#4076 = CARTESIAN_POINT('',(8.521837984078,-4.867659713323,
    -6.789781582374));
#4077 = CARTESIAN_POINT('',(5.46339981359,-9.735201782856,
    -7.017139964963));
#4078 = CARTESIAN_POINT('',(-0.655654217002,-12.46883063026,
    -7.24416391853));
#4079 = CARTESIAN_POINT('',(-8.139817869409,-10.9253405086,
    -7.471943880741));
#4080 = CARTESIAN_POINT('',(-13.71168331447,-4.506173012701,
    -7.698451668105));
#4081 = CARTESIAN_POINT('',(-13.71146732336,4.506156333494,
    -7.926599378198));
#4082 = CARTESIAN_POINT('',(-8.13998050396,10.92536521293,
    -8.153107164571));
#4083 = CARTESIAN_POINT('',(-0.655571465869,12.468811981289,
    -8.380887127929));
#4084 = CARTESIAN_POINT('',(5.463365271767,9.735208508861,
    -8.607911080855));
#4085 = CARTESIAN_POINT('',(8.521844508486,4.867661770084,
    -8.835269463611));
#4086 = CARTESIAN_POINT('',(8.521840747679,9.4927476634E-07,
    -9.062523559685));
#4087 = DEFINITIONAL_REPRESENTATION('',(#4088),#4168);
#4088 = B_SPLINE_CURVE_WITH_KNOTS('',8,(#4089,#4090,#4091,#4092,#4093,
    #4094,#4095,#4096,#4097,#4098,#4099,#4100,#4101,#4102,#4103,#4104,
    #4105,#4106,#4107,#4108,#4109,#4110,#4111,#4112,#4113,#4114,#4115,
    #4116,#4117,#4118,#4119,#4120,#4121,#4122,#4123,#4124,#4125,#4126,
    #4127,#4128,#4129,#4130,#4131,#4132,#4133,#4134,#4135,#4136,#4137,
    #4138,#4139,#4140,#4141,#4142,#4143,#4144,#4145,#4146,#4147,#4148,
    #4149,#4150,#4151,#4152,#4153,#4154,#4155,#4156,#4157,#4158,#4159,
    #4160,#4161,#4162,#4163,#4164,#4165,#4166,#4167),.UNSPECIFIED.,.F.,
  .F.,(9,7,7,7,7,7,7,7,7,7,7,9),(0.,8.700749321617E-02,0.196895954356,
    0.266035564347,0.370509806828,0.490398807813,0.633631445038,
    0.735264152587,0.806221741937,0.906174171653,0.972841031118,1.),
  .UNSPECIFIED.);
#4089 = CARTESIAN_POINT('',(0.187525653631,0.));
#4090 = CARTESIAN_POINT('',(0.18752357361,7.353582297486E-02));
#4091 = CARTESIAN_POINT('',(0.187522543792,0.147082785749));
#4092 = CARTESIAN_POINT('',(0.187516063138,0.220624724903));
#4093 = CARTESIAN_POINT('',(0.18750604844,0.294160258634));
#4094 = CARTESIAN_POINT('',(0.187496497398,0.367695498652));
#4095 = CARTESIAN_POINT('',(0.187489936387,0.441236703114));
#4096 = CARTESIAN_POINT('',(0.187486652919,0.514782870602));
#4097 = CARTESIAN_POINT('',(0.187486788403,0.681191798357));
#4098 = CARTESIAN_POINT('',(0.187492091671,0.774101020287));
#4099 = CARTESIAN_POINT('',(0.187502178676,0.86699206312));
#4100 = CARTESIAN_POINT('',(0.187513935389,0.959868385227));
#4101 = CARTESIAN_POINT('',(0.187523400653,1.052745069439));
#4102 = CARTESIAN_POINT('',(0.187529203328,1.145637095708));
#4103 = CARTESIAN_POINT('',(0.187531511549,1.238547597039));
#4104 = CARTESIAN_POINT('',(0.18753130424,1.389857254034));
#4105 = CARTESIAN_POINT('',(0.187530260579,1.448295560776));
#4106 = CARTESIAN_POINT('',(0.187528506999,1.506732138376));
#4107 = CARTESIAN_POINT('',(0.187526442846,1.565166579718));
#4108 = CARTESIAN_POINT('',(0.187524488758,1.623600846635));
#4109 = CARTESIAN_POINT('',(0.18752299563,1.682036923));
#4110 = CARTESIAN_POINT('',(0.187522186904,1.74047446261));
#4111 = CARTESIAN_POINT('',(0.187522054565,1.887205786696));
#4112 = CARTESIAN_POINT('',(0.187523703115,1.975530467757));
#4113 = CARTESIAN_POINT('',(0.18752734428,2.063841008979));
#4114 = CARTESIAN_POINT('',(0.187532502846,2.152139352037));
#4115 = CARTESIAN_POINT('',(0.187537902784,2.240437989698));
#4116 = CARTESIAN_POINT('',(0.187542107995,2.328749326519));
#4117 = CARTESIAN_POINT('',(0.187544212816,2.417075074652));
#4118 = CARTESIAN_POINT('',(0.187543605705,2.606700011877));
#4119 = CARTESIAN_POINT('',(0.18754013721,2.7080812859));
#4120 = CARTESIAN_POINT('',(0.187533091555,2.80943303426));
#4121 = CARTESIAN_POINT('',(0.187523115949,2.910762247232));
#4122 = CARTESIAN_POINT('',(0.187512286091,3.012091205254));
#4123 = CARTESIAN_POINT('',(0.187503114753,3.113442337907));
#4124 = CARTESIAN_POINT('',(0.187497183882,3.214822915161));
#4125 = CARTESIAN_POINT('',(0.187492326606,3.437204101251));
#4126 = CARTESIAN_POINT('',(0.187494986089,3.55839133601));
#4127 = CARTESIAN_POINT('',(0.187503768825,3.679501881648));
#4128 = CARTESIAN_POINT('',(0.187517285887,3.800565656974));
#4129 = CARTESIAN_POINT('',(0.187531014747,3.921629939271));
#4130 = CARTESIAN_POINT('',(0.187540481707,4.042741647814));
#4131 = CARTESIAN_POINT('',(0.187544571665,4.163930061494));
#4132 = CARTESIAN_POINT('',(0.187544034553,4.37088224095));
#4133 = CARTESIAN_POINT('',(0.187541609914,4.456802213606));
#4134 = CARTESIAN_POINT('',(0.187537264636,4.542711457931));
#4135 = CARTESIAN_POINT('',(0.18753200728,4.628607321452));
#4136 = CARTESIAN_POINT('',(0.187527089826,4.714502917291));
#4137 = CARTESIAN_POINT('',(0.187523583623,4.800411441061));
#4138 = CARTESIAN_POINT('',(0.187522015361,4.886330447751));
#4139 = CARTESIAN_POINT('',(0.187522096348,5.032196424469));
#4140 = CARTESIAN_POINT('',(0.187522923497,5.092170839717));
#4141 = CARTESIAN_POINT('',(0.187524464336,5.152143600842));
#4142 = CARTESIAN_POINT('',(0.187526468143,5.21211430069));
#4143 = CARTESIAN_POINT('',(0.187528544388,5.272085185672));
#4144 = CARTESIAN_POINT('',(0.187530231145,5.33205848355));
#4145 = CARTESIAN_POINT('',(0.187531101179,5.392033731805));
#4146 = CARTESIAN_POINT('',(0.187530630332,5.536482111416));
#4147 = CARTESIAN_POINT('',(0.187528234734,5.620981031133));
#4148 = CARTESIAN_POINT('',(0.187523022233,5.705470462841));
#4149 = CARTESIAN_POINT('',(0.187514829483,5.789947790743));
#4150 = CARTESIAN_POINT('',(0.187504839254,5.874424843004));
#4151 = CARTESIAN_POINT('',(0.1874954729,5.958913523512));
#4152 = CARTESIAN_POINT('',(0.187489362515,6.043411418541));
#4153 = CARTESIAN_POINT('',(0.187486095642,6.184231650776));
#4154 = CARTESIAN_POINT('',(0.187486647935,6.240578528577));
#4155 = CARTESIAN_POINT('',(0.187489303521,6.296923956213));
#4156 = CARTESIAN_POINT('',(0.187494117807,6.353267774105));
#4157 = CARTESIAN_POINT('',(0.187500573754,6.409611735015));
#4158 = CARTESIAN_POINT('',(0.187507555891,6.465957519213));
#4159 = CARTESIAN_POINT('',(0.187513682341,6.522304748375));
#4160 = CARTESIAN_POINT('',(0.187519751695,6.601602707756));
#4161 = CARTESIAN_POINT('',(0.187521225204,6.624556455557));
#4162 = CARTESIAN_POINT('',(0.187522323818,6.647510226468));
#4163 = CARTESIAN_POINT('',(0.187522998836,6.670464007153));
#4164 = CARTESIAN_POINT('',(0.187523244411,6.69341778609));
#4165 = CARTESIAN_POINT('',(0.187523097553,6.716371553575));
#4166 = CARTESIAN_POINT('',(0.18752263813,6.739325301716));
#4167 = CARTESIAN_POINT('',(0.187521988863,6.762279024438));
#4168 = ( GEOMETRIC_REPRESENTATION_CONTEXT(2) 
PARAMETRIC_REPRESENTATION_CONTEXT() REPRESENTATION_CONTEXT('2D SPACE',''
  ) );
#4169 = ORIENTED_EDGE('',*,*,#4170,.F.);
#4170 = EDGE_CURVE('',#4171,#3861,#4173,.T.);
#4171 = VERTEX_POINT('',#4172);
#4172 = CARTESIAN_POINT('',(9.875,6.209E-12,-4.843735341101));
#4173 = SURFACE_CURVE('',#4174,(#4254,#4371),.PCURVE_S1.);
#4174 = B_SPLINE_CURVE_WITH_KNOTS('',8,(#4175,#4176,#4177,#4178,#4179,
    #4180,#4181,#4182,#4183,#4184,#4185,#4186,#4187,#4188,#4189,#4190,
    #4191,#4192,#4193,#4194,#4195,#4196,#4197,#4198,#4199,#4200,#4201,
    #4202,#4203,#4204,#4205,#4206,#4207,#4208,#4209,#4210,#4211,#4212,
    #4213,#4214,#4215,#4216,#4217,#4218,#4219,#4220,#4221,#4222,#4223,
    #4224,#4225,#4226,#4227,#4228,#4229,#4230,#4231,#4232,#4233,#4234,
    #4235,#4236,#4237,#4238,#4239,#4240,#4241,#4242,#4243,#4244,#4245,
    #4246,#4247,#4248,#4249,#4250,#4251,#4252,#4253),.UNSPECIFIED.,.F.,
  .F.,(9,7,7,7,7,7,7,7,7,7,7,9),(0.,8.700749877301E-02,0.196895966644,
    0.266035583129,0.370509744006,0.490398710217,0.633630801758,
    0.735262627678,0.806310943631,0.906303939599,0.971169359589,1.),
  .UNSPECIFIED.);
#4175 = CARTESIAN_POINT('',(9.875,1.250378E-11,-4.843735341101));
#4176 = CARTESIAN_POINT('',(9.875,-0.674718741209,-4.87092241654));
#4177 = CARTESIAN_POINT('',(9.822313106273,-1.349539650673,
    -4.898113085259));
#4178 = CARTESIAN_POINT('',(9.716913032687,-2.019509399345,
    -4.925304622074));
#4179 = CARTESIAN_POINT('',(9.559359251568,-2.679825212174,
    -4.952495557768));
#4180 = CARTESIAN_POINT('',(9.350709000253,-3.325816940407,
    -4.979686153052));
#4181 = CARTESIAN_POINT('',(9.092486752896,-3.952945347382,
    -5.006877458417));
#4182 = CARTESIAN_POINT('',(8.786711157549,-4.556816607798,
    -5.034068959898));
#4183 = CARTESIAN_POINT('',(7.993013351821,-5.861188419916,
    -5.095589914472));
#4184 = CARTESIAN_POINT('',(7.478083860753,-6.545755550707,
    -5.129935602221));
#4185 = CARTESIAN_POINT('',(6.896380945484,-7.178169893799,
    -5.164272177433));
#4186 = CARTESIAN_POINT('',(6.254205068919,-7.750955077231,
    -5.198602475598));
#4187 = CARTESIAN_POINT('',(5.558645955584,-8.257581199808,
    -5.232934053308));
#4188 = CARTESIAN_POINT('',(4.817584284829,-8.692498767462,
    -5.267273134163));
#4189 = CARTESIAN_POINT('',(4.039658856296,-9.051129659588,
    -5.301620792368));
#4190 = CARTESIAN_POINT('',(2.727932117949,-9.505865404614,
    -5.357559751086));
#4191 = CARTESIAN_POINT('',(2.210422737271,-9.65005859352,
    -5.379164789763));
#4192 = CARTESIAN_POINT('',(1.684304303981,-9.762017471061,
    -5.400769544126));
#4193 = CARTESIAN_POINT('',(1.151925717957,-9.841158689434,
    -5.422373663999));
#4194 = CARTESIAN_POINT('',(0.615661493708,-9.887104078968,
    -5.443977664356));
#4195 = CARTESIAN_POINT('',(7.790927230171E-02,-9.899673218934,
    -5.465582103192));
#4196 = CARTESIAN_POINT('',(-0.458910875715,-9.878891224228,
    -5.487186740798));
#4197 = CARTESIAN_POINT('',(-1.798422374586,-9.74359658591,
    -5.541433034714));
#4198 = CARTESIAN_POINT('',(-2.59710621212,-9.58657625022,
    -5.574085627321));
#4199 = CARTESIAN_POINT('',(-3.379752217172,-9.354747154189,
    -5.606731996218));
#4200 = CARTESIAN_POINT('',(-4.138207018516,-9.050132531407,
    -5.639373096827));
#4201 = CARTESIAN_POINT('',(-4.864749447576,-8.67572659401,
    -5.672014185668));
#4202 = CARTESIAN_POINT('',(-5.552064041995,-8.235410723555,
    -5.704660566681));
#4203 = CARTESIAN_POINT('',(-6.193286983764,-7.73402827751,
    -5.737313325652));
#4204 = CARTESIAN_POINT('',(-7.45790702939,-6.539082498734,
    -5.807417519475));
#4205 = CARTESIAN_POINT('',(-8.065320702132,-5.827507322462,
    -5.844899679141));
#4206 = CARTESIAN_POINT('',(-8.59457494538,-5.051900132086,
    -5.882372711762));
#4207 = CARTESIAN_POINT('',(-9.038048838242,-4.222441685301,
    -5.919838878036));
#4208 = CARTESIAN_POINT('',(-9.389648771343,-3.350061096886,
    -5.957305377168));
#4209 = CARTESIAN_POINT('',(-9.644902612389,-2.446445012772,
    -5.994779244982));
#4210 = CARTESIAN_POINT('',(-9.800892246908,-1.523971255662,
    -6.032262378214));
#4211 = CARTESIAN_POINT('',(-9.924033079117,0.512739871518,
    -6.114478465998));
#4212 = CARTESIAN_POINT('',(-9.84861867834,1.631269506337,
    -6.159279621842));
#4213 = CARTESIAN_POINT('',(-9.628807675279,2.736354085683,
    -6.204049364981));
#4214 = CARTESIAN_POINT('',(-9.267982012618,3.806492010447,
    -6.248799450444));
#4215 = CARTESIAN_POINT('',(-8.772483430812,4.821318180039,
    -6.293549617402));
#4216 = CARTESIAN_POINT('',(-8.152114470521,5.761889257041,
    -6.338319448299));
#4217 = CARTESIAN_POINT('',(-7.41958172976,6.610532267037,-6.38312032471
    ));
#4218 = CARTESIAN_POINT('',(-6.005866101272,7.878219227935,
    -6.459629917479));
#4219 = CARTESIAN_POINT('',(-5.370940451744,8.351004920204,
    -6.491395280739));
#4220 = CARTESIAN_POINT('',(-4.693759872017,8.765037688078,
    -6.523157638211));
#4221 = CARTESIAN_POINT('',(-3.980729509924,9.116001595428,
    -6.554915505085));
#4222 = CARTESIAN_POINT('',(-3.238652069326,9.40044682315,
    -6.586673103099));
#4223 = CARTESIAN_POINT('',(-2.474681766272,9.61572852664,
    -6.618434774781));
#4224 = CARTESIAN_POINT('',(-1.696337887864,9.760082169059,
    -6.650199352905));
#4225 = CARTESIAN_POINT('',(-0.362971538063,9.883695280434,
    -6.704153718982));
#4226 = CARTESIAN_POINT('',(0.188915227865,9.89957742059,-6.726354072521
    ));
#4227 = CARTESIAN_POINT('',(0.741425615629,9.880227367874,
    -6.748553452754));
#4228 = CARTESIAN_POINT('',(1.291932651648,9.825646478014,-6.77075183411
    ));
#4229 = CARTESIAN_POINT('',(1.837837541293,9.736064803289,
    -6.792950248508));
#4230 = CARTESIAN_POINT('',(2.376570394931,9.61193191091,-6.815149756714
    ));
#4231 = CARTESIAN_POINT('',(2.905593255823,9.453925561937,
    -6.837350401018));
#4232 = CARTESIAN_POINT('',(4.149763945631,8.994240090455,
    -6.890793924561));
#4233 = CARTESIAN_POINT('',(4.853196480065,8.66015688155,-6.922046890065
    ));
#4234 = CARTESIAN_POINT('',(5.525558307611,8.263305339352,-6.95329775073
    ));
#4235 = CARTESIAN_POINT('',(6.160358831196,7.807142841794,
    -6.984545616553));
#4236 = CARTESIAN_POINT('',(6.751648394979,7.295838099965,
    -7.015794273765));
#4237 = CARTESIAN_POINT('',(7.293988920961,6.734208105282,
    -7.047046917688));
#4238 = CARTESIAN_POINT('',(7.782508369486,6.127761353261,
    -7.078301337232));
#4239 = CARTESIAN_POINT('',(8.492324101839,5.06449186138,-7.129813661112
    ));
#4240 = CARTESIAN_POINT('',(8.747267604285,4.629858463205,
    -7.150081772273));
#4241 = CARTESIAN_POINT('',(8.976742245646,4.180627503541,-7.17034843215
    ));
#4242 = CARTESIAN_POINT('',(9.179782972707,3.718547532478,
    -7.190613544501));
#4243 = CARTESIAN_POINT('',(9.355572845084,3.245428457353,
    -7.210877893662));
#4244 = CARTESIAN_POINT('',(9.503438653919,2.763138615491,
    -7.231142518792));
#4245 = CARTESIAN_POINT('',(9.622856278544,2.273605758343,
    -7.251407937875));
#4246 = CARTESIAN_POINT('',(9.753738857066,1.558906094369,
    -7.280680503107));
#4247 = CARTESIAN_POINT('',(9.788321746831,1.337947761351,
    -7.289687944113));
#4248 = CARTESIAN_POINT('',(9.817182905391,1.116119355377,
    -7.298695599568));
#4249 = CARTESIAN_POINT('',(9.840297092669,0.893593848273,-7.30770349814
    ));
#4250 = CARTESIAN_POINT('',(9.857645373518,0.670544776292,
    -7.316711642111));
#4251 = CARTESIAN_POINT('',(9.869215117722,0.447146240114,
    -7.325720007373));
#4252 = CARTESIAN_POINT('',(9.875,0.223572904842,-7.334728543434));
#4253 = CARTESIAN_POINT('',(9.875,1.01803E-11,-7.34373717341));
#4254 = PCURVE('',#387,#4255);
#4255 = DEFINITIONAL_REPRESENTATION('',(#4256),#4370);
#4256 = B_SPLINE_CURVE_WITH_KNOTS('',3,(#4257,#4258,#4259,#4260,#4261,
    #4262,#4263,#4264,#4265,#4266,#4267,#4268,#4269,#4270,#4271,#4272,
    #4273,#4274,#4275,#4276,#4277,#4278,#4279,#4280,#4281,#4282,#4283,
    #4284,#4285,#4286,#4287,#4288,#4289,#4290,#4291,#4292,#4293,#4294,
    #4295,#4296,#4297,#4298,#4299,#4300,#4301,#4302,#4303,#4304,#4305,
    #4306,#4307,#4308,#4309,#4310,#4311,#4312,#4313,#4314,#4315,#4316,
    #4317,#4318,#4319,#4320,#4321,#4322,#4323,#4324,#4325,#4326,#4327,
    #4328,#4329,#4330,#4331,#4332,#4333,#4334,#4335,#4336,#4337,#4338,
    #4339,#4340,#4341,#4342,#4343,#4344,#4345,#4346,#4347,#4348,#4349,
    #4350,#4351,#4352,#4353,#4354,#4355,#4356,#4357,#4358,#4359,#4360,
    #4361,#4362,#4363,#4364,#4365,#4366,#4367,#4368,#4369),
  .UNSPECIFIED.,.F.,.F.,(4,1,1,1,1,1,1,1,1,1,1,1,1,1,1,1,1,1,1,1,1,1,1,1
    ,1,1,1,1,1,1,1,1,1,1,1,1,1,1,1,1,1,1,1,1,1,1,1,1,1,1,1,1,1,1,1,1,1,1
    ,1,1,1,1,1,1,1,1,1,1,1,1,1,1,1,1,1,1,1,1,1,1,1,1,1,1,1,1,1,1,1,1,1,1
    ,1,1,1,1,1,1,1,1,1,1,1,1,1,1,1,1,1,1,4),(0.,9.090909090909E-03,
    1.818181818182E-02,2.727272727273E-02,3.636363636364E-02,
    4.545454545455E-02,5.454545454545E-02,6.363636363636E-02,
    7.272727272727E-02,8.181818181818E-02,9.090909090909E-02,1.E-01,
    0.109090909091,0.118181818182,0.127272727273,0.136363636364,
    0.145454545455,0.154545454545,0.163636363636,0.172727272727,
    0.181818181818,0.190909090909,0.2,0.209090909091,0.218181818182,
    0.227272727273,0.236363636364,0.245454545455,0.254545454545,
    0.263636363636,0.272727272727,0.281818181818,0.290909090909,0.3,
    0.309090909091,0.318181818182,0.327272727273,0.336363636364,
    0.345454545455,0.354545454545,0.363636363636,0.372727272727,
    0.381818181818,0.390909090909,0.4,0.409090909091,0.418181818182,
    0.427272727273,0.436363636364,0.445454545455,0.454545454545,
    0.463636363636,0.472727272727,0.481818181818,0.490909090909,0.5,
    0.509090909091,0.518181818182,0.527272727273,0.536363636364,
    0.545454545455,0.554545454545,0.563636363636,0.572727272727,
    0.581818181818,0.590909090909,0.6,0.609090909091,0.618181818182,
    0.627272727273,0.636363636364,0.645454545455,0.654545454545,
    0.663636363636,0.672727272727,0.681818181818,0.690909090909,0.7,
    0.709090909091,0.718181818182,0.727272727273,0.736363636364,
    0.745454545455,0.754545454545,0.763636363636,0.772727272727,
    0.781818181818,0.790909090909,0.8,0.809090909091,0.818181818182,
    0.827272727273,0.836363636364,0.845454545455,0.854545454545,
    0.863636363636,0.872727272727,0.881818181818,0.890909090909,0.9,
    0.909090909091,0.918181818182,0.927272727273,0.936363636364,
    0.945454545455,0.954545454545,0.963636363636,0.972727272727,
    0.981818181818,0.990909090909,1.),.QUASI_UNIFORM_KNOTS.);
#4257 = CARTESIAN_POINT('',(-18.84955592153,2.343735341101));
#4258 = CARTESIAN_POINT('',(-18.83051845451,2.351310349811));
#4259 = CARTESIAN_POINT('',(-18.79244212132,2.366461014799));
#4260 = CARTESIAN_POINT('',(-18.73532551058,2.38918833497));
#4261 = CARTESIAN_POINT('',(-18.67820955916,2.411916255963));
#4262 = CARTESIAN_POINT('',(-18.6210946438,2.434644412364));
#4263 = CARTESIAN_POINT('',(-18.56398038244,2.457372617379));
#4264 = CARTESIAN_POINT('',(-18.50686594084,2.480100797445));
#4265 = CARTESIAN_POINT('',(-18.4497505431,2.502828890671));
#4266 = CARTESIAN_POINT('',(-18.39263431519,2.525556554947));
#4267 = CARTESIAN_POINT('',(-18.33551763982,2.548283451026));
#4268 = CARTESIAN_POINT('',(-18.27840640406,2.571007193474));
#4269 = CARTESIAN_POINT('',(-18.22128540326,2.593733887941));
#4270 = CARTESIAN_POINT('',(-18.1641622239,2.616460655005));
#4271 = CARTESIAN_POINT('',(-18.10703970826,2.639186566469));
#4272 = CARTESIAN_POINT('',(-18.04991917819,2.661911333796));
#4273 = CARTESIAN_POINT('',(-17.99280043164,2.684635282017));
#4274 = CARTESIAN_POINT('',(-17.93568248463,2.707359029736));
#4275 = CARTESIAN_POINT('',(-17.87856403087,2.730083288149));
#4276 = CARTESIAN_POINT('',(-17.82144398176,2.752808634407));
#4277 = CARTESIAN_POINT('',(-17.76432185614,2.77553534991));
#4278 = CARTESIAN_POINT('',(-17.70719876045,2.798263027705));
#4279 = CARTESIAN_POINT('',(-17.65007641531,2.820990960765));
#4280 = CARTESIAN_POINT('',(-17.59296387943,2.843715476075));
#4281 = CARTESIAN_POINT('',(-17.53585037869,2.866440755837));
#4282 = CARTESIAN_POINT('',(-17.47873669167,2.889166368658));
#4283 = CARTESIAN_POINT('',(-17.42162364361,2.911891835013));
#4284 = CARTESIAN_POINT('',(-17.3645108281,2.934617177536));
#4285 = CARTESIAN_POINT('',(-17.30739774941,2.957342470789));
#4286 = CARTESIAN_POINT('',(-17.25028396237,2.980067785573));
#4287 = CARTESIAN_POINT('',(-17.19317069708,3.002792543966));
#4288 = CARTESIAN_POINT('',(-17.13605766947,3.025516825328));
#4289 = CARTESIAN_POINT('',(-17.07893669651,3.048243873371));
#4290 = CARTESIAN_POINT('',(-17.02181565696,3.070970580631));
#4291 = CARTESIAN_POINT('',(-16.96469573344,3.093696537191));
#4292 = CARTESIAN_POINT('',(-16.90757761271,3.116421556859));
#4293 = CARTESIAN_POINT('',(-16.85046061846,3.139146016103));
#4294 = CARTESIAN_POINT('',(-16.79334363411,3.161870479238));
#4295 = CARTESIAN_POINT('',(-16.73622555515,3.18459550986));
#4296 = CARTESIAN_POINT('',(-16.6791056388,3.207321523092));
#4297 = CARTESIAN_POINT('',(-16.62198473355,3.230048288443));
#4298 = CARTESIAN_POINT('',(-16.56486328319,3.252775717516));
#4299 = CARTESIAN_POINT('',(-16.5077517289,3.275499717901));
#4300 = CARTESIAN_POINT('',(-16.45063027452,3.298228196177));
#4301 = CARTESIAN_POINT('',(-16.39350284721,3.320959595878));
#4302 = CARTESIAN_POINT('',(-16.33637542106,3.343691504328));
#4303 = CARTESIAN_POINT('',(-16.2792499925,3.366423065052));
#4304 = CARTESIAN_POINT('',(-16.22212715137,3.38915395591));
#4305 = CARTESIAN_POINT('',(-16.16500618845,3.411884349108));
#4306 = CARTESIAN_POINT('',(-16.10788576537,3.434614649765));
#4307 = CARTESIAN_POINT('',(-16.0507643526,3.45734532967));
#4308 = CARTESIAN_POINT('',(-15.9936407926,3.480076712389));
#4309 = CARTESIAN_POINT('',(-15.93651453417,3.50280888792));
#4310 = CARTESIAN_POINT('',(-15.8793871692,3.525541107209));
#4311 = CARTESIAN_POINT('',(-15.82225938692,3.54827299643));
#4312 = CARTESIAN_POINT('',(-15.76514547165,3.570998800329));
#4313 = CARTESIAN_POINT('',(-15.70802257464,3.593727561953));
#4314 = CARTESIAN_POINT('',(-15.65088226802,3.616462638218));
#4315 = CARTESIAN_POINT('',(-15.59373921395,3.63919820936));
#4316 = CARTESIAN_POINT('',(-15.53659701698,3.661932885381));
#4317 = CARTESIAN_POINT('',(-15.47945858683,3.684665588606));
#4318 = CARTESIAN_POINT('',(-15.422324332,3.707396263513));
#4319 = CARTESIAN_POINT('',(-15.36519344154,3.730125355857));
#4320 = CARTESIAN_POINT('',(-15.30806422408,3.752853668552));
#4321 = CARTESIAN_POINT('',(-15.25093462701,3.77558214893));
#4322 = CARTESIAN_POINT('',(-15.19380268012,3.798311708074));
#4323 = CARTESIAN_POINT('',(-15.13666693527,3.821043041382));
#4324 = CARTESIAN_POINT('',(-15.07952702525,3.843776399606));
#4325 = CARTESIAN_POINT('',(-15.02238393587,3.866511470821));
#4326 = CARTESIAN_POINT('',(-14.96524167372,3.889246708783));
#4327 = CARTESIAN_POINT('',(-14.90810422738,3.911980531981));
#4328 = CARTESIAN_POINT('',(-14.85099082692,3.934705287219));
#4329 = CARTESIAN_POINT('',(-14.79387340666,3.957432062001));
#4330 = CARTESIAN_POINT('',(-14.73675301706,3.980160448741));
#4331 = CARTESIAN_POINT('',(-14.6796335888,4.002888758961));
#4332 = CARTESIAN_POINT('',(-14.62251571296,4.025616615175));
#4333 = CARTESIAN_POINT('',(-14.5653991581,4.048343983869));
#4334 = CARTESIAN_POINT('',(-14.50828292417,4.07107116456));
#4335 = CARTESIAN_POINT('',(-14.45116591459,4.093798510673));
#4336 = CARTESIAN_POINT('',(-14.39404730928,4.116526264277));
#4337 = CARTESIAN_POINT('',(-14.33692744963,4.139254200821));
#4338 = CARTESIAN_POINT('',(-14.2798071363,4.161981917204));
#4339 = CARTESIAN_POINT('',(-14.22269314411,4.184706733748));
#4340 = CARTESIAN_POINT('',(-14.1655804311,4.20743072864));
#4341 = CARTESIAN_POINT('',(-14.10846632331,4.230155001831));
#4342 = CARTESIAN_POINT('',(-14.05135308274,4.252878749459));
#4343 = CARTESIAN_POINT('',(-13.9942402134,4.275602284454));
#4344 = CARTESIAN_POINT('',(-13.937127198,4.298325956045));
#4345 = CARTESIAN_POINT('',(-13.88001374202,4.321050028476));
#4346 = CARTESIAN_POINT('',(-13.82289938212,4.343774814065));
#4347 = CARTESIAN_POINT('',(-13.76578818085,4.366498819753));
#4348 = CARTESIAN_POINT('',(-13.70867043156,4.389225964832));
#4349 = CARTESIAN_POINT('',(-13.65155070867,4.411954547425));
#4350 = CARTESIAN_POINT('',(-13.59443177903,4.434683430148));
#4351 = CARTESIAN_POINT('',(-13.53731440137,4.457412218231));
#4352 = CARTESIAN_POINT('',(-13.48019822111,4.480140925413));
#4353 = CARTESIAN_POINT('',(-13.4230822537,4.502869786578));
#4354 = CARTESIAN_POINT('',(-13.36596544014,4.525599026485));
#4355 = CARTESIAN_POINT('',(-13.30884705645,4.548328688255));
#4356 = CARTESIAN_POINT('',(-13.25172759109,4.571058297563));
#4357 = CARTESIAN_POINT('',(-13.19460807969,4.59378715513));
#4358 = CARTESIAN_POINT('',(-13.13749554265,4.616512311128));
#4359 = CARTESIAN_POINT('',(-13.08038257858,4.639236599647));
#4360 = CARTESIAN_POINT('',(-13.02326943755,4.661959879621));
#4361 = CARTESIAN_POINT('',(-12.96615684614,4.684681953046));
#4362 = CARTESIAN_POINT('',(-12.90904433889,4.707403232657));
#4363 = CARTESIAN_POINT('',(-12.85193151196,4.730124238497));
#4364 = CARTESIAN_POINT('',(-12.79481810003,4.752845520723));
#4365 = CARTESIAN_POINT('',(-12.73770577901,4.775566910869));
#4366 = CARTESIAN_POINT('',(-12.6805941366,4.798288994023));
#4367 = CARTESIAN_POINT('',(-12.62348235342,4.821012492383));
#4368 = CARTESIAN_POINT('',(-12.58540786572,4.836162174051));
#4369 = CARTESIAN_POINT('',(-12.56637061435,4.84373717341));
#4370 = ( GEOMETRIC_REPRESENTATION_CONTEXT(2) 
PARAMETRIC_REPRESENTATION_CONTEXT() REPRESENTATION_CONTEXT('2D SPACE',''
  ) );
#4371 = PCURVE('',#4372,#4397);
#4372 = B_SPLINE_SURFACE_WITH_KNOTS('',1,11,(
    (#4373,#4374,#4375,#4376,#4377,#4378,#4379,#4380,#4381,#4382,#4383
      ,#4384)
    ,(#4385,#4386,#4387,#4388,#4389,#4390,#4391,#4392,#4393,#4394,#4395
      ,#4396
    )),.UNSPECIFIED.,.F.,.F.,.F.,(2,2),(12,12),(0.,1.75),(0.,
    6.762279024438),.PIECEWISE_BEZIER_KNOTS.);
#4373 = CARTESIAN_POINT('',(10.037407330329,-1.5189643281E-07,
    -4.937496230123));
#4374 = CARTESIAN_POINT('',(10.037390893318,-5.733353246697,
    -5.164771193529));
#4375 = CARTESIAN_POINT('',(6.435074890537,-11.46656681936,
    -5.392033640113));
#4376 = CARTESIAN_POINT('',(-0.772371300217,-14.68624089183,
    -5.619336226495));
#4377 = CARTESIAN_POINT('',(-9.587229071381,-12.86867036605,
    -5.846548073163));
#4378 = CARTESIAN_POINT('',(-16.15052317739,-5.307031843598,
    -6.073912610364));
#4379 = CARTESIAN_POINT('',(-16.14969820056,5.306981500588,
    -6.301080322499));
#4380 = CARTESIAN_POINT('',(-9.58783664417,12.8687719713,-6.528444855613
    ));
#4381 = CARTESIAN_POINT('',(-0.772045021855,14.6861706549,
    -6.755656707026));
#4382 = CARTESIAN_POINT('',(6.434952895925,11.466587183192,
    -6.982959290736));
#4383 = CARTESIAN_POINT('',(10.037420310605,5.733352961894,
    -7.210221738034));
#4384 = CARTESIAN_POINT('',(10.037403884443,-1.3290754057E-07,
    -7.437496701392));
#4385 = CARTESIAN_POINT('',(8.521842561469,1.26569860384E-06,
    -4.062531412894));
#4386 = CARTESIAN_POINT('',(8.521838981295,-4.867660073128,
    -4.289785508982));
#4387 = CARTESIAN_POINT('',(5.463400575941,-9.735202717426,
    -4.517143891535));
#4388 = CARTESIAN_POINT('',(-0.655654055825,-12.4688319694,
    -4.744167845225));
#4389 = CARTESIAN_POINT('',(-8.139818531788,-10.92534182244,
    -4.97194780716));
#4390 = CARTESIAN_POINT('',(-13.71168469142,-4.506173746567,
    -5.198455594973));
#4391 = CARTESIAN_POINT('',(-13.71146886478,4.506156558066,
    -5.426603304515));
#4392 = CARTESIAN_POINT('',(-8.139981574097,10.925366224866,
    -5.653111091403));
#4393 = CARTESIAN_POINT('',(-0.655571766563,12.468813295849,
    -5.880891054398));
#4394 = CARTESIAN_POINT('',(5.463365672229,9.735209646362,
    -6.107915007514));
#4395 = CARTESIAN_POINT('',(8.521845325058,4.867662446313,
    -6.335273390199));
#4396 = CARTESIAN_POINT('',(8.521841654568,1.10748740326E-06,
    -6.562527486291));
#4397 = DEFINITIONAL_REPRESENTATION('',(#4398),#4478);
#4398 = B_SPLINE_CURVE_WITH_KNOTS('',8,(#4399,#4400,#4401,#4402,#4403,
    #4404,#4405,#4406,#4407,#4408,#4409,#4410,#4411,#4412,#4413,#4414,
    #4415,#4416,#4417,#4418,#4419,#4420,#4421,#4422,#4423,#4424,#4425,
    #4426,#4427,#4428,#4429,#4430,#4431,#4432,#4433,#4434,#4435,#4436,
    #4437,#4438,#4439,#4440,#4441,#4442,#4443,#4444,#4445,#4446,#4447,
    #4448,#4449,#4450,#4451,#4452,#4453,#4454,#4455,#4456,#4457,#4458,
    #4459,#4460,#4461,#4462,#4463,#4464,#4465,#4466,#4467,#4468,#4469,
    #4470,#4471,#4472,#4473,#4474,#4475,#4476,#4477),.UNSPECIFIED.,.F.,
  .F.,(9,7,7,7,7,7,7,7,7,7,7,9),(0.,8.700749877301E-02,0.196895966644,
    0.266035583129,0.370509744006,0.490398710217,0.633630801758,
    0.735262627678,0.806310943631,0.906303939599,0.971169359589,1.),
  .UNSPECIFIED.);
#4399 = CARTESIAN_POINT('',(0.187529318387,0.));
#4400 = CARTESIAN_POINT('',(0.187527238373,7.353582297484E-02));
#4401 = CARTESIAN_POINT('',(0.187526208556,0.147082785749));
#4402 = CARTESIAN_POINT('',(0.187519727913,0.220624724903));
#4403 = CARTESIAN_POINT('',(0.187509713232,0.294160258634));
#4404 = CARTESIAN_POINT('',(0.187500162205,0.367695498652));
#4405 = CARTESIAN_POINT('',(0.187493601204,0.441236703114));
#4406 = CARTESIAN_POINT('',(0.187490317742,0.514782870602));
#4407 = CARTESIAN_POINT('',(0.187490453226,0.681191798115));
#4408 = CARTESIAN_POINT('',(0.187495756485,0.774101019797));
#4409 = CARTESIAN_POINT('',(0.187505843473,0.866992062394));
#4410 = CARTESIAN_POINT('',(0.187517600166,0.959868384245));
#4411 = CARTESIAN_POINT('',(0.187527065414,1.052745068227));
#4412 = CARTESIAN_POINT('',(0.187532868079,1.145637094244));
#4413 = CARTESIAN_POINT('',(0.187535176296,1.238547595334));
#4414 = CARTESIAN_POINT('',(0.187534968988,1.389857253841));
#4415 = CARTESIAN_POINT('',(0.187533925328,1.448295562339));
#4416 = CARTESIAN_POINT('',(0.187532171751,1.506732141695));
#4417 = CARTESIAN_POINT('',(0.187530107601,1.565166584792));
#4418 = CARTESIAN_POINT('',(0.187528153517,1.623600853466));
#4419 = CARTESIAN_POINT('',(0.187526660392,1.682036931587));
#4420 = CARTESIAN_POINT('',(0.187525851667,1.740474472953));
#4421 = CARTESIAN_POINT('',(0.187525719329,1.887205724186));
#4422 = CARTESIAN_POINT('',(0.187527367874,1.975530330523));
#4423 = CARTESIAN_POINT('',(0.187531009026,2.063840797084));
#4424 = CARTESIAN_POINT('',(0.187536167576,2.152139065527));
#4425 = CARTESIAN_POINT('',(0.1875415675,2.240437628573));
#4426 = CARTESIAN_POINT('',(0.187545772704,2.328748890731));
#4427 = CARTESIAN_POINT('',(0.187547877531,2.41707456414));
#4428 = CARTESIAN_POINT('',(0.18754727045,2.606699390887));
#4429 = CARTESIAN_POINT('',(0.187543801981,2.708080628951));
#4430 = CARTESIAN_POINT('',(0.187536756359,2.809432341403));
#4431 = CARTESIAN_POINT('',(0.187526780785,2.910761518513));
#4432 = CARTESIAN_POINT('',(0.187515950949,3.012090440661));
#4433 = CARTESIAN_POINT('',(0.187506779616,3.113441537414));
#4434 = CARTESIAN_POINT('',(0.187500848734,3.21482207871));
#4435 = CARTESIAN_POINT('',(0.187495991415,3.437202760008));
#4436 = CARTESIAN_POINT('',(0.187498650825,3.558389523188));
#4437 = CARTESIAN_POINT('',(0.187507433433,3.679499598813));
#4438 = CARTESIAN_POINT('',(0.18752095035,3.800562904872));
#4439 = CARTESIAN_POINT('',(0.187534679143,3.921626717892));
#4440 = CARTESIAN_POINT('',(0.18754414616,4.042737956506));
#4441 = CARTESIAN_POINT('',(0.187548236254,4.163925898707));
#4442 = CARTESIAN_POINT('',(0.187547699398,4.370876858406));
#4443 = CARTESIAN_POINT('',(0.187545274893,4.456796079365));
#4444 = CARTESIAN_POINT('',(0.187540929753,4.542704572455));
#4445 = CARTESIAN_POINT('',(0.187535672487,4.628599685309));
#4446 = CARTESIAN_POINT('',(0.187530755032,4.714494530479));
#4447 = CARTESIAN_POINT('',(0.187527248729,4.800402303011));
#4448 = CARTESIAN_POINT('',(0.187525680296,4.886320558));
#4449 = CARTESIAN_POINT('',(0.187525761025,5.032262458369));
#4450 = CARTESIAN_POINT('',(0.187526590125,5.092313573674));
#4451 = CARTESIAN_POINT('',(0.187528134692,5.152363023873));
#4452 = CARTESIAN_POINT('',(0.187530142803,5.2124103991));
#4453 = CARTESIAN_POINT('',(0.187532222068,5.272457959928));
#4454 = CARTESIAN_POINT('',(0.187533908548,5.332507948208));
#4455 = CARTESIAN_POINT('',(0.187534773572,5.392559898594));
#4456 = CARTESIAN_POINT('',(0.18753427972,5.537119238008));
#4457 = CARTESIAN_POINT('',(0.187531865347,5.621652482034));
#4458 = CARTESIAN_POINT('',(0.187526630029,5.706176217602));
#4459 = CARTESIAN_POINT('',(0.187518415949,5.790687823896));
#4460 = CARTESIAN_POINT('',(0.187508414192,5.875199153154));
#4461 = CARTESIAN_POINT('',(0.187499054039,5.959722133817));
#4462 = CARTESIAN_POINT('',(0.187492970124,6.044254348183));
#4463 = CARTESIAN_POINT('',(0.187489800186,6.183586344068));
#4464 = CARTESIAN_POINT('',(0.187490315763,6.238410490529));
#4465 = CARTESIAN_POINT('',(0.187492818733,6.293233399164));
#4466 = CARTESIAN_POINT('',(0.187497357705,6.348054875373));
#4467 = CARTESIAN_POINT('',(0.187503478929,6.40287642706));
#4468 = CARTESIAN_POINT('',(0.187510198278,6.457699534116));
#4469 = CARTESIAN_POINT('',(0.187516271619,6.512523915071));
#4470 = CARTESIAN_POINT('',(0.187522760092,6.591712391641));
#4471 = CARTESIAN_POINT('',(0.187524466063,6.616079030551));
#4472 = CARTESIAN_POINT('',(0.18752576413,6.640445697877));
#4473 = CARTESIAN_POINT('',(0.187526588732,6.664812382498));
#4474 = CARTESIAN_POINT('',(0.187526926088,6.689179071947));
#4475 = CARTESIAN_POINT('',(0.187526814202,6.713545752415));
#4476 = CARTESIAN_POINT('',(0.18752634286,6.737912408746));
#4477 = CARTESIAN_POINT('',(0.187525653631,6.762279024438));
#4478 = ( GEOMETRIC_REPRESENTATION_CONTEXT(2) 
PARAMETRIC_REPRESENTATION_CONTEXT() REPRESENTATION_CONTEXT('2D SPACE',''
  ) );
#4479 = ORIENTED_EDGE('',*,*,#4480,.F.);
#4480 = EDGE_CURVE('',#2817,#4171,#4481,.T.);
#4481 = SURFACE_CURVE('',#4482,(#4562,#4679),.PCURVE_S1.);
#4482 = B_SPLINE_CURVE_WITH_KNOTS('',8,(#4483,#4484,#4485,#4486,#4487,
    #4488,#4489,#4490,#4491,#4492,#4493,#4494,#4495,#4496,#4497,#4498,
    #4499,#4500,#4501,#4502,#4503,#4504,#4505,#4506,#4507,#4508,#4509,
    #4510,#4511,#4512,#4513,#4514,#4515,#4516,#4517,#4518,#4519,#4520,
    #4521,#4522,#4523,#4524,#4525,#4526,#4527,#4528,#4529,#4530,#4531,
    #4532,#4533,#4534,#4535,#4536,#4537,#4538,#4539,#4540,#4541,#4542,
    #4543,#4544,#4545,#4546,#4547,#4548,#4549,#4550,#4551,#4552,#4553,
    #4554,#4555,#4556,#4557,#4558,#4559,#4560,#4561),.UNSPECIFIED.,.F.,
  .F.,(9,7,7,7,7,7,7,7,7,7,7,9),(0.,2.720414728621E-02,0.143352897204,
    0.217102115771,0.328541628607,0.456423685396,0.609204954319,
    0.717612285501,0.793435647329,0.900106507676,0.975169946599,1.),
  .UNSPECIFIED.);
#4483 = CARTESIAN_POINT('',(9.123307964384,-3.779004734981,-2.4999994));
#4484 = CARTESIAN_POINT('',(9.047622780159,-3.961724601669,
    -2.507969020596));
#4485 = CARTESIAN_POINT('',(8.967755213312,-4.142712379674,
    -2.515938544744));
#4486 = CARTESIAN_POINT('',(8.883751674677,-4.321856052182,
    -2.523907954216));
#4487 = CARTESIAN_POINT('',(8.795662021313,-4.499045376982,
    -2.531877235444));
#4488 = CARTESIAN_POINT('',(8.703539556495,-4.674171886472,
    -2.539846379513));
#4489 = CARTESIAN_POINT('',(8.607441029721,-4.847128887654,
    -2.547815382169));
#4490 = CARTESIAN_POINT('',(8.50742663671,-5.017811462137,
    -2.555784243813));
#4491 = CARTESIAN_POINT('',(7.960099041491,-5.904698659278,
    -2.597775632204));
#4492 = CARTESIAN_POINT('',(7.446251410792,-6.580208233084,
    -2.631808363446));
#4493 = CARTESIAN_POINT('',(6.867117827943,-7.204178243069,
    -2.665832415923));
#4494 = CARTESIAN_POINT('',(6.228860694199,-7.769363836282,
    -2.699850496144));
#4495 = CARTESIAN_POINT('',(5.538401999161,-8.269437327444,
    -2.733869846144));
#4496 = CARTESIAN_POINT('',(4.803423273712,-8.699018589167,
    -2.767896438398));
#4497 = CARTESIAN_POINT('',(4.032335948906,-9.053668289165,
    -2.80193124756));
#4498 = CARTESIAN_POINT('',(2.727932116564,-9.505865404829,
    -2.857557918865));
#4499 = CARTESIAN_POINT('',(2.210422738995,-9.650058592817,
    -2.879162957409));
#4500 = CARTESIAN_POINT('',(1.684304308919,-9.762017469827,
    -2.900767711636));
#4501 = CARTESIAN_POINT('',(1.151925726173,-9.841158688068,
    -2.922371831372));
#4502 = CARTESIAN_POINT('',(0.615661505218,-9.887104077873,
    -2.943975831593));
#4503 = CARTESIAN_POINT('',(7.790928708352E-02,-9.899673218517,
    -2.965580270293));
#4504 = CARTESIAN_POINT('',(-0.45891085773,-9.878891224888,
    -2.987184907767));
#4505 = CARTESIAN_POINT('',(-1.798422082448,-9.743596617164,
    -3.041431190568));
#4506 = CARTESIAN_POINT('',(-2.597105653801,-9.586576361491,
    -3.07408377218));
#4507 = CARTESIAN_POINT('',(-3.379751406552,-9.354747395596,
    -3.106730130098));
#4508 = CARTESIAN_POINT('',(-4.138205977655,-9.050132950542,
    -3.139371219741));
#4509 = CARTESIAN_POINT('',(-4.86474820602,-8.675727234701,
    -3.172012297616));
#4510 = CARTESIAN_POINT('',(-5.552062636161,-8.235411624783,
    -3.20465866765));
#4511 = CARTESIAN_POINT('',(-6.193285456239,-7.734029472169,
    -3.237311415625));
#4512 = CARTESIAN_POINT('',(-7.457905473712,-6.539084254104,
    -3.307415593099));
#4513 = CARTESIAN_POINT('',(-8.065319227987,-5.827509325706,
    -3.344897747378));
#4514 = CARTESIAN_POINT('',(-8.594573590898,-5.051902382812,
    -3.382370774609));
#4515 = CARTESIAN_POINT('',(-9.038047642214,-4.222444176826,
    -3.419836935489));
#4516 = CARTESIAN_POINT('',(-9.389647772311,-3.350063816176,
    -3.457303429229));
#4517 = CARTESIAN_POINT('',(-9.644901847409,-2.446447940536,
    -3.494777291651));
#4518 = CARTESIAN_POINT('',(-9.800891750604,-1.523974366369,
    -3.532260419497));
#4519 = CARTESIAN_POINT('',(-9.92403314378,0.512734850425,
    -3.614476431806));
#4520 = CARTESIAN_POINT('',(-9.848619454111,1.631262736348,
    -3.659277517161));
#4521 = CARTESIAN_POINT('',(-9.628809615914,2.736345693948,
    -3.704047190081));
#4522 = CARTESIAN_POINT('',(-9.267985538722,3.806482222999,
    -3.748797205443));
#4523 = CARTESIAN_POINT('',(-8.772488915415,4.821307313742,
    -3.793547302296));
#4524 = CARTESIAN_POINT('',(-8.152122217677,5.761877705591,
    -3.838317062943));
#4525 = CARTESIAN_POINT('',(-7.419591960516,6.610520491675,
    -3.883117868846));
#4526 = CARTESIAN_POINT('',(-6.005881912137,7.878206896043,
    -3.959627279201));
#4527 = CARTESIAN_POINT('',(-5.370959502845,8.350992211628,
    -3.991392530048));
#4528 = CARTESIAN_POINT('',(-4.693782339043,8.765025111379,
    -4.023154775171));
#4529 = CARTESIAN_POINT('',(-3.98075549039,9.115989690432,
    -4.054912529788));
#4530 = CARTESIAN_POINT('',(-3.238681579362,9.400436147772,
    -4.086670015564));
#4531 = CARTESIAN_POINT('',(-2.474714738214,9.615719645102,
    -4.118431574947));
#4532 = CARTESIAN_POINT('',(-1.696374167809,9.760075638488,
    -4.150196040724));
#4533 = CARTESIAN_POINT('',(-0.362734640522,9.883719457685,
    -4.204161480941));
#4534 = CARTESIAN_POINT('',(0.189431870692,9.899594181009,
    -4.226373024179));
#4535 = CARTESIAN_POINT('',(0.74222143381,9.880201057371,-4.248583592154
    ));
#4536 = CARTESIAN_POINT('',(1.293003089412,9.825541566675,
    -4.270793159133));
#4537 = CARTESIAN_POINT('',(1.839174136564,9.735846341243,
    -4.293002759476));
#4538 = CARTESIAN_POINT('',(2.37816086019,9.611565956458,-4.315213456407
    ));
#4539 = CARTESIAN_POINT('',(2.907421569461,9.453379634937,
    -4.337425292088));
#4540 = CARTESIAN_POINT('',(4.151827704305,8.993294671088,
    -4.390883299316));
#4541 = CARTESIAN_POINT('',(4.855258054905,8.659013925176,
    -4.422139564767));
#4542 = CARTESIAN_POINT('',(5.527596517105,8.261958742444,
    -4.453393723974));
#4543 = CARTESIAN_POINT('',(6.16235125266,7.805589138717,-4.484644885354
    ));
#4544 = CARTESIAN_POINT('',(6.753571766954,7.294076624211,
    -4.515896835995));
#4545 = CARTESIAN_POINT('',(7.295819512036,6.732241119074,
    -4.547152772345));
#4546 = CARTESIAN_POINT('',(7.784222392692,6.125594189929,
    -4.578410482716));
#4547 = CARTESIAN_POINT('',(8.517475758058,5.026532922286,
    -4.631646598856));
#4548 = CARTESIAN_POINT('',(8.7916875202,4.553420249966,-4.653635519126)
  );
#4549 = CARTESIAN_POINT('',(9.03580383701,4.063302467699,-4.675622593128
    ));
#4550 = CARTESIAN_POINT('',(9.248609389241,3.55842365461,-4.697607674269
    ));
#4551 = CARTESIAN_POINT('',(9.429095057347,3.04110934473,-4.719591934403
    ));
#4552 = CARTESIAN_POINT('',(9.576450711894,2.513761862193,
    -4.741576913312));
#4553 = CARTESIAN_POINT('',(9.690073900387,1.978861738629,
    -4.763563301897));
#4554 = CARTESIAN_POINT('',(9.795898834364,1.260387454672,
    -4.792822206835));
#4555 = CARTESIAN_POINT('',(9.818472317947,1.081249881073,
    -4.800095089227));
#4556 = CARTESIAN_POINT('',(9.837301454851,0.901653776316,
    -4.807368122381));
#4557 = CARTESIAN_POINT('',(9.852375504156,0.721690564234,
    -4.814641311381));
#4558 = CARTESIAN_POINT('',(9.863686410458,0.541451808109,-4.82191465027
    ));
#4559 = CARTESIAN_POINT('',(9.871228803865,0.361029210672,
    -4.829188122051));
#4560 = CARTESIAN_POINT('',(9.875,0.180514614098,-4.836461698687));
#4561 = CARTESIAN_POINT('',(9.875,1.252154E-11,-4.843735341101));
#4562 = PCURVE('',#387,#4563);
#4563 = DEFINITIONAL_REPRESENTATION('',(#4564),#4678);
#4564 = B_SPLINE_CURVE_WITH_KNOTS('',3,(#4565,#4566,#4567,#4568,#4569,
    #4570,#4571,#4572,#4573,#4574,#4575,#4576,#4577,#4578,#4579,#4580,
    #4581,#4582,#4583,#4584,#4585,#4586,#4587,#4588,#4589,#4590,#4591,
    #4592,#4593,#4594,#4595,#4596,#4597,#4598,#4599,#4600,#4601,#4602,
    #4603,#4604,#4605,#4606,#4607,#4608,#4609,#4610,#4611,#4612,#4613,
    #4614,#4615,#4616,#4617,#4618,#4619,#4620,#4621,#4622,#4623,#4624,
    #4625,#4626,#4627,#4628,#4629,#4630,#4631,#4632,#4633,#4634,#4635,
    #4636,#4637,#4638,#4639,#4640,#4641,#4642,#4643,#4644,#4645,#4646,
    #4647,#4648,#4649,#4650,#4651,#4652,#4653,#4654,#4655,#4656,#4657,
    #4658,#4659,#4660,#4661,#4662,#4663,#4664,#4665,#4666,#4667,#4668,
    #4669,#4670,#4671,#4672,#4673,#4674,#4675,#4676,#4677),
  .UNSPECIFIED.,.F.,.F.,(4,1,1,1,1,1,1,1,1,1,1,1,1,1,1,1,1,1,1,1,1,1,1,1
    ,1,1,1,1,1,1,1,1,1,1,1,1,1,1,1,1,1,1,1,1,1,1,1,1,1,1,1,1,1,1,1,1,1,1
    ,1,1,1,1,1,1,1,1,1,1,1,1,1,1,1,1,1,1,1,1,1,1,1,1,1,1,1,1,1,1,1,1,1,1
    ,1,1,1,1,1,1,1,1,1,1,1,1,1,1,1,1,1,1,4),(2.56011068E-07,
    9.091162774604E-03,1.818206953814E-02,2.727297630168E-02,
    3.636388306521E-02,4.545478982875E-02,5.454569659228E-02,
    6.363660335582E-02,7.272751011935E-02,8.181841688289E-02,
    9.090932364643E-02,0.10000023041,0.109091137173,0.118182043937,
    0.127272950701,0.136363857464,0.145454764228,0.154545670991,
    0.163636577755,0.172727484518,0.181818391282,0.190909298045,
    0.200000204809,0.209091111572,0.218182018336,0.227272925099,
    0.236363831863,0.245454738627,0.25454564539,0.263636552154,
    0.272727458917,0.281818365681,0.290909272444,0.300000179208,
    0.309091085971,0.318181992735,0.327272899498,0.336363806262,
    0.345454713025,0.354545619789,0.363636526552,0.372727433316,
    0.38181834008,0.390909246843,0.400000153607,0.40909106037,
    0.418181967134,0.427272873897,0.436363780661,0.445454687424,
    0.454545594188,0.463636500951,0.472727407715,0.481818314478,
    0.490909221242,0.500000128006,0.509091034769,0.518181941533,
    0.527272848296,0.53636375506,0.545454661823,0.554545568587,
    0.56363647535,0.572727382114,0.581818288877,0.590909195641,
    0.600000102404,0.609091009168,0.618181915931,0.627272822695,
    0.636363729459,0.645454636222,0.654545542986,0.663636449749,
    0.672727356513,0.681818263276,0.69090917004,0.700000076803,
    0.709090983567,0.71818189033,0.727272797094,0.736363703857,
    0.745454610621,0.754545517385,0.763636424148,0.772727330912,
    0.781818237675,0.790909144439,0.800000051202,0.809090957966,
    0.818181864729,0.827272771493,0.836363678256,0.84545458502,
    0.854545491783,0.863636398547,0.87272730531,0.881818212074,
    0.890909118838,0.900000025601,0.909090932365,0.918181839128,
    0.927272745892,0.936363652655,0.945454559419,0.954545466182,
    0.963636372946,0.972727279709,0.981818186473,0.990909093236,1.),
  .QUASI_UNIFORM_KNOTS.);
#4565 = CARTESIAN_POINT('',(-24.74003999904,1.021405182655E-14));
#4566 = CARTESIAN_POINT('',(-24.72219261517,7.101972116632E-03));
#4567 = CARTESIAN_POINT('',(-24.68649791605,2.130565683966E-02));
#4568 = CARTESIAN_POINT('',(-24.63295545219,4.261058076346E-02));
#4569 = CARTESIAN_POINT('',(-24.57941441232,6.391404715521E-02));
#4570 = CARTESIAN_POINT('',(-24.52586802459,8.521880573786E-02));
#4571 = CARTESIAN_POINT('',(-24.47231597448,0.106525063502));
#4572 = CARTESIAN_POINT('',(-24.41876369693,0.127830810214));
#4573 = CARTESIAN_POINT('',(-24.36521255884,0.149135685714));
#4574 = CARTESIAN_POINT('',(-24.31166317591,0.170439646384));
#4575 = CARTESIAN_POINT('',(-24.25811510551,0.191743066038));
#4576 = CARTESIAN_POINT('',(-24.204567444,0.213046482651));
#4577 = CARTESIAN_POINT('',(-24.15101913319,0.234350464745));
#4578 = CARTESIAN_POINT('',(-24.09746936294,0.25565544385));
#4579 = CARTESIAN_POINT('',(-24.04391783645,0.276961604851));
#4580 = CARTESIAN_POINT('',(-23.99036556029,0.298268570318));
#4581 = CARTESIAN_POINT('',(-23.93681386587,0.31957579059));
#4582 = CARTESIAN_POINT('',(-23.88327031352,0.340880202776));
#4583 = CARTESIAN_POINT('',(-23.82972708941,0.36218482985));
#4584 = CARTESIAN_POINT('',(-23.77618307278,0.383490022933));
#4585 = CARTESIAN_POINT('',(-23.72263968987,0.404795091359));
#4586 = CARTESIAN_POINT('',(-23.66909662882,0.426100041022));
#4587 = CARTESIAN_POINT('',(-23.61555345601,0.447404938641));
#4588 = CARTESIAN_POINT('',(-23.56200996678,0.468709772697));
#4589 = CARTESIAN_POINT('',(-23.50846557862,0.490014693884));
#4590 = CARTESIAN_POINT('',(-23.45492384558,0.511318232951));
#4591 = CARTESIAN_POINT('',(-23.40137709948,0.532623425849));
#4592 = CARTESIAN_POINT('',(-23.34782628503,0.553929893777));
#4593 = CARTESIAN_POINT('',(-23.29427563421,0.575235985289));
#4594 = CARTESIAN_POINT('',(-23.24072622191,0.596541327371));
#4595 = CARTESIAN_POINT('',(-23.18717833079,0.617845882371));
#4596 = CARTESIAN_POINT('',(-23.13363137851,0.639149971674));
#4597 = CARTESIAN_POINT('',(-23.08008443595,0.66045406405));
#4598 = CARTESIAN_POINT('',(-23.02653657719,0.681758630167));
#4599 = CARTESIAN_POINT('',(-22.97298718764,0.703064013667));
#4600 = CARTESIAN_POINT('',(-22.9194366066,0.724370169848));
#4601 = CARTESIAN_POINT('',(-22.86588559634,0.745676871625));
#4602 = CARTESIAN_POINT('',(-22.81233941061,0.766982087213));
#4603 = CARTESIAN_POINT('',(-22.75879498829,0.788287066287));
#4604 = CARTESIAN_POINT('',(-22.70523911784,0.809597081388));
#4605 = CARTESIAN_POINT('',(-22.65168234276,0.830907922692));
#4606 = CARTESIAN_POINT('',(-22.59812615136,0.852218957981));
#4607 = CARTESIAN_POINT('',(-22.54457216249,0.873529483296));
#4608 = CARTESIAN_POINT('',(-22.49102030257,0.894839449167));
#4609 = CARTESIAN_POINT('',(-22.43746983992,0.916149051549));
#4610 = CARTESIAN_POINT('',(-22.3839195953,0.937458652374));
#4611 = CARTESIAN_POINT('',(-22.33036833416,0.958768629669));
#4612 = CARTESIAN_POINT('',(-22.27681512562,0.980079241301));
#4613 = CARTESIAN_POINT('',(-22.22325963364,1.001390514763));
#4614 = CARTESIAN_POINT('',(-22.16970280386,1.022701978015));
#4615 = CARTESIAN_POINT('',(-22.11614624594,1.044012907499));
#4616 = CARTESIAN_POINT('',(-22.06259678722,1.065320522458));
#4617 = CARTESIAN_POINT('',(-22.00905216308,1.086625681475));
#4618 = CARTESIAN_POINT('',(-21.95548588701,1.10793891261));
#4619 = CARTESIAN_POINT('',(-21.90191551729,1.129253241231));
#4620 = CARTESIAN_POINT('',(-21.84834399431,1.150567520651));
#4621 = CARTESIAN_POINT('',(-21.79477498125,1.171880346462));
#4622 = CARTESIAN_POINT('',(-21.74120952844,1.19319137805));
#4623 = CARTESIAN_POINT('',(-21.68764760316,1.214500723056));
#4624 = CARTESIAN_POINT('',(-21.63408821726,1.235808878695));
#4625 = CARTESIAN_POINT('',(-21.58052986495,1.257116551713));
#4626 = CARTESIAN_POINT('',(-21.52697083735,1.278424529319));
#4627 = CARTESIAN_POINT('',(-21.47340955698,1.299733543178));
#4628 = CARTESIAN_POINT('',(-21.41984489681,1.321044139041));
#4629 = CARTESIAN_POINT('',(-21.36627657956,1.342356512935));
#4630 = CARTESIAN_POINT('',(-21.31270541155,1.363670410879));
#4631 = CARTESIAN_POINT('',(-21.25913435529,1.384984696592));
#4632 = CARTESIAN_POINT('',(-21.20556681165,1.406298025608));
#4633 = CARTESIAN_POINT('',(-21.15201579966,1.427605220956));
#4634 = CARTESIAN_POINT('',(-21.09847312542,1.448909484577));
#4635 = CARTESIAN_POINT('',(-21.04492260766,1.470217250782));
#4636 = CARTESIAN_POINT('',(-20.99137309251,1.491524942637));
#4637 = CARTESIAN_POINT('',(-20.93782443051,1.512832500439));
#4638 = CARTESIAN_POINT('',(-20.88427724958,1.534139561869));
#4639 = CARTESIAN_POINT('',(-20.83073090848,1.55544628791));
#4640 = CARTESIAN_POINT('',(-20.77718454611,1.576752945954));
#4641 = CARTESIAN_POINT('',(-20.7236372882,1.598059816521));
#4642 = CARTESIAN_POINT('',(-20.67008858805,1.61936704644));
#4643 = CARTESIAN_POINT('',(-20.61653887731,1.640674390685));
#4644 = CARTESIAN_POINT('',(-20.56298899047,1.661981451272));
#4645 = CARTESIAN_POINT('',(-20.50944446948,1.683286037331));
#4646 = CARTESIAN_POINT('',(-20.45590184177,1.704589596332));
#4647 = CARTESIAN_POINT('',(-20.4023575187,1.725893577168));
#4648 = CARTESIAN_POINT('',(-20.34881396139,1.747197079228));
#4649 = CARTESIAN_POINT('',(-20.29527078438,1.76850034445));
#4650 = CARTESIAN_POINT('',(-20.24172767975,1.789803609505));
#4651 = CARTESIAN_POINT('',(-20.18818419481,1.81110717633));
#4652 = CARTESIAN_POINT('',(-20.13464011769,1.832411242439));
#4653 = CARTESIAN_POINT('',(-20.08109656384,1.853715467009));
#4654 = CARTESIAN_POINT('',(-20.027553781,1.875019827395));
#4655 = CARTESIAN_POINT('',(-19.97400462784,1.8963272338));
#4656 = CARTESIAN_POINT('',(-19.92045532484,1.917635274534));
#4657 = CARTESIAN_POINT('',(-19.86690681694,1.938943522128));
#4658 = CARTESIAN_POINT('',(-19.81335971629,1.960251650226));
#4659 = CARTESIAN_POINT('',(-19.75981356556,1.98155973194));
#4660 = CARTESIAN_POINT('',(-19.70626754902,2.002867959929));
#4661 = CARTESIAN_POINT('',(-19.65272079167,2.024176519083));
#4662 = CARTESIAN_POINT('',(-19.59917269349,2.045485447966));
#4663 = CARTESIAN_POINT('',(-19.54562351447,2.066794413584));
#4664 = CARTESIAN_POINT('',(-19.49207404501,2.088102865037));
#4665 = CARTESIAN_POINT('',(-19.4385289466,2.109408779215));
#4666 = CARTESIAN_POINT('',(-19.38498671449,2.130712680418));
#4667 = CARTESIAN_POINT('',(-19.33144244688,2.152016439838));
#4668 = CARTESIAN_POINT('',(-19.27789899246,2.173318963568));
#4669 = CARTESIAN_POINT('',(-19.22435588429,2.194620563822));
#4670 = CARTESIAN_POINT('',(-19.17081285915,2.215921587518));
#4671 = CARTESIAN_POINT('',(-19.11726943285,2.237222560827));
#4672 = CARTESIAN_POINT('',(-19.0637255077,2.258523909019));
#4673 = CARTESIAN_POINT('',(-19.01018177577,2.279825757521));
#4674 = CARTESIAN_POINT('',(-18.95664003142,2.301127731207));
#4675 = CARTESIAN_POINT('',(-18.90309791098,2.322431030652));
#4676 = CARTESIAN_POINT('',(-18.86740326709,2.336633806699));
#4677 = CARTESIAN_POINT('',(-18.84955592153,2.343735341101));
#4678 = ( GEOMETRIC_REPRESENTATION_CONTEXT(2) 
PARAMETRIC_REPRESENTATION_CONTEXT() REPRESENTATION_CONTEXT('2D SPACE',''
  ) );
#4679 = PCURVE('',#2604,#4680);
#4680 = DEFINITIONAL_REPRESENTATION('',(#4681),#4761);
#4681 = B_SPLINE_CURVE_WITH_KNOTS('',8,(#4682,#4683,#4684,#4685,#4686,
    #4687,#4688,#4689,#4690,#4691,#4692,#4693,#4694,#4695,#4696,#4697,
    #4698,#4699,#4700,#4701,#4702,#4703,#4704,#4705,#4706,#4707,#4708,
    #4709,#4710,#4711,#4712,#4713,#4714,#4715,#4716,#4717,#4718,#4719,
    #4720,#4721,#4722,#4723,#4724,#4725,#4726,#4727,#4728,#4729,#4730,
    #4731,#4732,#4733,#4734,#4735,#4736,#4737,#4738,#4739,#4740,#4741,
    #4742,#4743,#4744,#4745,#4746,#4747,#4748,#4749,#4750,#4751,#4752,
    #4753,#4754,#4755,#4756,#4757,#4758,#4759,#4760),.UNSPECIFIED.,.F.,
  .F.,(9,7,7,7,7,7,7,7,7,7,7,9),(0.,2.720414728621E-02,0.143352897204,
    0.217102115771,0.328541628607,0.456423685396,0.609204954319,
    0.717612285501,0.793435647329,0.900106507676,0.975169946599,1.),
  .UNSPECIFIED.);
#4682 = CARTESIAN_POINT('',(0.187500994235,0.422642161606));
#4683 = CARTESIAN_POINT('',(0.187499259761,0.444196935187));
#4684 = CARTESIAN_POINT('',(0.187497724194,0.465751716885));
#4685 = CARTESIAN_POINT('',(0.187496423149,0.487306505563));
#4686 = CARTESIAN_POINT('',(0.187495383352,0.508861300662));
#4687 = CARTESIAN_POINT('',(0.18749462264,0.530416102194));
#4688 = CARTESIAN_POINT('',(0.187494149961,0.551970910749));
#4689 = CARTESIAN_POINT('',(0.187493965371,0.573525727488));
#4690 = CARTESIAN_POINT('',(0.187494464229,0.687109396121));
#4691 = CARTESIAN_POINT('',(0.187499973576,0.779172376789));
#4692 = CARTESIAN_POINT('',(0.187510041946,0.871218047762));
#4693 = CARTESIAN_POINT('',(0.187521607088,0.963249588546));
#4694 = CARTESIAN_POINT('',(0.187530888092,1.055281474928));
#4695 = CARTESIAN_POINT('',(0.187536574505,1.147328089644));
#4696 = CARTESIAN_POINT('',(0.187538839878,1.239392303766));
#4697 = CARTESIAN_POINT('',(0.187538633727,1.389857253992));
#4698 = CARTESIAN_POINT('',(0.187537590069,1.448295562138));
#4699 = CARTESIAN_POINT('',(0.187535836495,1.506732141143));
#4700 = CARTESIAN_POINT('',(0.187533772349,1.565166583889));
#4701 = CARTESIAN_POINT('',(0.187531818268,1.623600852211));
#4702 = CARTESIAN_POINT('',(0.187530325145,1.682036929981));
#4703 = CARTESIAN_POINT('',(0.187529516422,1.740474470996));
#4704 = CARTESIAN_POINT('',(0.187529384084,1.887205692166));
#4705 = CARTESIAN_POINT('',(0.187531032626,1.975530268746));
#4706 = CARTESIAN_POINT('',(0.187534673769,2.063840705574));
#4707 = CARTESIAN_POINT('',(0.187539832307,2.152138944303));
#4708 = CARTESIAN_POINT('',(0.18754523222,2.240437477635));
#4709 = CARTESIAN_POINT('',(0.187549437418,2.328748710059));
#4710 = CARTESIAN_POINT('',(0.187551542244,2.417074353711));
#4711 = CARTESIAN_POINT('',(0.187550935176,2.606699136257));
#4712 = CARTESIAN_POINT('',(0.187547466721,2.708080359791));
#4713 = CARTESIAN_POINT('',(0.187540421119,2.809432057745));
#4714 = CARTESIAN_POINT('',(0.187530445568,2.910761220353));
#4715 = CARTESIAN_POINT('',(0.187519615751,3.012090128022));
#4716 = CARTESIAN_POINT('',(0.18751044443,3.113441210266));
#4717 = CARTESIAN_POINT('',(0.187504513549,3.214821737036));
#4718 = CARTESIAN_POINT('',(0.187499656218,3.437202214197));
#4719 = CARTESIAN_POINT('',(0.187502315596,3.558388786648));
#4720 = CARTESIAN_POINT('',(0.187511098143,3.679498672198));
#4721 = CARTESIAN_POINT('',(0.187524614988,3.800561788445));
#4722 = CARTESIAN_POINT('',(0.18753834374,3.921625411696));
#4723 = CARTESIAN_POINT('',(0.187547810771,4.042736460241));
#4724 = CARTESIAN_POINT('',(0.187551900916,4.163924211764));
#4725 = CARTESIAN_POINT('',(0.187551364164,4.370874678193));
#4726 = CARTESIAN_POINT('',(0.187548939715,4.456793595181));
#4727 = CARTESIAN_POINT('',(0.187544594636,4.542701784487));
#4728 = CARTESIAN_POINT('',(0.187539337411,4.628596593787));
#4729 = CARTESIAN_POINT('',(0.18753441996,4.714491135403));
#4730 = CARTESIAN_POINT('',(0.18753091362,4.80039860415));
#4731 = CARTESIAN_POINT('',(0.18752934512,4.886316555167));
#4732 = CARTESIAN_POINT('',(0.187529425744,5.032288409967));
#4733 = CARTESIAN_POINT('',(0.187530255613,5.092369793453));
#4734 = CARTESIAN_POINT('',(0.18753180165,5.152449507481));
#4735 = CARTESIAN_POINT('',(0.187533811458,5.21252714111));
#4736 = CARTESIAN_POINT('',(0.18753589191,5.272604960522));
#4737 = CARTESIAN_POINT('',(0.187537578275,5.332685213147));
#4738 = CARTESIAN_POINT('',(0.187538441312,5.392767432524));
#4739 = CARTESIAN_POINT('',(0.187537938382,5.537365936752));
#4740 = CARTESIAN_POINT('',(0.187535516844,5.621908097171));
#4741 = CARTESIAN_POINT('',(0.187530273129,5.706440743685));
#4742 = CARTESIAN_POINT('',(0.187522051594,5.790961254142));
#4743 = CARTESIAN_POINT('',(0.187512046258,5.875481487061));
#4744 = CARTESIAN_POINT('',(0.187502688936,5.960013377339));
#4745 = CARTESIAN_POINT('',(0.187496614777,6.044554506337));
#4746 = CARTESIAN_POINT('',(0.187493361515,6.188549095255));
#4747 = CARTESIAN_POINT('',(0.187494098814,6.248028178108));
#4748 = CARTESIAN_POINT('',(0.187497183818,6.307505442008));
#4749 = CARTESIAN_POINT('',(0.18750267869,6.366980574495));
#4750 = CARTESIAN_POINT('',(0.187509896128,6.426455815813));
#4751 = CARTESIAN_POINT('',(0.187517383957,6.485933367018));
#4752 = CARTESIAN_POINT('',(0.187523439266,6.54541279393));
#4753 = CARTESIAN_POINT('',(0.18752838022,6.624562227705));
#4754 = CARTESIAN_POINT('',(0.187529361998,6.644236059477));
#4755 = CARTESIAN_POINT('',(0.187530051662,6.663909903992));
#4756 = CARTESIAN_POINT('',(0.187530429198,6.683583747936));
#4757 = CARTESIAN_POINT('',(0.187530500325,6.703257582929));
#4758 = CARTESIAN_POINT('',(0.187530296491,6.722931405528));
#4759 = CARTESIAN_POINT('',(0.187529874875,6.742605217223));
#4760 = CARTESIAN_POINT('',(0.187529318387,6.762279024438));
#4761 = ( GEOMETRIC_REPRESENTATION_CONTEXT(2) 
PARAMETRIC_REPRESENTATION_CONTEXT() REPRESENTATION_CONTEXT('2D SPACE',''
  ) );
#4762 = ORIENTED_EDGE('',*,*,#2852,.T.);
#4763 = ORIENTED_EDGE('',*,*,#2475,.T.);
#4764 = ORIENTED_EDGE('',*,*,#4765,.T.);
#4765 = EDGE_CURVE('',#2197,#4766,#4768,.T.);
#4766 = VERTEX_POINT('',#4767);
#4767 = CARTESIAN_POINT('',(9.875,-6.306E-12,-2.656235340119));
#4768 = SURFACE_CURVE('',#4769,(#4777,#4806),.PCURVE_S1.);
#4769 = B_SPLINE_CURVE_WITH_KNOTS('',6,(#4770,#4771,#4772,#4773,#4774,
    #4775,#4776),.UNSPECIFIED.,.F.,.F.,(7,7),(0.,1.),
  .PIECEWISE_BEZIER_KNOTS.);
#4770 = CARTESIAN_POINT('',(9.123592392855,3.77831799205,-2.4999994));
#4771 = CARTESIAN_POINT('',(9.370831871338,3.181303069101,
    -2.526038354312));
#4772 = CARTESIAN_POINT('',(9.571205568186,2.564840058029,
    -2.552079919255));
#4773 = CARTESIAN_POINT('',(9.722767066794,1.933601588135,
    -2.578120199156));
#4774 = CARTESIAN_POINT('',(9.824259202299,1.292405586592,
    -2.604159704142));
#4775 = CARTESIAN_POINT('',(9.875,0.646184320348,-2.630198028745));
#4776 = CARTESIAN_POINT('',(9.875,-1.240231E-11,-2.656235340119));
#4777 = PCURVE('',#387,#4778);
#4778 = DEFINITIONAL_REPRESENTATION('',(#4779),#4805);
#4779 = B_SPLINE_CURVE_WITH_KNOTS('',3,(#4780,#4781,#4782,#4783,#4784,
    #4785,#4786,#4787,#4788,#4789,#4790,#4791,#4792,#4793,#4794,#4795,
    #4796,#4797,#4798,#4799,#4800,#4801,#4802,#4803,#4804),
  .UNSPECIFIED.,.F.,.F.,(4,1,1,1,1,1,1,1,1,1,1,1,1,1,1,1,1,1,1,1,1,1,4),
  (3.8404E-06,4.545821129091E-02,9.091258218182E-02,0.136366953073,
    0.181821323964,0.227275694855,0.272730065745,0.318184436636,
    0.363638807527,0.409093178418,0.454547549309,0.5000019202,
    0.545456291091,0.590910661982,0.636365032873,0.681819403764,
    0.727273774655,0.772728145545,0.818182516436,0.863636887327,
    0.909091258218,0.954545629109,1.),.QUASI_UNIFORM_KNOTS.);
#4780 = CARTESIAN_POINT('',(-25.52536417048,1.7763568394E-15));
#4781 = CARTESIAN_POINT('',(-25.51941542937,2.367169071276E-03));
#4782 = CARTESIAN_POINT('',(-25.50751787605,7.101559260193E-03));
#4783 = CARTESIAN_POINT('',(-25.48967139592,1.420326658038E-02));
#4784 = CARTESIAN_POINT('',(-25.47182483534,2.130505967205E-02));
#4785 = CARTESIAN_POINT('',(-25.45397824113,2.840690984048E-02));
#4786 = CARTESIAN_POINT('',(-25.43613164776,3.550879253624E-02));
#4787 = CARTESIAN_POINT('',(-25.41828507704,4.261068751075E-02));
#4788 = CARTESIAN_POINT('',(-25.40043854059,4.97125780671E-02));
#4789 = CARTESIAN_POINT('',(-25.38259204152,5.681445060813E-02));
#4790 = CARTESIAN_POINT('',(-25.36474557622,6.391629415975E-02));
#4791 = CARTESIAN_POINT('',(-25.34689913609,7.101809995562E-02));
#4792 = CARTESIAN_POINT('',(-25.32905270922,7.811986106033E-02));
#4793 = CARTESIAN_POINT('',(-25.31120628204,8.5221572037E-02));
#4794 = CARTESIAN_POINT('',(-25.29335984101,9.232322865787E-02));
#4795 = CARTESIAN_POINT('',(-25.27551337426,9.942482765815E-02));
#4796 = CARTESIAN_POINT('',(-25.25766687325,0.106526366533));
#4797 = CARTESIAN_POINT('',(-25.23982033446,0.113627843379));
#4798 = CARTESIAN_POINT('',(-25.22197376112,0.120729256774));
#4799 = CARTESIAN_POINT('',(-25.20412716503,0.127830605712));
#4800 = CARTESIAN_POINT('',(-25.18628056819,0.134931889559));
#4801 = CARTESIAN_POINT('',(-25.16843400532,0.142033108096));
#4802 = CARTESIAN_POINT('',(-25.15058752355,0.149134261487));
#4803 = CARTESIAN_POINT('',(-25.13868996981,0.153868320958));
#4804 = CARTESIAN_POINT('',(-25.13274122871,0.156235340119));
#4805 = ( GEOMETRIC_REPRESENTATION_CONTEXT(2) 
PARAMETRIC_REPRESENTATION_CONTEXT() REPRESENTATION_CONTEXT('2D SPACE',''
  ) );
#4806 = PCURVE('',#2366,#4807);
#4807 = DEFINITIONAL_REPRESENTATION('',(#4808),#4816);
#4808 = B_SPLINE_CURVE_WITH_KNOTS('',6,(#4809,#4810,#4811,#4812,#4813,
    #4814,#4815),.UNSPECIFIED.,.F.,.F.,(7,7),(0.,1.),
  .PIECEWISE_BEZIER_KNOTS.);
#4809 = CARTESIAN_POINT('',(1.56256130462,6.339717876871));
#4810 = CARTESIAN_POINT('',(1.562555636298,6.410143280228));
#4811 = CARTESIAN_POINT('',(1.562547721686,6.480572706975));
#4812 = CARTESIAN_POINT('',(1.562539080381,6.550997674907));
#4813 = CARTESIAN_POINT('',(1.562532242038,6.621422985306));
#4814 = CARTESIAN_POINT('',(1.562531311328,6.691853093026));
#4815 = CARTESIAN_POINT('',(1.562529319173,6.762279024438));
#4816 = ( GEOMETRIC_REPRESENTATION_CONTEXT(2) 
PARAMETRIC_REPRESENTATION_CONTEXT() REPRESENTATION_CONTEXT('2D SPACE',''
  ) );
#4817 = ORIENTED_EDGE('',*,*,#4818,.T.);
#4818 = EDGE_CURVE('',#4766,#4819,#4821,.T.);
#4819 = VERTEX_POINT('',#4820);
#4820 = CARTESIAN_POINT('',(9.875,-4.924E-12,-5.156237172658));
#4821 = SURFACE_CURVE('',#4822,(#4895,#5012),.PCURVE_S1.);
#4822 = B_SPLINE_CURVE_WITH_KNOTS('',8,(#4823,#4824,#4825,#4826,#4827,
    #4828,#4829,#4830,#4831,#4832,#4833,#4834,#4835,#4836,#4837,#4838,
    #4839,#4840,#4841,#4842,#4843,#4844,#4845,#4846,#4847,#4848,#4849,
    #4850,#4851,#4852,#4853,#4854,#4855,#4856,#4857,#4858,#4859,#4860,
    #4861,#4862,#4863,#4864,#4865,#4866,#4867,#4868,#4869,#4870,#4871,
    #4872,#4873,#4874,#4875,#4876,#4877,#4878,#4879,#4880,#4881,#4882,
    #4883,#4884,#4885,#4886,#4887,#4888,#4889,#4890,#4891,#4892,#4893,
    #4894),.UNSPECIFIED.,.F.,.F.,(9,7,7,7,7,7,7,7,7,7,9),(0.,
    8.80693106175E-02,0.195121851176,0.266207729422,0.368048829907,
    0.500919874937,0.630822352555,0.733951231224,0.805004001241,
    0.914346978319,1.),.UNSPECIFIED.);
#4823 = CARTESIAN_POINT('',(9.875,-1.254463E-11,-2.656235340119));
#4824 = CARTESIAN_POINT('',(9.875,-0.682952323714,-2.68375417032));
#4825 = CARTESIAN_POINT('',(9.82101937682,-1.366013138359,
    -2.711276433669));
#4826 = CARTESIAN_POINT('',(9.713029865957,-2.044042046642,
    -2.738793267939));
#4827 = CARTESIAN_POINT('',(9.55161947184,-2.712058253432,
    -2.766305610082));
#4828 = CARTESIAN_POINT('',(9.337898153464,-3.365221523261,
    -2.793818143708));
#4829 = CARTESIAN_POINT('',(9.073465077198,-3.998830532529,
    -2.821334667643));
#4830 = CARTESIAN_POINT('',(8.760437436759,-4.60833861643,
    -2.848854885558));
#4831 = CARTESIAN_POINT('',(7.965284530724,-5.895679439053,
    -2.909821760368));
#4832 = CARTESIAN_POINT('',(7.46102000907,-6.560298871562,
    -2.943284976781));
#4833 = CARTESIAN_POINT('',(6.893596048486,-7.175225675782,
    -2.976744701604));
#4834 = CARTESIAN_POINT('',(6.268837740567,-7.733543381026,
    -3.010200184903));
#4835 = CARTESIAN_POINT('',(5.593316235258,-8.229237100325,
    -3.043654836777));
#4836 = CARTESIAN_POINT('',(4.874276031672,-8.657122774985,
    -3.077112843125));
#4837 = CARTESIAN_POINT('',(4.119689148621,-9.012932638032,
    -3.110575113251));
#4838 = CARTESIAN_POINT('',(2.819611332206,-9.47994167221,-3.16623602893
    ));
#4839 = CARTESIAN_POINT('',(2.288892808612,-9.633215720205,
    -3.188448348367));
#4840 = CARTESIAN_POINT('',(1.748762706963,-9.752493374842,
    -3.210659553843));
#4841 = CARTESIAN_POINT('',(1.201769079307,-9.83711900357,
    -3.232869692807));
#4842 = CARTESIAN_POINT('',(0.650489883634,-9.8866658684,-3.25507982862)
  );
#4843 = CARTESIAN_POINT('',(9.752996546654E-02,-9.900927436071,
    -3.277290994102));
#4844 = CARTESIAN_POINT('',(-0.45447960703,-9.879926633333,
    -3.299503155709));
#4845 = CARTESIAN_POINT('',(-1.788544828681,-9.743738228245,
    -3.353534798318));
#4846 = CARTESIAN_POINT('',(-2.567101126062,-9.591700501926,
    -3.385364963164));
#4847 = CARTESIAN_POINT('',(-3.330547098239,-9.368580530254,
    -3.417192179981));
#4848 = CARTESIAN_POINT('',(-4.071334009525,-9.076226509663,
    -3.449015239897));
#4849 = CARTESIAN_POINT('',(-4.782289947233,-8.7173704571,
    -3.480838513284));
#4850 = CARTESIAN_POINT('',(-5.456605370467,-8.295552067492,
    -3.512666268978));
#4851 = CARTESIAN_POINT('',(-6.087880297354,-7.815180142747,
    -3.54449702752));
#4852 = CARTESIAN_POINT('',(-7.430022932407,-6.585746709641,
    -3.617834379316));
#4853 = CARTESIAN_POINT('',(-8.107434275887,-5.798593620357,
    -3.659382626736));
#4854 = CARTESIAN_POINT('',(-8.688658689893,-4.932451418274,
    -3.70090972866));
#4855 = CARTESIAN_POINT('',(-9.163423297688,-4.001299734449,
    -3.742422147611));
#4856 = CARTESIAN_POINT('',(-9.523684553055,-3.020148959452,
    -3.783934248919));
#4857 = CARTESIAN_POINT('',(-9.763900151872,-2.005101754508,
    -3.825460652516));
#4858 = CARTESIAN_POINT('',(-9.880799144453,-0.973195204833,
    -3.867008333625));
#4859 = CARTESIAN_POINT('',(-9.869003203695,1.064503183505,
    -3.949113595944));
#4860 = CARTESIAN_POINT('',(-9.74572800148,2.071909169543,
    -3.989734750319));
#4861 = CARTESIAN_POINT('',(-9.504805534694,3.062236160903,
    -4.030341392596));
#4862 = CARTESIAN_POINT('',(-9.149383864192,4.019589456476,
    -4.070937856449));
#4863 = CARTESIAN_POINT('',(-8.68470682172,4.928943673063,
    -4.111534177726));
#4864 = CARTESIAN_POINT('',(-8.118293600116,5.77627307665,
    -4.152140501765));
#4865 = CARTESIAN_POINT('',(-7.459721262423,6.548507451232,
    -4.192761426368));
#4866 = CARTESIAN_POINT('',(-6.135888144782,7.778565227101,
    -4.265573732863));
#4867 = CARTESIAN_POINT('',(-5.499463925407,8.268866513307,
    -4.297805365175));
#4868 = CARTESIAN_POINT('',(-4.818550407626,8.699367077513,
    -4.330031020042));
#4869 = CARTESIAN_POINT('',(-4.099776761035,9.065450807567,
    -4.362251705532));
#4870 = CARTESIAN_POINT('',(-3.350197756281,9.363417690926,
    -4.394472426732));
#4871 = CARTESIAN_POINT('',(-2.577250524316,9.590414012913,
    -4.426698155324));
#4872 = CARTESIAN_POINT('',(-1.788778799838,9.744509703817,
    -4.458929769391));
#4873 = CARTESIAN_POINT('',(-0.444899887802,9.880348293941,
    -4.513353346045));
#4874 = CARTESIAN_POINT('',(0.106870486173,9.900806299418,
    -4.535555909818));
#4875 = CARTESIAN_POINT('',(0.659556563041,9.88603412655,-4.557758215057
    ));
#4876 = CARTESIAN_POINT('',(1.210530986581,9.836011367547,
    -4.579959987385));
#4877 = CARTESIAN_POINT('',(1.757192696035,9.750946584512,
    -4.602161869738));
#4878 = CARTESIAN_POINT('',(2.296967721094,9.631268128675,
    -4.624364461526));
#4879 = CARTESIAN_POINT('',(2.827312138888,9.477632845728,
    -4.646567377248));
#4880 = CARTESIAN_POINT('',(4.143489777044,9.00367088395,-4.702933321573
    ));
#4881 = CARTESIAN_POINT('',(4.913369348189,8.6379945103,-4.737109957128)
  );
#4882 = CARTESIAN_POINT('',(5.645899091514,8.197213548385,
    -4.771278192502));
#4883 = CARTESIAN_POINT('',(6.332619111069,7.685931324354,
    -4.805439106847));
#4884 = CARTESIAN_POINT('',(6.965823584112,7.109696830948,
    -4.839598871283));
#4885 = CARTESIAN_POINT('',(7.538591800176,6.475012142935,
    -4.873764932352));
#4886 = CARTESIAN_POINT('',(8.044787074278,5.789300319104,
    -4.907940006379));
#4887 = CARTESIAN_POINT('',(8.819799216277,4.490873710883,
    -4.968867553798));
#4888 = CARTESIAN_POINT('',(9.116432939788,3.894282662604,
    -4.995635613498));
#4889 = CARTESIAN_POINT('',(9.366832032316,3.275482623668,
    -5.022403545692));
#4890 = CARTESIAN_POINT('',(9.56909839663,2.638677019795,-5.049170812904
    ));
#4891 = CARTESIAN_POINT('',(9.721798945673,1.988203712565,
    -5.075938326549));
#4892 = CARTESIAN_POINT('',(9.823940977757,1.328521912377,
    -5.102706296957));
#4893 = CARTESIAN_POINT('',(9.875,0.664213677609,-5.129473387478));
#4894 = CARTESIAN_POINT('',(9.875,-9.8499E-12,-5.156237172658));
#4895 = PCURVE('',#387,#4896);
#4896 = DEFINITIONAL_REPRESENTATION('',(#4897),#5011);
#4897 = B_SPLINE_CURVE_WITH_KNOTS('',3,(#4898,#4899,#4900,#4901,#4902,
    #4903,#4904,#4905,#4906,#4907,#4908,#4909,#4910,#4911,#4912,#4913,
    #4914,#4915,#4916,#4917,#4918,#4919,#4920,#4921,#4922,#4923,#4924,
    #4925,#4926,#4927,#4928,#4929,#4930,#4931,#4932,#4933,#4934,#4935,
    #4936,#4937,#4938,#4939,#4940,#4941,#4942,#4943,#4944,#4945,#4946,
    #4947,#4948,#4949,#4950,#4951,#4952,#4953,#4954,#4955,#4956,#4957,
    #4958,#4959,#4960,#4961,#4962,#4963,#4964,#4965,#4966,#4967,#4968,
    #4969,#4970,#4971,#4972,#4973,#4974,#4975,#4976,#4977,#4978,#4979,
    #4980,#4981,#4982,#4983,#4984,#4985,#4986,#4987,#4988,#4989,#4990,
    #4991,#4992,#4993,#4994,#4995,#4996,#4997,#4998,#4999,#5000,#5001,
    #5002,#5003,#5004,#5005,#5006,#5007,#5008,#5009,#5010),
  .UNSPECIFIED.,.F.,.F.,(4,1,1,1,1,1,1,1,1,1,1,1,1,1,1,1,1,1,1,1,1,1,1,1
    ,1,1,1,1,1,1,1,1,1,1,1,1,1,1,1,1,1,1,1,1,1,1,1,1,1,1,1,1,1,1,1,1,1,1
    ,1,1,1,1,1,1,1,1,1,1,1,1,1,1,1,1,1,1,1,1,1,1,1,1,1,1,1,1,1,1,1,1,1,1
    ,1,1,1,1,1,1,1,1,1,1,1,1,1,1,1,1,1,1,4),(0.,9.090909090909E-03,
    1.818181818182E-02,2.727272727273E-02,3.636363636364E-02,
    4.545454545455E-02,5.454545454545E-02,6.363636363636E-02,
    7.272727272727E-02,8.181818181818E-02,9.090909090909E-02,1.E-01,
    0.109090909091,0.118181818182,0.127272727273,0.136363636364,
    0.145454545455,0.154545454545,0.163636363636,0.172727272727,
    0.181818181818,0.190909090909,0.2,0.209090909091,0.218181818182,
    0.227272727273,0.236363636364,0.245454545455,0.254545454545,
    0.263636363636,0.272727272727,0.281818181818,0.290909090909,0.3,
    0.309090909091,0.318181818182,0.327272727273,0.336363636364,
    0.345454545455,0.354545454545,0.363636363636,0.372727272727,
    0.381818181818,0.390909090909,0.4,0.409090909091,0.418181818182,
    0.427272727273,0.436363636364,0.445454545455,0.454545454545,
    0.463636363636,0.472727272727,0.481818181818,0.490909090909,0.5,
    0.509090909091,0.518181818182,0.527272727273,0.536363636364,
    0.545454545455,0.554545454545,0.563636363636,0.572727272727,
    0.581818181818,0.590909090909,0.6,0.609090909091,0.618181818182,
    0.627272727273,0.636363636364,0.645454545455,0.654545454545,
    0.663636363636,0.672727272727,0.681818181818,0.690909090909,0.7,
    0.709090909091,0.718181818182,0.727272727273,0.736363636364,
    0.745454545455,0.754545454545,0.763636363636,0.772727272727,
    0.781818181818,0.790909090909,0.8,0.809090909091,0.818181818182,
    0.827272727273,0.836363636364,0.845454545455,0.854545454545,
    0.863636363636,0.872727272727,0.881818181818,0.890909090909,0.9,
    0.909090909091,0.918181818182,0.927272727273,0.936363636364,
    0.945454545455,0.954545454545,0.963636363636,0.972727272727,
    0.981818181818,0.990909090909,1.),.QUASI_UNIFORM_KNOTS.);
#4898 = CARTESIAN_POINT('',(-25.13274122871,0.156235340119));
#4899 = CARTESIAN_POINT('',(-25.11370377223,0.163810429365));
#4900 = CARTESIAN_POINT('',(-25.07562739315,0.17896085911));
#4901 = CARTESIAN_POINT('',(-25.01851059324,0.201686321492));
#4902 = CARTESIAN_POINT('',(-24.96139442445,0.224410244191));
#4903 = CARTESIAN_POINT('',(-24.9042793154,0.247132744853));
#4904 = CARTESIAN_POINT('',(-24.84716490922,0.269854407232));
#4905 = CARTESIAN_POINT('',(-24.79005037314,0.292576080423));
#4906 = CARTESIAN_POINT('',(-24.73293488067,0.315298558711));
#4907 = CARTESIAN_POINT('',(-24.67581855309,0.338022138681));
#4908 = CARTESIAN_POINT('',(-24.61870142833,0.360746994616));
#4909 = CARTESIAN_POINT('',(-24.56159012196,0.383470611424));
#4910 = CARTESIAN_POINT('',(-24.50447091143,0.406198440748));
#4911 = CARTESIAN_POINT('',(-24.44734883297,0.428928336176));
#4912 = CARTESIAN_POINT('',(-24.39022740505,0.45165870282));
#4913 = CARTESIAN_POINT('',(-24.33310778301,0.474388836153));
#4914 = CARTESIAN_POINT('',(-24.27598983577,0.497118529552));
#4915 = CARTESIAN_POINT('',(-24.21887260138,0.519847915938));
#4916 = CARTESIAN_POINT('',(-24.16175483274,0.542577271197));
#4917 = CARTESIAN_POINT('',(-24.10463550578,0.565306826727));
#4918 = CARTESIAN_POINT('',(-24.04751427738,0.588036597442));
#4919 = CARTESIAN_POINT('',(-23.9903922649,0.610766076022));
#4920 = CARTESIAN_POINT('',(-23.93327186186,0.633494307334));
#4921 = CARTESIAN_POINT('',(-23.87616053693,0.656218359972));
#4922 = CARTESIAN_POINT('',(-23.81904633028,0.678943083399));
#4923 = CARTESIAN_POINT('',(-23.76193272123,0.701667216696));
#4924 = CARTESIAN_POINT('',(-23.70481961998,0.724390922988));
#4925 = CARTESIAN_POINT('',(-23.64770675405,0.747114456323));
#4926 = CARTESIAN_POINT('',(-23.5905935384,0.769838193024));
#4927 = CARTESIAN_POINT('',(-23.53347960384,0.792562398505));
#4928 = CARTESIAN_POINT('',(-23.47636613385,0.815286693398));
#4929 = CARTESIAN_POINT('',(-23.41925346171,0.838010992573));
#4930 = CARTESIAN_POINT('',(-23.36213334043,0.860738623415));
#4931 = CARTESIAN_POINT('',(-23.30501327132,0.883466641648));
#4932 = CARTESIAN_POINT('',(-23.24789429872,0.906194545269));
#4933 = CARTESIAN_POINT('',(-23.19077699039,0.928922015389));
#4934 = CARTESIAN_POINT('',(-23.1336606339,0.951649246298));
#4935 = CARTESIAN_POINT('',(-23.07654414582,0.97437658507));
#4936 = CARTESIAN_POINT('',(-23.01942649749,0.997104345863));
#4937 = CARTESIAN_POINT('',(-22.96230716178,1.019832617982));
#4938 = CARTESIAN_POINT('',(-22.90518698636,1.042560926262));
#4939 = CARTESIAN_POINT('',(-22.8480675917,1.065288490504));
#4940 = CARTESIAN_POINT('',(-22.7909567078,1.088012238459));
#4941 = CARTESIAN_POINT('',(-22.73382690303,1.110743022829));
#4942 = CARTESIAN_POINT('',(-22.67669229159,1.133475213296));
#4943 = CARTESIAN_POINT('',(-22.61955718224,1.156207108026));
#4944 = CARTESIAN_POINT('',(-22.56242475347,1.178937490147));
#4945 = CARTESIAN_POINT('',(-22.50529573049,1.201666150624));
#4946 = CARTESIAN_POINT('',(-22.44816956338,1.224393411041));
#4947 = CARTESIAN_POINT('',(-22.39104481428,1.247119961715));
#4948 = CARTESIAN_POINT('',(-22.33391968648,1.269846645217));
#4949 = CARTESIAN_POINT('',(-22.27679246855,1.292574274878));
#4950 = CARTESIAN_POINT('',(-22.21966204721,1.315303425205));
#4951 = CARTESIAN_POINT('',(-22.16252826335,1.338034282398));
#4952 = CARTESIAN_POINT('',(-22.10539302724,1.360766190667));
#4953 = CARTESIAN_POINT('',(-22.04825894481,1.383498188888));
#4954 = CARTESIAN_POINT('',(-21.99113776374,1.406225649258));
#4955 = CARTESIAN_POINT('',(-21.93402294014,1.428951202352));
#4956 = CARTESIAN_POINT('',(-21.87689081808,1.451684251025));
#4957 = CARTESIAN_POINT('',(-21.81975777701,1.474418234612));
#4958 = CARTESIAN_POINT('',(-21.76262549083,1.497152410688));
#4959 = CARTESIAN_POINT('',(-21.70549635889,1.519885728593));
#4960 = CARTESIAN_POINT('',(-21.64837027675,1.542618115181));
#4961 = CARTESIAN_POINT('',(-21.59124626058,1.565349832261));
#4962 = CARTESIAN_POINT('',(-21.53412267629,1.588081391829));
#4963 = CARTESIAN_POINT('',(-21.47699779127,1.610813345788));
#4964 = CARTESIAN_POINT('',(-21.41987022092,1.633546117954));
#4965 = CARTESIAN_POINT('',(-21.3627394331,1.656279811069));
#4966 = CARTESIAN_POINT('',(-21.30560625088,1.679014010762));
#4967 = CARTESIAN_POINT('',(-21.24847360909,1.701747486639));
#4968 = CARTESIAN_POINT('',(-21.19134681591,1.72447808844));
#4969 = CARTESIAN_POINT('',(-21.1342363225,1.747201665985));
#4970 = CARTESIAN_POINT('',(-21.07711584849,1.769928706709));
#4971 = CARTESIAN_POINT('',(-21.01999543418,1.792655276503));
#4972 = CARTESIAN_POINT('',(-20.96287587014,1.815381149372));
#4973 = CARTESIAN_POINT('',(-20.90575808612,1.838106062475));
#4974 = CARTESIAN_POINT('',(-20.84864143487,1.860830392919));
#4975 = CARTESIAN_POINT('',(-20.79152485317,1.883554687858));
#4976 = CARTESIAN_POINT('',(-20.73440723382,1.906279507911));
#4977 = CARTESIAN_POINT('',(-20.6772878755,1.929005239557));
#4978 = CARTESIAN_POINT('',(-20.62016740317,1.951731721185));
#4979 = CARTESIAN_POINT('',(-20.56304691658,1.974458575684));
#4980 = CARTESIAN_POINT('',(-20.50593413146,1.997182760615));
#4981 = CARTESIAN_POINT('',(-20.44882083074,2.01990753258));
#4982 = CARTESIAN_POINT('',(-20.39170696627,2.042632878838));
#4983 = CARTESIAN_POINT('',(-20.33459383702,2.065358192798));
#4984 = CARTESIAN_POINT('',(-20.27748105415,2.088083522058));
#4985 = CARTESIAN_POINT('',(-20.22036803719,2.110808975388));
#4986 = CARTESIAN_POINT('',(-20.16325452255,2.133534520087));
#4987 = CARTESIAN_POINT('',(-20.1061403482,2.156260069234));
#4988 = CARTESIAN_POINT('',(-20.04902920449,2.178984029307));
#4989 = CARTESIAN_POINT('',(-19.9919083396,2.201711373322));
#4990 = CARTESIAN_POINT('',(-19.93478552182,2.224438940394));
#4991 = CARTESIAN_POINT('',(-19.87766340342,2.247165652974));
#4992 = CARTESIAN_POINT('',(-19.820543259,2.269891036844));
#4993 = CARTESIAN_POINT('',(-19.76342483827,2.292615281703));
#4994 = CARTESIAN_POINT('',(-19.70630714296,2.31533892896));
#4995 = CARTESIAN_POINT('',(-19.64918887605,2.338062686157));
#4996 = CARTESIAN_POINT('',(-19.59206898347,2.360787199652));
#4997 = CARTESIAN_POINT('',(-19.53494705154,2.383512878526));
#4998 = CARTESIAN_POINT('',(-19.47782426773,2.406239488061));
#4999 = CARTESIAN_POINT('',(-19.42070254083,2.428966471207));
#5000 = CARTESIAN_POINT('',(-19.36359090669,2.451690373713));
#5001 = CARTESIAN_POINT('',(-19.30647517734,2.47441689242));
#5002 = CARTESIAN_POINT('',(-19.24935916885,2.497144468709));
#5003 = CARTESIAN_POINT('',(-19.19224402384,2.519872461966));
#5004 = CARTESIAN_POINT('',(-19.13512980295,2.542600555223));
#5005 = CARTESIAN_POINT('',(-19.07801582857,2.565328646622));
#5006 = CARTESIAN_POINT('',(-19.02090126968,2.588056661046));
#5007 = CARTESIAN_POINT('',(-18.96378572262,2.610784420737));
#5008 = CARTESIAN_POINT('',(-18.90666950358,2.633511585278));
#5009 = CARTESIAN_POINT('',(-18.86859334227,2.648662182186));
#5010 = CARTESIAN_POINT('',(-18.84955592153,2.656237172658));
#5011 = ( GEOMETRIC_REPRESENTATION_CONTEXT(2) 
PARAMETRIC_REPRESENTATION_CONTEXT() REPRESENTATION_CONTEXT('2D SPACE',''
  ) );
#5012 = PCURVE('',#5013,#5038);
#5013 = B_SPLINE_SURFACE_WITH_KNOTS('',1,11,(
    (#5014,#5015,#5016,#5017,#5018,#5019,#5020,#5021,#5022,#5023,#5024
      ,#5025)
    ,(#5026,#5027,#5028,#5029,#5030,#5031,#5032,#5033,#5034,#5035,#5036
      ,#5037
    )),.UNSPECIFIED.,.F.,.F.,.F.,(2,2),(12,12),(0.,1.75),(0.,
    6.762279024438),.PIECEWISE_BEZIER_KNOTS.);
#5014 = CARTESIAN_POINT('',(8.521828052435,1.26570502069E-06,
    -3.437531413063));
#5015 = CARTESIAN_POINT('',(8.521833077687,-4.867652303518,
    -3.66478550895));
#5016 = CARTESIAN_POINT('',(5.463359665974,-9.735192585297,
    -3.892143892553));
#5017 = CARTESIAN_POINT('',(-0.655567256043,-12.4687935791,
    -4.119167843037));
#5018 = CARTESIAN_POINT('',(-8.139965523397,-10.92535104741,
    -4.346947811323));
#5019 = CARTESIAN_POINT('',(-13.71144574532,-4.506153190189,
    -4.57345559037));
#5020 = CARTESIAN_POINT('',(-13.71166403908,4.506162739252,
    -4.801603308705));
#5021 = CARTESIAN_POINT('',(-8.139808597425,10.9253221164,
    -5.028111088985));
#5022 = CARTESIAN_POINT('',(-0.65565647344,12.468811883998,
    -5.255891055823));
#5023 = CARTESIAN_POINT('',(5.463389141369,9.735188700308,
    -5.482915007145));
#5024 = CARTESIAN_POINT('',(8.521824024237,4.867654676713,
    -5.710273390502));
#5025 = CARTESIAN_POINT('',(8.521828959165,1.10749209348E-06,
    -5.93752748642));
#5026 = CARTESIAN_POINT('',(10.037352196003,-1.5187203894E-07,
    -2.562496230763));
#5027 = CARTESIAN_POINT('',(10.037368459607,-5.733323722181,
    -2.78977119341));
#5028 = CARTESIAN_POINT('',(6.43491943266,-11.46652831727,
    -3.017033643981));
#5029 = CARTESIAN_POINT('',(-0.772041461036,-14.6860950087,
    -3.24433621818));
#5030 = CARTESIAN_POINT('',(-9.587787639513,-12.86870542093,
    -3.471548088984));
#5031 = CARTESIAN_POINT('',(-16.14961518218,-5.306953729361,
    -3.698912592865));
#5032 = CARTESIAN_POINT('',(-16.15043986291,5.307004989096,
    -3.926080338425));
#5033 = CARTESIAN_POINT('',(-9.5871793328,12.868604359129,
    -4.153444846417));
#5034 = CARTESIAN_POINT('',(-0.772366907998,14.686165289868,
    -4.380656712447));
#5035 = CARTESIAN_POINT('',(6.435042078658,11.466507588187,
    -4.607959289334));
#5036 = CARTESIAN_POINT('',(10.037339367484,5.733323437416,
    -4.835221739188));
#5037 = CARTESIAN_POINT('',(10.037355641909,-1.3288971567E-07,
    -5.062496701882));
#5038 = DEFINITIONAL_REPRESENTATION('',(#5039),#5112);
#5039 = B_SPLINE_CURVE_WITH_KNOTS('',8,(#5040,#5041,#5042,#5043,#5044,
    #5045,#5046,#5047,#5048,#5049,#5050,#5051,#5052,#5053,#5054,#5055,
    #5056,#5057,#5058,#5059,#5060,#5061,#5062,#5063,#5064,#5065,#5066,
    #5067,#5068,#5069,#5070,#5071,#5072,#5073,#5074,#5075,#5076,#5077,
    #5078,#5079,#5080,#5081,#5082,#5083,#5084,#5085,#5086,#5087,#5088,
    #5089,#5090,#5091,#5092,#5093,#5094,#5095,#5096,#5097,#5098,#5099,
    #5100,#5101,#5102,#5103,#5104,#5105,#5106,#5107,#5108,#5109,#5110,
    #5111),.UNSPECIFIED.,.F.,.F.,(9,7,7,7,7,7,7,7,7,7,9),(0.,
    8.80693106175E-02,0.195121851176,0.266207729422,0.368048829907,
    0.500919874937,0.630822352555,0.733951231224,0.805004001241,
    0.914346978319,1.),.UNSPECIFIED.);
#5040 = CARTESIAN_POINT('',(1.562529319173,0.));
#5041 = CARTESIAN_POINT('',(1.562527213663,7.443315557522E-02));
#5042 = CARTESIAN_POINT('',(1.562527002622,0.148878159813));
#5043 = CARTESIAN_POINT('',(1.562533727872,0.22331786021));
#5044 = CARTESIAN_POINT('',(1.562544426546,0.297750783878));
#5045 = CARTESIAN_POINT('',(1.562554521104,0.372183408453));
#5046 = CARTESIAN_POINT('',(1.562561317861,0.44662236619));
#5047 = CARTESIAN_POINT('',(1.562564614063,0.521066581279));
#5048 = CARTESIAN_POINT('',(1.562564169637,0.685975987695));
#5049 = CARTESIAN_POINT('',(1.562558878477,0.776483873945));
#5050 = CARTESIAN_POINT('',(1.562549041746,0.866976167826));
#5051 = CARTESIAN_POINT('',(1.562537866818,0.957455178846));
#5052 = CARTESIAN_POINT('',(1.562528614594,1.047934541415));
#5053 = CARTESIAN_POINT('',(1.562522920398,1.138427789795));
#5054 = CARTESIAN_POINT('',(1.562520466268,1.228936953529));
#5055 = CARTESIAN_POINT('',(1.562520327774,1.379494623248));
#5056 = CARTESIAN_POINT('',(1.562521311722,1.43957831477));
#5057 = CARTESIAN_POINT('',(1.562523069767,1.499660040094));
#5058 = CARTESIAN_POINT('',(1.562525165421,1.559739337217));
#5059 = CARTESIAN_POINT('',(1.56252713665,1.619818457531));
#5060 = CARTESIAN_POINT('',(1.562528601631,1.679899678303));
#5061 = CARTESIAN_POINT('',(1.562529324454,1.739982589732));
#5062 = CARTESIAN_POINT('',(1.56252912087,1.886133131765));
#5063 = CARTESIAN_POINT('',(1.56252735851,1.97222853059));
#5064 = CARTESIAN_POINT('',(1.5625236776,2.058313360403));
#5065 = CARTESIAN_POINT('',(1.562518662061,2.144385141073));
#5066 = CARTESIAN_POINT('',(1.562513420447,2.230457193396));
#5067 = CARTESIAN_POINT('',(1.562509207227,2.316542760876));
#5068 = CARTESIAN_POINT('',(1.562507000701,2.402639164866));
#5069 = CARTESIAN_POINT('',(1.562507085662,2.601010334085));
#5070 = CARTESIAN_POINT('',(1.562510978822,2.713399936428));
#5071 = CARTESIAN_POINT('',(1.562519394244,2.825738458461));
#5072 = CARTESIAN_POINT('',(1.562531413201,2.938042138164));
#5073 = CARTESIAN_POINT('',(1.562543799988,3.05034545614));
#5074 = CARTESIAN_POINT('',(1.562552997242,3.162683146699));
#5075 = CARTESIAN_POINT('',(1.56255738783,3.275071889994));
#5076 = CARTESIAN_POINT('',(1.562556752584,3.497158508095));
#5077 = CARTESIAN_POINT('',(1.562551934638,3.60702862386));
#5078 = CARTESIAN_POINT('',(1.562542696074,3.716853506766));
#5079 = CARTESIAN_POINT('',(1.562530687802,3.826647111879));
#5080 = CARTESIAN_POINT('',(1.562519214255,3.936441054557));
#5081 = CARTESIAN_POINT('',(1.562511189656,4.046266718551));
#5082 = CARTESIAN_POINT('',(1.56250744679,4.156137666857));
#5083 = CARTESIAN_POINT('',(1.562507289925,4.35308830787));
#5084 = CARTESIAN_POINT('',(1.562509524135,4.440275046097));
#5085 = CARTESIAN_POINT('',(1.562513747638,4.527448306397));
#5086 = CARTESIAN_POINT('',(1.56251906444,4.614609603664));
#5087 = CARTESIAN_POINT('',(1.56252409927,4.701770616155));
#5088 = CARTESIAN_POINT('',(1.562527644114,4.788943157989));
#5089 = CARTESIAN_POINT('',(1.562529251094,4.876128998536));
#5090 = CARTESIAN_POINT('',(1.562529120644,5.023339786445));
#5091 = CARTESIAN_POINT('',(1.562528269076,5.083394607215));
#5092 = CARTESIAN_POINT('',(1.562526696043,5.143447752883));
#5093 = CARTESIAN_POINT('',(1.562524649239,5.203498816296));
#5094 = CARTESIAN_POINT('',(1.562522517319,5.263550062197));
#5095 = CARTESIAN_POINT('',(1.562520762253,5.323603736751));
#5096 = CARTESIAN_POINT('',(1.562519813865,5.383659378556));
#5097 = CARTESIAN_POINT('',(1.562520100023,5.536124662785));
#5098 = CARTESIAN_POINT('',(1.56252278843,5.628573077169));
#5099 = CARTESIAN_POINT('',(1.562528962053,5.721003483579));
#5100 = CARTESIAN_POINT('',(1.562538658835,5.81341885235));
#5101 = CARTESIAN_POINT('',(1.562550373195,5.905833839489));
#5102 = CARTESIAN_POINT('',(1.562560127593,5.998263207596));
#5103 = CARTESIAN_POINT('',(1.562564956395,6.090710293077));
#5104 = CARTESIAN_POINT('',(1.562564287261,6.255513018452));
#5105 = CARTESIAN_POINT('',(1.562560740611,6.327913457052));
#5106 = CARTESIAN_POINT('',(1.562554063802,6.400309317206));
#5107 = CARTESIAN_POINT('',(1.562544647316,6.472699673202));
#5108 = CARTESIAN_POINT('',(1.562534949248,6.545090314916));
#5109 = CARTESIAN_POINT('',(1.56252872714,6.61748689339));
#5110 = CARTESIAN_POINT('',(1.562527701963,6.689888120746));
#5111 = CARTESIAN_POINT('',(1.562525654232,6.762279024438));
#5112 = ( GEOMETRIC_REPRESENTATION_CONTEXT(2) 
PARAMETRIC_REPRESENTATION_CONTEXT() REPRESENTATION_CONTEXT('2D SPACE',''
  ) );
#5113 = ORIENTED_EDGE('',*,*,#5114,.T.);
#5114 = EDGE_CURVE('',#4819,#5115,#5117,.T.);
#5115 = VERTEX_POINT('',#5116);
#5116 = CARTESIAN_POINT('',(9.875,-3.77E-12,-7.656239005182));
#5117 = SURFACE_CURVE('',#5118,(#5191,#5308),.PCURVE_S1.);
#5118 = B_SPLINE_CURVE_WITH_KNOTS('',8,(#5119,#5120,#5121,#5122,#5123,
    #5124,#5125,#5126,#5127,#5128,#5129,#5130,#5131,#5132,#5133,#5134,
    #5135,#5136,#5137,#5138,#5139,#5140,#5141,#5142,#5143,#5144,#5145,
    #5146,#5147,#5148,#5149,#5150,#5151,#5152,#5153,#5154,#5155,#5156,
    #5157,#5158,#5159,#5160,#5161,#5162,#5163,#5164,#5165,#5166,#5167,
    #5168,#5169,#5170,#5171,#5172,#5173,#5174,#5175,#5176,#5177,#5178,
    #5179,#5180,#5181,#5182,#5183,#5184,#5185,#5186,#5187,#5188,#5189,
    #5190),.UNSPECIFIED.,.F.,.F.,(9,7,7,7,7,7,7,7,7,7,9),(0.,
    8.806895885337E-02,0.195121210714,0.26618316199,0.36793113761,
    0.501531371227,0.631473962608,0.734359037048,0.824016397943,
    0.914022324003,1.),.UNSPECIFIED.);
#5119 = CARTESIAN_POINT('',(9.875,-1.00151E-11,-5.156237172658));
#5120 = CARTESIAN_POINT('',(9.875,-0.682952444152,-5.183756007703));
#5121 = CARTESIAN_POINT('',(9.821019357781,-1.366013379335,
    -5.211278275907));
#5122 = CARTESIAN_POINT('',(9.71302980881,-2.044042405472,
    -5.238795115053));
#5123 = CARTESIAN_POINT('',(9.551619357942,-2.712058724798,
    -5.266307462083));
#5124 = CARTESIAN_POINT('',(9.33789796496,-3.365222099334,
    -5.293820000594));
#5125 = CARTESIAN_POINT('',(9.073464797343,-3.998831203086,
    -5.321336529408));
#5126 = CARTESIAN_POINT('',(8.760437050272,-4.608339368989,
    -5.348856752192));
#5127 = CARTESIAN_POINT('',(7.965283312365,-5.895681257375,
    -5.409823681154));
#5128 = CARTESIAN_POINT('',(7.461017881802,-6.560301559781,
    -5.443286946939));
#5129 = CARTESIAN_POINT('',(6.893592837828,-7.175229069209,
    -5.47674672108));
#5130 = CARTESIAN_POINT('',(6.268833300417,-7.733547286173,
    -5.510202253653));
#5131 = CARTESIAN_POINT('',(5.593310451649,-8.229241300615,
    -5.543656954798));
#5132 = CARTESIAN_POINT('',(4.874268826028,-8.657127035773,
    -5.577115010451));
#5133 = CARTESIAN_POINT('',(4.119680481487,-9.012936712347,
    -5.610577329934));
#5134 = CARTESIAN_POINT('',(2.819773464228,-9.47988279387,
    -5.666230911294));
#5135 = CARTESIAN_POINT('',(2.289235194317,-9.633116294298,
    -5.688435845071));
#5136 = CARTESIAN_POINT('',(1.749290807177,-9.752376299886,
    -5.710639666243));
#5137 = CARTESIAN_POINT('',(1.202485785651,-9.837007751878,
    -5.73284242228));
#5138 = CARTESIAN_POINT('',(0.651395494242,-9.886584181703,
    -5.755045174932));
#5139 = CARTESIAN_POINT('',(9.86221660935E-02,-9.90089903843,
    -5.777248955492));
#5140 = CARTESIAN_POINT('',(-0.453205759539,-9.879974925873,
    -5.799453730663));
#5141 = CARTESIAN_POINT('',(-1.78639357774,-9.744074626328,
    -5.853449023163));
#5142 = CARTESIAN_POINT('',(-2.564269431694,-9.592355329446,
    -5.885250181214));
#5143 = CARTESIAN_POINT('',(-3.327080238528,-9.369680395947,
    -5.917048407041));
#5144 = CARTESIAN_POINT('',(-4.067297428658,-9.077890766166,
    -5.948842497528));
#5145 = CARTESIAN_POINT('',(-4.777767551047,-8.719708171702,
    -5.980636803358));
#5146 = CARTESIAN_POINT('',(-5.451697929444,-8.298659394709,
    -6.012435573553));
#5147 = CARTESIAN_POINT('',(-6.082703559376,-7.819137398274,
    -6.04423733373));
#5148 = CARTESIAN_POINT('',(-7.429388611179,-6.587349930719,
    -6.117773753853));
#5149 = CARTESIAN_POINT('',(-8.110653729234,-5.795857993417,
    -6.159550936756));
#5150 = CARTESIAN_POINT('',(-8.694648825777,-4.924500530217,
    -6.201306382604));
#5151 = CARTESIAN_POINT('',(-9.170939511745,-3.987497713376,
    -6.243046827176));
#5152 = CARTESIAN_POINT('',(-9.531365156432,-3.000117039426,
    -6.284786968771));
#5153 = CARTESIAN_POINT('',(-9.77032573125,-1.9787394542,-6.326541754856
    ));
#5154 = CARTESIAN_POINT('',(-9.884537848091,-0.940694308708,
    -6.368318430648));
#5155 = CARTESIAN_POINT('',(-9.864816274632,1.102917167395,
    -6.450664555862));
#5156 = CARTESIAN_POINT('',(-9.737575583688,2.11015528538,
    -6.491298533448));
#5157 = CARTESIAN_POINT('',(-9.492680537465,3.099843837276,
    -6.531917953476));
#5158 = CARTESIAN_POINT('',(-9.133344817869,4.056085634603,
    -6.572527142616));
#5159 = CARTESIAN_POINT('',(-8.664876709382,4.963862107076,
    -6.613136141429));
#5160 = CARTESIAN_POINT('',(-8.094858788685,5.809164704426,
    -6.653755122925));
#5161 = CARTESIAN_POINT('',(-7.432929939614,6.578949674632,
    -6.694388720184));
#5162 = CARTESIAN_POINT('',(-6.105200062668,7.802481484164,
    -6.767137559116));
#5163 = CARTESIAN_POINT('',(-5.468388532827,8.289134792396,
    -6.799293022247));
#5164 = CARTESIAN_POINT('',(-4.787528695474,8.716101067211,
    -6.831442585764));
#5165 = CARTESIAN_POINT('',(-4.069219886071,9.078821827139,
    -6.863587244186));
#5166 = CARTESIAN_POINT('',(-3.320479694933,9.373647293466,
    -6.895731958974));
#5167 = CARTESIAN_POINT('',(-2.548702234903,9.597767762436,
    -6.927881634869));
#5168 = CARTESIAN_POINT('',(-1.761681606845,9.749290397761,
    -6.960037109508));
#5169 = CARTESIAN_POINT('',(-0.275750607598,9.895604412829,
    -7.020197937012));
#5170 = CARTESIAN_POINT('',(0.421773172685,9.908071018409,
    -7.048217176154));
#5171 = CARTESIAN_POINT('',(1.119496093821,9.864309807013,
    -7.076234961318));
#5172 = CARTESIAN_POINT('',(1.812126516784,9.764435822502,
    -7.104250491185));
#5173 = CARTESIAN_POINT('',(2.494470724226,9.609136016142,
    -7.132265921237));
#5174 = CARTESIAN_POINT('',(3.161434397239,9.399632766142,
    -7.160283361018));
#5175 = CARTESIAN_POINT('',(3.808037063934,9.137717372966,
    -7.188301921861));
#5176 = CARTESIAN_POINT('',(5.053257831483,8.512777240014,
    -7.244436615328));
#5177 = CARTESIAN_POINT('',(5.651894423542,8.149255552386,
    -7.272562205524));
#5178 = CARTESIAN_POINT('',(6.220423456316,7.737724694523,
    -7.300684624736));
#5179 = CARTESIAN_POINT('',(6.754381879006,7.281144189623,
    -7.328803611545));
#5180 = CARTESIAN_POINT('',(7.24970122583,6.782911157961,-7.356922484328
    ));
#5181 = CARTESIAN_POINT('',(7.702688945546,6.246827988119,-7.38504480706
    ));
#5182 = CARTESIAN_POINT('',(8.110059264342,5.67712337856,-7.413170840606
    ));
#5183 = CARTESIAN_POINT('',(8.811902760457,4.50672054438,-7.468158065372
    ));
#5184 = CARTESIAN_POINT('',(9.110719086443,3.908373358384,
    -7.495027744786));
#5185 = CARTESIAN_POINT('',(9.362985340746,3.287568470976,
    -7.521897281597));
#5186 = CARTESIAN_POINT('',(9.566774987592,2.648554552334,
    -7.548766143074));
#5187 = CARTESIAN_POINT('',(9.720633388815,1.995717272906,
    -7.575635272671));
#5188 = CARTESIAN_POINT('',(9.823552635897,1.333565885135,
    -7.602504892425));
#5189 = CARTESIAN_POINT('',(9.875,0.666734777371,-7.629373634971));
#5190 = CARTESIAN_POINT('',(9.875,-7.70761E-12,-7.656239005182));
#5191 = PCURVE('',#387,#5192);
#5192 = DEFINITIONAL_REPRESENTATION('',(#5193),#5307);
#5193 = B_SPLINE_CURVE_WITH_KNOTS('',3,(#5194,#5195,#5196,#5197,#5198,
    #5199,#5200,#5201,#5202,#5203,#5204,#5205,#5206,#5207,#5208,#5209,
    #5210,#5211,#5212,#5213,#5214,#5215,#5216,#5217,#5218,#5219,#5220,
    #5221,#5222,#5223,#5224,#5225,#5226,#5227,#5228,#5229,#5230,#5231,
    #5232,#5233,#5234,#5235,#5236,#5237,#5238,#5239,#5240,#5241,#5242,
    #5243,#5244,#5245,#5246,#5247,#5248,#5249,#5250,#5251,#5252,#5253,
    #5254,#5255,#5256,#5257,#5258,#5259,#5260,#5261,#5262,#5263,#5264,
    #5265,#5266,#5267,#5268,#5269,#5270,#5271,#5272,#5273,#5274,#5275,
    #5276,#5277,#5278,#5279,#5280,#5281,#5282,#5283,#5284,#5285,#5286,
    #5287,#5288,#5289,#5290,#5291,#5292,#5293,#5294,#5295,#5296,#5297,
    #5298,#5299,#5300,#5301,#5302,#5303,#5304,#5305,#5306),
  .UNSPECIFIED.,.F.,.F.,(4,1,1,1,1,1,1,1,1,1,1,1,1,1,1,1,1,1,1,1,1,1,1,1
    ,1,1,1,1,1,1,1,1,1,1,1,1,1,1,1,1,1,1,1,1,1,1,1,1,1,1,1,1,1,1,1,1,1,1
    ,1,1,1,1,1,1,1,1,1,1,1,1,1,1,1,1,1,1,1,1,1,1,1,1,1,1,1,1,1,1,1,1,1,1
    ,1,1,1,1,1,1,1,1,1,1,1,1,1,1,1,1,1,1,4),(0.,9.090909090909E-03,
    1.818181818182E-02,2.727272727273E-02,3.636363636364E-02,
    4.545454545455E-02,5.454545454545E-02,6.363636363636E-02,
    7.272727272727E-02,8.181818181818E-02,9.090909090909E-02,1.E-01,
    0.109090909091,0.118181818182,0.127272727273,0.136363636364,
    0.145454545455,0.154545454545,0.163636363636,0.172727272727,
    0.181818181818,0.190909090909,0.2,0.209090909091,0.218181818182,
    0.227272727273,0.236363636364,0.245454545455,0.254545454545,
    0.263636363636,0.272727272727,0.281818181818,0.290909090909,0.3,
    0.309090909091,0.318181818182,0.327272727273,0.336363636364,
    0.345454545455,0.354545454545,0.363636363636,0.372727272727,
    0.381818181818,0.390909090909,0.4,0.409090909091,0.418181818182,
    0.427272727273,0.436363636364,0.445454545455,0.454545454545,
    0.463636363636,0.472727272727,0.481818181818,0.490909090909,0.5,
    0.509090909091,0.518181818182,0.527272727273,0.536363636364,
    0.545454545455,0.554545454545,0.563636363636,0.572727272727,
    0.581818181818,0.590909090909,0.6,0.609090909091,0.618181818182,
    0.627272727273,0.636363636364,0.645454545455,0.654545454545,
    0.663636363636,0.672727272727,0.681818181818,0.690909090909,0.7,
    0.709090909091,0.718181818182,0.727272727273,0.736363636364,
    0.745454545455,0.754545454545,0.763636363636,0.772727272727,
    0.781818181818,0.790909090909,0.8,0.809090909091,0.818181818182,
    0.827272727273,0.836363636364,0.845454545455,0.854545454545,
    0.863636363636,0.872727272727,0.881818181818,0.890909090909,0.9,
    0.909090909091,0.918181818182,0.927272727273,0.936363636364,
    0.945454545455,0.954545454545,0.963636363636,0.972727272727,
    0.981818181818,0.990909090909,1.),.QUASI_UNIFORM_KNOTS.);
#5194 = CARTESIAN_POINT('',(-18.84955592153,2.656237172658));
#5195 = CARTESIAN_POINT('',(-18.83051838565,2.663812293495));
#5196 = CARTESIAN_POINT('',(-18.79244184776,2.678962786423));
#5197 = CARTESIAN_POINT('',(-18.73532480964,2.701688343582));
#5198 = CARTESIAN_POINT('',(-18.67820840265,2.724412361049));
#5199 = CARTESIAN_POINT('',(-18.62109305541,2.747134956478));
#5200 = CARTESIAN_POINT('',(-18.56397841104,2.769856713633));
#5201 = CARTESIAN_POINT('',(-18.50686363674,2.792578481618));
#5202 = CARTESIAN_POINT('',(-18.44974790605,2.815301054719));
#5203 = CARTESIAN_POINT('',(-18.39263134023,2.838024729515));
#5204 = CARTESIAN_POINT('',(-18.33551397731,2.860749680245));
#5205 = CARTESIAN_POINT('',(-18.27840243284,2.883473391837));
#5206 = CARTESIAN_POINT('',(-18.22128298367,2.906201316149));
#5207 = CARTESIAN_POINT('',(-18.16416066693,2.928931306421));
#5208 = CARTESIAN_POINT('',(-18.10703900079,2.951661767878));
#5209 = CARTESIAN_POINT('',(-18.04991914058,2.974391995989));
#5210 = CARTESIAN_POINT('',(-17.99280095516,2.997121784157));
#5211 = CARTESIAN_POINT('',(-17.93568348254,3.019851265319));
#5212 = CARTESIAN_POINT('',(-17.87856547559,3.042580715369));
#5213 = CARTESIAN_POINT('',(-17.82144591025,3.065310365706));
#5214 = CARTESIAN_POINT('',(-17.76432444348,3.088040231219));
#5215 = CARTESIAN_POINT('',(-17.70720219268,3.110769804571));
#5216 = CARTESIAN_POINT('',(-17.6500815518,3.133498130464));
#5217 = CARTESIAN_POINT('',(-17.59296998892,3.156222277732));
#5218 = CARTESIAN_POINT('',(-17.53585554657,3.178947094914));
#5219 = CARTESIAN_POINT('',(-17.47874170221,3.201671321802));
#5220 = CARTESIAN_POINT('',(-17.42162836505,3.224395121938));
#5221 = CARTESIAN_POINT('',(-17.36451526212,3.247118749581));
#5222 = CARTESIAN_POINT('',(-17.30740180964,3.26984258054));
#5223 = CARTESIAN_POINT('',(-17.25028763652,3.292566880952));
#5224 = CARTESIAN_POINT('',(-17.19317394009,3.315291265991));
#5225 = CARTESIAN_POINT('',(-17.1360610131,3.338015666547));
#5226 = CARTESIAN_POINT('',(-17.07894067238,3.360743385034));
#5227 = CARTESIAN_POINT('',(-17.02182039738,3.383471485197));
#5228 = CARTESIAN_POINT('',(-16.96470122115,3.406199469645));
#5229 = CARTESIAN_POINT('',(-16.90758370356,3.428927022869));
#5230 = CARTESIAN_POINT('',(-16.85046712855,3.451654340764));
#5231 = CARTESIAN_POINT('',(-16.7933504135,3.47438177008));
#5232 = CARTESIAN_POINT('',(-16.73623253223,3.497109623771));
#5233 = CARTESIAN_POINT('',(-16.67911297274,3.519837984855));
#5234 = CARTESIAN_POINT('',(-16.62199257161,3.542566382429));
#5235 = CARTESIAN_POINT('',(-16.56487306051,3.565293992641));
#5236 = CARTESIAN_POINT('',(-16.50776185322,3.588017869721));
#5237 = CARTESIAN_POINT('',(-16.45063131626,3.610748945143));
#5238 = CARTESIAN_POINT('',(-16.39349598859,3.633481420676));
#5239 = CARTESIAN_POINT('',(-16.33636013629,3.656213610967));
#5240 = CARTESIAN_POINT('',(-16.27922699936,3.678944274715));
#5241 = CARTESIAN_POINT('',(-16.22209731867,3.701673196704));
#5242 = CARTESIAN_POINT('',(-16.16497055619,3.724400693911));
#5243 = CARTESIAN_POINT('',(-16.10784527194,3.747127457541));
#5244 = CARTESIAN_POINT('',(-16.05071965514,3.769854335725));
#5245 = CARTESIAN_POINT('',(-15.99359196974,3.79258215148));
#5246 = CARTESIAN_POINT('',(-15.93646105465,3.815311498257));
#5247 = CARTESIAN_POINT('',(-15.8793267197,3.838042574672));
#5248 = CARTESIAN_POINT('',(-15.82219069898,3.860774795204));
#5249 = CARTESIAN_POINT('',(-15.76505586328,3.883507093714));
#5250 = CARTESIAN_POINT('',(-15.70793245288,3.906235441155));
#5251 = CARTESIAN_POINT('',(-15.6508188702,3.928960500804));
#5252 = CARTESIAN_POINT('',(-15.59368678832,3.9516935333));
#5253 = CARTESIAN_POINT('',(-15.53655355042,3.974427595507));
#5254 = CARTESIAN_POINT('',(-15.47942083189,3.997161943939));
#5255 = CARTESIAN_POINT('',(-15.42229122185,4.019895452214));
#5256 = CARTESIAN_POINT('',(-15.36516469796,4.042628014529));
#5257 = CARTESIAN_POINT('',(-15.30804033839,4.065359868165));
#5258 = CARTESIAN_POINT('',(-15.2509165323,4.088091515994));
#5259 = CARTESIAN_POINT('',(-15.19379154004,4.110823512679));
#5260 = CARTESIAN_POINT('',(-15.13666393289,4.133556299432));
#5261 = CARTESIAN_POINT('',(-15.07953311348,4.15629000484));
#5262 = CARTESIAN_POINT('',(-15.02239974697,4.179024277483));
#5263 = CARTESIAN_POINT('',(-14.96526675995,4.20175789058));
#5264 = CARTESIAN_POINT('',(-14.90813865977,4.224489012642));
#5265 = CARTESIAN_POINT('',(-14.85102776636,4.247212748682));
#5266 = CARTESIAN_POINT('',(-14.79390753565,4.269939692561));
#5267 = CARTESIAN_POINT('',(-14.73678684688,4.292666371412));
#5268 = CARTESIAN_POINT('',(-14.67966698539,4.315392362506));
#5269 = CARTESIAN_POINT('',(-14.62254887636,4.338117404816));
#5270 = CARTESIAN_POINT('',(-14.56543195506,4.360841842667));
#5271 = CARTESIAN_POINT('',(-14.50831517515,4.383566216504));
#5272 = CARTESIAN_POINT('',(-14.45119742907,4.406291087096));
#5273 = CARTESIAN_POINT('',(-14.39407796574,4.429016860611));
#5274 = CARTESIAN_POINT('',(-14.33695738361,4.451743386251));
#5275 = CARTESIAN_POINT('',(-14.27983649523,4.474470400039));
#5276 = CARTESIAN_POINT('',(-14.22272348727,4.497194676445));
#5277 = CARTESIAN_POINT('',(-14.16560801113,4.519920300722));
#5278 = CARTESIAN_POINT('',(-14.10849058978,4.542647067758));
#5279 = CARTESIAN_POINT('',(-14.05137412553,4.56537372152));
#5280 = CARTESIAN_POINT('',(-13.99425875541,4.588100083058));
#5281 = CARTESIAN_POINT('',(-13.93714402485,4.610826207249));
#5282 = CARTESIAN_POINT('',(-13.88002903797,4.633552326433));
#5283 = CARTESIAN_POINT('',(-13.82291300403,4.656278624385));
#5284 = CARTESIAN_POINT('',(-13.7657960619,4.679004908695));
#5285 = CARTESIAN_POINT('',(-13.70867866202,4.701730865791));
#5286 = CARTESIAN_POINT('',(-13.65156672968,4.724454093636));
#5287 = CARTESIAN_POINT('',(-13.5944502647,4.747178544787));
#5288 = CARTESIAN_POINT('',(-13.53733293628,4.769902819629));
#5289 = CARTESIAN_POINT('',(-13.48021649447,4.79262628832));
#5290 = CARTESIAN_POINT('',(-13.42310117889,4.815348985871));
#5291 = CARTESIAN_POINT('',(-13.36598639254,4.838071347052));
#5292 = CARTESIAN_POINT('',(-13.30887123993,4.860793970677));
#5293 = CARTESIAN_POINT('',(-13.25175498877,4.883517399043));
#5294 = CARTESIAN_POINT('',(-13.19463783853,4.906241779785));
#5295 = CARTESIAN_POINT('',(-13.13752063032,4.928966955388));
#5296 = CARTESIAN_POINT('',(-13.08040879936,4.951690932098));
#5297 = CARTESIAN_POINT('',(-13.02329257931,4.974417647213));
#5298 = CARTESIAN_POINT('',(-12.96617624748,4.997145352079));
#5299 = CARTESIAN_POINT('',(-12.90906077383,5.019873476076));
#5300 = CARTESIAN_POINT('',(-12.85194623208,5.042601696805));
#5301 = CARTESIAN_POINT('',(-12.79483192158,5.065329921884));
#5302 = CARTESIAN_POINT('',(-12.73771701006,5.088058076712));
#5303 = CARTESIAN_POINT('',(-12.68060109874,5.110785981493));
#5304 = CARTESIAN_POINT('',(-12.62348451787,5.133513289987));
#5305 = CARTESIAN_POINT('',(-12.58540813606,5.148663974569));
#5306 = CARTESIAN_POINT('',(-12.56637061435,5.156239005182));
#5307 = ( GEOMETRIC_REPRESENTATION_CONTEXT(2) 
PARAMETRIC_REPRESENTATION_CONTEXT() REPRESENTATION_CONTEXT('2D SPACE',''
  ) );
#5308 = PCURVE('',#5309,#5334);
#5309 = B_SPLINE_SURFACE_WITH_KNOTS('',1,11,(
    (#5310,#5311,#5312,#5313,#5314,#5315,#5316,#5317,#5318,#5319,#5320
      ,#5321)
    ,(#5322,#5323,#5324,#5325,#5326,#5327,#5328,#5329,#5330,#5331,#5332
      ,#5333
    )),.UNSPECIFIED.,.F.,.F.,.F.,(2,2),(12,12),(0.,1.75),(0.,
    6.762279024438),.PIECEWISE_BEZIER_KNOTS.);
#5310 = CARTESIAN_POINT('',(8.521828959165,1.10749194591E-06,
    -5.93752748642));
#5311 = CARTESIAN_POINT('',(8.521833894095,-4.867652979662,
    -6.164781582328));
#5312 = CARTESIAN_POINT('',(5.463360066349,-9.735193722605,
    -6.392139965851));
#5313 = CARTESIAN_POINT('',(-0.655567556759,-12.46879489344,
    -6.619163916546));
#5314 = CARTESIAN_POINT('',(-8.139966593345,-10.92535205912,
    -6.846943884428));
#5315 = CARTESIAN_POINT('',(-13.71144728651,-4.506153414684,
    -7.07345166405));
#5316 = CARTESIAN_POINT('',(-13.71166541577,4.506163473047,
    -7.301599381765));
#5317 = CARTESIAN_POINT('',(-8.139809259626,10.925323430019,
    -7.528107162555));
#5318 = CARTESIAN_POINT('',(-0.655656312272,12.46881322292,
    -7.755887129076));
#5319 = CARTESIAN_POINT('',(5.463389903631,9.735189634683,
    -7.982911080543));
#5320 = CARTESIAN_POINT('',(8.521825021292,4.86765503643,-8.210269463856
    ));
#5321 = CARTESIAN_POINT('',(8.521829865905,9.4927808435E-07,
    -8.43752355978));
#5322 = CARTESIAN_POINT('',(10.037355641909,-1.3288987939E-07,
    -5.062496701882));
#5323 = CARTESIAN_POINT('',(10.037371916341,-5.733325671502,
    -5.289771664577));
#5324 = CARTESIAN_POINT('',(6.434921663566,-11.46653224168,
    -5.517034114929));
#5325 = CARTESIAN_POINT('',(-0.772041698466,-14.6861000518,
    -5.744336689766));
#5326 = CARTESIAN_POINT('',(-9.587790906459,-12.86870985762,
    -5.97154855927));
#5327 = CARTESIAN_POINT('',(-16.14962071678,-5.306955580795,
    -6.198913065105));
#5328 = CARTESIAN_POINT('',(-16.15044541724,5.307006779424,
    -6.426080808441));
#5329 = CARTESIAN_POINT('',(-9.587182648676,12.868608759592,
    -6.653445318367));
#5330 = CARTESIAN_POINT('',(-0.77236720084,14.686170330019,
    -6.88065718312));
#5331 = CARTESIAN_POINT('',(6.435044266143,11.466511536939,
    -7.107959760632));
#5332 = CARTESIAN_POINT('',(10.037342802545,5.733325424704,
    -7.335222210271));
#5333 = CARTESIAN_POINT('',(10.037359087814,-1.1390685268E-07,
    -7.562497173012));
#5334 = DEFINITIONAL_REPRESENTATION('',(#5335),#5408);
#5335 = B_SPLINE_CURVE_WITH_KNOTS('',8,(#5336,#5337,#5338,#5339,#5340,
    #5341,#5342,#5343,#5344,#5345,#5346,#5347,#5348,#5349,#5350,#5351,
    #5352,#5353,#5354,#5355,#5356,#5357,#5358,#5359,#5360,#5361,#5362,
    #5363,#5364,#5365,#5366,#5367,#5368,#5369,#5370,#5371,#5372,#5373,
    #5374,#5375,#5376,#5377,#5378,#5379,#5380,#5381,#5382,#5383,#5384,
    #5385,#5386,#5387,#5388,#5389,#5390,#5391,#5392,#5393,#5394,#5395,
    #5396,#5397,#5398,#5399,#5400,#5401,#5402,#5403,#5404,#5405,#5406,
    #5407),.UNSPECIFIED.,.F.,.F.,(9,7,7,7,7,7,7,7,7,7,9),(0.,
    8.806895885337E-02,0.195121210714,0.26618316199,0.36793113761,
    0.501531371227,0.631473962608,0.734359037048,0.824016397943,
    0.914022324003,1.),.UNSPECIFIED.);
#5336 = CARTESIAN_POINT('',(1.562525654232,0.));
#5337 = CARTESIAN_POINT('',(1.562523548731,7.443316870172E-02));
#5338 = CARTESIAN_POINT('',(1.562523337692,0.148878186077));
#5339 = CARTESIAN_POINT('',(1.562530062934,0.223317899605));
#5340 = CARTESIAN_POINT('',(1.562540761594,0.2977508364));
#5341 = CARTESIAN_POINT('',(1.562550856136,0.372183474101));
#5342 = CARTESIAN_POINT('',(1.56255765288,0.446622444971));
#5343 = CARTESIAN_POINT('',(1.562560949073,0.521066673196));
#5344 = CARTESIAN_POINT('',(1.562560504637,0.685976226079));
#5345 = CARTESIAN_POINT('',(1.562555213466,0.776484245897));
#5346 = CARTESIAN_POINT('',(1.562545376721,0.866976673225));
#5347 = CARTESIAN_POINT('',(1.562534201791,0.9574558176));
#5348 = CARTESIAN_POINT('',(1.562524949582,1.047935313525));
#5349 = CARTESIAN_POINT('',(1.562519255416,1.138428695352));
#5350 = CARTESIAN_POINT('',(1.562516801319,1.228937992651));
#5351 = CARTESIAN_POINT('',(1.562516662888,1.379475823774));
#5352 = CARTESIAN_POINT('',(1.562517646178,1.439539536842));
#5353 = CARTESIAN_POINT('',(1.562519403125,1.499601286779));
#5354 = CARTESIAN_POINT('',(1.562521497742,1.559660612321));
#5355 = CARTESIAN_POINT('',(1.562523468477,1.619719761152));
#5356 = CARTESIAN_POINT('',(1.562524933802,1.679781006821));
#5357 = CARTESIAN_POINT('',(1.562525657844,1.739843940236));
#5358 = CARTESIAN_POINT('',(1.562525458932,1.885896164759));
#5359 = CARTESIAN_POINT('',(1.562523702561,1.971913110876));
#5360 = CARTESIAN_POINT('',(1.562520031085,2.05791953541));
#5361 = CARTESIAN_POINT('',(1.562515024986,2.143912969137));
#5362 = CARTESIAN_POINT('',(1.562509788312,2.229906673498));
#5363 = CARTESIAN_POINT('',(1.562505572046,2.315913833671));
#5364 = CARTESIAN_POINT('',(1.562503353594,2.401931783533));
#5365 = CARTESIAN_POINT('',(1.562503397124,2.600841358945));
#5366 = CARTESIAN_POINT('',(1.562507305664,2.713850232311));
#5367 = CARTESIAN_POINT('',(1.562515793515,2.826806502378));
#5368 = CARTESIAN_POINT('',(1.562527928059,2.939727127473));
#5369 = CARTESIAN_POINT('',(1.56254039721,3.052647385589));
#5370 = CARTESIAN_POINT('',(1.562549579054,3.165602809686));
#5371 = CARTESIAN_POINT('',(1.562553863226,3.278610819399));
#5372 = CARTESIAN_POINT('',(1.56255292367,3.501348538766));
#5373 = CARTESIAN_POINT('',(1.562547956541,3.611253138447));
#5374 = CARTESIAN_POINT('',(1.562538606561,3.721112433415));
#5375 = CARTESIAN_POINT('',(1.562526563005,3.830940411658));
#5376 = CARTESIAN_POINT('',(1.562515148312,3.940768725634));
#5377 = CARTESIAN_POINT('',(1.56250724906,4.050628796514));
#5378 = CARTESIAN_POINT('',(1.562503652247,4.160534220796));
#5379 = CARTESIAN_POINT('',(1.562503726195,4.357313499835));
#5380 = CARTESIAN_POINT('',(1.562506039394,4.44429431398));
#5381 = CARTESIAN_POINT('',(1.56251030258,4.531261807546));
#5382 = CARTESIAN_POINT('',(1.562515612053,4.618217448366));
#5383 = CARTESIAN_POINT('',(1.562520601638,4.705172809005));
#5384 = CARTESIAN_POINT('',(1.562524083465,4.792139549758));
#5385 = CARTESIAN_POINT('',(1.562525629649,4.879119357646));
#5386 = CARTESIAN_POINT('',(1.562525397693,5.041848764703));
#5387 = CARTESIAN_POINT('',(1.562524029299,5.117636479206));
#5388 = CARTESIAN_POINT('',(1.562521538919,5.193418743341));
#5389 = CARTESIAN_POINT('',(1.562518554233,5.269194238545));
#5390 = CARTESIAN_POINT('',(1.562516010361,5.344970059957));
#5391 = CARTESIAN_POINT('',(1.562514885385,5.420753236566));
#5392 = CARTESIAN_POINT('',(1.562515853245,5.496542276109));
#5393 = CARTESIAN_POINT('',(1.562521866441,5.648389793021));
#5394 = CARTESIAN_POINT('',(1.562526930051,5.724473877001));
#5395 = CARTESIAN_POINT('',(1.56253406775,5.800552188957));
#5396 = CARTESIAN_POINT('',(1.56254261941,5.876623128936));
#5397 = CARTESIAN_POINT('',(1.562551165499,5.952693752946));
#5398 = CARTESIAN_POINT('',(1.562557855847,6.028771198879));
#5399 = CARTESIAN_POINT('',(1.562561143522,6.104854080128));
#5400 = CARTESIAN_POINT('',(1.562560713961,6.253589081821));
#5401 = CARTESIAN_POINT('',(1.56255722904,6.326264476276));
#5402 = CARTESIAN_POINT('',(1.562550578258,6.398935203186));
#5403 = CARTESIAN_POINT('',(1.562541128498,6.471600317747));
#5404 = CARTESIAN_POINT('',(1.562531354626,6.544265719175));
#5405 = CARTESIAN_POINT('',(1.562525071092,6.616937167107));
#5406 = CARTESIAN_POINT('',(1.562524044802,6.689613352706));
#5407 = CARTESIAN_POINT('',(1.562521989305,6.762279024438));
#5408 = ( GEOMETRIC_REPRESENTATION_CONTEXT(2) 
PARAMETRIC_REPRESENTATION_CONTEXT() REPRESENTATION_CONTEXT('2D SPACE',''
  ) );
#5409 = ORIENTED_EDGE('',*,*,#5410,.T.);
#5410 = EDGE_CURVE('',#5115,#5411,#5413,.T.);
#5411 = VERTEX_POINT('',#5412);
#5412 = CARTESIAN_POINT('',(9.875,-2.981E-12,-10.15624083769));
#5413 = SURFACE_CURVE('',#5414,(#5487,#5604),.PCURVE_S1.);
#5414 = B_SPLINE_CURVE_WITH_KNOTS('',8,(#5415,#5416,#5417,#5418,#5419,
    #5420,#5421,#5422,#5423,#5424,#5425,#5426,#5427,#5428,#5429,#5430,
    #5431,#5432,#5433,#5434,#5435,#5436,#5437,#5438,#5439,#5440,#5441,
    #5442,#5443,#5444,#5445,#5446,#5447,#5448,#5449,#5450,#5451,#5452,
    #5453,#5454,#5455,#5456,#5457,#5458,#5459,#5460,#5461,#5462,#5463,
    #5464,#5465,#5466,#5467,#5468,#5469,#5470,#5471,#5472,#5473,#5474,
    #5475,#5476,#5477,#5478,#5479,#5480,#5481,#5482,#5483,#5484,#5485,
    #5486),.UNSPECIFIED.,.F.,.F.,(9,7,7,7,7,7,7,7,7,7,9),(0.,
    8.806938167717E-02,0.195122229139,0.266170602413,0.367863969642,
    0.501246467674,0.631045455814,0.734542448292,0.805661479646,
    0.914380079003,1.),.UNSPECIFIED.);
#5415 = CARTESIAN_POINT('',(9.875,-7.5886E-12,-7.656239005182));
#5416 = CARTESIAN_POINT('',(9.875,-0.682952511716,-7.683757842941));
#5417 = CARTESIAN_POINT('',(9.8210193471,-1.36601351452,-7.711280113868)
  );
#5418 = CARTESIAN_POINT('',(9.71302977675,-2.044042606771,-7.73879695576
    ));
#5419 = CARTESIAN_POINT('',(9.551619294046,-2.712058989228,
    -7.766309305547));
#5420 = CARTESIAN_POINT('',(9.337897859211,-3.365222422502,
    -7.793821846815));
#5421 = CARTESIAN_POINT('',(9.073464640348,-3.998831579258,
    -7.821338378375));
#5422 = CARTESIAN_POINT('',(8.760436833459,-4.608339791165,
    -7.848858603896));
#5423 = CARTESIAN_POINT('',(7.965282613713,-5.895682301985,
    -7.909825564399));
#5424 = CARTESIAN_POINT('',(7.461016653338,-6.560303114091,
    -7.943288859038));
#5425 = CARTESIAN_POINT('',(6.89359097747,-7.175231037063,
    -7.976748661995));
#5426 = CARTESIAN_POINT('',(6.268830722594,-7.733549554612,
    -8.010204223358));
#5427 = CARTESIAN_POINT('',(5.593307089594,-8.229243743154,
    -8.043658953292));
#5428 = CARTESIAN_POINT('',(4.874264633679,-8.657129515322,
    -8.07711703776));
#5429 = CARTESIAN_POINT('',(4.119675435588,-9.012939084628,
    -8.110579386093));
#5430 = CARTESIAN_POINT('',(2.819868981605,-9.479848111121,
    -8.166228649287));
#5431 = CARTESIAN_POINT('',(2.289436832939,-9.633057740227,
    -8.18842923488));
#5432 = CARTESIAN_POINT('',(1.749601781314,-9.752307351978,
    -8.210628708666));
#5433 = CARTESIAN_POINT('',(1.202907797811,-9.836942225287,
    -8.232827118128));
#5434 = CARTESIAN_POINT('',(0.651928720878,-9.886536050196,
    -8.255025524065));
#5435 = CARTESIAN_POINT('',(9.92652464666E-02,-9.900882265506,
    -8.277224956876));
#5436 = CARTESIAN_POINT('',(-0.452455733104,-9.880003285171,
    -8.299425383404));
#5437 = CARTESIAN_POINT('',(-1.785123027919,-9.744272891227,
    -8.353399115752));
#5438 = CARTESIAN_POINT('',(-2.562594369787,-9.592742039942,
    -8.385183036756));
#5439 = CARTESIAN_POINT('',(-3.325027470837,-9.370330751226,
    -8.416964034888));
#5440 = CARTESIAN_POINT('',(-4.064905730352,-9.078875669593,
    -8.448740910447));
#5441 = CARTESIAN_POINT('',(-4.775086656795,-8.721092434062,
    -8.480518002454));
#5442 = CARTESIAN_POINT('',(-5.448787587388,-8.300500175467,
    -8.512299548179));
#5443 = CARTESIAN_POINT('',(-6.079632413721,-7.821482469454,
    -8.544084076251));
#5444 = CARTESIAN_POINT('',(-7.425285413138,-6.591708800282,
    -8.617535066448));
#5445 = CARTESIAN_POINT('',(-8.105911758759,-5.801958538565,
    -8.659243752052));
#5446 = CARTESIAN_POINT('',(-8.689644785753,-4.932542368527,
    -8.700930879591));
#5447 = CARTESIAN_POINT('',(-9.166089323233,-3.997601438146,
    -8.742603095236));
#5448 = CARTESIAN_POINT('',(-9.527110004199,-3.012320679463,
    -8.784274996462));
#5449 = CARTESIAN_POINT('',(-9.767113455451,-1.992993806733,
    -8.825961431512));
#5450 = CARTESIAN_POINT('',(-9.882808656441,-0.956860148763,
    -8.867669571005));
#5451 = CARTESIAN_POINT('',(-9.866801841668,1.083971930388,
    -8.949902331526));
#5452 = CARTESIAN_POINT('',(-9.74165087863,2.090317909758,
    -8.990491041613));
#5453 = CARTESIAN_POINT('',(-9.499076296165,3.079384731208,
    -9.031065297774));
#5454 = CARTESIAN_POINT('',(-9.142248004047,4.035321794216,
    -9.071629393343));
#5455 = CARTESIAN_POINT('',(-8.676424273107,4.943149034407,
    -9.11219332605));
#5456 = CARTESIAN_POINT('',(-8.109129528579,5.788886667644,
    -9.152767212434));
#5457 = CARTESIAN_POINT('',(-7.449938646994,6.559511248727,
    -9.193355627729));
#5458 = CARTESIAN_POINT('',(-6.122876885414,7.789104709797,
    -9.266250530945));
#5459 = CARTESIAN_POINT('',(-5.483308645378,8.2800676016,-9.298597332004
    ));
#5460 = CARTESIAN_POINT('',(-4.799038796717,8.710717975994,
    -9.330938062047));
#5461 = CARTESIAN_POINT('',(-4.076777617068,9.07640316308,
    -9.363273754237));
#5462 = CARTESIAN_POINT('',(-3.323664402609,9.373400455831,
    -9.395609498679));
#5463 = CARTESIAN_POINT('',(-2.547224094252,9.598845967563,
    -9.427950333361));
#5464 = CARTESIAN_POINT('',(-1.75539174651,9.750813977904,
    -9.460297138233));
#5465 = CARTESIAN_POINT('',(-0.407664189113,9.881983350701,
    -9.514856516139));
#5466 = CARTESIAN_POINT('',(0.14469650261,9.900375046512,-9.537079820557
    ));
#5467 = CARTESIAN_POINT('',(0.697840905724,9.883467373832,
    -9.559302858226));
#5468 = CARTESIAN_POINT('',(1.249134251628,9.831249904707,
    -9.581525351348));
#5469 = CARTESIAN_POINT('',(1.795969047216,9.743941926023,-9.60374794404
    ));
#5470 = CARTESIAN_POINT('',(2.335765830923,9.621983210028,
    -9.625971237515));
#5471 = CARTESIAN_POINT('',(2.865976203445,9.466042750158,
    -9.648194845645));
#5472 = CARTESIAN_POINT('',(4.176118089522,8.988128135268,
    -9.704386337084));
#5473 = CARTESIAN_POINT('',(4.940247607216,8.621825378562,
    -9.738367477475));
#5474 = CARTESIAN_POINT('',(5.667200272326,8.181409317558,
    -9.772340430047));
#5475 = CARTESIAN_POINT('',(6.348675149486,7.671429942661,
    -9.806306237904));
#5476 = CARTESIAN_POINT('',(6.97711141049,7.097361102009,-9.840270942496
    ));
#5477 = CARTESIAN_POINT('',(7.545717562736,6.465606431586,
    -9.874241817672));
#5478 = CARTESIAN_POINT('',(8.048471293273,5.783469529521,-9.90822148126
    ));
#5479 = CARTESIAN_POINT('',(8.820601366348,4.489260039956,
    -9.968943618597));
#5480 = CARTESIAN_POINT('',(9.117013346978,3.892848032273,
    -9.995701336001));
#5481 = CARTESIAN_POINT('',(9.367222755891,3.274252275566,
    -10.02245892621));
#5482 = CARTESIAN_POINT('',(9.569334383231,2.637671584434,-10.0492158523
    ));
#5483 = CARTESIAN_POINT('',(9.721917325797,1.987438960183,
    -10.07597302296));
#5484 = CARTESIAN_POINT('',(9.823980419096,1.328008544702,
    -10.10273064716));
#5485 = CARTESIAN_POINT('',(9.875,0.663957098084,-10.12948739112));
#5486 = CARTESIAN_POINT('',(9.875,-6.11244E-12,-10.15624083769));
#5487 = PCURVE('',#387,#5488);
#5488 = DEFINITIONAL_REPRESENTATION('',(#5489),#5603);
#5489 = B_SPLINE_CURVE_WITH_KNOTS('',3,(#5490,#5491,#5492,#5493,#5494,
    #5495,#5496,#5497,#5498,#5499,#5500,#5501,#5502,#5503,#5504,#5505,
    #5506,#5507,#5508,#5509,#5510,#5511,#5512,#5513,#5514,#5515,#5516,
    #5517,#5518,#5519,#5520,#5521,#5522,#5523,#5524,#5525,#5526,#5527,
    #5528,#5529,#5530,#5531,#5532,#5533,#5534,#5535,#5536,#5537,#5538,
    #5539,#5540,#5541,#5542,#5543,#5544,#5545,#5546,#5547,#5548,#5549,
    #5550,#5551,#5552,#5553,#5554,#5555,#5556,#5557,#5558,#5559,#5560,
    #5561,#5562,#5563,#5564,#5565,#5566,#5567,#5568,#5569,#5570,#5571,
    #5572,#5573,#5574,#5575,#5576,#5577,#5578,#5579,#5580,#5581,#5582,
    #5583,#5584,#5585,#5586,#5587,#5588,#5589,#5590,#5591,#5592,#5593,
    #5594,#5595,#5596,#5597,#5598,#5599,#5600,#5601,#5602),
  .UNSPECIFIED.,.F.,.F.,(4,1,1,1,1,1,1,1,1,1,1,1,1,1,1,1,1,1,1,1,1,1,1,1
    ,1,1,1,1,1,1,1,1,1,1,1,1,1,1,1,1,1,1,1,1,1,1,1,1,1,1,1,1,1,1,1,1,1,1
    ,1,1,1,1,1,1,1,1,1,1,1,1,1,1,1,1,1,1,1,1,1,1,1,1,1,1,1,1,1,1,1,1,1,1
    ,1,1,1,1,1,1,1,1,1,1,1,1,1,1,1,1,1,1,4),(0.,9.090909090909E-03,
    1.818181818182E-02,2.727272727273E-02,3.636363636364E-02,
    4.545454545455E-02,5.454545454545E-02,6.363636363636E-02,
    7.272727272727E-02,8.181818181818E-02,9.090909090909E-02,1.E-01,
    0.109090909091,0.118181818182,0.127272727273,0.136363636364,
    0.145454545455,0.154545454545,0.163636363636,0.172727272727,
    0.181818181818,0.190909090909,0.2,0.209090909091,0.218181818182,
    0.227272727273,0.236363636364,0.245454545455,0.254545454545,
    0.263636363636,0.272727272727,0.281818181818,0.290909090909,0.3,
    0.309090909091,0.318181818182,0.327272727273,0.336363636364,
    0.345454545455,0.354545454545,0.363636363636,0.372727272727,
    0.381818181818,0.390909090909,0.4,0.409090909091,0.418181818182,
    0.427272727273,0.436363636364,0.445454545455,0.454545454545,
    0.463636363636,0.472727272727,0.481818181818,0.490909090909,0.5,
    0.509090909091,0.518181818182,0.527272727273,0.536363636364,
    0.545454545455,0.554545454545,0.563636363636,0.572727272727,
    0.581818181818,0.590909090909,0.6,0.609090909091,0.618181818182,
    0.627272727273,0.636363636364,0.645454545455,0.654545454545,
    0.663636363636,0.672727272727,0.681818181818,0.690909090909,0.7,
    0.709090909091,0.718181818182,0.727272727273,0.736363636364,
    0.745454545455,0.754545454545,0.763636363636,0.772727272727,
    0.781818181818,0.790909090909,0.8,0.809090909091,0.818181818182,
    0.827272727273,0.836363636364,0.845454545455,0.854545454545,
    0.863636363636,0.872727272727,0.881818181818,0.890909090909,0.9,
    0.909090909091,0.918181818182,0.927272727273,0.936363636364,
    0.945454545455,0.954545454545,0.963636363636,0.972727272727,
    0.981818181818,0.990909090909,1.),.QUASI_UNIFORM_KNOTS.);
#5490 = CARTESIAN_POINT('',(-12.56637061435,5.156239005182));
#5491 = CARTESIAN_POINT('',(-12.54733316799,5.163814090396));
#5492 = CARTESIAN_POINT('',(-12.50925680915,5.178964512082));
#5493 = CARTESIAN_POINT('',(-12.4521400396,5.201689962394));
#5494 = CARTESIAN_POINT('',(-12.39502390116,5.224413873043));
#5495 = CARTESIAN_POINT('',(-12.33790882246,5.247136361668));
#5496 = CARTESIAN_POINT('',(-12.28079444664,5.269858012016));
#5497 = CARTESIAN_POINT('',(-12.22367994092,5.292579673173));
#5498 = CARTESIAN_POINT('',(-12.16656447882,5.315302139419));
#5499 = CARTESIAN_POINT('',(-12.1094481816,5.338025707334));
#5500 = CARTESIAN_POINT('',(-12.05233108718,5.360750551208));
#5501 = CARTESIAN_POINT('',(-11.99521981117,5.383474155935));
#5502 = CARTESIAN_POINT('',(-11.93810063101,5.406201973153));
#5503 = CARTESIAN_POINT('',(-11.88097858283,5.428931856506));
#5504 = CARTESIAN_POINT('',(-11.82385718516,5.451662211073));
#5505 = CARTESIAN_POINT('',(-11.76673759338,5.474392332327));
#5506 = CARTESIAN_POINT('',(-11.70961967641,5.497122013636));
#5507 = CARTESIAN_POINT('',(-11.65250247234,5.519851387923));
#5508 = CARTESIAN_POINT('',(-11.59538473403,5.542580731076));
#5509 = CARTESIAN_POINT('',(-11.53826543742,5.565310274503));
#5510 = CARTESIAN_POINT('',(-11.48114423935,5.588040033133));
#5511 = CARTESIAN_POINT('',(-11.42402225716,5.610769499653));
#5512 = CARTESIAN_POINT('',(-11.36690188416,5.63349771901));
#5513 = CARTESIAN_POINT('',(-11.30979058941,5.656221759649));
#5514 = CARTESIAN_POINT('',(-11.25267641741,5.67894646931));
#5515 = CARTESIAN_POINT('',(-11.19556284312,5.701670588774));
#5516 = CARTESIAN_POINT('',(-11.1384497758,5.724394281572));
#5517 = CARTESIAN_POINT('',(-11.08133694214,5.747117802092));
#5518 = CARTESIAN_POINT('',(-11.02422375909,5.769841525849));
#5519 = CARTESIAN_POINT('',(-10.96710985457,5.792565719355));
#5520 = CARTESIAN_POINT('',(-10.9099964328,5.815289995075));
#5521 = CARTESIAN_POINT('',(-10.85288376607,5.838014292003));
#5522 = CARTESIAN_POINT('',(-10.79576370571,5.860741899038));
#5523 = CARTESIAN_POINT('',(-10.73864371829,5.883469884686));
#5524 = CARTESIAN_POINT('',(-10.68152483073,5.906197754088));
#5525 = CARTESIAN_POINT('',(-10.62440759848,5.928925193626));
#5526 = CARTESIAN_POINT('',(-10.56729130357,5.951652400067));
#5527 = CARTESIAN_POINT('',(-10.51017486391,5.974379719926));
#5528 = CARTESIAN_POINT('',(-10.45305725472,5.997107465498));
#5529 = CARTESIAN_POINT('',(-10.39593797305,6.019835716046));
#5530 = CARTESIAN_POINT('',(-10.33881784742,6.042564003787));
#5531 = CARTESIAN_POINT('',(-10.28169867892,6.065291477594));
#5532 = CARTESIAN_POINT('',(-10.22458767766,6.088015273124));
#5533 = CARTESIAN_POINT('',(-10.1674574085,6.11074624209));
#5534 = CARTESIAN_POINT('',(-10.11032247772,6.133478559812));
#5535 = CARTESIAN_POINT('',(-10.05318706268,6.156210576177));
#5536 = CARTESIAN_POINT('',(-9.996054375617,6.178941061044));
#5537 = CARTESIAN_POINT('',(-9.938925128913,6.201669810504));
#5538 = CARTESIAN_POINT('',(-9.881798769629,6.224397147409));
#5539 = CARTESIAN_POINT('',(-9.824673851142,6.247123765555));
#5540 = CARTESIAN_POINT('',(-9.767548565421,6.269850511977));
#5541 = CARTESIAN_POINT('',(-9.710421187024,6.292578205522));
#5542 = CARTESIAN_POINT('',(-9.653290579246,6.315307429995));
#5543 = CARTESIAN_POINT('',(-9.596156572061,6.338038375993));
#5544 = CARTESIAN_POINT('',(-9.53902098938,6.360770422172));
#5545 = CARTESIAN_POINT('',(-9.481886596009,6.383502544365));
#5546 = CARTESIAN_POINT('',(-9.424764336648,6.406230433673));
#5547 = CARTESIAN_POINT('',(-9.367650394295,6.428955636233));
#5548 = CARTESIAN_POINT('',(-9.31051850065,6.451688593822));
#5549 = CARTESIAN_POINT('',(-9.253385595314,6.474422523447));
#5550 = CARTESIAN_POINT('',(-9.196253321368,6.497156694725));
#5551 = CARTESIAN_POINT('',(-9.139124174284,6.519890018653));
#5552 = CARTESIAN_POINT('',(-9.081998086014,6.542622407603));
#5553 = CARTESIAN_POINT('',(-9.024874103282,6.56535411129));
#5554 = CARTESIAN_POINT('',(-8.967750604608,6.588085636757));
#5555 = CARTESIAN_POINT('',(-8.910625856928,6.610817536081));
#5556 = CARTESIAN_POINT('',(-8.853498459349,6.633550239496));
#5557 = CARTESIAN_POINT('',(-8.796367853516,6.656283860123));
#5558 = CARTESIAN_POINT('',(-8.739234800159,6.679018008432));
#5559 = CARTESIAN_POINT('',(-8.682102223443,6.7017514584));
#5560 = CARTESIAN_POINT('',(-8.624975129619,6.724482179969));
#5561 = CARTESIAN_POINT('',(-8.567864634272,6.747205758125));
#5562 = CARTESIAN_POINT('',(-8.510744217678,6.769932776061));
#5563 = CARTESIAN_POINT('',(-8.453623654602,6.792659405058));
#5564 = CARTESIAN_POINT('',(-8.396503926048,6.815385343383));
#5565 = CARTESIAN_POINT('',(-8.339385990924,6.838110316599));
#5566 = CARTESIAN_POINT('',(-8.282269240633,6.860834686459));
#5567 = CARTESIAN_POINT('',(-8.225152617676,6.883558997844));
#5568 = CARTESIAN_POINT('',(-8.168034999833,6.906283817346));
#5569 = CARTESIAN_POINT('',(-8.110915645507,6.929009547427));
#5570 = CARTESIAN_POINT('',(-8.05379510925,6.951736054519));
#5571 = CARTESIAN_POINT('',(-7.996674389855,6.974463001493));
#5572 = CARTESIAN_POINT('',(-7.939561038607,6.997187412145));
#5573 = CARTESIAN_POINT('',(-7.882447998635,7.019912079931));
#5574 = CARTESIAN_POINT('',(-7.825334023508,7.042637470088));
#5575 = CARTESIAN_POINT('',(-7.768220850432,7.065362801898));
#5576 = CARTESIAN_POINT('',(-7.711108041187,7.088088141717));
#5577 = CARTESIAN_POINT('',(-7.653995033648,7.110813590921));
#5578 = CARTESIAN_POINT('',(-7.596881571658,7.133539114476));
#5579 = CARTESIAN_POINT('',(-7.539767250239,7.15626472283));
#5580 = CARTESIAN_POINT('',(-7.482656286966,7.178988610669));
#5581 = CARTESIAN_POINT('',(-7.425536114995,7.201715679005));
#5582 = CARTESIAN_POINT('',(-7.368413504402,7.224443163604));
#5583 = CARTESIAN_POINT('',(-7.311291526613,7.247169820308));
#5584 = CARTESIAN_POINT('',(-7.254171454653,7.269895175379));
#5585 = CARTESIAN_POINT('',(-7.197053115942,7.292619387609));
#5586 = CARTESIAN_POINT('',(-7.13993554031,7.315342987268));
#5587 = CARTESIAN_POINT('',(-7.082817446923,7.338066675485));
#5588 = CARTESIAN_POINT('',(-7.025697777282,7.360791100353));
#5589 = CARTESIAN_POINT('',(-6.968576095424,7.38351667977));
#5590 = CARTESIAN_POINT('',(-6.911453545038,7.40624319643));
#5591 = CARTESIAN_POINT('',(-6.854331972916,7.428970118011));
#5592 = CARTESIAN_POINT('',(-6.797220308158,7.451694032746));
#5593 = CARTESIAN_POINT('',(-6.740104590472,7.474420546775));
#5594 = CARTESIAN_POINT('',(-6.682988575531,7.497148125579));
#5595 = CARTESIAN_POINT('',(-6.625873426356,7.519876120458));
#5596 = CARTESIAN_POINT('',(-6.56875920082,7.542604215541));
#5597 = CARTESIAN_POINT('',(-6.511645223509,7.565332308071));
#5598 = CARTESIAN_POINT('',(-6.454530663243,7.588060322995));
#5599 = CARTESIAN_POINT('',(-6.397415115737,7.610788082815));
#5600 = CARTESIAN_POINT('',(-6.340298895616,7.633515247772));
#5601 = CARTESIAN_POINT('',(-6.302222730825,7.648665846059));
#5602 = CARTESIAN_POINT('',(-6.28318530718,7.65624083769));
#5603 = ( GEOMETRIC_REPRESENTATION_CONTEXT(2) 
PARAMETRIC_REPRESENTATION_CONTEXT() REPRESENTATION_CONTEXT('2D SPACE',''
  ) );
#5604 = PCURVE('',#5605,#5630);
#5605 = B_SPLINE_SURFACE_WITH_KNOTS('',1,11,(
    (#5606,#5607,#5608,#5609,#5610,#5611,#5612,#5613,#5614,#5615,#5616
      ,#5617)
    ,(#5618,#5619,#5620,#5621,#5622,#5623,#5624,#5625,#5626,#5627,#5628
      ,#5629
    )),.UNSPECIFIED.,.F.,.F.,.F.,(2,2),(12,12),(0.,1.75),(0.,
    6.762279024438),.PIECEWISE_BEZIER_KNOTS.);
#5606 = CARTESIAN_POINT('',(8.521829865905,9.4927804011E-07,
    -8.43752355978));
#5607 = CARTESIAN_POINT('',(8.521834710522,-4.867653655809,
    -8.664777655691));
#5608 = CARTESIAN_POINT('',(5.463360466709,-9.735194859936,
    -8.892136039181));
#5609 = CARTESIAN_POINT('',(-0.655567857431,-12.46879620779,
    -9.119159989998));
#5610 = CARTESIAN_POINT('',(-8.139967663359,-10.92535307088,
    -9.346939957599));
#5611 = CARTESIAN_POINT('',(-13.71144882767,-4.506153639147,
    -9.573447737682));
#5612 = CARTESIAN_POINT('',(-13.71166679249,4.506164206798,
    -9.801595454832));
#5613 = CARTESIAN_POINT('',(-8.139809921861,10.925324743704,
    -10.02810323614));
#5614 = CARTESIAN_POINT('',(-0.655656151079,12.468814561823,
    -10.25588320229));
#5615 = CARTESIAN_POINT('',(5.463390665885,9.735190569092,
    -10.48290715396));
#5616 = CARTESIAN_POINT('',(8.521826018365,4.867655396149,
    -10.71026553719));
#5617 = CARTESIAN_POINT('',(8.521830772657,7.9106499922E-07,
    -10.93751963314));
#5618 = CARTESIAN_POINT('',(10.037359087814,-1.1390690826E-07,
    -7.562497173012));
#5619 = CARTESIAN_POINT('',(10.037375373092,-5.733327620826,
    -7.789772135754));
#5620 = CARTESIAN_POINT('',(6.43492389443,-11.46653616609,
    -8.017034585889));
#5621 = CARTESIAN_POINT('',(-0.772041935814,-14.68610509489,
    -8.244337161357));
#5622 = CARTESIAN_POINT('',(-9.587794173501,-12.86871429435,
    -8.471549029572));
#5623 = CARTESIAN_POINT('',(-16.14962625133,-5.306957432164,
    -8.698913537362));
#5624 = CARTESIAN_POINT('',(-16.15045097153,5.307008569681,
    -8.926081278444));
#5625 = CARTESIAN_POINT('',(-9.587185964631,12.868613160112,
    -9.153445790356));
#5626 = CARTESIAN_POINT('',(-0.772367493612,14.686175370144,
    -9.380657653783));
#5627 = CARTESIAN_POINT('',(6.435046453589,11.466515485702,
    -9.607960231948));
#5628 = CARTESIAN_POINT('',(10.037346237621,5.733327411992,
    -9.835222681363));
#5629 = CARTESIAN_POINT('',(10.037362533717,-9.492408761E-08,
    -10.06249764415));
#5630 = DEFINITIONAL_REPRESENTATION('',(#5631),#5704);
#5631 = B_SPLINE_CURVE_WITH_KNOTS('',8,(#5632,#5633,#5634,#5635,#5636,
    #5637,#5638,#5639,#5640,#5641,#5642,#5643,#5644,#5645,#5646,#5647,
    #5648,#5649,#5650,#5651,#5652,#5653,#5654,#5655,#5656,#5657,#5658,
    #5659,#5660,#5661,#5662,#5663,#5664,#5665,#5666,#5667,#5668,#5669,
    #5670,#5671,#5672,#5673,#5674,#5675,#5676,#5677,#5678,#5679,#5680,
    #5681,#5682,#5683,#5684,#5685,#5686,#5687,#5688,#5689,#5690,#5691,
    #5692,#5693,#5694,#5695,#5696,#5697,#5698,#5699,#5700,#5701,#5702,
    #5703),.UNSPECIFIED.,.F.,.F.,(9,7,7,7,7,7,7,7,7,7,9),(0.,
    8.806938167717E-02,0.195122229139,0.266170602413,0.367863969642,
    0.501246467674,0.631045455814,0.734542448292,0.805661479646,
    0.914380079003,1.),.UNSPECIFIED.);
#5632 = CARTESIAN_POINT('',(1.562521989305,0.));
#5633 = CARTESIAN_POINT('',(1.562519883809,7.443317606556E-02));
#5634 = CARTESIAN_POINT('',(1.562519672771,0.14887820081));
#5635 = CARTESIAN_POINT('',(1.562526398003,0.223317921706));
#5636 = CARTESIAN_POINT('',(1.562537096647,0.297750865865));
#5637 = CARTESIAN_POINT('',(1.562547191172,0.372183510929));
#5638 = CARTESIAN_POINT('',(1.562553987904,0.446622489166));
#5639 = CARTESIAN_POINT('',(1.562557284089,0.52106672476));
#5640 = CARTESIAN_POINT('',(1.562556839649,0.685976362955));
#5641 = CARTESIAN_POINT('',(1.562551548475,0.776484460856));
#5642 = CARTESIAN_POINT('',(1.562541711729,0.866976966192));
#5643 = CARTESIAN_POINT('',(1.562530536805,0.957456188526));
#5644 = CARTESIAN_POINT('',(1.562521284612,1.047935762409));
#5645 = CARTESIAN_POINT('',(1.562515590467,1.138429222245));
#5646 = CARTESIAN_POINT('',(1.562513136391,1.228938597625));
#5647 = CARTESIAN_POINT('',(1.562512997997,1.379464748542));
#5648 = CARTESIAN_POINT('',(1.562513980898,1.439516699623));
#5649 = CARTESIAN_POINT('',(1.562515737198,1.499566689379));
#5650 = CARTESIAN_POINT('',(1.562517831204,1.559614256976));
#5651 = CARTESIAN_POINT('',(1.562519801646,1.61966164792));
#5652 = CARTESIAN_POINT('',(1.562521267171,1.679711133572));
#5653 = CARTESIAN_POINT('',(1.562521991929,1.739762305258));
#5654 = CARTESIAN_POINT('',(1.562521795767,1.885756215193));
#5655 = CARTESIAN_POINT('',(1.562520042935,1.971726541423));
#5656 = CARTESIAN_POINT('',(1.56251637705,2.057686374149));
#5657 = CARTESIAN_POINT('',(1.56251137656,2.143633250638));
#5658 = CARTESIAN_POINT('',(1.562506142841,2.22958039716));
#5659 = CARTESIAN_POINT('',(1.562501924802,2.315540964297));
#5660 = CARTESIAN_POINT('',(1.562499699311,2.401512293332));
#5661 = CARTESIAN_POINT('',(1.562499718128,2.600190754921));
#5662 = CARTESIAN_POINT('',(1.562503597759,2.71301431002));
#5663 = CARTESIAN_POINT('',(1.562512042757,2.825785727086));
#5664 = CARTESIAN_POINT('',(1.562524132775,2.938521738661));
#5665 = CARTESIAN_POINT('',(1.562536584022,3.051257388314));
#5666 = CARTESIAN_POINT('',(1.562545790775,3.164027962526));
#5667 = CARTESIAN_POINT('',(1.562550133439,3.276850666689));
#5668 = CARTESIAN_POINT('',(1.562549336494,3.499281937467));
#5669 = CARTESIAN_POINT('',(1.56254444812,3.609064199114));
#5670 = CARTESIAN_POINT('',(1.562535167459,3.718801423631));
#5671 = CARTESIAN_POINT('',(1.562523159678,3.82850747622));
#5672 = CARTESIAN_POINT('',(1.562511725774,3.938213864456));
#5673 = CARTESIAN_POINT('',(1.562503758648,4.047951865299));
#5674 = CARTESIAN_POINT('',(1.562500072136,4.15773495507));
#5675 = CARTESIAN_POINT('',(1.562499993988,4.354909119379));
#5676 = CARTESIAN_POINT('',(1.562502275276,4.442407442527));
#5677 = CARTESIAN_POINT('',(1.562506548428,4.5298920381));
#5678 = CARTESIAN_POINT('',(1.562511900336,4.617364465736));
#5679 = CARTESIAN_POINT('',(1.562516936458,4.704836607608));
#5680 = CARTESIAN_POINT('',(1.562520442129,4.79232044821));
#5681 = CARTESIAN_POINT('',(1.562521984112,4.879817781775));
#5682 = CARTESIAN_POINT('',(1.56252173912,5.02739574515));
#5683 = CARTESIAN_POINT('',(1.562520843808,5.087506608379));
#5684 = CARTESIAN_POINT('',(1.562519236488,5.147615787088));
#5685 = CARTESIAN_POINT('',(1.562517172252,5.207722874868));
#5686 = CARTESIAN_POINT('',(1.562515045513,5.267830147441));
#5687 = CARTESIAN_POINT('',(1.56251332063,5.327939859076));
#5688 = CARTESIAN_POINT('',(1.562512425438,5.388051543975));
#5689 = CARTESIAN_POINT('',(1.562512886209,5.540045184727));
#5690 = CARTESIAN_POINT('',(1.562515684764,5.631964950908));
#5691 = CARTESIAN_POINT('',(1.562521930686,5.723867232301));
#5692 = CARTESIAN_POINT('',(1.562531621804,5.815754847472));
#5693 = CARTESIAN_POINT('',(1.562543236748,5.907642080358));
#5694 = CARTESIAN_POINT('',(1.562552873022,5.999543327982));
#5695 = CARTESIAN_POINT('',(1.562557634317,6.09146175413));
#5696 = CARTESIAN_POINT('',(1.562556947835,6.255708839933));
#5697 = CARTESIAN_POINT('',(1.562553394964,6.328081295173));
#5698 = CARTESIAN_POINT('',(1.562546715591,6.40044917781));
#5699 = CARTESIAN_POINT('',(1.562537302558,6.472811566773));
#5700 = CARTESIAN_POINT('',(1.562527612229,6.545174242239));
#5701 = CARTESIAN_POINT('',(1.562521396372,6.61754284368));
#5702 = CARTESIAN_POINT('',(1.562520371315,6.689916084675));
#5703 = CARTESIAN_POINT('',(1.562518324389,6.762279024438));
#5704 = ( GEOMETRIC_REPRESENTATION_CONTEXT(2) 
PARAMETRIC_REPRESENTATION_CONTEXT() REPRESENTATION_CONTEXT('2D SPACE',''
  ) );
#5705 = ORIENTED_EDGE('',*,*,#5706,.T.);
#5706 = EDGE_CURVE('',#5411,#5707,#5709,.T.);
#5707 = VERTEX_POINT('',#5708);
#5708 = CARTESIAN_POINT('',(9.875,-1.797E-12,-12.65624267018));
#5709 = SURFACE_CURVE('',#5710,(#5783,#5900),.PCURVE_S1.);
#5710 = B_SPLINE_CURVE_WITH_KNOTS('',8,(#5711,#5712,#5713,#5714,#5715,
    #5716,#5717,#5718,#5719,#5720,#5721,#5722,#5723,#5724,#5725,#5726,
    #5727,#5728,#5729,#5730,#5731,#5732,#5733,#5734,#5735,#5736,#5737,
    #5738,#5739,#5740,#5741,#5742,#5743,#5744,#5745,#5746,#5747,#5748,
    #5749,#5750,#5751,#5752,#5753,#5754,#5755,#5756,#5757,#5758,#5759,
    #5760,#5761,#5762,#5763,#5764,#5765,#5766,#5767,#5768,#5769,#5770,
    #5771,#5772,#5773,#5774,#5775,#5776,#5777,#5778,#5779,#5780,#5781,
    #5782),.UNSPECIFIED.,.F.,.F.,(9,7,7,7,7,7,7,7,7,7,9),(0.,
    8.806941631884E-02,0.195122498676,0.266137262084,0.367695880363,
    0.500054836608,0.631017676529,0.734052373385,0.804640523847,
    0.914158885531,1.),.UNSPECIFIED.);
#5711 = CARTESIAN_POINT('',(9.875,-5.86908E-12,-10.15624083769));
#5712 = CARTESIAN_POINT('',(9.875,-0.68295267478,-10.18375968201));
#5713 = CARTESIAN_POINT('',(9.821019321323,-1.366013840779,
    -10.21128195951));
#5714 = CARTESIAN_POINT('',(9.713029699377,-2.044043092595,
    -10.23879880799));
#5715 = CARTESIAN_POINT('',(9.551619139838,-2.712059627417,
    -10.26631116438));
#5716 = CARTESIAN_POINT('',(9.337897603993,-3.365223202454,
    -10.29382371225));
#5717 = CARTESIAN_POINT('',(9.07346426145,-3.99883248713,-10.32134025041
    ));
#5718 = CARTESIAN_POINT('',(8.76043631019,-4.608340810063,
    -10.34886048252));
#5719 = CARTESIAN_POINT('',(7.965280944836,-5.89568479512,
    -10.40982751782));
#5720 = CARTESIAN_POINT('',(7.461013728498,-6.560306812625,
    -10.4432908808));
#5721 = CARTESIAN_POINT('',(6.893586555059,-7.175235713242,
    -10.47675075202));
#5722 = CARTESIAN_POINT('',(6.268824600235,-7.733554940829,
    -10.51020638159));
#5723 = CARTESIAN_POINT('',(5.593299109372,-8.229249539824,
    -10.54366117973));
#5724 = CARTESIAN_POINT('',(4.874254686655,-8.65713539782,
    -10.57711933244));
#5725 = CARTESIAN_POINT('',(4.119663466944,-9.012944711262,
    -10.61058174908));
#5726 = CARTESIAN_POINT('',(2.820100086353,-9.479764214483,
    -10.66622057535));
#5727 = CARTESIAN_POINT('',(2.289924396659,-9.632916160214,
    -10.68841065288));
#5728 = CARTESIAN_POINT('',(1.750353569357,-9.752140647931,
    -10.71059962054));
#5729 = CARTESIAN_POINT('',(1.203927924638,-9.836783772106,
    -10.73278752582));
#5730 = CARTESIAN_POINT('',(0.653217615485,-9.886419606089,
    -10.75497542724));
#5731 = CARTESIAN_POINT('',(0.100819625456,-9.900841564234,
    -10.77716435304));
#5732 = CARTESIAN_POINT('',(-0.450642889123,-9.880071602465,
    -10.7993542704));
#5733 = CARTESIAN_POINT('',(-1.782039539212,-9.744752757594,
    -10.85327538727));
#5734 = CARTESIAN_POINT('',(-2.558520770384,-9.593680459315,
    -10.88501713978));
#5735 = CARTESIAN_POINT('',(-3.32002902522,-9.37191157369,
    -10.91675599217));
#5736 = CARTESIAN_POINT('',(-4.059076937432,-9.081272286398,
    -10.9484907531));
#5737 = CARTESIAN_POINT('',(-4.768548791524,-8.724463392547,
    -10.98022573316));
#5738 = CARTESIAN_POINT('',(-5.441686395773,-8.304985373853,
    -11.01196514093));
#5739 = CARTESIAN_POINT('',(-6.072135391953,-7.827198918022,
    -11.04370751239));
#5740 = CARTESIAN_POINT('',(-7.412450219566,-6.604900687403,
    -11.11679660376));
#5741 = CARTESIAN_POINT('',(-8.08929772162,-5.822639085443,
    -11.15818422304));
#5742 = CARTESIAN_POINT('',(-8.670929240358,-4.961740001969,
    -11.19955110595));
#5743 = CARTESIAN_POINT('',(-9.147146449274,-4.035988271098,
    -11.24090349985));
#5744 = CARTESIAN_POINT('',(-9.50994700248,-3.060193690769,
    -11.28225553746));
#5745 = CARTESIAN_POINT('',(-9.75378585268,-2.050250537989,
    -11.32362160815));
#5746 = CARTESIAN_POINT('',(-9.875354987177,-1.0229833749,-11.3650085338
    ));
#5747 = CARTESIAN_POINT('',(-9.87464757831,1.018998947245,
    -11.44728482224));
#5748 = CARTESIAN_POINT('',(-9.754929063226,2.035312729889,
    -11.48823841575));
#5749 = CARTESIAN_POINT('',(-9.515532362394,3.03477429894,
    -11.52917682759));
#5750 = CARTESIAN_POINT('',(-9.159628211331,4.001082428589,
    -11.57010471254));
#5751 = CARTESIAN_POINT('',(-8.692546142565,4.918826176656,
    -11.61103248448));
#5752 = CARTESIAN_POINT('',(-8.121971209371,5.773623210001,
    -11.65197062606));
#5753 = CARTESIAN_POINT('',(-7.457706959624,6.552070653356,
    -11.69292409652));
#5754 = CARTESIAN_POINT('',(-6.126871398236,7.785594264861,
    -11.76603817127));
#5755 = CARTESIAN_POINT('',(-5.490474449257,8.274715765638,
    -11.79824030718));
#5756 = CARTESIAN_POINT('',(-4.809737273873,8.704096595804,
    -11.83043649512));
#5757 = CARTESIAN_POINT('',(-4.091275894017,9.069140632435,
    -11.86262773478));
#5758 = CARTESIAN_POINT('',(-3.342129303668,9.366164744575,
    -11.89481901559));
#5759 = CARTESIAN_POINT('',(-2.569717013887,9.592329571013,
    -11.92701527996));
#5760 = CARTESIAN_POINT('',(-1.781862963421,9.745716773882,
    -11.95921738617));
#5761 = CARTESIAN_POINT('',(-0.442209975879,9.880268775384,
    -12.01346636273));
#5762 = CARTESIAN_POINT('',(0.105941262757,9.900471889536,
    -12.03552370158));
#5763 = CARTESIAN_POINT('',(0.654991310119,9.885905432139,
    -12.05758079712));
#5764 = CARTESIAN_POINT('',(1.202364168509,9.836549347213,-12.0796373822
    ));
#5765 = CARTESIAN_POINT('',(1.745509306623,9.752606672725,
    -12.10169407748));
#5766 = CARTESIAN_POINT('',(2.281902428723,9.634494707853,-12.1237514612
    ));
#5767 = CARTESIAN_POINT('',(2.809048307931,9.482853386159,
    -12.14580915775));
#5768 = CARTESIAN_POINT('',(4.124192951305,9.012654297813,
    -12.20208476343));
#5769 = CARTESIAN_POINT('',(4.896098696415,8.648027302381,
    -12.23631632454));
#5770 = CARTESIAN_POINT('',(5.630691496818,8.207974035567,
    -12.27053942985));
#5771 = CARTESIAN_POINT('',(6.319461156311,7.697103248928,
    -12.30475515844));
#5772 = CARTESIAN_POINT('',(6.954654575658,7.120976388631,
    -12.33896971358));
#5773 = CARTESIAN_POINT('',(7.529307136532,6.486115527443,
    -12.37319058306));
#5774 = CARTESIAN_POINT('',(8.037241360565,5.799970381142,
    -12.40742052303));
#5775 = CARTESIAN_POINT('',(8.815234704071,4.50004239119,-12.46846156841
    ));
#5776 = CARTESIAN_POINT('',(9.113130140382,3.90243476425,-12.49528841288
    ));
#5777 = CARTESIAN_POINT('',(9.364608549904,3.282474496194,
    -12.52211512096));
#5778 = CARTESIAN_POINT('',(9.567755424587,2.644391142399,
    -12.54894115822));
#5779 = CARTESIAN_POINT('',(9.721125238452,1.992550177926,
    -12.57576745462));
#5780 = CARTESIAN_POINT('',(9.823716512126,1.331439722182,
    -12.60259422704));
#5781 = CARTESIAN_POINT('',(9.875,0.665672065835,-12.62942012082));
#5782 = CARTESIAN_POINT('',(9.875,-3.40705E-12,-12.65624267018));
#5783 = PCURVE('',#387,#5784);
#5784 = DEFINITIONAL_REPRESENTATION('',(#5785),#5899);
#5785 = B_SPLINE_CURVE_WITH_KNOTS('',3,(#5786,#5787,#5788,#5789,#5790,
    #5791,#5792,#5793,#5794,#5795,#5796,#5797,#5798,#5799,#5800,#5801,
    #5802,#5803,#5804,#5805,#5806,#5807,#5808,#5809,#5810,#5811,#5812,
    #5813,#5814,#5815,#5816,#5817,#5818,#5819,#5820,#5821,#5822,#5823,
    #5824,#5825,#5826,#5827,#5828,#5829,#5830,#5831,#5832,#5833,#5834,
    #5835,#5836,#5837,#5838,#5839,#5840,#5841,#5842,#5843,#5844,#5845,
    #5846,#5847,#5848,#5849,#5850,#5851,#5852,#5853,#5854,#5855,#5856,
    #5857,#5858,#5859,#5860,#5861,#5862,#5863,#5864,#5865,#5866,#5867,
    #5868,#5869,#5870,#5871,#5872,#5873,#5874,#5875,#5876,#5877,#5878,
    #5879,#5880,#5881,#5882,#5883,#5884,#5885,#5886,#5887,#5888,#5889,
    #5890,#5891,#5892,#5893,#5894,#5895,#5896,#5897,#5898),
  .UNSPECIFIED.,.F.,.F.,(4,1,1,1,1,1,1,1,1,1,1,1,1,1,1,1,1,1,1,1,1,1,1,1
    ,1,1,1,1,1,1,1,1,1,1,1,1,1,1,1,1,1,1,1,1,1,1,1,1,1,1,1,1,1,1,1,1,1,1
    ,1,1,1,1,1,1,1,1,1,1,1,1,1,1,1,1,1,1,1,1,1,1,1,1,1,1,1,1,1,1,1,1,1,1
    ,1,1,1,1,1,1,1,1,1,1,1,1,1,1,1,1,1,1,4),(0.,9.090909090909E-03,
    1.818181818182E-02,2.727272727273E-02,3.636363636364E-02,
    4.545454545455E-02,5.454545454545E-02,6.363636363636E-02,
    7.272727272727E-02,8.181818181818E-02,9.090909090909E-02,1.E-01,
    0.109090909091,0.118181818182,0.127272727273,0.136363636364,
    0.145454545455,0.154545454545,0.163636363636,0.172727272727,
    0.181818181818,0.190909090909,0.2,0.209090909091,0.218181818182,
    0.227272727273,0.236363636364,0.245454545455,0.254545454545,
    0.263636363636,0.272727272727,0.281818181818,0.290909090909,0.3,
    0.309090909091,0.318181818182,0.327272727273,0.336363636364,
    0.345454545455,0.354545454545,0.363636363636,0.372727272727,
    0.381818181818,0.390909090909,0.4,0.409090909091,0.418181818182,
    0.427272727273,0.436363636364,0.445454545455,0.454545454545,
    0.463636363636,0.472727272727,0.481818181818,0.490909090909,0.5,
    0.509090909091,0.518181818182,0.527272727273,0.536363636364,
    0.545454545455,0.554545454545,0.563636363636,0.572727272727,
    0.581818181818,0.590909090909,0.6,0.609090909091,0.618181818182,
    0.627272727273,0.636363636364,0.645454545455,0.654545454545,
    0.663636363636,0.672727272727,0.681818181818,0.690909090909,0.7,
    0.709090909091,0.718181818182,0.727272727273,0.736363636364,
    0.745454545455,0.754545454545,0.763636363636,0.772727272727,
    0.781818181818,0.790909090909,0.8,0.809090909091,0.818181818182,
    0.827272727273,0.836363636364,0.845454545455,0.854545454545,
    0.863636363636,0.872727272727,0.881818181818,0.890909090909,0.9,
    0.909090909091,0.918181818182,0.927272727273,0.936363636364,
    0.945454545455,0.954545454545,0.963636363636,0.972727272727,
    0.981818181818,0.990909090909,1.),.QUASI_UNIFORM_KNOTS.);
#5786 = CARTESIAN_POINT('',(-6.28318530718,7.65624083769));
#5787 = CARTESIAN_POINT('',(-6.264147863755,7.66381592173));
#5788 = CARTESIAN_POINT('',(-6.226071510798,7.678966341072));
#5789 = CARTESIAN_POINT('',(-6.168954750077,7.701691787876));
#5790 = CARTESIAN_POINT('',(-6.111838620463,7.724415695027));
#5791 = CARTESIAN_POINT('',(-6.054723550589,7.74713818016));
#5792 = CARTESIAN_POINT('',(-5.997609183591,7.769859827019));
#5793 = CARTESIAN_POINT('',(-5.940494686698,7.792581484687));
#5794 = CARTESIAN_POINT('',(-5.883379233426,7.815303947439));
#5795 = CARTESIAN_POINT('',(-5.826262945039,7.838027511855));
#5796 = CARTESIAN_POINT('',(-5.769145859435,7.860752352229));
#5797 = CARTESIAN_POINT('',(-5.712034592247,7.883475953442));
#5798 = CARTESIAN_POINT('',(-5.654915420908,7.906203767144));
#5799 = CARTESIAN_POINT('',(-5.597793381472,7.928933647002));
#5800 = CARTESIAN_POINT('',(-5.540671992545,7.951663998074));
#5801 = CARTESIAN_POINT('',(-5.483552409504,7.974394115829));
#5802 = CARTESIAN_POINT('',(-5.426434501302,7.997123793631));
#5803 = CARTESIAN_POINT('',(-5.369317306008,8.019853164403));
#5804 = CARTESIAN_POINT('',(-5.312199576506,8.042582504038));
#5805 = CARTESIAN_POINT('',(-5.255080288707,8.065312043945));
#5806 = CARTESIAN_POINT('',(-5.197959099425,8.088041799068));
#5807 = CARTESIAN_POINT('',(-5.14083712599,8.110771262097));
#5808 = CARTESIAN_POINT('',(-5.083716761581,8.133499478032));
#5809 = CARTESIAN_POINT('',(-5.026605475525,8.156223515217));
#5810 = CARTESIAN_POINT('',(-4.969491316166,8.178948219861));
#5811 = CARTESIAN_POINT('',(-4.912377754651,8.201672334237));
#5812 = CARTESIAN_POINT('',(-4.855264699351,8.224396022255));
#5813 = CARTESIAN_POINT('',(-4.798151876211,8.247119538601));
#5814 = CARTESIAN_POINT('',(-4.741038703977,8.269843258073));
#5815 = CARTESIAN_POINT('',(-4.683924807996,8.292567448162));
#5816 = CARTESIAN_POINT('',(-4.626811411065,8.31529171401));
#5817 = CARTESIAN_POINT('',(-4.569698730814,8.338016016246));
#5818 = CARTESIAN_POINT('',(-4.512578707388,8.360743608983));
#5819 = CARTESIAN_POINT('',(-4.455458775344,8.38347157252));
#5820 = CARTESIAN_POINT('',(-4.398339946121,8.40619941838));
#5821 = CARTESIAN_POINT('',(-4.341222763981,8.428926837708));
#5822 = CARTESIAN_POINT('',(-4.284106506028,8.451654029488));
#5823 = CARTESIAN_POINT('',(-4.226990091553,8.474381339661));
#5824 = CARTESIAN_POINT('',(-4.169872499064,8.497109078909));
#5825 = CARTESIAN_POINT('',(-4.112753248717,8.519837316927));
#5826 = CARTESIAN_POINT('',(-4.055633147782,8.542565594175));
#5827 = CARTESIAN_POINT('',(-3.998514176128,8.565292989272));
#5828 = CARTESIAN_POINT('',(-3.941403017105,8.58801684842));
#5829 = CARTESIAN_POINT('',(-3.884272976183,8.610747726628));
#5830 = CARTESIAN_POINT('',(-3.827138673929,8.633479794176));
#5831 = CARTESIAN_POINT('',(-3.770004026668,8.656211504874));
#5832 = CARTESIAN_POINT('',(-3.712872129838,8.678941675382));
#5833 = CARTESIAN_POINT('',(-3.655743598526,8.70167014044));
#5834 = CARTESIAN_POINT('',(-3.598617827373,8.724397243535));
#5835 = CARTESIAN_POINT('',(-3.541493350272,8.747123686049));
#5836 = CARTESIAN_POINT('',(-3.484368375648,8.769850308509));
#5837 = CARTESIAN_POINT('',(-3.427241224066,8.792577911676));
#5838 = CARTESIAN_POINT('',(-3.370110862646,8.815307038257));
#5839 = CARTESIAN_POINT('',(-3.312977194536,8.838037849643));
#5840 = CARTESIAN_POINT('',(-3.255842444555,8.860769564664));
#5841 = CARTESIAN_POINT('',(-3.198708811878,8.883501383297));
#5842 = CARTESIAN_POINT('',(-3.141590601424,8.906227661997));
#5843 = CARTESIAN_POINT('',(-3.084473109254,8.928954276357));
#5844 = CARTESIAN_POINT('',(-3.02734026161,8.951687614251));
#5845 = CARTESIAN_POINT('',(-2.970206497904,8.97442188527));
#5846 = CARTESIAN_POINT('',(-2.91307381453,8.99715621914));
#5847 = CARTESIAN_POINT('',(-2.855944375785,9.019889658932));
#5848 = CARTESIAN_POINT('',(-2.798818029807,9.042622150492));
#5849 = CARTESIAN_POINT('',(-2.741693725918,9.065353982134));
#5850 = CARTESIAN_POINT('',(-2.684569794149,9.088085679999));
#5851 = CARTESIAN_POINT('',(-2.627444480687,9.11081780436));
#5852 = CARTESIAN_POINT('',(-2.570316395521,9.133550781234));
#5853 = CARTESIAN_POINT('',(-2.513185021934,9.156284707355));
#5854 = CARTESIAN_POINT('',(-2.456051197504,9.179019162655));
#5855 = CARTESIAN_POINT('',(-2.398917958803,9.201752876205));
#5856 = CARTESIAN_POINT('',(-2.341790486485,9.224483748182));
#5857 = CARTESIAN_POINT('',(-2.284680077299,9.247207292058));
#5858 = CARTESIAN_POINT('',(-2.227559782632,9.269934261478));
#5859 = CARTESIAN_POINT('',(-2.170439413845,9.292660813198));
#5860 = CARTESIAN_POINT('',(-2.113319879999,9.315386674081));
#5861 = CARTESIAN_POINT('',(-2.056202118823,9.338111578106));
#5862 = CARTESIAN_POINT('',(-1.999085506401,9.360835893122));
#5863 = CARTESIAN_POINT('',(-1.941968986586,9.383560163477));
#5864 = CARTESIAN_POINT('',(-1.884851452087,9.406284949814));
#5865 = CARTESIAN_POINT('',(-1.827732192033,9.429010642387));
#5866 = CARTESIAN_POINT('',(-1.770611808147,9.45173708883));
#5867 = CARTESIAN_POINT('',(-1.713491370377,9.474463923884));
#5868 = CARTESIAN_POINT('',(-1.656378512544,9.497188137811));
#5869 = CARTESIAN_POINT('',(-1.599265306979,9.51991287199));
#5870 = CARTESIAN_POINT('',(-1.542151495617,9.542638196942));
#5871 = CARTESIAN_POINT('',(-1.485038420957,9.5653634891));
#5872 = CARTESIAN_POINT('',(-1.427925676368,9.588088803208));
#5873 = CARTESIAN_POINT('',(-1.370812700052,9.610814240479));
#5874 = CARTESIAN_POINT('',(-1.313699207229,9.633539776392));
#5875 = CARTESIAN_POINT('',(-1.256585185376,9.656265264565));
#5876 = CARTESIAN_POINT('',(-1.19947388551,9.678989287054));
#5877 = CARTESIAN_POINT('',(-1.142352711912,9.701716753895));
#5878 = CARTESIAN_POINT('',(-1.085229849883,9.724444338611));
#5879 = CARTESIAN_POINT('',(-1.028107733211,9.747171050507));
#5880 = CARTESIAN_POINT('',(-0.970987618707,9.769896422525));
#5881 = CARTESIAN_POINT('',(-0.91386920956,9.792620662851));
#5882 = CARTESIAN_POINT('',(-0.856751490178,9.815344319751));
#5883 = CARTESIAN_POINT('',(-0.79963315841,9.838068102796));
#5884 = CARTESIAN_POINT('',(-0.742513169792,9.860792654542));
#5885 = CARTESIAN_POINT('',(-0.685391140517,9.883518372211));
#5886 = CARTESIAN_POINT('',(-0.628268288514,9.906245008924));
#5887 = CARTESIAN_POINT('',(-0.571146638779,9.928971961403));
#5888 = CARTESIAN_POINT('',(-0.514035128511,9.951695814433));
#5889 = CARTESIAN_POINT('',(-0.456919292409,9.974422375717));
#5890 = CARTESIAN_POINT('',(-0.399803290986,9.997149949289));
#5891 = CARTESIAN_POINT('',(-0.342688145758,10.019877942538));
#5892 = CARTESIAN_POINT('',(-0.285573930355,10.042606033456));
#5893 = CARTESIAN_POINT('',(-0.228459952258,10.065334126232));
#5894 = CARTESIAN_POINT('',(-0.171345380187,10.088062145896));
#5895 = CARTESIAN_POINT('',(-0.114229813312,10.110789913507));
#5896 = CARTESIAN_POINT('',(-5.711357619513E-02,10.133517085204));
#5897 = CARTESIAN_POINT('',(-1.903741513432E-02,10.148667681965));
#5898 = CARTESIAN_POINT('',(0.,10.156242670183));
#5899 = ( GEOMETRIC_REPRESENTATION_CONTEXT(2) 
PARAMETRIC_REPRESENTATION_CONTEXT() REPRESENTATION_CONTEXT('2D SPACE',''
  ) );
#5900 = PCURVE('',#5901,#5926);
#5901 = B_SPLINE_SURFACE_WITH_KNOTS('',1,11,(
    (#5902,#5903,#5904,#5905,#5906,#5907,#5908,#5909,#5910,#5911,#5912
      ,#5913)
    ,(#5914,#5915,#5916,#5917,#5918,#5919,#5920,#5921,#5922,#5923,#5924
      ,#5925
    )),.UNSPECIFIED.,.F.,.F.,.F.,(2,2),(12,12),(0.,1.75),(0.,
    6.762279024438),.PIECEWISE_BEZIER_KNOTS.);
#5902 = CARTESIAN_POINT('',(8.521830772657,7.9106510685E-07,
    -10.93751963314));
#5903 = CARTESIAN_POINT('',(8.52183552695,-4.867654331963,
    -11.16477372908));
#5904 = CARTESIAN_POINT('',(5.463360867104,-9.735195997268,
    -11.39213211246));
#5905 = CARTESIAN_POINT('',(-0.655568158156,-12.46879752217,
    -11.61915606355));
#5906 = CARTESIAN_POINT('',(-8.139968733318,-10.92535408261,
    -11.84693603068));
#5907 = CARTESIAN_POINT('',(-13.7114503689,-4.506153863674,
    -12.07344381137));
#5908 = CARTESIAN_POINT('',(-13.71166816922,4.506164940622,
    -12.30159152793));
#5909 = CARTESIAN_POINT('',(-8.139810584082,10.925326057338,
    -12.52809930967));
#5910 = CARTESIAN_POINT('',(-0.655655989916,12.468815900784,
    -12.7558792756));
#5911 = CARTESIAN_POINT('',(5.463391428164,9.73519150349,-12.98290322733
    ));
#5912 = CARTESIAN_POINT('',(8.52182701544,4.867655755879,-13.21026161057
    ));
#5913 = CARTESIAN_POINT('',(8.52183167942,6.3285177463E-07,
    -13.4375157065));
#5914 = CARTESIAN_POINT('',(10.037362533717,-9.492399002E-08,
    -10.06249764415));
#5915 = CARTESIAN_POINT('',(10.037378829812,-5.733329570144,
    -10.28977260694));
#5916 = CARTESIAN_POINT('',(6.434926125351,-11.46654009048,
    -10.51703505685));
#5917 = CARTESIAN_POINT('',(-0.772042173268,-14.686110138,
    -10.74433763297));
#5918 = CARTESIAN_POINT('',(-9.587797440413,-12.86871873097,
    -10.97154949986));
#5919 = CARTESIAN_POINT('',(-16.14963178594,-5.306959283678,
    -11.19891400962));
#5920 = CARTESIAN_POINT('',(-16.15045652585,5.307010360084,
    -11.42608174849));
#5921 = CARTESIAN_POINT('',(-9.587189280488,12.86861756051,
    -11.6534462623));
#5922 = CARTESIAN_POINT('',(-0.772367786475,14.686180410312,
    -11.88065812448));
#5923 = CARTESIAN_POINT('',(6.435048641084,11.46651943444,
    -12.10796070326));
#5924 = CARTESIAN_POINT('',(10.037349672667,5.733329399277,
    -12.33522315246));
#5925 = CARTESIAN_POINT('',(10.037365979619,-7.593958842E-08,
    -12.5624981153));
#5926 = DEFINITIONAL_REPRESENTATION('',(#5927),#6000);
#5927 = B_SPLINE_CURVE_WITH_KNOTS('',8,(#5928,#5929,#5930,#5931,#5932,
    #5933,#5934,#5935,#5936,#5937,#5938,#5939,#5940,#5941,#5942,#5943,
    #5944,#5945,#5946,#5947,#5948,#5949,#5950,#5951,#5952,#5953,#5954,
    #5955,#5956,#5957,#5958,#5959,#5960,#5961,#5962,#5963,#5964,#5965,
    #5966,#5967,#5968,#5969,#5970,#5971,#5972,#5973,#5974,#5975,#5976,
    #5977,#5978,#5979,#5980,#5981,#5982,#5983,#5984,#5985,#5986,#5987,
    #5988,#5989,#5990,#5991,#5992,#5993,#5994,#5995,#5996,#5997,#5998,
    #5999),.UNSPECIFIED.,.F.,.F.,(9,7,7,7,7,7,7,7,7,7,9),(0.,
    8.806941631884E-02,0.195122498676,0.266137262084,0.367695880363,
    0.500054836608,0.631017676529,0.734052373385,0.804640523847,
    0.914158885531,1.),.UNSPECIFIED.);
#5928 = CARTESIAN_POINT('',(1.562518324389,0.));
#5929 = CARTESIAN_POINT('',(1.562516218902,7.443319383763E-02));
#5930 = CARTESIAN_POINT('',(1.562516007868,0.148878236369));
#5931 = CARTESIAN_POINT('',(1.562522733094,0.223317975044));
#5932 = CARTESIAN_POINT('',(1.562533431726,0.297750936975));
#5933 = CARTESIAN_POINT('',(1.562543526236,0.372183599811));
#5934 = CARTESIAN_POINT('',(1.562550322954,0.446622595827));
#5935 = CARTESIAN_POINT('',(1.562553619129,0.521066849207));
#5936 = CARTESIAN_POINT('',(1.562553174675,0.685976689714));
#5937 = CARTESIAN_POINT('',(1.562547883483,0.776484972468));
#5938 = CARTESIAN_POINT('',(1.562538046711,0.866977662492));
#5939 = CARTESIAN_POINT('',(1.562526871776,0.957457069386));
#5940 = CARTESIAN_POINT('',(1.562517619599,1.047936827831));
#5941 = CARTESIAN_POINT('',(1.562511925492,1.138430472352));
#5942 = CARTESIAN_POINT('',(1.56250947146,1.228940032583));
#5943 = CARTESIAN_POINT('',(1.562509333153,1.379437952643));
#5944 = CARTESIAN_POINT('',(1.562510315119,1.439461479088));
#5945 = CARTESIAN_POINT('',(1.562512069859,1.499483048562));
#5946 = CARTESIAN_POINT('',(1.56251416239,1.559502201272));
#5947 = CARTESIAN_POINT('',(1.562516132128,1.619521177466));
#5948 = CARTESIAN_POINT('',(1.562517598141,1.679542243225));
#5949 = CARTESIAN_POINT('',(1.56251832463,1.739564990893));
#5950 = CARTESIAN_POINT('',(1.562518135103,1.885416589588));
#5951 = CARTESIAN_POINT('',(1.562516390864,1.971272865386));
#5952 = CARTESIAN_POINT('',(1.562512738591,2.057118716056));
#5953 = CARTESIAN_POINT('',(1.562507751794,2.142951694751));
#5954 = CARTESIAN_POINT('',(1.562502525341,2.228784942029));
#5955 = CARTESIAN_POINT('',(1.562498303067,2.314631524033));
#5956 = CARTESIAN_POINT('',(1.562496060496,2.400488800054));
#5957 = CARTESIAN_POINT('',(1.562496019382,2.598188276248));
#5958 = CARTESIAN_POINT('',(1.562499800582,2.710143242177));
#5959 = CARTESIAN_POINT('',(1.562508077197,2.822048198024));
#5960 = CARTESIAN_POINT('',(1.562519973373,2.933918857811));
#5961 = CARTESIAN_POINT('',(1.562532327931,3.045789173794));
#5962 = CARTESIAN_POINT('',(1.562541616213,3.157693300938));
#5963 = CARTESIAN_POINT('',(1.562546188599,3.269647460724));
#5964 = CARTESIAN_POINT('',(1.562545978228,3.492197264007));
#5965 = CARTESIAN_POINT('',(1.562541293566,3.602966778605));
#5966 = CARTESIAN_POINT('',(1.562532060055,3.71368907589));
#5967 = CARTESIAN_POINT('',(1.56251992801,3.824378978603));
#5968 = CARTESIAN_POINT('',(1.56250829375,3.935069248921));
#5969 = CARTESIAN_POINT('',(1.562500172221,4.045792319078));
#5970 = CARTESIAN_POINT('',(1.562496413263,4.156562752861));
#5971 = CARTESIAN_POINT('',(1.562496325002,4.354329743113));
#5972 = CARTESIAN_POINT('',(1.56249858196,4.441436726908));
#5973 = CARTESIAN_POINT('',(1.562502815739,4.528530295573));
#5974 = CARTESIAN_POINT('',(1.562508128692,4.615611939158));
#5975 = CARTESIAN_POINT('',(1.562513149298,4.702693298664));
#5976 = CARTESIAN_POINT('',(1.562516676201,4.789786118039));
#5977 = CARTESIAN_POINT('',(1.562518267145,4.876892120725));
#5978 = CARTESIAN_POINT('',(1.562518117665,5.023630605069));
#5979 = CARTESIAN_POINT('',(1.562517269604,5.083292610024));
#5980 = CARTESIAN_POINT('',(1.5625157109,5.142952995699));
#5981 = CARTESIAN_POINT('',(1.562513684234,5.202611367716));
#5982 = CARTESIAN_POINT('',(1.562511569553,5.262269918782));
#5983 = CARTESIAN_POINT('',(1.562509818737,5.321930824141));
#5984 = CARTESIAN_POINT('',(1.562508853716,5.38159363844));
#5985 = CARTESIAN_POINT('',(1.562509043294,5.533814434));
#5986 = CARTESIAN_POINT('',(1.562511662306,5.626411323234));
#5987 = CARTESIAN_POINT('',(1.562517774479,5.718990064718));
#5988 = CARTESIAN_POINT('',(1.562527441956,5.811553661376));
#5989 = CARTESIAN_POINT('',(1.56253917971,5.904116883913));
#5990 = CARTESIAN_POINT('',(1.562548999557,5.996694592235));
#5991 = CARTESIAN_POINT('',(1.562553904007,6.089290187454));
#5992 = CARTESIAN_POINT('',(1.562553345605,6.254400064583));
#5993 = CARTESIAN_POINT('',(1.562549834567,6.326959559011));
#5994 = CARTESIAN_POINT('',(1.562543172708,6.399514423102));
#5995 = CARTESIAN_POINT('',(1.562533736939,6.472063720988));
#5996 = CARTESIAN_POINT('',(1.562523995076,6.544613305818));
#5997 = CARTESIAN_POINT('',(1.562517737508,6.617168890723));
#5998 = CARTESIAN_POINT('',(1.562516711695,6.689729174845));
#5999 = CARTESIAN_POINT('',(1.562514659486,6.762279024438));
#6000 = ( GEOMETRIC_REPRESENTATION_CONTEXT(2) 
PARAMETRIC_REPRESENTATION_CONTEXT() REPRESENTATION_CONTEXT('2D SPACE',''
  ) );
#6001 = ORIENTED_EDGE('',*,*,#6002,.T.);
#6002 = EDGE_CURVE('',#5707,#6003,#6005,.T.);
#6003 = VERTEX_POINT('',#6004);
#6004 = CARTESIAN_POINT('',(9.875,-1.16E-12,-15.15624450266));
#6005 = SURFACE_CURVE('',#6006,(#6079,#6196),.PCURVE_S1.);
#6006 = B_SPLINE_CURVE_WITH_KNOTS('',8,(#6007,#6008,#6009,#6010,#6011,
    #6012,#6013,#6014,#6015,#6016,#6017,#6018,#6019,#6020,#6021,#6022,
    #6023,#6024,#6025,#6026,#6027,#6028,#6029,#6030,#6031,#6032,#6033,
    #6034,#6035,#6036,#6037,#6038,#6039,#6040,#6041,#6042,#6043,#6044,
    #6045,#6046,#6047,#6048,#6049,#6050,#6051,#6052,#6053,#6054,#6055,
    #6056,#6057,#6058,#6059,#6060,#6061,#6062,#6063,#6064,#6065,#6066,
    #6067,#6068,#6069,#6070,#6071,#6072,#6073,#6074,#6075,#6076,#6077,
    #6078),.UNSPECIFIED.,.F.,.F.,(9,7,7,7,7,7,7,7,7,7,9),(0.,
    8.806940729206E-02,0.195122546103,0.266125313228,0.367635290871,
    0.500774852368,0.630604280521,0.734257548586,0.80546423296,
    0.914938811052,1.),.UNSPECIFIED.);
#6007 = CARTESIAN_POINT('',(9.875,-3.74989E-12,-12.65624267018));
#6008 = CARTESIAN_POINT('',(9.875,-0.682952732436,-12.68376151681));
#6009 = CARTESIAN_POINT('',(9.821019312208,-1.366013956141,
    -12.71128379664));
#6010 = CARTESIAN_POINT('',(9.713029672019,-2.044043264375,
    -12.73880064747));
#6011 = CARTESIAN_POINT('',(9.551619085312,-2.712059853069,
    -12.76631300622));
#6012 = CARTESIAN_POINT('',(9.337897513752,-3.365223478231,
    -12.79382555645));
#6013 = CARTESIAN_POINT('',(9.073464127477,-3.998832808139,
    -12.82134209695));
#6014 = CARTESIAN_POINT('',(8.760436125171,-4.608341170328,
    -12.8488623314));
#6015 = CARTESIAN_POINT('',(7.965280357762,-5.895685671772,
    -12.90982939291));
#6016 = CARTESIAN_POINT('',(7.461012701292,-6.560308111178,
    -12.94329277981));
#6017 = CARTESIAN_POINT('',(6.893585003135,-7.175237353909,
    -12.97675267492));
#6018 = CARTESIAN_POINT('',(6.268822452741,-7.73355682987,
    -13.01020832835));
#6019 = CARTESIAN_POINT('',(5.593296311038,-8.229251572302,
    -13.04366315035));
#6020 = CARTESIAN_POINT('',(4.874251199365,-8.65713746003,
    -13.07712132695));
#6021 = CARTESIAN_POINT('',(4.119659271528,-9.012946683531,
    -13.11058376751));
#6022 = CARTESIAN_POINT('',(2.820182540342,-9.479734287413,
    -13.16621887346));
#6023 = CARTESIAN_POINT('',(2.290098256816,-9.632865675213,
    -13.18840520576));
#6024 = CARTESIAN_POINT('',(1.75062160258,-9.752081205871,
    -13.21059042886));
#6025 = CARTESIAN_POINT('',(1.204291597446,-9.836727264383,
    -13.23277459029));
#6026 = CARTESIAN_POINT('',(0.653677081691,-9.886378060715,
    -13.25495874774));
#6027 = CARTESIAN_POINT('',(0.101373716557,-9.900827000635,
    -13.27714392867));
#6028 = CARTESIAN_POINT('',(-0.449996672371,-9.880095877093,
    -13.29933010041));
#6029 = CARTESIAN_POINT('',(-1.780935871047,-9.744924058262,
    -13.35323228013));
#6030 = CARTESIAN_POINT('',(-2.557059700823,-9.59401633041,
    -13.38495881878));
#6031 = CARTESIAN_POINT('',(-3.318233990374,-9.372478305567,
    -13.41668246549));
#6032 = CARTESIAN_POINT('',(-4.056981904794,-9.08213241365,
    -13.44840203191));
#6033 = CARTESIAN_POINT('',(-4.766197376822,-8.725674115561,
    -13.48012181841));
#6034 = CARTESIAN_POINT('',(-5.439131034625,-8.306597188752,
    -13.51184602326));
#6035 = CARTESIAN_POINT('',(-6.069436362638,-7.829254090282,
    -13.54357318508));
#6036 = CARTESIAN_POINT('',(-7.414411786129,-6.603642377707,
    -13.61689100746));
#6037 = CARTESIAN_POINT('',(-8.095077641503,-5.816478414299,
    -13.65852350098));
#6038 = CARTESIAN_POINT('',(-8.679344305055,-4.949778446723,
    -13.70013463798));
#6039 = CARTESIAN_POINT('',(-9.156846582965,-4.017586291342,
    -13.74173094944));
#6040 = CARTESIAN_POINT('',(-9.519462911204,-3.03498754939,
    -13.78332692567));
#6041 = CARTESIAN_POINT('',(-9.761592080609,-2.018173965012,
    -13.82493730011));
#6042 = CARTESIAN_POINT('',(-9.879918224648,-0.984281548432,
    -13.86656918174));
#6043 = CARTESIAN_POINT('',(-9.869972057662,1.054940869351,
    -13.94873541691));
#6044 = CARTESIAN_POINT('',(-9.747750067312,2.061890070167,
    -13.98933360977));
#6045 = CARTESIAN_POINT('',(-9.507998402616,3.051896420873,
    -14.02991734288));
#6046 = CARTESIAN_POINT('',(-9.153843086805,4.009088942316,-14.070490933
    ));
#6047 = CARTESIAN_POINT('',(-8.690502729695,4.918461895234,
    -14.11106439438));
#6048 = CARTESIAN_POINT('',(-8.125467152843,5.766004276179,
    -14.15164784389));
#6049 = CARTESIAN_POINT('',(-7.468281058389,6.538656329778,
    -14.19224585013));
#6050 = CARTESIAN_POINT('',(-6.143576619564,7.772913634104,
    -14.2651991636));
#6051 = CARTESIAN_POINT('',(-5.504331490096,8.266311475959,
    -14.2975948917));
#6052 = CARTESIAN_POINT('',(-4.820091097382,8.699330097504,
    -14.32998449643));
#6053 = CARTESIAN_POINT('',(-4.097584527519,9.067278551749,
    -14.36236901636));
#6054 = CARTESIAN_POINT('',(-3.343974570223,9.366400406714,
    -14.39475357467));
#6055 = CARTESIAN_POINT('',(-2.566813860838,9.593802078564,
    -14.42714324563));
#6056 = CARTESIAN_POINT('',(-1.774069767805,9.747532839556,
    -14.45953892419));
#6057 = CARTESIAN_POINT('',(-0.424697242781,9.881303933239,
    -14.51417448273));
#6058 = CARTESIAN_POINT('',(0.128314770352,9.900666200257,
    -14.53642517221));
#6059 = CARTESIAN_POINT('',(0.682172577499,9.884643133761,
    -14.55867559492));
#6060 = CARTESIAN_POINT('',(1.234231628204,9.833219853767,-14.5809254724
    ));
#6061 = CARTESIAN_POINT('',(1.781874435664,9.746612366524,
    -14.60317545382));
#6062 = CARTESIAN_POINT('',(2.322511356481,9.625258264831,
    -14.62542614504));
#6063 = CARTESIAN_POINT('',(2.853583619957,9.469825534105,
    -14.64767715786));
#6064 = CARTESIAN_POINT('',(4.170466486675,8.991303475447,
    -14.70413226912));
#6065 = CARTESIAN_POINT('',(4.94017810645,8.622864837478,-14.73835005755
    ));
#6066 = CARTESIAN_POINT('',(5.672220730783,8.179252950508,
    -14.77255939141));
#6067 = CARTESIAN_POINT('',(6.358118196733,7.665114299372,
    -14.80676138186));
#6068 = CARTESIAN_POINT('',(6.990154842597,7.086042832046,
    -14.84096225286));
#6069 = CARTESIAN_POINT('',(7.56140708096,6.448587558002,-14.87516950825
    ));
#6070 = CARTESIAN_POINT('',(8.065741979624,5.760220092279,
    -14.90938586351));
#6071 = CARTESIAN_POINT('',(8.834102262141,4.46199131925,-14.97016978868
    ));
#6072 = CARTESIAN_POINT('',(9.126781158023,3.868611635658,
    -14.99675285922));
#6073 = CARTESIAN_POINT('',(9.373797941788,3.253471171747,
    -15.02333582677));
#6074 = CARTESIAN_POINT('',(9.573305503997,2.62069171645,-15.04991814672
    ));
#6075 = CARTESIAN_POINT('',(9.723909390296,1.974524929408,
    -15.07650067463));
#6076 = CARTESIAN_POINT('',(9.824644140666,1.319339844495,
    -15.10308360065));
#6077 = CARTESIAN_POINT('',(9.875,0.659624257794,-15.12966564331));
#6078 = CARTESIAN_POINT('',(9.875,-2.08722E-12,-15.15624450266));
#6079 = PCURVE('',#387,#6080);
#6080 = DEFINITIONAL_REPRESENTATION('',(#6081),#6195);
#6081 = B_SPLINE_CURVE_WITH_KNOTS('',3,(#6082,#6083,#6084,#6085,#6086,
    #6087,#6088,#6089,#6090,#6091,#6092,#6093,#6094,#6095,#6096,#6097,
    #6098,#6099,#6100,#6101,#6102,#6103,#6104,#6105,#6106,#6107,#6108,
    #6109,#6110,#6111,#6112,#6113,#6114,#6115,#6116,#6117,#6118,#6119,
    #6120,#6121,#6122,#6123,#6124,#6125,#6126,#6127,#6128,#6129,#6130,
    #6131,#6132,#6133,#6134,#6135,#6136,#6137,#6138,#6139,#6140,#6141,
    #6142,#6143,#6144,#6145,#6146,#6147,#6148,#6149,#6150,#6151,#6152,
    #6153,#6154,#6155,#6156,#6157,#6158,#6159,#6160,#6161,#6162,#6163,
    #6164,#6165,#6166,#6167,#6168,#6169,#6170,#6171,#6172,#6173,#6174,
    #6175,#6176,#6177,#6178,#6179,#6180,#6181,#6182,#6183,#6184,#6185,
    #6186,#6187,#6188,#6189,#6190,#6191,#6192,#6193,#6194),
  .UNSPECIFIED.,.F.,.F.,(4,1,1,1,1,1,1,1,1,1,1,1,1,1,1,1,1,1,1,1,1,1,1,1
    ,1,1,1,1,1,1,1,1,1,1,1,1,1,1,1,1,1,1,1,1,1,1,1,1,1,1,1,1,1,1,1,1,1,1
    ,1,1,1,1,1,1,1,1,1,1,1,1,1,1,1,1,1,1,1,1,1,1,1,1,1,1,1,1,1,1,1,1,1,1
    ,1,1,1,1,1,1,1,1,1,1,1,1,1,1,1,1,1,1,4),(0.,9.090909090909E-03,
    1.818181818182E-02,2.727272727273E-02,3.636363636364E-02,
    4.545454545455E-02,5.454545454545E-02,6.363636363636E-02,
    7.272727272727E-02,8.181818181818E-02,9.090909090909E-02,1.E-01,
    0.109090909091,0.118181818182,0.127272727273,0.136363636364,
    0.145454545455,0.154545454545,0.163636363636,0.172727272727,
    0.181818181818,0.190909090909,0.2,0.209090909091,0.218181818182,
    0.227272727273,0.236363636364,0.245454545455,0.254545454545,
    0.263636363636,0.272727272727,0.281818181818,0.290909090909,0.3,
    0.309090909091,0.318181818182,0.327272727273,0.336363636364,
    0.345454545455,0.354545454545,0.363636363636,0.372727272727,
    0.381818181818,0.390909090909,0.4,0.409090909091,0.418181818182,
    0.427272727273,0.436363636364,0.445454545455,0.454545454545,
    0.463636363636,0.472727272727,0.481818181818,0.490909090909,0.5,
    0.509090909091,0.518181818182,0.527272727273,0.536363636364,
    0.545454545455,0.554545454545,0.563636363636,0.572727272727,
    0.581818181818,0.590909090909,0.6,0.609090909091,0.618181818182,
    0.627272727273,0.636363636364,0.645454545455,0.654545454545,
    0.663636363636,0.672727272727,0.681818181818,0.690909090909,0.7,
    0.709090909091,0.718181818182,0.727272727273,0.736363636364,
    0.745454545455,0.754545454545,0.763636363636,0.772727272727,
    0.781818181818,0.790909090909,0.8,0.809090909091,0.818181818182,
    0.827272727273,0.836363636364,0.845454545455,0.854545454545,
    0.863636363636,0.872727272727,0.881818181818,0.890909090909,0.9,
    0.909090909091,0.918181818182,0.927272727273,0.936363636364,
    0.945454545455,0.954545454545,0.963636363636,0.972727272727,
    0.981818181818,0.990909090909,1.),.QUASI_UNIFORM_KNOTS.);
#6082 = CARTESIAN_POINT('',(0.,10.156242670183));
#6083 = CARTESIAN_POINT('',(1.903744698314E-02,10.163817755637));
#6084 = CARTESIAN_POINT('',(5.711380705751E-02,10.178968177808));
#6085 = CARTESIAN_POINT('',(0.114230578458,10.201693628864));
#6086 = CARTESIAN_POINT('',(0.171346718749,10.224417540275));
#6087 = CARTESIAN_POINT('',(0.228461799299,10.247140029675));
#6088 = CARTESIAN_POINT('',(0.285576176974,10.269861680803));
#6089 = CARTESIAN_POINT('',(0.342690684544,10.292583342741));
#6090 = CARTESIAN_POINT('',(0.399806148494,10.315305809762));
#6091 = CARTESIAN_POINT('',(0.456922447559,10.338029378442));
#6092 = CARTESIAN_POINT('',(0.51403954384,10.360754223073));
#6093 = CARTESIAN_POINT('',(0.571150821699,10.383477828535));
#6094 = CARTESIAN_POINT('',(0.628270003742,10.406205646492));
#6095 = CARTESIAN_POINT('',(0.685392053883,10.428935530599));
#6096 = CARTESIAN_POINT('',(0.742513453514,10.451665885917));
#6097 = CARTESIAN_POINT('',(0.799633047257,10.474396007911));
#6098 = CARTESIAN_POINT('',(0.856750966155,10.49712568995));
#6099 = CARTESIAN_POINT('',(0.913868172141,10.519855064957));
#6100 = CARTESIAN_POINT('',(0.970985912334,10.542584408827));
#6101 = CARTESIAN_POINT('',(1.028105210825,10.565313952972));
#6102 = CARTESIAN_POINT('',(1.085226410805,10.588043712339));
#6103 = CARTESIAN_POINT('',(1.142348394944,10.610773179618));
#6104 = CARTESIAN_POINT('',(1.199468770083,10.633501399816));
#6105 = CARTESIAN_POINT('',(1.256580066842,10.656225441258));
#6106 = CARTESIAN_POINT('',(1.313694235534,10.678950149619));
#6107 = CARTESIAN_POINT('',(1.370807806316,10.701674267682));
#6108 = CARTESIAN_POINT('',(1.427920871154,10.724397959498));
#6109 = CARTESIAN_POINT('',(1.485033704367,10.747121479861));
#6110 = CARTESIAN_POINT('',(1.542146886571,10.76984520331));
#6111 = CARTESIAN_POINT('',(1.599260793341,10.792569397689));
#6112 = CARTESIAN_POINT('',(1.656374195218,10.815293665512));
#6113 = CARTESIAN_POINT('',(1.713486894148,10.838017975157));
#6114 = CARTESIAN_POINT('',(1.77060691807,10.860745568234));
#6115 = CARTESIAN_POINT('',(1.827726844046,10.883473529328));
#6116 = CARTESIAN_POINT('',(1.884845666164,10.906201372238));
#6117 = CARTESIAN_POINT('',(1.94196284417,10.928928789821));
#6118 = CARTESIAN_POINT('',(1.99907910272,10.95165598185));
#6119 = CARTESIAN_POINT('',(2.056195522019,10.974383294056));
#6120 = CARTESIAN_POINT('',(2.113313122322,10.99711103652));
#6121 = CARTESIAN_POINT('',(2.170432375262,11.019839275539));
#6122 = CARTESIAN_POINT('',(2.227552480711,11.042567554328));
#6123 = CARTESIAN_POINT('',(2.284671396218,11.065294926967));
#6124 = CARTESIAN_POINT('',(2.341782621317,11.08801881263));
#6125 = CARTESIAN_POINT('',(2.39891310209,11.110749865703));
#6126 = CARTESIAN_POINT('',(2.456047911674,11.133482135269));
#6127 = CARTESIAN_POINT('',(2.513183110852,11.156214065632));
#6128 = CARTESIAN_POINT('',(2.570315535284,11.178944446007));
#6129 = CARTESIAN_POINT('',(2.627444538631,11.201673098751));
#6130 = CARTESIAN_POINT('',(2.684570707401,11.224400359985));
#6131 = CARTESIAN_POINT('',(2.741695506239,11.247126930571));
#6132 = CARTESIAN_POINT('',(2.798820742073,11.269853657098));
#6133 = CARTESIAN_POINT('',(2.855948123555,11.292581351818));
#6134 = CARTESIAN_POINT('',(2.913078744218,11.315310581472));
#6135 = CARTESIAN_POINT('',(2.970212736731,11.338041521786));
#6136 = CARTESIAN_POINT('',(3.027348112886,11.360773485912));
#6137 = CARTESIAN_POINT('',(3.084482291564,11.383505522384));
#6138 = CARTESIAN_POINT('',(3.14160305712,11.406232817386));
#6139 = CARTESIAN_POINT('',(3.198718186067,11.428958491965));
#6140 = CARTESIAN_POINT('',(3.255850285057,11.451691531515));
#6141 = CARTESIAN_POINT('',(3.312983247808,11.474425483851));
#6142 = CARTESIAN_POINT('',(3.37011539738,11.497159605467));
#6143 = CARTESIAN_POINT('',(3.427244386251,11.519892866376));
#6144 = CARTESIAN_POINT('',(3.48437034011,11.542625201885));
#6145 = CARTESIAN_POINT('',(3.541494258593,11.565356880042));
#6146 = CARTESIAN_POINT('',(3.59861778053,11.588088414707));
#6147 = CARTESIAN_POINT('',(3.655742634718,11.61082035629));
#6148 = CARTESIAN_POINT('',(3.712870190815,11.633553122711));
#6149 = CARTESIAN_POINT('',(3.770000961191,11.65628680888));
#6150 = CARTESIAN_POINT('',(3.827134070619,11.679020979635));
#6151 = CARTESIAN_POINT('',(3.884266594819,11.701754408664));
#6152 = CARTESIAN_POINT('',(3.941392932256,11.724484829004));
#6153 = CARTESIAN_POINT('',(3.998503385891,11.747208390874));
#6154 = CARTESIAN_POINT('',(4.055624109855,11.76993553102));
#6155 = CARTESIAN_POINT('',(4.112744665758,11.79266215721));
#6156 = CARTESIAN_POINT('',(4.16986436801,11.815388085105));
#6157 = CARTESIAN_POINT('',(4.226982261067,11.838113041618));
#6158 = CARTESIAN_POINT('',(4.284099004629,11.860837408824));
#6159 = CARTESIAN_POINT('',(4.341215667227,11.883561736003));
#6160 = CARTESIAN_POINT('',(4.398333366755,11.906286588012));
#6161 = CARTESIAN_POINT('',(4.455452819894,11.929012357403));
#6162 = CARTESIAN_POINT('',(4.512573421062,11.951738890293));
#6163 = CARTESIAN_POINT('',(4.569694112708,11.974465826301));
#6164 = CARTESIAN_POINT('',(4.626807193497,11.997190129141));
#6165 = CARTESIAN_POINT('',(4.683920374381,12.019914853127));
#6166 = CARTESIAN_POINT('',(4.741034315275,12.042640229753));
#6167 = CARTESIAN_POINT('',(4.798147484084,12.065365559682));
#6168 = CARTESIAN_POINT('',(4.855260292168,12.088090898963));
#6169 = CARTESIAN_POINT('',(4.912373315104,12.110816354406));
#6170 = CARTESIAN_POINT('',(4.969486805402,12.133541889323));
#6171 = CARTESIAN_POINT('',(5.026601106123,12.156267489218));
#6172 = CARTESIAN_POINT('',(5.083712096222,12.178991387855));
#6173 = CARTESIAN_POINT('',(5.140832628965,12.201718599736));
#6174 = CARTESIAN_POINT('',(5.197955518228,12.224446195286));
#6175 = CARTESIAN_POINT('',(5.255077773222,12.247172962308));
#6176 = CARTESIAN_POINT('',(5.312198080908,12.269898411181));
#6177 = CARTESIAN_POINT('',(5.369316617751,12.292622702272));
#6178 = CARTESIAN_POINT('',(5.426434357111,12.31534636713));
#6179 = CARTESIAN_POINT('',(5.483552595767,12.338070113201));
#6180 = CARTESIAN_POINT('',(5.540672414457,12.360794597396));
#6181 = CARTESIAN_POINT('',(5.597794296076,12.38352025627));
#6182 = CARTESIAN_POINT('',(5.654917111249,12.406246878331));
#6183 = CARTESIAN_POINT('',(5.712039220312,12.428974013512));
#6184 = CARTESIAN_POINT('',(5.769151270327,12.451698082029));
#6185 = CARTESIAN_POINT('',(5.826266590946,12.474424437778));
#6186 = CARTESIAN_POINT('',(5.88338257332,12.497152003181));
#6187 = CARTESIAN_POINT('',(5.940497661804,12.519879973976));
#6188 = CARTESIAN_POINT('',(5.997611846018,12.542608052845));
#6189 = CARTESIAN_POINT('',(6.054725754717,12.565336118145));
#6190 = CARTESIAN_POINT('',(6.111840218749,12.588064094582));
#6191 = CARTESIAN_POINT('',(6.16895565035,12.610791808005));
#6192 = CARTESIAN_POINT('',(6.226071759389,12.633518928776));
#6193 = CARTESIAN_POINT('',(6.264147886341,12.64866951209));
#6194 = CARTESIAN_POINT('',(6.28318530718,12.656244502661));
#6195 = ( GEOMETRIC_REPRESENTATION_CONTEXT(2) 
PARAMETRIC_REPRESENTATION_CONTEXT() REPRESENTATION_CONTEXT('2D SPACE',''
  ) );
#6196 = PCURVE('',#6197,#6222);
#6197 = B_SPLINE_SURFACE_WITH_KNOTS('',1,11,(
    (#6198,#6199,#6200,#6201,#6202,#6203,#6204,#6205,#6206,#6207,#6208
      ,#6209)
    ,(#6210,#6211,#6212,#6213,#6214,#6215,#6216,#6217,#6218,#6219,#6220
      ,#6221
    )),.UNSPECIFIED.,.F.,.F.,.F.,(2,2),(12,12),(0.,1.75),(0.,
    6.762279024438),.PIECEWISE_BEZIER_KNOTS.);
#6198 = CARTESIAN_POINT('',(8.52183167942,6.3285162273E-07,
    -13.4375157065));
#6199 = CARTESIAN_POINT('',(8.521836343398,-4.867655008125,
    -13.66476980245));
#6200 = CARTESIAN_POINT('',(5.463361267486,-9.735197134623,
    -13.8921281858));
#6201 = CARTESIAN_POINT('',(-0.655568458846,-12.46879883654,
    -14.119152137));
#6202 = CARTESIAN_POINT('',(-8.139969803331,-10.9253550944,
    -14.34693210385));
#6203 = CARTESIAN_POINT('',(-13.71145191012,-4.506154088149,
    -14.57343988502));
#6204 = CARTESIAN_POINT('',(-13.71166954596,4.506165674396,
    -14.80158760098));
#6205 = CARTESIAN_POINT('',(-8.139811246338,10.925327371033,
    -15.02809538329));
#6206 = CARTESIAN_POINT('',(-0.655655828729,12.468817239738,
    -15.25587534882));
#6207 = CARTESIAN_POINT('',(5.463392190436,9.735192437914,
    -15.48289930076));
#6208 = CARTESIAN_POINT('',(8.521828012535,4.867656115613,
    -15.71025768391));
#6209 = CARTESIAN_POINT('',(8.521832586195,4.7463837578E-07,
    -15.93751177987));
#6210 = CARTESIAN_POINT('',(10.037365979619,-7.593973678E-08,
    -12.5624981153));
#6211 = CARTESIAN_POINT('',(10.037382286561,-5.733331519464,
    -12.78977307813));
#6212 = CARTESIAN_POINT('',(6.434928356221,-11.46654401489,
    -13.01703552783));
#6213 = CARTESIAN_POINT('',(-0.772042410631,-14.68611518107,
    -13.24433810457));
#6214 = CARTESIAN_POINT('',(-9.587800707427,-12.86872316772,
    -13.47154997019));
#6215 = CARTESIAN_POINT('',(-16.1496373205,-5.306961135017,
    -13.69891448188));
#6216 = CARTESIAN_POINT('',(-16.15046208015,5.307012150315,
    -13.92608221852));
#6217 = CARTESIAN_POINT('',(-9.587192596426,12.868621961033,
    -14.1534467343));
#6218 = CARTESIAN_POINT('',(-0.772368079262,14.686185450435,
    -14.38065859517));
#6219 = CARTESIAN_POINT('',(6.435050828533,11.466523383199,
    -14.60796117459));
#6220 = CARTESIAN_POINT('',(10.037353107739,5.733331386566,
    -14.83522362357));
#6221 = CARTESIAN_POINT('',(10.03736942552,-5.695546307E-08,
    -15.06249858646));
#6222 = DEFINITIONAL_REPRESENTATION('',(#6223),#6296);
#6223 = B_SPLINE_CURVE_WITH_KNOTS('',8,(#6224,#6225,#6226,#6227,#6228,
    #6229,#6230,#6231,#6232,#6233,#6234,#6235,#6236,#6237,#6238,#6239,
    #6240,#6241,#6242,#6243,#6244,#6245,#6246,#6247,#6248,#6249,#6250,
    #6251,#6252,#6253,#6254,#6255,#6256,#6257,#6258,#6259,#6260,#6261,
    #6262,#6263,#6264,#6265,#6266,#6267,#6268,#6269,#6270,#6271,#6272,
    #6273,#6274,#6275,#6276,#6277,#6278,#6279,#6280,#6281,#6282,#6283,
    #6284,#6285,#6286,#6287,#6288,#6289,#6290,#6291,#6292,#6293,#6294,
    #6295),.UNSPECIFIED.,.F.,.F.,(9,7,7,7,7,7,7,7,7,7,9),(0.,
    8.806940729206E-02,0.195122546103,0.266125313228,0.367635290871,
    0.500774852368,0.630604280521,0.734257548586,0.80546423296,
    0.914938811052,1.),.UNSPECIFIED.);
#6224 = CARTESIAN_POINT('',(1.562514659486,0.));
#6225 = CARTESIAN_POINT('',(1.562512554005,7.443320012164E-02));
#6226 = CARTESIAN_POINT('',(1.562512342971,0.148878248942));
#6227 = CARTESIAN_POINT('',(1.562519068188,0.223317993904));
#6228 = CARTESIAN_POINT('',(1.562529766803,0.297750962119));
#6229 = CARTESIAN_POINT('',(1.562539861296,0.372183631239));
#6230 = CARTESIAN_POINT('',(1.562546658002,0.446622633541));
#6231 = CARTESIAN_POINT('',(1.562549954169,0.52106689321));
#6232 = CARTESIAN_POINT('',(1.562549509711,0.685976804625));
#6233 = CARTESIAN_POINT('',(1.562544218519,0.776485152116));
#6234 = CARTESIAN_POINT('',(1.562534381748,0.866977906816));
#6235 = CARTESIAN_POINT('',(1.562523206821,0.957457378343));
#6236 = CARTESIAN_POINT('',(1.56251395466,1.04793720142));
#6237 = CARTESIAN_POINT('',(1.562508260573,1.138430910617));
#6238 = CARTESIAN_POINT('',(1.562505806558,1.228940535583));
#6239 = CARTESIAN_POINT('',(1.562505668283,1.379428392564));
#6240 = CARTESIAN_POINT('',(1.562506649913,1.439441788016));
#6241 = CARTESIAN_POINT('',(1.562508404096,1.499453228049));
#6242 = CARTESIAN_POINT('',(1.5625104961,1.559462253237));
#6243 = CARTESIAN_POINT('',(1.562512465584,1.619471101957));
#6244 = CARTESIAN_POINT('',(1.562513931768,1.679482038412));
#6245 = CARTESIAN_POINT('',(1.562514658874,1.739494655308));
#6246 = CARTESIAN_POINT('',(1.562514471709,1.885295033894));
#6247 = CARTESIAN_POINT('',(1.56251273055,1.971110161741));
#6248 = CARTESIAN_POINT('',(1.562509083172,2.056914889016));
#6249 = CARTESIAN_POINT('',(1.562504101315,2.142706774612));
#6250 = CARTESIAN_POINT('',(1.562498877506,2.228498928274));
#6251 = CARTESIAN_POINT('',(1.562494653748,2.31430438575));
#6252 = CARTESIAN_POINT('',(1.562492405068,2.40012051279));
#6253 = CARTESIAN_POINT('',(1.56249234224,2.598438656786));
#6254 = CARTESIAN_POINT('',(1.56249615418,2.711056027444));
#6255 = CARTESIAN_POINT('',(1.562504520484,2.823621790272));
#6256 = CARTESIAN_POINT('',(1.56251654619,2.936152400577));
#6257 = CARTESIAN_POINT('',(1.562528986578,3.048682664976));
#6258 = CARTESIAN_POINT('',(1.562538249522,3.161247577839));
#6259 = CARTESIAN_POINT('',(1.562542695188,3.273864150469));
#6260 = CARTESIAN_POINT('',(1.562542130735,3.496115790497));
#6261 = CARTESIAN_POINT('',(1.562537352738,3.605923851571));
#6262 = CARTESIAN_POINT('',(1.562528149693,3.715686815475));
#6263 = CARTESIAN_POINT('',(1.562516160288,3.825418575008));
#6264 = CARTESIAN_POINT('',(1.5625046779,3.935150672036));
#6265 = CARTESIAN_POINT('',(1.562496619634,4.044914417156));
#6266 = CARTESIAN_POINT('',(1.562492831683,4.15472331244));
#6267 = CARTESIAN_POINT('',(1.562492597178,4.352055259852));
#6268 = CARTESIAN_POINT('',(1.562494824152,4.439685852816));
#6269 = CARTESIAN_POINT('',(1.562499069379,4.527302612267));
#6270 = CARTESIAN_POINT('',(1.562504425426,4.614907120162));
#6271 = CARTESIAN_POINT('',(1.562509491963,4.702511340301));
#6272 = CARTESIAN_POINT('',(1.56251304075,4.790127336986));
#6273 = CARTESIAN_POINT('',(1.562514624716,4.8777569263));
#6274 = CARTESIAN_POINT('',(1.562514434459,5.025541025592));
#6275 = CARTESIAN_POINT('',(1.562513557381,5.085725987686));
#6276 = CARTESIAN_POINT('',(1.562511961379,5.145909255821));
#6277 = CARTESIAN_POINT('',(1.56250989959,5.206090419204));
#6278 = CARTESIAN_POINT('',(1.562507766134,5.26627176681));
#6279 = CARTESIAN_POINT('',(1.562506026897,5.326455567552));
#6280 = CARTESIAN_POINT('',(1.562505112589,5.386641353871));
#6281 = CARTESIAN_POINT('',(1.562505522309,5.539347993877));
#6282 = CARTESIAN_POINT('',(1.562508315503,5.631907864804));
#6283 = CARTESIAN_POINT('',(1.562514609071,5.724449601021));
#6284 = CARTESIAN_POINT('',(1.56252440679,5.816976213306));
#6285 = CARTESIAN_POINT('',(1.562536153855,5.90950243396));
#6286 = CARTESIAN_POINT('',(1.562545822463,6.002043112791));
#6287 = CARTESIAN_POINT('',(1.562550474104,6.094601620617));
#6288 = CARTESIAN_POINT('',(1.562549455251,6.259015387512));
#6289 = CARTESIAN_POINT('',(1.562545798592,6.33091529812));
#6290 = CARTESIAN_POINT('',(1.56253907726,6.402810785204));
#6291 = CARTESIAN_POINT('',(1.562529722934,6.474700959537));
#6292 = CARTESIAN_POINT('',(1.562520162568,6.546591417695));
#6293 = CARTESIAN_POINT('',(1.562514051296,6.61848761752));
#6294 = CARTESIAN_POINT('',(1.562513028151,6.690388309555));
#6295 = CARTESIAN_POINT('',(1.562510994595,6.762279024438));
#6296 = ( GEOMETRIC_REPRESENTATION_CONTEXT(2) 
PARAMETRIC_REPRESENTATION_CONTEXT() REPRESENTATION_CONTEXT('2D SPACE',''
  ) );
#6297 = ORIENTED_EDGE('',*,*,#6298,.T.);
#6298 = EDGE_CURVE('',#6003,#6299,#6301,.T.);
#6299 = VERTEX_POINT('',#6300);
#6300 = CARTESIAN_POINT('',(9.123493683115,3.778556339949,-17.5));
#6301 = SURFACE_CURVE('',#6302,(#6375,#6492),.PCURVE_S1.);
#6302 = B_SPLINE_CURVE_WITH_KNOTS('',8,(#6303,#6304,#6305,#6306,#6307,
    #6308,#6309,#6310,#6311,#6312,#6313,#6314,#6315,#6316,#6317,#6318,
    #6319,#6320,#6321,#6322,#6323,#6324,#6325,#6326,#6327,#6328,#6329,
    #6330,#6331,#6332,#6333,#6334,#6335,#6336,#6337,#6338,#6339,#6340,
    #6341,#6342,#6343,#6344,#6345,#6346,#6347,#6348,#6349,#6350,#6351,
    #6352,#6353,#6354,#6355,#6356,#6357,#6358,#6359,#6360,#6361,#6362,
    #6363,#6364,#6365,#6366,#6367,#6368,#6369,#6370,#6371,#6372,#6373,
    #6374),.UNSPECIFIED.,.F.,.F.,(9,7,7,7,7,7,7,7,7,7,9),(0.,
    9.393988376702E-02,0.208129052878,0.283833610517,0.391982392141,
    0.53408908187,0.673551072489,0.784131232116,0.878844282166,
    0.974850271181,1.),.UNSPECIFIED.);
#6303 = CARTESIAN_POINT('',(9.875,-2.41229E-12,-15.15624450266));
#6304 = CARTESIAN_POINT('',(9.875,-0.682952852504,-15.18376335412));
#6305 = CARTESIAN_POINT('',(9.821019293227,-1.366014196375,
    -15.21128563878));
#6306 = CARTESIAN_POINT('',(9.713029615047,-2.044043622101,
    -15.23880249448));
#6307 = CARTESIAN_POINT('',(9.551618971764,-2.712060322985,
    -15.2663148581));
#6308 = CARTESIAN_POINT('',(9.337897325829,-3.36522405253,-15.2938274132
    ));
#6309 = CARTESIAN_POINT('',(9.073463848484,-3.99883347663,
    -15.32134395856));
#6310 = CARTESIAN_POINT('',(8.760435739875,-4.608341920569,
    -15.34886419786));
#6311 = CARTESIAN_POINT('',(7.965279142335,-5.895687485819,
    -15.40983131343));
#6312 = CARTESIAN_POINT('',(7.461010578679,-6.560310793612,
    -15.44329474961));
#6313 = CARTESIAN_POINT('',(6.893581799162,-7.175240740346,
    -15.47675469395));
#6314 = CARTESIAN_POINT('',(6.268818021566,-7.733560727176,
    -15.51021039657));
#6315 = CARTESIAN_POINT('',(5.593290538889,-8.229255764297,
    -15.54366526774));
#6316 = CARTESIAN_POINT('',(4.874244007795,-8.657141712497,
    -15.57712349356));
#6317 = CARTESIAN_POINT('',(4.119650621155,-9.012950749947,
    -15.61058598339));
#6318 = CARTESIAN_POINT('',(2.820384713682,-9.47966102846,
    -15.66621204149));
#6319 = CARTESIAN_POINT('',(2.290522540759,-9.632742563416,
    -15.68838927423));
#6320 = CARTESIAN_POINT('',(1.751274712008,-9.751936420453,
    -15.71056539944));
#6321 = CARTESIAN_POINT('',(1.20517708951,-9.836589689671,
    -15.73274046466));
#6322 = CARTESIAN_POINT('',(0.654795325893,-9.886276912481,
    -15.75491552561));
#6323 = CARTESIAN_POINT('',(0.102721871454,-9.900791473594,
    -15.77709160789));
#6324 = CARTESIAN_POINT('',(-0.448424679535,-9.88015477011,
    -15.79926867912));
#6325 = CARTESIAN_POINT('',(-1.778241124239,-9.745341284318,
    -15.85312439168));
#6326 = CARTESIAN_POINT('',(-2.553485447616,-9.59483638776,
    -15.88481350898));
#6327 = CARTESIAN_POINT('',(-3.313837627732,-9.373864156575,
    -15.91649975433));
#6328 = CARTESIAN_POINT('',(-4.051846697454,-9.08423782234,
    -15.94818194677));
#6329 = CARTESIAN_POINT('',(-4.760430293608,-8.728639773329,
    -15.97986436164));
#6330 = CARTESIAN_POINT('',(-5.432860718279,-8.310547350763,
    -16.01155117187));
#6331 = CARTESIAN_POINT('',(-6.062810736097,-7.83429282767,
    -16.04324092253));
#6332 = CARTESIAN_POINT('',(-7.408740714737,-6.610109201223,
    -16.11654847367));
#6333 = CARTESIAN_POINT('',(-8.090531823388,-5.823008561697,
    -16.15820814682));
#6334 = CARTESIAN_POINT('',(-8.675863199352,-4.956185827248,
    -16.1998464022));
#6335 = CARTESIAN_POINT('',(-9.154338153468,-4.023704679426,
    -16.24146977846));
#6336 = CARTESIAN_POINT('',(-9.517808526803,-3.040674126184,
    -16.28309281836));
#6337 = CARTESIAN_POINT('',(-9.760652591372,-2.023314267263,
    -16.32473028267));
#6338 = CARTESIAN_POINT('',(-9.87953799146,-0.988792324028,
    -16.36638934559));
#6339 = CARTESIAN_POINT('',(-9.870349342301,1.05821846899,
    -16.44886923179));
#6340 = CARTESIAN_POINT('',(-9.746823109165,2.07234744419,
    -16.48975513004));
#6341 = CARTESIAN_POINT('',(-9.504085795248,3.069214925231,
    -16.53062596101));
#6342 = CARTESIAN_POINT('',(-9.145352866342,4.032613146463,
    -16.57148631456));
#6343 = CARTESIAN_POINT('',(-8.675982871016,4.94722629,-16.61234650623)
  );
#6344 = CARTESIAN_POINT('',(-8.103670073922,5.798768472074,
    -16.65321697144));
#6345 = CARTESIAN_POINT('',(-7.438212574347,6.573934598029,
    -16.69410258811));
#6346 = CARTESIAN_POINT('',(-6.101560043866,7.805952272026,
    -16.76734751307));
#6347 = CARTESIAN_POINT('',(-5.459558243426,8.295972022739,
    -16.79974834591));
#6348 = CARTESIAN_POINT('',(-4.772873522836,8.725350951704,
    -16.83214306931));
#6349 = CARTESIAN_POINT('',(-4.04826351553,9.089432379646,
    -16.86453273407));
#6350 = CARTESIAN_POINT('',(-3.292914681499,9.384497003411,
    -16.89692247178));
#6351 = CARTESIAN_POINT('',(-2.514398948437,9.607690998505,
    -16.92931735049));
#6352 = CARTESIAN_POINT('',(-1.720698159739,9.757106325099,
    -16.96171824657));
#6353 = CARTESIAN_POINT('',(-0.234691724203,9.89619510941,
    -17.02185435724));
#6354 = CARTESIAN_POINT('',(0.456110946286,9.905740914554,
    -17.04960357529));
#6355 = CARTESIAN_POINT('',(1.146894030934,9.86014247579,-17.07735141305
    ));
#6356 = CARTESIAN_POINT('',(1.83251843109,9.759529717496,-17.10509709595
    ));
#6357 = CARTESIAN_POINT('',(2.507940604479,9.604582719144,
    -17.13284266962));
#6358 = CARTESIAN_POINT('',(3.168213866211,9.396497264783,
    -17.16059013863));
#6359 = CARTESIAN_POINT('',(3.808502083656,9.137016453367,
    -17.18833865197));
#6360 = CARTESIAN_POINT('',(5.048113124802,8.515829079447,
    -17.24420354233));
#6361 = CARTESIAN_POINT('',(5.646969251498,8.152669187051,
    -17.27232913973));
#6362 = CARTESIAN_POINT('',(6.215746834797,7.741481942736,
    -17.30045156499));
#6363 = CARTESIAN_POINT('',(6.749981036825,7.285224172123,
    -17.32857055445));
#6364 = CARTESIAN_POINT('',(7.245601340148,6.78729053617,-17.35668942472
    ));
#6365 = CARTESIAN_POINT('',(7.698912896783,6.251481191185,
    -17.38481173936));
#6366 = CARTESIAN_POINT('',(8.106627378389,5.682022849131,
    -17.41293776065));
#6367 = CARTESIAN_POINT('',(8.560069733429,4.926891715768,
    -17.44842776798));
#6368 = CARTESIAN_POINT('',(8.650879326318,4.768148154077,
    -17.45579497386));
#6369 = CARTESIAN_POINT('',(8.738322775719,4.607494720282,
    -17.46316230244));
#6370 = CARTESIAN_POINT('',(8.822353295069,4.445014828137,
    -17.47052975029));
#6371 = CARTESIAN_POINT('',(8.902926641797,4.280793138032,
    -17.47789731207));
#6372 = CARTESIAN_POINT('',(8.980001117327,4.114915556996,
    -17.48526498063));
#6373 = CARTESIAN_POINT('',(9.053537567076,3.947469238696,
    -17.49263274691));
#6374 = CARTESIAN_POINT('',(9.123499380455,3.778542583436,-17.5000006));
#6375 = PCURVE('',#387,#6376);
#6376 = DEFINITIONAL_REPRESENTATION('',(#6377),#6491);
#6377 = B_SPLINE_CURVE_WITH_KNOTS('',3,(#6378,#6379,#6380,#6381,#6382,
    #6383,#6384,#6385,#6386,#6387,#6388,#6389,#6390,#6391,#6392,#6393,
    #6394,#6395,#6396,#6397,#6398,#6399,#6400,#6401,#6402,#6403,#6404,
    #6405,#6406,#6407,#6408,#6409,#6410,#6411,#6412,#6413,#6414,#6415,
    #6416,#6417,#6418,#6419,#6420,#6421,#6422,#6423,#6424,#6425,#6426,
    #6427,#6428,#6429,#6430,#6431,#6432,#6433,#6434,#6435,#6436,#6437,
    #6438,#6439,#6440,#6441,#6442,#6443,#6444,#6445,#6446,#6447,#6448,
    #6449,#6450,#6451,#6452,#6453,#6454,#6455,#6456,#6457,#6458,#6459,
    #6460,#6461,#6462,#6463,#6464,#6465,#6466,#6467,#6468,#6469,#6470,
    #6471,#6472,#6473,#6474,#6475,#6476,#6477,#6478,#6479,#6480,#6481,
    #6482,#6483,#6484,#6485,#6486,#6487,#6488,#6489,#6490),
  .UNSPECIFIED.,.F.,.F.,(4,1,1,1,1,1,1,1,1,1,1,1,1,1,1,1,1,1,1,1,1,1,1,1
    ,1,1,1,1,1,1,1,1,1,1,1,1,1,1,1,1,1,1,1,1,1,1,1,1,1,1,1,1,1,1,1,1,1,1
    ,1,1,1,1,1,1,1,1,1,1,1,1,1,1,1,1,1,1,1,1,1,1,1,1,1,1,1,1,1,1,1,1,1,1
    ,1,1,1,1,1,1,1,1,1,1,1,1,1,1,1,1,1,1,4),(0.,9.090906763563E-03,
    1.818181352713E-02,2.727272029069E-02,3.636362705425E-02,
    4.545453381782E-02,5.454544058138E-02,6.363634734494E-02,
    7.272725410851E-02,8.181816087207E-02,9.090906763563E-02,
    9.99999743992E-02,0.109090881163,0.118181787926,0.12727269469,
    0.136363601453,0.145454508217,0.154545414981,0.163636321744,
    0.172727228508,0.181818135271,0.190909042035,0.199999948798,
    0.209090855562,0.218181762326,0.227272669089,0.236363575853,
    0.245454482616,0.25454538938,0.263636296143,0.272727202907,
    0.28181810967,0.290909016434,0.299999923198,0.309090829961,
    0.318181736725,0.327272643488,0.336363550252,0.345454457015,
    0.354545363779,0.363636270543,0.372727177306,0.38181808407,
    0.390908990833,0.399999897597,0.40909080436,0.418181711124,
    0.427272617887,0.436363524651,0.445454431415,0.454545338178,
    0.463636244942,0.472727151705,0.481818058469,0.490908965232,
    0.499999871996,0.50909077876,0.518181685523,0.527272592287,
    0.53636349905,0.545454405814,0.554545312577,0.563636219341,
    0.572727126104,0.581818032868,0.590908939632,0.599999846395,
    0.609090753159,0.618181659922,0.627272566686,0.636363473449,
    0.645454380213,0.654545286977,0.66363619374,0.672727100504,
    0.681818007267,0.690908914031,0.699999820794,0.709090727558,
    0.718181634321,0.727272541085,0.736363447849,0.745454354612,
    0.754545261376,0.763636168139,0.772727074903,0.781817981666,
    0.79090888843,0.799999795194,0.809090701957,0.818181608721,
    0.827272515484,0.836363422248,0.845454329011,0.854545235775,
    0.863636142539,0.872727049302,0.881817956066,0.890908862829,
    0.899999769593,0.909090676356,0.91818158312,0.927272489883,
    0.936363396647,0.945454303411,0.954545210174,0.963636116938,
    0.972727023701,0.981817930465,0.990908837228,0.999999743992),
  .QUASI_UNIFORM_KNOTS.);
#6378 = CARTESIAN_POINT('',(6.28318530718,12.656244502661));
#6379 = CARTESIAN_POINT('',(6.301033040861,12.663346190335));
#6380 = CARTESIAN_POINT('',(6.336729860598,12.677549825109));
#6381 = CARTESIAN_POINT('',(6.390277212062,12.698855193719));
#6382 = CARTESIAN_POINT('',(6.443824189272,12.720159277226));
#6383 = CARTESIAN_POINT('',(6.49737025907,12.741462063083));
#6384 = CARTESIAN_POINT('',(6.550915571588,12.762763948931));
#6385 = CARTESIAN_POINT('',(6.604460766734,12.784065610839));
#6386 = CARTESIAN_POINT('',(6.658006540804,12.805367732033));
#6387 = CARTESIAN_POINT('',(6.711553252647,12.826670783805));
#6388 = CARTESIAN_POINT('',(6.765100634586,12.847974878396));
#6389 = CARTESIAN_POINT('',(6.818646923533,12.869279422992));
#6390 = CARTESIAN_POINT('',(6.872189947049,12.89058363847));
#6391 = CARTESIAN_POINT('',(6.925741459533,12.911892129959));
#6392 = CARTESIAN_POINT('',(6.979293668136,12.93320167554));
#6393 = CARTESIAN_POINT('',(7.032845251709,12.954511574791));
#6394 = CARTESIAN_POINT('',(7.086395153763,12.975821203366));
#6395 = CARTESIAN_POINT('',(7.139943645375,12.997130455608));
#6396 = CARTESIAN_POINT('',(7.193491507909,13.01843943726));
#6397 = CARTESIAN_POINT('',(7.247039773576,13.039748376561));
#6398 = CARTESIAN_POINT('',(7.300589309694,13.061057469777));
#6399 = CARTESIAN_POINT('',(7.354140545211,13.082366779946));
#6400 = CARTESIAN_POINT('',(7.407692736271,13.103675948923));
#6401 = CARTESIAN_POINT('',(7.461244763912,13.124984514883));
#6402 = CARTESIAN_POINT('',(7.514789980235,13.146289857807));
#6403 = CARTESIAN_POINT('',(7.568333391067,13.167594020615));
#6404 = CARTESIAN_POINT('',(7.621878352313,13.188898438465));
#6405 = CARTESIAN_POINT('',(7.675422551074,13.210202289456));
#6406 = CARTESIAN_POINT('',(7.728966384169,13.231505844667));
#6407 = CARTESIAN_POINT('',(7.782510184062,13.25280935727));
#6408 = CARTESIAN_POINT('',(7.836054373343,13.274113110023));
#6409 = CARTESIAN_POINT('',(7.889599203136,13.295417293957));
#6410 = CARTESIAN_POINT('',(7.94314322864,13.31672140771));
#6411 = CARTESIAN_POINT('',(7.996687109528,13.338025746834));
#6412 = CARTESIAN_POINT('',(8.050237412744,13.359332965904));
#6413 = CARTESIAN_POINT('',(8.103787798331,13.380640576554));
#6414 = CARTESIAN_POINT('',(8.157337343344,13.401948144687));
#6415 = CARTESIAN_POINT('',(8.210885428835,13.423255348618));
#6416 = CARTESIAN_POINT('',(8.264432521502,13.444562299696));
#6417 = CARTESIAN_POINT('',(8.317979453791,13.465869260085));
#6418 = CARTESIAN_POINT('',(8.371527119085,13.487176510829));
#6419 = CARTESIAN_POINT('',(8.425076176034,13.508484223047));
#6420 = CARTESIAN_POINT('',(8.478626325504,13.529792167709));
#6421 = CARTESIAN_POINT('',(8.532177167279,13.551100069414));
#6422 = CARTESIAN_POINT('',(8.585722905519,13.572405546972));
#6423 = CARTESIAN_POINT('',(8.639269693443,13.593711064176));
#6424 = CARTESIAN_POINT('',(8.692831892529,13.615022265202));
#6425 = CARTESIAN_POINT('',(8.746396468005,13.636333969697));
#6426 = CARTESIAN_POINT('',(8.799961007914,13.657645228829));
#6427 = CARTESIAN_POINT('',(8.853522997158,13.678955085255));
#6428 = CARTESIAN_POINT('',(8.907081991158,13.700263428078));
#6429 = CARTESIAN_POINT('',(8.96063844818,13.721570523839));
#6430 = CARTESIAN_POINT('',(9.014193535455,13.742876933251));
#6431 = CARTESIAN_POINT('',(9.067748725557,13.764183346406));
#6432 = CARTESIAN_POINT('',(9.121305467775,13.785490448528));
#6433 = CARTESIAN_POINT('',(9.174864865309,13.806798787756));
#6434 = CARTESIAN_POINT('',(9.228427246806,13.828108599507));
#6435 = CARTESIAN_POINT('',(9.281992042741,13.849419750206));
#6436 = CARTESIAN_POINT('',(9.335556319657,13.870731147101));
#6437 = CARTESIAN_POINT('',(9.3891180108,13.892042016903));
#6438 = CARTESIAN_POINT('',(9.442661166211,13.913346047894));
#6439 = CARTESIAN_POINT('',(9.496214887655,13.934654828116));
#6440 = CARTESIAN_POINT('',(9.549776989662,13.955967476327));
#6441 = CARTESIAN_POINT('',(9.603340377994,13.977281124875));
#6442 = CARTESIAN_POINT('',(9.656902440872,13.998594669431));
#6443 = CARTESIAN_POINT('',(9.710461752901,14.019907462097));
#6444 = CARTESIAN_POINT('',(9.764018315661,14.041219408693));
#6445 = CARTESIAN_POINT('',(9.817572947357,14.062530728322));
#6446 = CARTESIAN_POINT('',(9.871126965131,14.083841831587));
#6447 = CARTESIAN_POINT('',(9.924681823774,14.105153183395));
#6448 = CARTESIAN_POINT('',(9.978238788221,14.126465179791));
#6449 = CARTESIAN_POINT('',(10.031798558043,14.147778004637));
#6450 = CARTESIAN_POINT('',(10.085360989899,14.169091523002));
#6451 = CARTESIAN_POINT('',(10.138924305604,14.190404967532));
#6452 = CARTESIAN_POINT('',(10.192485961675,14.211717285391));
#6453 = CARTESIAN_POINT('',(10.246036934963,14.233024868715));
#6454 = CARTESIAN_POINT('',(10.299580041252,14.254328858747));
#6455 = CARTESIAN_POINT('',(10.353131598105,14.275635777543));
#6456 = CARTESIAN_POINT('',(10.406682464468,14.296942046757));
#6457 = CARTESIAN_POINT('',(10.460232531739,14.318247699455));
#6458 = CARTESIAN_POINT('',(10.513781010673,14.339552511993));
#6459 = CARTESIAN_POINT('',(10.56732846136,14.360856806344));
#6460 = CARTESIAN_POINT('',(10.620875738435,14.382161024803));
#6461 = CARTESIAN_POINT('',(10.674423793185,14.403465645002));
#6462 = CARTESIAN_POINT('',(10.727973276865,14.424771015706));
#6463 = CARTESIAN_POINT('',(10.781524103605,14.446077177683));
#6464 = CARTESIAN_POINT('',(10.835075271488,14.467383786159));
#6465 = CARTESIAN_POINT('',(10.888623469667,14.488689558623));
#6466 = CARTESIAN_POINT('',(10.942165950921,14.509993390518));
#6467 = CARTESIAN_POINT('',(10.995713645995,14.531299621081));
#6468 = CARTESIAN_POINT('',(11.049260744748,14.552605902076));
#6469 = CARTESIAN_POINT('',(11.102807148111,14.573912095092));
#6470 = CARTESIAN_POINT('',(11.156352605464,14.595217996335));
#6471 = CARTESIAN_POINT('',(11.209897738635,14.616523749298));
#6472 = CARTESIAN_POINT('',(11.263443246185,14.637829528444));
#6473 = CARTESIAN_POINT('',(11.316989708615,14.659135455359));
#6474 = CARTESIAN_POINT('',(11.37053687671,14.68044131844));
#6475 = CARTESIAN_POINT('',(11.42408434876,14.701746850364));
#6476 = CARTESIAN_POINT('',(11.477626990421,14.723049975325));
#6477 = CARTESIAN_POINT('',(11.531173523197,14.744354136674));
#6478 = CARTESIAN_POINT('',(11.584721208335,14.765658293754));
#6479 = CARTESIAN_POINT('',(11.638268257548,14.786961785173));
#6480 = CARTESIAN_POINT('',(11.691814299199,14.808264557903));
#6481 = CARTESIAN_POINT('',(11.745359668334,14.829566893407));
#6482 = CARTESIAN_POINT('',(11.798905074228,14.850869263879));
#6483 = CARTESIAN_POINT('',(11.852451208859,14.872172152245));
#6484 = CARTESIAN_POINT('',(11.905998351662,14.893475868259));
#6485 = CARTESIAN_POINT('',(11.959546041543,14.914780397747));
#6486 = CARTESIAN_POINT('',(12.013092333095,14.936085104399));
#6487 = CARTESIAN_POINT('',(12.066634361837,14.95738896947));
#6488 = CARTESIAN_POINT('',(12.120177335704,14.978694093032));
#6489 = CARTESIAN_POINT('',(12.155872441741,14.992897940782));
#6490 = CARTESIAN_POINT('',(12.173720040296,15.));
#6491 = ( GEOMETRIC_REPRESENTATION_CONTEXT(2) 
PARAMETRIC_REPRESENTATION_CONTEXT() REPRESENTATION_CONTEXT('2D SPACE',''
  ) );
#6492 = PCURVE('',#6493,#6518);
#6493 = B_SPLINE_SURFACE_WITH_KNOTS('',1,11,(
    (#6494,#6495,#6496,#6497,#6498,#6499,#6500,#6501,#6502,#6503,#6504
      ,#6505)
    ,(#6506,#6507,#6508,#6509,#6510,#6511,#6512,#6513,#6514,#6515,#6516
      ,#6517
    )),.UNSPECIFIED.,.F.,.F.,.F.,(2,2),(12,12),(0.,1.75),(0.,
    6.762279024438),.PIECEWISE_BEZIER_KNOTS.);
#6494 = CARTESIAN_POINT('',(8.521832586195,4.7463828446E-07,
    -15.93751177987));
#6495 = CARTESIAN_POINT('',(8.521837159854,-4.867655684291,
    -16.16476587584));
#6496 = CARTESIAN_POINT('',(5.463361667882,-9.735198271989,
    -16.3921242591));
#6497 = CARTESIAN_POINT('',(-0.655568759548,-12.46880015094,
    -16.61914821053));
#6498 = CARTESIAN_POINT('',(-8.139970873343,-10.92535610617,
    -16.84692817696));
#6499 = CARTESIAN_POINT('',(-13.71145345136,-4.506154312674,
    -17.07343595871));
#6500 = CARTESIAN_POINT('',(-13.71167092273,4.50616640822,
    -17.30158367407));
#6501 = CARTESIAN_POINT('',(-8.139811908595,10.925328684711,
    -17.52809145685));
#6502 = CARTESIAN_POINT('',(-0.655655667553,12.46881857872,
    -17.75587142209));
#6503 = CARTESIAN_POINT('',(5.46339295272,9.735193372349,-17.98289537417
    ));
#6504 = CARTESIAN_POINT('',(8.521829009637,4.867656475354,
    -18.21025375728));
#6505 = CARTESIAN_POINT('',(8.521833492981,3.1642531818E-07,
    -18.43750785324));
#6506 = CARTESIAN_POINT('',(10.03736942552,-5.695554926E-08,
    -15.06249858646));
#6507 = CARTESIAN_POINT('',(10.037385743292,-5.733333468781,
    -15.28977354934));
#6508 = CARTESIAN_POINT('',(6.434930587115,-11.46654793928,
    -15.51703599882));
#6509 = CARTESIAN_POINT('',(-0.772042648031,-14.68612022417,
    -15.7443385762));
#6510 = CARTESIAN_POINT('',(-9.587803974401,-12.86872760438,
    -15.97155044051));
#6511 = CARTESIAN_POINT('',(-16.14964285506,-5.306962986487,
    -16.19891495417));
#6512 = CARTESIAN_POINT('',(-16.15046763446,5.307013940674,
    -16.42608268857));
#6513 = CARTESIAN_POINT('',(-9.587195912322,12.868626361462,
    -16.6534472063));
#6514 = CARTESIAN_POINT('',(-0.772368372087,14.686190490585,
    -16.88065906588));
#6515 = CARTESIAN_POINT('',(6.435053016002,11.466527331944,
    -17.10796164593));
#6516 = CARTESIAN_POINT('',(10.037356542794,5.733333373852,
    -17.33522409469));
#6517 = CARTESIAN_POINT('',(10.037372871419,-3.797056501E-08,
    -17.56249905763));
#6518 = DEFINITIONAL_REPRESENTATION('',(#6519),#6592);
#6519 = B_SPLINE_CURVE_WITH_KNOTS('',8,(#6520,#6521,#6522,#6523,#6524,
    #6525,#6526,#6527,#6528,#6529,#6530,#6531,#6532,#6533,#6534,#6535,
    #6536,#6537,#6538,#6539,#6540,#6541,#6542,#6543,#6544,#6545,#6546,
    #6547,#6548,#6549,#6550,#6551,#6552,#6553,#6554,#6555,#6556,#6557,
    #6558,#6559,#6560,#6561,#6562,#6563,#6564,#6565,#6566,#6567,#6568,
    #6569,#6570,#6571,#6572,#6573,#6574,#6575,#6576,#6577,#6578,#6579,
    #6580,#6581,#6582,#6583,#6584,#6585,#6586,#6587,#6588,#6589,#6590,
    #6591),.UNSPECIFIED.,.F.,.F.,(9,7,7,7,7,7,7,7,7,7,9),(0.,
    9.393988376702E-02,0.208129052878,0.283833610517,0.391982392141,
    0.53408908187,0.673551072489,0.784131232116,0.878844282166,
    0.974850271181,1.),.UNSPECIFIED.);
#6520 = CARTESIAN_POINT('',(1.562510994595,0.));
#6521 = CARTESIAN_POINT('',(1.562508889121,7.443321320769E-02));
#6522 = CARTESIAN_POINT('',(1.56250867809,0.148878275124));
#6523 = CARTESIAN_POINT('',(1.562515403299,0.223318033178));
#6524 = CARTESIAN_POINT('',(1.5625261019,0.297751014479));
#6525 = CARTESIAN_POINT('',(1.562536196377,0.372183696685));
#6526 = CARTESIAN_POINT('',(1.56254299307,0.446622712078));
#6527 = CARTESIAN_POINT('',(1.562546289228,0.521066984843));
#6528 = CARTESIAN_POINT('',(1.562545844761,0.685977042445));
#6529 = CARTESIAN_POINT('',(1.562540553558,0.776485523261));
#6530 = CARTESIAN_POINT('',(1.562530716773,0.866978411168));
#6531 = CARTESIAN_POINT('',(1.562519541843,0.95745801581));
#6532 = CARTESIAN_POINT('',(1.562510289698,1.047937972001));
#6533 = CARTESIAN_POINT('',(1.562504595641,1.138431814405));
#6534 = CARTESIAN_POINT('',(1.562502141659,1.228941572693));
#6535 = CARTESIAN_POINT('',(1.56250200345,1.379404956145));
#6536 = CARTESIAN_POINT('',(1.562502984268,1.439393736988));
#6537 = CARTESIAN_POINT('',(1.562504737099,1.499380566174));
#6538 = CARTESIAN_POINT('',(1.562506827825,1.559364985179));
#6539 = CARTESIAN_POINT('',(1.5625087967,1.619349227838));
#6540 = CARTESIAN_POINT('',(1.562510263304,1.679335553801));
#6541 = CARTESIAN_POINT('',(1.562510991907,1.739323556647));
#6542 = CARTESIAN_POINT('',(1.562510810482,1.884998253442));
#6543 = CARTESIAN_POINT('',(1.562509076844,1.970712170008));
#6544 = CARTESIAN_POINT('',(1.562505441453,2.056415746153));
#6545 = CARTESIAN_POINT('',(1.562500471723,2.142106554895));
#6546 = CARTESIAN_POINT('',(1.56249525444,2.227797630449));
#6547 = CARTESIAN_POINT('',(1.562491027108,2.313501933963));
#6548 = CARTESIAN_POINT('',(1.56248876351,2.399216846982));
#6549 = CARTESIAN_POINT('',(1.56248864777,2.597507136622));
#6550 = CARTESIAN_POINT('',(1.562492429847,2.710197985337));
#6551 = CARTESIAN_POINT('',(1.562500777017,2.822837075064));
#6552 = CARTESIAN_POINT('',(1.562512803262,2.935440893914));
#6553 = CARTESIAN_POINT('',(1.562525261798,3.048044387596));
#6554 = CARTESIAN_POINT('',(1.562534548812,3.160682608659));
#6555 = CARTESIAN_POINT('',(1.56253901608,3.273372733477));
#6556 = CARTESIAN_POINT('',(1.562538479976,3.49647281017));
#6557 = CARTESIAN_POINT('',(1.562533651055,3.607059020022));
#6558 = CARTESIAN_POINT('',(1.5625243309,3.717598399951));
#6559 = CARTESIAN_POINT('',(1.562512199651,3.828105637461));
#6560 = CARTESIAN_POINT('',(1.562500646358,3.938613218777));
#6561 = CARTESIAN_POINT('',(1.562492641407,4.049153388138));
#6562 = CARTESIAN_POINT('',(1.562488995819,4.159740436783));
#6563 = CARTESIAN_POINT('',(1.562489064273,4.357861577232));
#6564 = CARTESIAN_POINT('',(1.562491410284,4.445506139057));
#6565 = CARTESIAN_POINT('',(1.562495734413,4.533136850747));
#6566 = CARTESIAN_POINT('',(1.56250110803,4.620755298682));
#6567 = CARTESIAN_POINT('',(1.562506126289,4.708373463309));
#6568 = CARTESIAN_POINT('',(1.562509577923,4.796003415051));
#6569 = CARTESIAN_POINT('',(1.562511048556,4.883646964032));
#6570 = CARTESIAN_POINT('',(1.562510654104,5.046309294488));
#6571 = CARTESIAN_POINT('',(1.562509244826,5.121366570523));
#6572 = CARTESIAN_POINT('',(1.5625067602,5.196418658641));
#6573 = CARTESIAN_POINT('',(1.562503820522,5.271464302621));
#6574 = CARTESIAN_POINT('',(1.562501335564,5.346510266105));
#6575 = CARTESIAN_POINT('',(1.562500249855,5.421563248779));
#6576 = CARTESIAN_POINT('',(1.562501212101,5.496621826094));
#6577 = CARTESIAN_POINT('',(1.562507165755,5.647739468748));
#6578 = CARTESIAN_POINT('',(1.562512214063,5.723823551389));
#6579 = CARTESIAN_POINT('',(1.562519339504,5.799901862935));
#6580 = CARTESIAN_POINT('',(1.562527886418,5.875972803435));
#6581 = CARTESIAN_POINT('',(1.562536438577,5.952043428621));
#6582 = CARTESIAN_POINT('',(1.562543146203,6.028120875857));
#6583 = CARTESIAN_POINT('',(1.562546459075,6.104203757939));
#6584 = CARTESIAN_POINT('',(1.562546215083,6.200200760803));
#6585 = CARTESIAN_POINT('',(1.562545923074,6.220128006592));
#6586 = CARTESIAN_POINT('',(1.562545385498,6.240055252156));
#6587 = CARTESIAN_POINT('',(1.562544604572,6.259982491179));
#6588 = CARTESIAN_POINT('',(1.562543588933,6.279909720975));
#6589 = CARTESIAN_POINT('',(1.562542353642,6.299836942495));
#6590 = CARTESIAN_POINT('',(1.562540920179,6.319764160324));
#6591 = CARTESIAN_POINT('',(1.562539316445,6.339691382678));
#6592 = ( GEOMETRIC_REPRESENTATION_CONTEXT(2) 
PARAMETRIC_REPRESENTATION_CONTEXT() REPRESENTATION_CONTEXT('2D SPACE',''
  ) );
#6593 = ORIENTED_EDGE('',*,*,#6594,.F.);
#6594 = EDGE_CURVE('',#371,#6299,#6595,.T.);
#6595 = SURFACE_CURVE('',#6596,(#6601,#6608),.PCURVE_S1.);
#6596 = CIRCLE('',#6597,9.875);
#6597 = AXIS2_PLACEMENT_3D('',#6598,#6599,#6600);
#6598 = CARTESIAN_POINT('',(0.,0.,-17.5));
#6599 = DIRECTION('',(0.,0.,1.));
#6600 = DIRECTION('',(1.,0.,0.));
#6601 = PCURVE('',#387,#6602);
#6602 = DEFINITIONAL_REPRESENTATION('',(#6603),#6607);
#6603 = LINE('',#6604,#6605);
#6604 = CARTESIAN_POINT('',(12.566370614359,15.));
#6605 = VECTOR('',#6606,1.);
#6606 = DIRECTION('',(-1.,0.));
#6607 = ( GEOMETRIC_REPRESENTATION_CONTEXT(2) 
PARAMETRIC_REPRESENTATION_CONTEXT() REPRESENTATION_CONTEXT('2D SPACE',''
  ) );
#6608 = PCURVE('',#415,#6609);
#6609 = DEFINITIONAL_REPRESENTATION('',(#6610),#6614);
#6610 = LINE('',#6611,#6612);
#6611 = CARTESIAN_POINT('',(0.,-0.));
#6612 = VECTOR('',#6613,1.);
#6613 = DIRECTION('',(1.,-0.));
#6614 = ( GEOMETRIC_REPRESENTATION_CONTEXT(2) 
PARAMETRIC_REPRESENTATION_CONTEXT() REPRESENTATION_CONTEXT('2D SPACE',''
  ) );
#6615 = ORIENTED_EDGE('',*,*,#370,.F.);
#6616 = ADVANCED_FACE('',(#6617),#2366,.T.);
#6617 = FACE_BOUND('',#6618,.T.);
#6618 = EDGE_LOOP('',(#6619,#6620,#6621,#6622));
#6619 = ORIENTED_EDGE('',*,*,#2673,.F.);
#6620 = ORIENTED_EDGE('',*,*,#2196,.F.);
#6621 = ORIENTED_EDGE('',*,*,#4765,.T.);
#6622 = ORIENTED_EDGE('',*,*,#6623,.F.);
#6623 = EDGE_CURVE('',#2674,#4766,#6624,.T.);
#6624 = SURFACE_CURVE('',#6625,(#6628,#6635),.PCURVE_S1.);
#6625 = B_SPLINE_CURVE_WITH_KNOTS('',1,(#6626,#6627),.UNSPECIFIED.,.F.,
  .F.,(2,2),(0.,1.75),.PIECEWISE_BEZIER_KNOTS.);
#6626 = CARTESIAN_POINT('',(8.521828052435,1.26570493821E-06,
    -3.437531413063));
#6627 = CARTESIAN_POINT('',(10.037352196003,-1.5187211915E-07,
    -2.562496230763));
#6628 = PCURVE('',#2366,#6629);
#6629 = DEFINITIONAL_REPRESENTATION('',(#6630),#6634);
#6630 = LINE('',#6631,#6632);
#6631 = CARTESIAN_POINT('',(0.,6.762279024438));
#6632 = VECTOR('',#6633,1.);
#6633 = DIRECTION('',(1.,0.));
#6634 = ( GEOMETRIC_REPRESENTATION_CONTEXT(2) 
PARAMETRIC_REPRESENTATION_CONTEXT() REPRESENTATION_CONTEXT('2D SPACE',''
  ) );
#6635 = PCURVE('',#5013,#6636);
#6636 = DEFINITIONAL_REPRESENTATION('',(#6637),#6640);
#6637 = B_SPLINE_CURVE_WITH_KNOTS('',1,(#6638,#6639),.UNSPECIFIED.,.F.,
  .F.,(2,2),(0.,1.75),.PIECEWISE_BEZIER_KNOTS.);
#6638 = CARTESIAN_POINT('',(0.,0.));
#6639 = CARTESIAN_POINT('',(1.75,0.));
#6640 = ( GEOMETRIC_REPRESENTATION_CONTEXT(2) 
PARAMETRIC_REPRESENTATION_CONTEXT() REPRESENTATION_CONTEXT('2D SPACE',''
  ) );
#6641 = ADVANCED_FACE('',(#6642),#2604,.T.);
#6642 = FACE_BOUND('',#6643,.T.);
#6643 = EDGE_LOOP('',(#6644,#6645,#6646,#6647,#6666));
#6644 = ORIENTED_EDGE('',*,*,#2816,.F.);
#6645 = ORIENTED_EDGE('',*,*,#2591,.T.);
#6646 = ORIENTED_EDGE('',*,*,#2640,.T.);
#6647 = ORIENTED_EDGE('',*,*,#6648,.F.);
#6648 = EDGE_CURVE('',#4171,#2641,#6649,.T.);
#6649 = SURFACE_CURVE('',#6650,(#6653,#6660),.PCURVE_S1.);
#6650 = B_SPLINE_CURVE_WITH_KNOTS('',1,(#6651,#6652),.UNSPECIFIED.,.F.,
  .F.,(2,2),(0.,1.75),.PIECEWISE_BEZIER_KNOTS.);
#6651 = CARTESIAN_POINT('',(10.037407330329,-1.5189651306E-07,
    -4.937496230123));
#6652 = CARTESIAN_POINT('',(8.521842561469,1.26569851739E-06,
    -4.062531412894));
#6653 = PCURVE('',#2604,#6654);
#6654 = DEFINITIONAL_REPRESENTATION('',(#6655),#6659);
#6655 = LINE('',#6656,#6657);
#6656 = CARTESIAN_POINT('',(0.,6.762279024438));
#6657 = VECTOR('',#6658,1.);
#6658 = DIRECTION('',(1.,0.));
#6659 = ( GEOMETRIC_REPRESENTATION_CONTEXT(2) 
PARAMETRIC_REPRESENTATION_CONTEXT() REPRESENTATION_CONTEXT('2D SPACE',''
  ) );
#6660 = PCURVE('',#4372,#6661);
#6661 = DEFINITIONAL_REPRESENTATION('',(#6662),#6665);
#6662 = B_SPLINE_CURVE_WITH_KNOTS('',1,(#6663,#6664),.UNSPECIFIED.,.F.,
  .F.,(2,2),(0.,1.75),.PIECEWISE_BEZIER_KNOTS.);
#6663 = CARTESIAN_POINT('',(0.,0.));
#6664 = CARTESIAN_POINT('',(1.75,0.));
#6665 = ( GEOMETRIC_REPRESENTATION_CONTEXT(2) 
PARAMETRIC_REPRESENTATION_CONTEXT() REPRESENTATION_CONTEXT('2D SPACE',''
  ) );
#6666 = ORIENTED_EDGE('',*,*,#4480,.F.);
#6667 = ADVANCED_FACE('',(#6668),#2722,.T.);
#6668 = FACE_BOUND('',#6669,.T.);
#6669 = EDGE_LOOP('',(#6670,#6701,#6702,#6733));
#6670 = ORIENTED_EDGE('',*,*,#6671,.F.);
#6671 = EDGE_CURVE('',#2641,#6672,#6674,.T.);
#6672 = VERTEX_POINT('',#6673);
#6673 = CARTESIAN_POINT('',(8.521841654568,1.107487255E-06,
    -6.562527486291));
#6674 = SURFACE_CURVE('',#6675,(#6688,#6694),.PCURVE_S1.);
#6675 = B_SPLINE_CURVE_WITH_KNOTS('',11,(#6676,#6677,#6678,#6679,#6680,
    #6681,#6682,#6683,#6684,#6685,#6686,#6687),.UNSPECIFIED.,.F.,.F.,(12
    ,12),(0.,6.762279024438),.PIECEWISE_BEZIER_KNOTS.);
#6676 = CARTESIAN_POINT('',(8.521842561469,1.26569860384E-06,
    -4.062531412894));
#6677 = CARTESIAN_POINT('',(8.521838981295,-4.867660073128,
    -4.289785508982));
#6678 = CARTESIAN_POINT('',(5.463400575941,-9.735202717426,
    -4.517143891535));
#6679 = CARTESIAN_POINT('',(-0.655654055825,-12.4688319694,
    -4.744167845225));
#6680 = CARTESIAN_POINT('',(-8.139818531788,-10.92534182244,
    -4.97194780716));
#6681 = CARTESIAN_POINT('',(-13.71168469142,-4.506173746567,
    -5.198455594973));
#6682 = CARTESIAN_POINT('',(-13.71146886478,4.506156558066,
    -5.426603304515));
#6683 = CARTESIAN_POINT('',(-8.139981574097,10.925366224866,
    -5.653111091403));
#6684 = CARTESIAN_POINT('',(-0.655571766563,12.468813295849,
    -5.880891054398));
#6685 = CARTESIAN_POINT('',(5.463365672229,9.735209646362,
    -6.107915007514));
#6686 = CARTESIAN_POINT('',(8.521845325058,4.867662446313,
    -6.335273390199));
#6687 = CARTESIAN_POINT('',(8.521841654568,1.10748740326E-06,
    -6.562527486291));
#6688 = PCURVE('',#2722,#6689);
#6689 = DEFINITIONAL_REPRESENTATION('',(#6690),#6693);
#6690 = B_SPLINE_CURVE_WITH_KNOTS('',1,(#6691,#6692),.UNSPECIFIED.,.F.,
  .F.,(2,2),(0.,6.762279024438),.PIECEWISE_BEZIER_KNOTS.);
#6691 = CARTESIAN_POINT('',(0.,0.));
#6692 = CARTESIAN_POINT('',(0.,6.762279024438));
#6693 = ( GEOMETRIC_REPRESENTATION_CONTEXT(2) 
PARAMETRIC_REPRESENTATION_CONTEXT() REPRESENTATION_CONTEXT('2D SPACE',''
  ) );
#6694 = PCURVE('',#4372,#6695);
#6695 = DEFINITIONAL_REPRESENTATION('',(#6696),#6700);
#6696 = LINE('',#6697,#6698);
#6697 = CARTESIAN_POINT('',(1.75,0.));
#6698 = VECTOR('',#6699,1.);
#6699 = DIRECTION('',(0.,1.));
#6700 = ( GEOMETRIC_REPRESENTATION_CONTEXT(2) 
PARAMETRIC_REPRESENTATION_CONTEXT() REPRESENTATION_CONTEXT('2D SPACE',''
  ) );
#6701 = ORIENTED_EDGE('',*,*,#2704,.T.);
#6702 = ORIENTED_EDGE('',*,*,#6703,.T.);
#6703 = EDGE_CURVE('',#2674,#6704,#6706,.T.);
#6704 = VERTEX_POINT('',#6705);
#6705 = CARTESIAN_POINT('',(8.521828959165,1.107491945E-06,
    -5.93752748642));
#6706 = SURFACE_CURVE('',#6707,(#6720,#6727),.PCURVE_S1.);
#6707 = ( BOUNDED_CURVE() B_SPLINE_CURVE(11,(#6708,#6709,#6710,#6711,
    #6712,#6713,#6714,#6715,#6716,#6717,#6718,#6719),.UNSPECIFIED.,.F.,
.F.) B_SPLINE_CURVE_WITH_KNOTS((12,12),(0.,6.762279024438),
.PIECEWISE_BEZIER_KNOTS.) CURVE() GEOMETRIC_REPRESENTATION_ITEM() 
RATIONAL_B_SPLINE_CURVE((1.056590953773,1.056590953773,1.056590953773,
    1.056590953773,1.056590953772,1.056590953774,1.056590953772,
    1.056590953774,1.056590953773,1.056590953773,1.056590953773,
1.056590953773)) REPRESENTATION_ITEM('') );
#6708 = CARTESIAN_POINT('',(8.521828052435,1.26570503078E-06,
    -3.437531413063));
#6709 = CARTESIAN_POINT('',(8.521833077687,-4.867652303518,
    -3.66478550895));
#6710 = CARTESIAN_POINT('',(5.463359665974,-9.735192585299,
    -3.892143892553));
#6711 = CARTESIAN_POINT('',(-0.655567256043,-12.4687935791,
    -4.119167843036));
#6712 = CARTESIAN_POINT('',(-8.139965523404,-10.92535104741,
    -4.346947811325));
#6713 = CARTESIAN_POINT('',(-13.71144574531,-4.506153190184,
    -4.573455590366));
#6714 = CARTESIAN_POINT('',(-13.71166403909,4.506162739256,
    -4.801603308709));
#6715 = CARTESIAN_POINT('',(-8.139808597417,10.925322116392,
    -5.028111088981));
#6716 = CARTESIAN_POINT('',(-0.655656473441,12.468811884004,
    -5.255891055825));
#6717 = CARTESIAN_POINT('',(5.463389141368,9.735188700306,
    -5.482915007145));
#6718 = CARTESIAN_POINT('',(8.521824024237,4.867654676713,
    -5.710273390503));
#6719 = CARTESIAN_POINT('',(8.521828959165,1.10749209625E-06,
    -5.93752748642));
#6720 = PCURVE('',#2722,#6721);
#6721 = DEFINITIONAL_REPRESENTATION('',(#6722),#6726);
#6722 = LINE('',#6723,#6724);
#6723 = CARTESIAN_POINT('',(2.094395102393,0.));
#6724 = VECTOR('',#6725,1.);
#6725 = DIRECTION('',(0.,1.));
#6726 = ( GEOMETRIC_REPRESENTATION_CONTEXT(2) 
PARAMETRIC_REPRESENTATION_CONTEXT() REPRESENTATION_CONTEXT('2D SPACE',''
  ) );
#6727 = PCURVE('',#5013,#6728);
#6728 = DEFINITIONAL_REPRESENTATION('',(#6729),#6732);
#6729 = B_SPLINE_CURVE_WITH_KNOTS('',1,(#6730,#6731),.UNSPECIFIED.,.F.,
  .F.,(2,2),(0.,6.762279024438),.PIECEWISE_BEZIER_KNOTS.);
#6730 = CARTESIAN_POINT('',(0.,0.));
#6731 = CARTESIAN_POINT('',(0.,6.762279024438));
#6732 = ( GEOMETRIC_REPRESENTATION_CONTEXT(2) 
PARAMETRIC_REPRESENTATION_CONTEXT() REPRESENTATION_CONTEXT('2D SPACE',''
  ) );
#6733 = ORIENTED_EDGE('',*,*,#6734,.F.);
#6734 = EDGE_CURVE('',#6672,#6704,#6735,.T.);
#6735 = SURFACE_CURVE('',#6736,(#6744,#6751),.PCURVE_S1.);
#6736 = ( BOUNDED_CURVE() B_SPLINE_CURVE(6,(#6737,#6738,#6739,#6740,
#6741,#6742,#6743),.UNSPECIFIED.,.F.,.F.) B_SPLINE_CURVE_WITH_KNOTS((7,7
),(0.,2.094395102393),.PIECEWISE_BEZIER_KNOTS.) CURVE() 
GEOMETRIC_REPRESENTATION_ITEM() RATIONAL_B_SPLINE_CURVE((1.056590953773,
    1.017435169568,0.996326512422,0.989390034249,0.996326512422,
1.017435169568,1.056590953773)) REPRESENTATION_ITEM('') );
#6737 = CARTESIAN_POINT('',(8.521841654568,1.10748740534E-06,
    -6.562527486291));
#6738 = CARTESIAN_POINT('',(8.408562083058,1.20019980621E-06,
    -6.49712856316));
#6739 = CARTESIAN_POINT('',(8.328732333043,1.26553498148E-06,
    -6.386436494031));
#6740 = CARTESIAN_POINT('',(8.299876583922,1.28915054898E-06,
    -6.250031994924));
#6741 = CARTESIAN_POINT('',(8.328726791547,1.26553701363E-06,
    -6.113626323657));
#6742 = CARTESIAN_POINT('',(8.408552044598,1.20020351146E-06,
    -6.002931011512));
#6743 = CARTESIAN_POINT('',(8.521828959165,1.10749209625E-06,
    -5.93752748642));
#6744 = PCURVE('',#2722,#6745);
#6745 = DEFINITIONAL_REPRESENTATION('',(#6746),#6750);
#6746 = LINE('',#6747,#6748);
#6747 = CARTESIAN_POINT('',(0.,6.762279024438));
#6748 = VECTOR('',#6749,1.);
#6749 = DIRECTION('',(1.,0.));
#6750 = ( GEOMETRIC_REPRESENTATION_CONTEXT(2) 
PARAMETRIC_REPRESENTATION_CONTEXT() REPRESENTATION_CONTEXT('2D SPACE',''
  ) );
#6751 = PCURVE('',#6752,#6837);
#6752 = ( BOUNDED_SURFACE() B_SPLINE_SURFACE(6,11,(
    (#6753,#6754,#6755,#6756,#6757,#6758,#6759,#6760,#6761,#6762,#6763
      ,#6764)
    ,(#6765,#6766,#6767,#6768,#6769,#6770,#6771,#6772,#6773,#6774,#6775
      ,#6776)
    ,(#6777,#6778,#6779,#6780,#6781,#6782,#6783,#6784,#6785,#6786,#6787
      ,#6788)
    ,(#6789,#6790,#6791,#6792,#6793,#6794,#6795,#6796,#6797,#6798,#6799
      ,#6800)
    ,(#6801,#6802,#6803,#6804,#6805,#6806,#6807,#6808,#6809,#6810,#6811
      ,#6812)
    ,(#6813,#6814,#6815,#6816,#6817,#6818,#6819,#6820,#6821,#6822,#6823
      ,#6824)
    ,(#6825,#6826,#6827,#6828,#6829,#6830,#6831,#6832,#6833,#6834,#6835
,#6836
    )),.UNSPECIFIED.,.F.,.F.,.F.) B_SPLINE_SURFACE_WITH_KNOTS((7,7),(12,
    12),(0.,2.094395102393),(0.,6.762279024438),
.PIECEWISE_BEZIER_KNOTS.) GEOMETRIC_REPRESENTATION_ITEM() 
RATIONAL_B_SPLINE_SURFACE((
    (1.056590953773,1.056590953773,1.056590953773,1.056590953773
      ,1.056590953772,1.056590953774,1.056590953772,1.056590953774
      ,1.056590953773,1.056590953773,1.056590953773,1.056590953773)
    ,(1.017435169568,1.017435169568,1.017435169568,1.017435169568
      ,1.017435169568,1.017435169569,1.017435169568,1.017435169569
      ,1.017435169568,1.017435169568,1.017435169568,1.017435169568)
    ,(0.996326512422,0.996326512422,0.996326512422,0.996326512422
      ,0.996326512422,0.996326512423,0.996326512422,0.996326512423
      ,0.996326512422,0.996326512422,0.996326512422,0.996326512422)
    ,(0.989390034249,0.989390034249,0.989390034249,0.989390034249
      ,0.989390034248,0.989390034249,0.989390034248,0.989390034249
      ,0.989390034248,0.989390034249,0.989390034249,0.989390034249)
    ,(0.996326512422,0.996326512422,0.996326512422,0.996326512422
      ,0.996326512422,0.996326512423,0.996326512421,0.996326512423
      ,0.996326512422,0.996326512422,0.996326512422,0.996326512422)
    ,(1.017435169568,1.017435169568,1.017435169568,1.017435169568
      ,1.017435169568,1.017435169568,1.017435169568,1.017435169568
      ,1.017435169568,1.017435169568,1.017435169568,1.017435169568)
    ,(1.056590953773,1.056590953773,1.056590953773,1.056590953773
      ,1.056590953772,1.056590953774,1.056590953772,1.056590953774
      ,1.056590953773,1.056590953773,1.056590953773,1.056590953773
))) REPRESENTATION_ITEM('') SURFACE() );
#6753 = CARTESIAN_POINT('',(8.521841654568,1.10748725834E-06,
    -6.562527486291));
#6754 = CARTESIAN_POINT('',(8.521837984078,-4.867659713323,
    -6.789781582374));
#6755 = CARTESIAN_POINT('',(5.463399813593,-9.735201782856,
    -7.017139964964));
#6756 = CARTESIAN_POINT('',(-0.655654217007,-12.46883063025,
    -7.244163918526));
#6757 = CARTESIAN_POINT('',(-8.139817869405,-10.9253405086,
    -7.471943880749));
#6758 = CARTESIAN_POINT('',(-13.71168331447,-4.506173012701,
    -7.698451668093));
#6759 = CARTESIAN_POINT('',(-13.71146732336,4.506156333503,
    -7.92659937821));
#6760 = CARTESIAN_POINT('',(-8.139980503963,10.925365212918,
    -8.153107164562));
#6761 = CARTESIAN_POINT('',(-0.655571465865,12.468811981296,
    -8.380887127935));
#6762 = CARTESIAN_POINT('',(5.463365271764,9.735208508859,
    -8.607911080853));
#6763 = CARTESIAN_POINT('',(8.521844508486,4.867661770085,
    -8.835269463612));
#6764 = CARTESIAN_POINT('',(8.521840747679,9.4927476768E-07,
    -9.062523559685));
#6765 = CARTESIAN_POINT('',(8.408562083058,1.20019964123E-06,
    -6.49712856316));
#6766 = CARTESIAN_POINT('',(8.408559365981,-4.802954242661,
    -6.724381099534));
#6767 = CARTESIAN_POINT('',(5.390772846251,-9.605792486235,
    -6.951746652774));
#6768 = CARTESIAN_POINT('',(-0.646930307324,-12.30309232641,
    -7.178749780179));
#6769 = CARTESIAN_POINT('',(-8.031632443631,-10.78008809287,
    -7.406572205681));
#6770 = CARTESIAN_POINT('',(-13.52939445821,-4.446313548927,
    -7.633015956039));
#6771 = CARTESIAN_POINT('',(-13.52922398382,4.446299390471,
    -7.86123691521));
#6772 = CARTESIAN_POINT('',(-8.031761817945,10.780107051998,
    -8.087680664809));
#6773 = CARTESIAN_POINT('',(-0.646865754308,12.303077533573,
    -8.31550309119));
#6774 = CARTESIAN_POINT('',(5.390744844265,9.605798191069,
    -8.542506218105));
#6775 = CARTESIAN_POINT('',(8.408564180898,4.802956471602,
    -8.769871771472));
#6776 = CARTESIAN_POINT('',(8.408561365944,1.02874243257E-06,
    -8.997124307839));
#6777 = CARTESIAN_POINT('',(8.328732333043,1.26553482249E-06,
    -6.386436494031));
#6778 = CARTESIAN_POINT('',(8.328731177369,-4.757355416558,
    -6.613687931255));
#6779 = CARTESIAN_POINT('',(5.339588306244,-9.514596551977,
    -6.841058537768));
#6780 = CARTESIAN_POINT('',(-0.640773585317,-12.18629237608,
    -7.068046988626));
#6781 = CARTESIAN_POINT('',(-7.955409238328,-10.67772949444,
    -7.295899338707));
#6782 = CARTESIAN_POINT('',(-13.40091058253,-4.404128387955,
    -7.522297961219));
#6783 = CARTESIAN_POINT('',(-13.40081705822,4.404118769692,
    -7.750570539994));
#6784 = CARTESIAN_POINT('',(-7.955482099451,10.677738891929,
    -7.976969162134));
#6785 = CARTESIAN_POINT('',(-0.640739584934,12.186284123065,
    -8.204821512644));
#6786 = CARTESIAN_POINT('',(5.339571567668,9.514600419373,
    -8.431809963265));
#6787 = CARTESIAN_POINT('',(8.328733196018,4.757357766836,
    -8.659180569838));
#6788 = CARTESIAN_POINT('',(8.328731937138,1.08474386029E-06,
    -8.88643200706));
#6789 = CARTESIAN_POINT('',(8.299876583922,1.28915040976E-06,
    -6.250031994924));
#6790 = CARTESIAN_POINT('',(8.299877319845,-4.740873066199,
    -6.477283034843));
#6791 = CARTESIAN_POINT('',(5.321081954827,-9.481633306145,
    -6.704655467964));
#6792 = CARTESIAN_POINT('',(-0.638534924087,-12.14407050555,
    -6.931638613663));
#6793 = CARTESIAN_POINT('',(-7.927881940664,-10.64073462226,
    -7.159501780607));
#6794 = CARTESIAN_POINT('',(-13.35443476399,-4.388877894008,
    -7.385884090844));
#6795 = CARTESIAN_POINT('',(-13.35443600845,4.388874040585,
    -7.614175328268));
#6796 = CARTESIAN_POINT('',(-7.927885025814,10.640732337975,
    -7.840557638604));
#6797 = CARTESIAN_POINT('',(-0.638538418728,12.144070319606,
    -8.068420805429));
#6798 = CARTESIAN_POINT('',(5.321079216716,9.481634841547,-8.2954039512)
  );
#6799 = CARTESIAN_POINT('',(8.299875953044,4.740875460334,
    -8.522776384298));
#6800 = CARTESIAN_POINT('',(8.299876583836,1.10498561234E-06,
    -8.75002742422));
#6801 = CARTESIAN_POINT('',(8.328726791547,1.26553687885E-06,
    -6.113626323657));
#6802 = CARTESIAN_POINT('',(8.328729392106,-4.75735247734,
    -6.340877760805));
#6803 = CARTESIAN_POINT('',(5.339570956721,-9.514593033707,
    -6.568248367727));
#6804 = CARTESIAN_POINT('',(-0.640735758441,-12.18627677709,
    -6.79523681733));
#6805 = CARTESIAN_POINT('',(-7.955474155777,-10.6777345362,
    -7.023089169887));
#6806 = CARTESIAN_POINT('',(-13.4008075572,-4.404119833497,
    -7.249487789019));
#6807 = CARTESIAN_POINT('',(-13.40090352483,4.404121886086,
    -7.477760371122));
#6808 = CARTESIAN_POINT('',(-7.955407351933,10.677720653837,
    -7.704158990822));
#6809 = CARTESIAN_POINT('',(-0.640776620074,12.186284665036,
    -7.932011342716));
#6810 = CARTESIAN_POINT('',(5.339582319386,9.514592180863,
    -8.158999792698));
#6811 = CARTESIAN_POINT('',(8.32872468993,4.757354827622,-8.386370399515
    ));
#6812 = CARTESIAN_POINT('',(8.328727187284,1.08474529958E-06,
    -8.613621836671));
#6813 = CARTESIAN_POINT('',(8.408552044598,1.20020336536E-06,
    -6.002931011512));
#6814 = CARTESIAN_POINT('',(8.408556131966,-4.802948918247,
    -6.230183547748));
#6815 = CARTESIAN_POINT('',(5.390741417465,-9.605786112865,
    -6.457549101727));
#6816 = CARTESIAN_POINT('',(-0.646861783671,-12.30306406874,
    -6.684552226861));
#6817 = CARTESIAN_POINT('',(-8.031750042047,-10.78009722605,
    -6.912374656848));
#6818 = CARTESIAN_POINT('',(-13.52920782709,-4.44629805246,
    -7.138818401082));
#6819 = CARTESIAN_POINT('',(-13.52938061868,4.446305035826,
    -7.367039366283));
#6820 = CARTESIAN_POINT('',(-8.031626412289,10.780074013584,
    -7.593483111463));
#6821 = CARTESIAN_POINT('',(-0.646932843728,12.303078515347,
    -7.821305540349));
#6822 = CARTESIAN_POINT('',(5.390764321079,9.605783266955,
    -8.048308666107));
#6823 = CARTESIAN_POINT('',(8.40854877206,4.802951147194,-8.275674219916
    ));
#6824 = CARTESIAN_POINT('',(8.40855276155,1.02874505337E-06,
    -8.502926756164));
#6825 = CARTESIAN_POINT('',(8.521828959165,1.10749194815E-06,
    -5.93752748642));
#6826 = CARTESIAN_POINT('',(8.521833894095,-4.867652979662,
    -6.164781582328));
#6827 = CARTESIAN_POINT('',(5.463360066348,-9.735193722606,
    -6.392139965853));
#6828 = CARTESIAN_POINT('',(-0.655567556755,-12.46879489344,
    -6.619163916542));
#6829 = CARTESIAN_POINT('',(-8.139966593356,-10.92535205913,
    -6.846943884436));
#6830 = CARTESIAN_POINT('',(-13.71144728649,-4.506153414682,
    -7.073451664038));
#6831 = CARTESIAN_POINT('',(-13.71166541579,4.506163473053,
    -7.301599381778));
#6832 = CARTESIAN_POINT('',(-8.139809259614,10.92532343001,
    -7.528107162544));
#6833 = CARTESIAN_POINT('',(-0.655656312276,12.468813222926,
    -7.755887129083));
#6834 = CARTESIAN_POINT('',(5.463389903632,9.735189634681,-7.98291108054
    ));
#6835 = CARTESIAN_POINT('',(8.521825021292,4.867655036431,
    -8.210269463857));
#6836 = CARTESIAN_POINT('',(8.521829865905,9.4927807548E-07,
    -8.43752355978));
#6837 = DEFINITIONAL_REPRESENTATION('',(#6838),#6841);
#6838 = B_SPLINE_CURVE_WITH_KNOTS('',1,(#6839,#6840),.UNSPECIFIED.,.F.,
  .F.,(2,2),(0.,2.094395102393),.PIECEWISE_BEZIER_KNOTS.);
#6839 = CARTESIAN_POINT('',(0.,0.));
#6840 = CARTESIAN_POINT('',(2.094395102393,0.));
#6841 = ( GEOMETRIC_REPRESENTATION_CONTEXT(2) 
PARAMETRIC_REPRESENTATION_CONTEXT() REPRESENTATION_CONTEXT('2D SPACE',''
  ) );
#6842 = ADVANCED_FACE('',(#6843),#261,.T.);
#6843 = FACE_BOUND('',#6844,.T.);
#6844 = EDGE_LOOP('',(#6845,#6846,#6867,#6896));
#6845 = ORIENTED_EDGE('',*,*,#2877,.F.);
#6846 = ORIENTED_EDGE('',*,*,#6847,.T.);
#6847 = EDGE_CURVE('',#2878,#6848,#6850,.T.);
#6848 = VERTEX_POINT('',#6849);
#6849 = CARTESIAN_POINT('',(8.521838027081,4.74637741E-07,
    -16.56251177985));
#6850 = SURFACE_CURVE('',#6851,(#6854,#6860),.PCURVE_S1.);
#6851 = B_SPLINE_CURVE_WITH_KNOTS('',1,(#6852,#6853),.UNSPECIFIED.,.F.,
  .F.,(2,2),(0.,1.75),.PIECEWISE_BEZIER_KNOTS.);
#6852 = CARTESIAN_POINT('',(10.037390100887,-5.695751337E-08,
    -17.43749858637));
#6853 = CARTESIAN_POINT('',(8.521838027081,4.7463783336E-07,
    -16.56251177985));
#6854 = PCURVE('',#261,#6855);
#6855 = DEFINITIONAL_REPRESENTATION('',(#6856),#6859);
#6856 = B_SPLINE_CURVE_WITH_KNOTS('',1,(#6857,#6858),.UNSPECIFIED.,.F.,
  .F.,(2,2),(0.,1.75),.PIECEWISE_BEZIER_KNOTS.);
#6857 = CARTESIAN_POINT('',(0.,0.));
#6858 = CARTESIAN_POINT('',(1.75,0.));
#6859 = ( GEOMETRIC_REPRESENTATION_CONTEXT(2) 
PARAMETRIC_REPRESENTATION_CONTEXT() REPRESENTATION_CONTEXT('2D SPACE',''
  ) );
#6860 = PCURVE('',#3132,#6861);
#6861 = DEFINITIONAL_REPRESENTATION('',(#6862),#6866);
#6862 = LINE('',#6863,#6864);
#6863 = CARTESIAN_POINT('',(0.,6.762279024438));
#6864 = VECTOR('',#6865,1.);
#6865 = DIRECTION('',(1.,0.));
#6866 = ( GEOMETRIC_REPRESENTATION_CONTEXT(2) 
PARAMETRIC_REPRESENTATION_CONTEXT() REPRESENTATION_CONTEXT('2D SPACE',''
  ) );
#6867 = ORIENTED_EDGE('',*,*,#6868,.T.);
#6868 = EDGE_CURVE('',#6848,#92,#6869,.T.);
#6869 = SURFACE_CURVE('',#6870,(#6883,#6890),.PCURVE_S1.);
#6870 = B_SPLINE_CURVE_WITH_KNOTS('',11,(#6871,#6872,#6873,#6874,#6875,
    #6876,#6877,#6878,#6879,#6880,#6881,#6882),.UNSPECIFIED.,.F.,.F.,(12
    ,12),(0.,6.762279024438),.PIECEWISE_BEZIER_KNOTS.);
#6871 = CARTESIAN_POINT('',(8.521838027081,4.7463774187E-07,
    -16.56251177985));
#6872 = CARTESIAN_POINT('',(8.521833995326,-4.867658274159,
    -16.78976587589));
#6873 = CARTESIAN_POINT('',(5.463396764239,-9.735198044722,
    -17.01712425868));
#6874 = CARTESIAN_POINT('',(-0.655654861679,-12.46882527385,
    -17.24414821163));
#6875 = CARTESIAN_POINT('',(-8.139815220046,-10.9253352534,
    -17.47192817514));
#6876 = CARTESIAN_POINT('',(-13.71167780686,-4.506170077299,
    -17.69843596049));
#6877 = CARTESIAN_POINT('',(-13.71146115783,4.506155435265,
    -17.92658367296));
#6878 = CARTESIAN_POINT('',(-8.139976223596,10.925361165361,
    -18.15309145719));
#6879 = CARTESIAN_POINT('',(-0.655570263039,12.468806723178,
    -18.38087142201));
#6880 = CARTESIAN_POINT('',(5.463363669959,9.735203959015,-18.6078953742
    ));
#6881 = CARTESIAN_POINT('',(8.521841242315,4.867659065222,
    -18.83525375722));
#6882 = CARTESIAN_POINT('',(8.521837120238,3.1642510243E-07,
    -19.06250785323));
#6883 = PCURVE('',#261,#6884);
#6884 = DEFINITIONAL_REPRESENTATION('',(#6885),#6889);
#6885 = LINE('',#6886,#6887);
#6886 = CARTESIAN_POINT('',(1.75,0.));
#6887 = VECTOR('',#6888,1.);
#6888 = DIRECTION('',(0.,1.));
#6889 = ( GEOMETRIC_REPRESENTATION_CONTEXT(2) 
PARAMETRIC_REPRESENTATION_CONTEXT() REPRESENTATION_CONTEXT('2D SPACE',''
  ) );
#6890 = PCURVE('',#931,#6891);
#6891 = DEFINITIONAL_REPRESENTATION('',(#6892),#6895);
#6892 = B_SPLINE_CURVE_WITH_KNOTS('',1,(#6893,#6894),.UNSPECIFIED.,.F.,
  .F.,(2,2),(0.,6.762279024438),.PIECEWISE_BEZIER_KNOTS.);
#6893 = CARTESIAN_POINT('',(0.,0.));
#6894 = CARTESIAN_POINT('',(0.,6.762279024438));
#6895 = ( GEOMETRIC_REPRESENTATION_CONTEXT(2) 
PARAMETRIC_REPRESENTATION_CONTEXT() REPRESENTATION_CONTEXT('2D SPACE',''
  ) );
#6896 = ORIENTED_EDGE('',*,*,#89,.F.);
#6897 = ADVANCED_FACE('',(#6898),#3132,.T.);
#6898 = FACE_BOUND('',#6899,.T.);
#6899 = EDGE_LOOP('',(#6900,#6901,#6922,#7036));
#6900 = ORIENTED_EDGE('',*,*,#2930,.F.);
#6901 = ORIENTED_EDGE('',*,*,#6902,.T.);
#6902 = EDGE_CURVE('',#2931,#6903,#6905,.T.);
#6903 = VERTEX_POINT('',#6904);
#6904 = CARTESIAN_POINT('',(8.521838933936,6.3285037E-07,-14.06251570646
    ));
#6905 = SURFACE_CURVE('',#6906,(#6909,#6915),.PCURVE_S1.);
#6906 = B_SPLINE_CURVE_WITH_KNOTS('',1,(#6907,#6908),.UNSPECIFIED.,.F.,
  .F.,(2,2),(0.,1.75),.PIECEWISE_BEZIER_KNOTS.);
#6907 = CARTESIAN_POINT('',(10.037393546778,-7.594434162E-08,
    -14.93749811514));
#6908 = CARTESIAN_POINT('',(8.521838933936,6.3285052693E-07,
    -14.06251570646));
#6909 = PCURVE('',#3132,#6910);
#6910 = DEFINITIONAL_REPRESENTATION('',(#6911),#6914);
#6911 = B_SPLINE_CURVE_WITH_KNOTS('',1,(#6912,#6913),.UNSPECIFIED.,.F.,
  .F.,(2,2),(0.,1.75),.PIECEWISE_BEZIER_KNOTS.);
#6912 = CARTESIAN_POINT('',(0.,0.));
#6913 = CARTESIAN_POINT('',(1.75,0.));
#6914 = ( GEOMETRIC_REPRESENTATION_CONTEXT(2) 
PARAMETRIC_REPRESENTATION_CONTEXT() REPRESENTATION_CONTEXT('2D SPACE',''
  ) );
#6915 = PCURVE('',#3442,#6916);
#6916 = DEFINITIONAL_REPRESENTATION('',(#6917),#6921);
#6917 = LINE('',#6918,#6919);
#6918 = CARTESIAN_POINT('',(0.,6.762279024438));
#6919 = VECTOR('',#6920,1.);
#6920 = DIRECTION('',(1.,0.));
#6921 = ( GEOMETRIC_REPRESENTATION_CONTEXT(2) 
PARAMETRIC_REPRESENTATION_CONTEXT() REPRESENTATION_CONTEXT('2D SPACE',''
  ) );
#6922 = ORIENTED_EDGE('',*,*,#6923,.T.);
#6923 = EDGE_CURVE('',#6903,#6848,#6924,.T.);
#6924 = SURFACE_CURVE('',#6925,(#6938,#6945),.PCURVE_S1.);
#6925 = B_SPLINE_CURVE_WITH_KNOTS('',11,(#6926,#6927,#6928,#6929,#6930,
    #6931,#6932,#6933,#6934,#6935,#6936,#6937),.UNSPECIFIED.,.F.,.F.,(12
    ,12),(0.,6.762279024438),.PIECEWISE_BEZIER_KNOTS.);
#6926 = CARTESIAN_POINT('',(8.521838933936,6.3285036977E-07,
    -14.06251570646));
#6927 = CARTESIAN_POINT('',(8.521834992495,-4.86765863394,
    -14.28976980251));
#6928 = CARTESIAN_POINT('',(5.463397526568,-9.735198979233,
    -14.51712818526));
#6929 = CARTESIAN_POINT('',(-0.655654700512,-12.46882661293,
    -14.74415213835));
#6930 = CARTESIAN_POINT('',(-8.139815882367,-10.92533656717,
    -14.97193210155));
#6931 = CARTESIAN_POINT('',(-13.71167918374,-4.506170811143,
    -15.1984398874));
#6932 = CARTESIAN_POINT('',(-13.71146269918,4.50615565981,
    -15.42658759925));
#6933 = CARTESIAN_POINT('',(-8.139977293669,10.925362177234,
    -15.65309538407));
#6934 = CARTESIAN_POINT('',(-0.655570563747,12.46880803768,
    -15.88087534847));
#6935 = CARTESIAN_POINT('',(5.463364070401,9.735205096456,
    -16.10789930088));
#6936 = CARTESIAN_POINT('',(8.52184205884,4.867659741428,-16.33525768381
    ));
#6937 = CARTESIAN_POINT('',(8.521838027081,4.7463783336E-07,
    -16.56251177985));
#6938 = PCURVE('',#3132,#6939);
#6939 = DEFINITIONAL_REPRESENTATION('',(#6940),#6944);
#6940 = LINE('',#6941,#6942);
#6941 = CARTESIAN_POINT('',(1.75,0.));
#6942 = VECTOR('',#6943,1.);
#6943 = DIRECTION('',(0.,1.));
#6944 = ( GEOMETRIC_REPRESENTATION_CONTEXT(2) 
PARAMETRIC_REPRESENTATION_CONTEXT() REPRESENTATION_CONTEXT('2D SPACE',''
  ) );
#6945 = PCURVE('',#6946,#7031);
#6946 = ( BOUNDED_SURFACE() B_SPLINE_SURFACE(6,11,(
    (#6947,#6948,#6949,#6950,#6951,#6952,#6953,#6954,#6955,#6956,#6957
      ,#6958)
    ,(#6959,#6960,#6961,#6962,#6963,#6964,#6965,#6966,#6967,#6968,#6969
      ,#6970)
    ,(#6971,#6972,#6973,#6974,#6975,#6976,#6977,#6978,#6979,#6980,#6981
      ,#6982)
    ,(#6983,#6984,#6985,#6986,#6987,#6988,#6989,#6990,#6991,#6992,#6993
      ,#6994)
    ,(#6995,#6996,#6997,#6998,#6999,#7000,#7001,#7002,#7003,#7004,#7005
      ,#7006)
    ,(#7007,#7008,#7009,#7010,#7011,#7012,#7013,#7014,#7015,#7016,#7017
      ,#7018)
    ,(#7019,#7020,#7021,#7022,#7023,#7024,#7025,#7026,#7027,#7028,#7029
,#7030
    )),.UNSPECIFIED.,.F.,.F.,.F.) B_SPLINE_SURFACE_WITH_KNOTS((7,7),(12,
    12),(0.,2.094395102393),(0.,6.762279024438),
.PIECEWISE_BEZIER_KNOTS.) GEOMETRIC_REPRESENTATION_ITEM() 
RATIONAL_B_SPLINE_SURFACE((
    (1.056590953773,1.056590953773,1.056590953773,1.056590953773
      ,1.056590953772,1.056590953774,1.056590953772,1.056590953774
      ,1.056590953773,1.056590953773,1.056590953773,1.056590953773)
    ,(1.017435169568,1.017435169568,1.017435169568,1.017435169568
      ,1.017435169568,1.017435169569,1.017435169568,1.017435169569
      ,1.017435169568,1.017435169568,1.017435169568,1.017435169568)
    ,(0.996326512422,0.996326512422,0.996326512422,0.996326512422
      ,0.996326512422,0.996326512423,0.996326512422,0.996326512423
      ,0.996326512422,0.996326512422,0.996326512422,0.996326512422)
    ,(0.989390034249,0.989390034249,0.989390034249,0.989390034249
      ,0.989390034248,0.989390034249,0.989390034248,0.989390034249
      ,0.989390034248,0.989390034249,0.989390034249,0.989390034249)
    ,(0.996326512422,0.996326512422,0.996326512422,0.996326512422
      ,0.996326512422,0.996326512423,0.996326512421,0.996326512423
      ,0.996326512422,0.996326512422,0.996326512422,0.996326512422)
    ,(1.017435169568,1.017435169568,1.017435169568,1.017435169568
      ,1.017435169568,1.017435169568,1.017435169568,1.017435169568
      ,1.017435169568,1.017435169568,1.017435169568,1.017435169568)
    ,(1.056590953773,1.056590953773,1.056590953773,1.056590953773
      ,1.056590953772,1.056590953774,1.056590953772,1.056590953774
      ,1.056590953773,1.056590953773,1.056590953773,1.056590953773
))) REPRESENTATION_ITEM('') SURFACE() );
#6947 = CARTESIAN_POINT('',(8.521838933936,6.328503781E-07,
    -14.06251570646));
#6948 = CARTESIAN_POINT('',(8.521834992495,-4.86765863394,
    -14.28976980251));
#6949 = CARTESIAN_POINT('',(5.463397526568,-9.735198979235,
    -14.51712818527));
#6950 = CARTESIAN_POINT('',(-0.65565470051,-12.46882661292,
    -14.74415213834));
#6951 = CARTESIAN_POINT('',(-8.139815882375,-10.92533656718,
    -14.97193210156));
#6952 = CARTESIAN_POINT('',(-13.71167918372,-4.506170811135,
    -15.19843988738));
#6953 = CARTESIAN_POINT('',(-13.7114626992,4.506155659811,
    -15.42658759927));
#6954 = CARTESIAN_POINT('',(-8.139977293661,10.925362177228,
    -15.65309538405));
#6955 = CARTESIAN_POINT('',(-0.655570563749,12.468808037683,
    -15.88087534848));
#6956 = CARTESIAN_POINT('',(5.463364070401,9.735205096455,
    -16.10789930088));
#6957 = CARTESIAN_POINT('',(8.52184205884,4.867659741428,-16.33525768381
    ));
#6958 = CARTESIAN_POINT('',(8.521838027081,4.7463781994E-07,
    -16.56251177985));
#6959 = CARTESIAN_POINT('',(8.408559931755,6.8582871382E-07,
    -13.99711579719));
#6960 = CARTESIAN_POINT('',(8.408556921045,-4.802953528215,
    -14.22436833353));
#6961 = CARTESIAN_POINT('',(5.390770878785,-9.605790358495,
    -14.4517338869));
#6962 = CARTESIAN_POINT('',(-0.646930892633,-12.30308913897,
    -14.67873701393));
#6963 = CARTESIAN_POINT('',(-8.031631051603,-10.78008484357,
    -14.90655944021));
#6964 = CARTESIAN_POINT('',(-13.52939126418,-4.446311584253,
    -15.13300318937));
#6965 = CARTESIAN_POINT('',(-13.52922025504,4.446299081576,
    -15.36122414994));
#6966 = CARTESIAN_POINT('',(-8.031759100264,10.780104784256,
    -15.58766789829));
#6967 = CARTESIAN_POINT('',(-0.646864837986,12.30307442602,
    -15.81549032551));
#6968 = CARTESIAN_POINT('',(5.390744053341,9.605795403584,
    -16.04249345201));
#6969 = CARTESIAN_POINT('',(8.408562323267,4.802954728414,
    -16.26985900552));
#6970 = CARTESIAN_POINT('',(8.408559214679,5.1437152959E-07,
    -16.49711154186));
#6971 = CARTESIAN_POINT('',(8.328731145365,7.2316283495E-07,
    -13.88642303311));
#6972 = CARTESIAN_POINT('',(8.328729680072,-4.757355280537,
    -14.11367447032));
#6973 = CARTESIAN_POINT('',(5.339586924535,-9.514595543033,
    -14.3410450769));
#6974 = CARTESIAN_POINT('',(-0.640774285626,-12.18629059632,
    -14.56803352756));
#6975 = CARTESIAN_POINT('',(-7.955408802823,-10.67772745406,
    -14.79588587806));
#6976 = CARTESIAN_POINT('',(-13.40090895351,-4.404126887409,
    -15.02228449992));
#6977 = CARTESIAN_POINT('',(-13.40081486536,4.404119015063,
    -15.25055707947));
#6978 = CARTESIAN_POINT('',(-7.955480266114,10.677737886528,
    -15.47695570091));
#6979 = CARTESIAN_POINT('',(-0.640738701878,12.186282427546,
    -15.7048080519));
#6980 = CARTESIAN_POINT('',(5.339571426552,9.514598714768,
    -15.93179650228));
#6981 = CARTESIAN_POINT('',(8.328732317997,4.757356546071,
    -16.15916710893));
#6982 = CARTESIAN_POINT('',(8.328730749498,5.4237202596E-07,
    -16.38641854614));
#6983 = CARTESIAN_POINT('',(8.299876583703,7.3665712352E-07,
    -13.75001828281));
#6984 = CARTESIAN_POINT('',(8.29987700423,-4.740873618578,
    -13.97726932273));
#6985 = CARTESIAN_POINT('',(5.321081322826,-9.481633660241,
    -14.20464175584));
#6986 = CARTESIAN_POINT('',(-0.638535730524,-12.14407046234,
    -14.43162490156));
#6987 = CARTESIAN_POINT('',(-7.927882652435,-10.64073409487,
    -14.65948806848));
#6988 = CARTESIAN_POINT('',(-13.35443505085,-4.388877004633,
    -14.88587037873));
#6989 = CARTESIAN_POINT('',(-13.35443572094,4.388874929706,
    -15.11416161616));
#6990 = CARTESIAN_POINT('',(-7.927884313671,10.640732864885,
    -15.34054392647));
#6991 = CARTESIAN_POINT('',(-0.638537612251,12.144070362213,
    -15.56840709333));
#6992 = CARTESIAN_POINT('',(5.321079848457,9.481634487,-15.79539023908)
  );
#6993 = CARTESIAN_POINT('',(8.299876268262,4.740874907726,
    -16.02276267218));
#6994 = CARTESIAN_POINT('',(8.299876583656,5.5249266717E-07,
    -16.2500137121));
#6995 = CARTESIAN_POINT('',(8.328727978796,7.2316337518E-07,
    -13.6136128627));
#6996 = CARTESIAN_POINT('',(8.328730269736,-4.757353697882,
    -13.84086429986));
#6997 = CARTESIAN_POINT('',(5.339571097581,-9.514594737869,
    -14.06823490671));
#6998 = CARTESIAN_POINT('',(-0.640736641461,-12.18627847203,
    -14.29522335654));
#6999 = CARTESIAN_POINT('',(-7.955475988752,-10.67773554113,
    -14.52307570863));
#7000 = CARTESIAN_POINT('',(-13.40080974942,-4.40411958788,
    -14.74947432845));
#7001 = CARTESIAN_POINT('',(-13.40090515321,4.404123386389,
    -14.97774690979));
#7002 = CARTESIAN_POINT('',(-7.955407787071,10.677722693753,
    -15.20414553013));
#7003 = CARTESIAN_POINT('',(-0.640775919725,12.186286444209,
    -15.43199788162));
#7004 = CARTESIAN_POINT('',(5.339583700842,9.514593189362,-15.6589863318
    ));
#7005 = CARTESIAN_POINT('',(8.328726186837,4.757354963416,
    -15.88635693855));
#7006 = CARTESIAN_POINT('',(8.328728374571,5.4237228087E-07,
    -16.11360837572));
#7007 = CARTESIAN_POINT('',(8.408554195493,6.8582970014E-07,
    -13.50291824547));
#7008 = CARTESIAN_POINT('',(8.408557989226,-4.802950661224,
    -13.73017078174));
#7009 = CARTESIAN_POINT('',(5.390742208144,-9.605788899931,
    -13.95753633557));
#7010 = CARTESIAN_POINT('',(-0.646862699959,-12.30306717574,
    -14.18453946112));
#7011 = CARTESIAN_POINT('',(-8.031752759387,-10.78009949334,
    -14.41236189028));
#7012 = CARTESIAN_POINT('',(-13.52921155528,-4.446298361117,
    -14.63880563574));
#7013 = CARTESIAN_POINT('',(-13.52938381211,4.446307000271,
    -14.86702659956));
#7014 = CARTESIAN_POINT('',(-8.03162780397,10.780077262433,
    -15.09347034593));
#7015 = CARTESIAN_POINT('',(-0.64693225838,12.303081702236,
    -15.32129277404));
#7016 = CARTESIAN_POINT('',(5.390766288306,9.605785394271,
    -15.54829590017));
#7017 = CARTESIAN_POINT('',(8.408551216627,4.802951861424,
    -15.77566145385));
#7018 = CARTESIAN_POINT('',(8.408554912482,5.1437195725E-07,
    -16.00291399013));
#7019 = CARTESIAN_POINT('',(8.52183167942,6.3285161889E-07,
    -13.4375157065));
#7020 = CARTESIAN_POINT('',(8.521836343398,-4.867655008125,
    -13.66476980245));
#7021 = CARTESIAN_POINT('',(5.463361267487,-9.735197134624,
    -13.8921281858));
#7022 = CARTESIAN_POINT('',(-0.655568458848,-12.46879883654,
    -14.119152137));
#7023 = CARTESIAN_POINT('',(-8.139969803333,-10.9253550944,
    -14.34693210386));
#7024 = CARTESIAN_POINT('',(-13.71145191011,-4.506154088144,
    -14.57343988501));
#7025 = CARTESIAN_POINT('',(-13.71166954597,4.506165674398,-14.801587601
    ));
#7026 = CARTESIAN_POINT('',(-8.139811246338,10.925327371027,
    -15.02809538327));
#7027 = CARTESIAN_POINT('',(-0.655655828726,12.468817239743,
    -15.25587534882));
#7028 = CARTESIAN_POINT('',(5.463392190434,9.735192437913,
    -15.48289930076));
#7029 = CARTESIAN_POINT('',(8.521828012535,4.867656115613,
    -15.71025768391));
#7030 = CARTESIAN_POINT('',(8.521832586195,4.7463837172E-07,
    -15.93751177987));
#7031 = DEFINITIONAL_REPRESENTATION('',(#7032),#7035);
#7032 = B_SPLINE_CURVE_WITH_KNOTS('',1,(#7033,#7034),.UNSPECIFIED.,.F.,
  .F.,(2,2),(0.,6.762279024438),.PIECEWISE_BEZIER_KNOTS.);
#7033 = CARTESIAN_POINT('',(0.,0.));
#7034 = CARTESIAN_POINT('',(0.,6.762279024438));
#7035 = ( GEOMETRIC_REPRESENTATION_CONTEXT(2) 
PARAMETRIC_REPRESENTATION_CONTEXT() REPRESENTATION_CONTEXT('2D SPACE',''
  ) );
#7036 = ORIENTED_EDGE('',*,*,#6847,.F.);
#7037 = ADVANCED_FACE('',(#7038),#3442,.T.);
#7038 = FACE_BOUND('',#7039,.T.);
#7039 = EDGE_LOOP('',(#7040,#7041,#7062,#7176));
#7040 = ORIENTED_EDGE('',*,*,#3240,.F.);
#7041 = ORIENTED_EDGE('',*,*,#7042,.T.);
#7042 = EDGE_CURVE('',#3241,#7043,#7045,.T.);
#7043 = VERTEX_POINT('',#7044);
#7044 = CARTESIAN_POINT('',(8.521839840802,7.91063147E-07,
    -11.56251963307));
#7045 = SURFACE_CURVE('',#7046,(#7049,#7055),.PCURVE_S1.);
#7046 = B_SPLINE_CURVE_WITH_KNOTS('',1,(#7047,#7048),.UNSPECIFIED.,.F.,
  .F.,(2,2),(0.,1.75),.PIECEWISE_BEZIER_KNOTS.);
#7047 = CARTESIAN_POINT('',(10.037396992668,-9.493154485E-08,
    -12.4374976439));
#7048 = CARTESIAN_POINT('',(8.521839840802,7.910630381E-07,
    -11.56251963307));
#7049 = PCURVE('',#3442,#7050);
#7050 = DEFINITIONAL_REPRESENTATION('',(#7051),#7054);
#7051 = B_SPLINE_CURVE_WITH_KNOTS('',1,(#7052,#7053),.UNSPECIFIED.,.F.,
  .F.,(2,2),(0.,1.75),.PIECEWISE_BEZIER_KNOTS.);
#7052 = CARTESIAN_POINT('',(0.,0.));
#7053 = CARTESIAN_POINT('',(1.75,0.));
#7054 = ( GEOMETRIC_REPRESENTATION_CONTEXT(2) 
PARAMETRIC_REPRESENTATION_CONTEXT() REPRESENTATION_CONTEXT('2D SPACE',''
  ) );
#7055 = PCURVE('',#3752,#7056);
#7056 = DEFINITIONAL_REPRESENTATION('',(#7057),#7061);
#7057 = LINE('',#7058,#7059);
#7058 = CARTESIAN_POINT('',(0.,6.762279024438));
#7059 = VECTOR('',#7060,1.);
#7060 = DIRECTION('',(1.,0.));
#7061 = ( GEOMETRIC_REPRESENTATION_CONTEXT(2) 
PARAMETRIC_REPRESENTATION_CONTEXT() REPRESENTATION_CONTEXT('2D SPACE',''
  ) );
#7062 = ORIENTED_EDGE('',*,*,#7063,.T.);
#7063 = EDGE_CURVE('',#7043,#6903,#7064,.T.);
#7064 = SURFACE_CURVE('',#7065,(#7078,#7085),.PCURVE_S1.);
#7065 = B_SPLINE_CURVE_WITH_KNOTS('',11,(#7066,#7067,#7068,#7069,#7070,
    #7071,#7072,#7073,#7074,#7075,#7076,#7077),.UNSPECIFIED.,.F.,.F.,(12
    ,12),(0.,6.762279024438),.PIECEWISE_BEZIER_KNOTS.);
#7066 = CARTESIAN_POINT('',(8.521839840802,7.9106314505E-07,
    -11.56251963307));
#7067 = CARTESIAN_POINT('',(8.521835989681,-4.867658993728,
    -11.78977372914));
#7068 = CARTESIAN_POINT('',(5.463398288901,-9.735199913763,
    -12.01713211181));
#7069 = CARTESIAN_POINT('',(-0.65565453934,-12.46882795202,
    -12.24415606511));
#7070 = CARTESIAN_POINT('',(-8.1398165447,-10.92533788098,
    -12.47193602792));
#7071 = CARTESIAN_POINT('',(-13.71168056064,-4.506171544972,
    -12.69844381432));
#7072 = CARTESIAN_POINT('',(-13.71146424055,4.506155884344,
    -12.92659152559));
#7073 = CARTESIAN_POINT('',(-8.139978363765,10.925363189135,
    -13.15309931087));
#7074 = CARTESIAN_POINT('',(-0.655570864448,12.468809352192,
    -13.38087927499));
#7075 = CARTESIAN_POINT('',(5.463364470845,9.735206233915,
    -13.60790322752));
#7076 = CARTESIAN_POINT('',(8.521842875379,4.867660417641,
    -13.83526161043));
#7077 = CARTESIAN_POINT('',(8.521838933936,6.3285052693E-07,
    -14.06251570646));
#7078 = PCURVE('',#3442,#7079);
#7079 = DEFINITIONAL_REPRESENTATION('',(#7080),#7084);
#7080 = LINE('',#7081,#7082);
#7081 = CARTESIAN_POINT('',(1.75,0.));
#7082 = VECTOR('',#7083,1.);
#7083 = DIRECTION('',(0.,1.));
#7084 = ( GEOMETRIC_REPRESENTATION_CONTEXT(2) 
PARAMETRIC_REPRESENTATION_CONTEXT() REPRESENTATION_CONTEXT('2D SPACE',''
  ) );
#7085 = PCURVE('',#7086,#7171);
#7086 = ( BOUNDED_SURFACE() B_SPLINE_SURFACE(6,11,(
    (#7087,#7088,#7089,#7090,#7091,#7092,#7093,#7094,#7095,#7096,#7097
      ,#7098)
    ,(#7099,#7100,#7101,#7102,#7103,#7104,#7105,#7106,#7107,#7108,#7109
      ,#7110)
    ,(#7111,#7112,#7113,#7114,#7115,#7116,#7117,#7118,#7119,#7120,#7121
      ,#7122)
    ,(#7123,#7124,#7125,#7126,#7127,#7128,#7129,#7130,#7131,#7132,#7133
      ,#7134)
    ,(#7135,#7136,#7137,#7138,#7139,#7140,#7141,#7142,#7143,#7144,#7145
      ,#7146)
    ,(#7147,#7148,#7149,#7150,#7151,#7152,#7153,#7154,#7155,#7156,#7157
      ,#7158)
    ,(#7159,#7160,#7161,#7162,#7163,#7164,#7165,#7166,#7167,#7168,#7169
,#7170
    )),.UNSPECIFIED.,.F.,.F.,.F.) B_SPLINE_SURFACE_WITH_KNOTS((7,7),(12,
    12),(0.,2.094395102393),(0.,6.762279024438),
.PIECEWISE_BEZIER_KNOTS.) GEOMETRIC_REPRESENTATION_ITEM() 
RATIONAL_B_SPLINE_SURFACE((
    (1.056590953773,1.056590953773,1.056590953773,1.056590953773
      ,1.056590953772,1.056590953774,1.056590953772,1.056590953774
      ,1.056590953773,1.056590953773,1.056590953773,1.056590953773)
    ,(1.017435169568,1.017435169568,1.017435169568,1.017435169568
      ,1.017435169568,1.017435169569,1.017435169568,1.017435169569
      ,1.017435169568,1.017435169568,1.017435169568,1.017435169568)
    ,(0.996326512422,0.996326512422,0.996326512422,0.996326512422
      ,0.996326512422,0.996326512423,0.996326512422,0.996326512423
      ,0.996326512422,0.996326512422,0.996326512422,0.996326512422)
    ,(0.989390034249,0.989390034249,0.989390034249,0.989390034249
      ,0.989390034248,0.989390034249,0.989390034248,0.989390034249
      ,0.989390034248,0.989390034249,0.989390034249,0.989390034249)
    ,(0.996326512422,0.996326512422,0.996326512422,0.996326512422
      ,0.996326512422,0.996326512423,0.996326512421,0.996326512423
      ,0.996326512422,0.996326512422,0.996326512422,0.996326512422)
    ,(1.017435169568,1.017435169568,1.017435169568,1.017435169568
      ,1.017435169568,1.017435169568,1.017435169568,1.017435169568
      ,1.017435169568,1.017435169568,1.017435169568,1.017435169568)
    ,(1.056590953773,1.056590953773,1.056590953773,1.056590953773
      ,1.056590953772,1.056590953774,1.056590953772,1.056590953774
      ,1.056590953773,1.056590953773,1.056590953773,1.056590953773
))) REPRESENTATION_ITEM('') SURFACE() );
#7087 = CARTESIAN_POINT('',(8.521839840802,7.9106314743E-07,
    -11.56251963307));
#7088 = CARTESIAN_POINT('',(8.521835989681,-4.867658993728,
    -11.78977372914));
#7089 = CARTESIAN_POINT('',(5.4633982889,-9.735199913764,-12.01713211181
    ));
#7090 = CARTESIAN_POINT('',(-0.655654539338,-12.46882795201,
    -12.24415606511));
#7091 = CARTESIAN_POINT('',(-8.139816544709,-10.92533788098,
    -12.47193602793));
#7092 = CARTESIAN_POINT('',(-13.71168056062,-4.506171544968,
    -12.69844381431));
#7093 = CARTESIAN_POINT('',(-13.71146424057,4.506155884348,
    -12.9265915256));
#7094 = CARTESIAN_POINT('',(-8.139978363757,10.925363189127,
    -13.15309931086));
#7095 = CARTESIAN_POINT('',(-0.655570864449,12.468809352197,
    -13.380879275));
#7096 = CARTESIAN_POINT('',(5.463364470844,9.735206233913,
    -13.60790322752));
#7097 = CARTESIAN_POINT('',(8.521842875379,4.867660417642,
    -13.83526161043));
#7098 = CARTESIAN_POINT('',(8.521838933936,6.3285052909E-07,
    -14.06251570646));
#7099 = CARTESIAN_POINT('',(8.408560648843,8.5728614696E-07,
    -11.49712005251));
#7100 = CARTESIAN_POINT('',(8.408557736014,-4.802953766356,
    -11.72437258888));
#7101 = CARTESIAN_POINT('',(5.390771534597,-9.605791067729,
    -11.95173814217));
#7102 = CARTESIAN_POINT('',(-0.646930697524,-12.30309020143,
    -12.17874126938));
#7103 = CARTESIAN_POINT('',(-8.031631515605,-10.78008592667,
    -12.40656369534));
#7104 = CARTESIAN_POINT('',(-13.52939232883,-4.446312239124,
    -12.63300744495));
#7105 = CARTESIAN_POINT('',(-13.52922149795,4.446299184516,
    -12.86122840505));
#7106 = CARTESIAN_POINT('',(-8.031760006146,10.780105540168,
    -13.08767215377));
#7107 = CARTESIAN_POINT('',(-0.646865143426,12.303075461847,
    -13.31549458078));
#7108 = CARTESIAN_POINT('',(5.390744316973,9.605796332734,
    -13.54249770736));
#7109 = CARTESIAN_POINT('',(8.408562942466,4.802955309471,
    -13.76986326085));
#7110 = CARTESIAN_POINT('',(8.408559931755,6.8582888235E-07,
    -13.99711579719));
#7111 = CARTESIAN_POINT('',(8.328731541244,9.0395389729E-07,
    -11.38642752008));
#7112 = CARTESIAN_POINT('',(8.328730179159,-4.75735532587,
    -11.61367895731));
#7113 = CARTESIAN_POINT('',(5.339587385097,-9.514595879333,
    -11.84104956384));
#7114 = CARTESIAN_POINT('',(-0.64077405219,-12.18629118956,
    -12.06803801462));
#7115 = CARTESIAN_POINT('',(-7.955408947974,-10.67772813417,
    -12.29589036491));
#7116 = CARTESIAN_POINT('',(-13.40090949651,-4.404127387581,
    -12.52228898704));
#7117 = CARTESIAN_POINT('',(-13.40081559629,4.404118933259,
    -12.75056156633));
#7118 = CARTESIAN_POINT('',(-7.955480877218,10.67773822165,
    -12.97696018795));
#7119 = CARTESIAN_POINT('',(-0.640738996227,12.186282992697,
    -13.20481253885));
#7120 = CARTESIAN_POINT('',(5.339571473581,9.514599282956,
    -13.43180098925));
#7121 = CARTESIAN_POINT('',(8.328732610658,4.757356952987,
    -13.65917159591));
#7122 = CARTESIAN_POINT('',(8.328731145365,7.2316299926E-07,
    -13.88642303311));
#7123 = CARTESIAN_POINT('',(8.299876583763,9.2082185521E-07,
    -11.25002285351));
#7124 = CARTESIAN_POINT('',(8.299877109422,-4.740873434443,
    -11.47727389345));
#7125 = CARTESIAN_POINT('',(5.321081533486,-9.481633542192,
    -11.70464632653));
#7126 = CARTESIAN_POINT('',(-0.638535461713,-12.14407047673,
    -11.9316294723));
#7127 = CARTESIAN_POINT('',(-7.927882415161,-10.64073427064,
    -12.15949263915));
#7128 = CARTESIAN_POINT('',(-13.35443495521,-4.388877301091,
    -12.38587494946));
#7129 = CARTESIAN_POINT('',(-13.35443581675,4.388874633329,
    -12.61416618688));
#7130 = CARTESIAN_POINT('',(-7.92788455104,10.64073268923,
    -12.84054849715));
#7131 = CARTESIAN_POINT('',(-0.638537881076,12.144070347992,
    -13.06841166406));
#7132 = CARTESIAN_POINT('',(5.321079637868,9.481634605167,
    -13.29539480976));
#7133 = CARTESIAN_POINT('',(8.299876163175,4.740875091922,-13.5227672429
    ));
#7134 = CARTESIAN_POINT('',(8.299876583703,7.3665729472E-07,
    -13.75001828281));
#7135 = CARTESIAN_POINT('',(8.328727583033,9.0395475882E-07,
    -11.11361734968));
#7136 = CARTESIAN_POINT('',(8.328729977179,-4.757353291027,
    -11.34086878686));
#7137 = CARTESIAN_POINT('',(5.339571050623,-9.514594169798,
    -11.56823939369));
#7138 = CARTESIAN_POINT('',(-0.640736347126,-12.18627790704,
    -11.79522784351));
#7139 = CARTESIAN_POINT('',(-7.955475377738,-10.67773520612,
    -12.02308019568));
#7140 = CARTESIAN_POINT('',(-13.40080901867,-4.404119669758,
    -12.24947881533));
#7141 = CARTESIAN_POINT('',(-13.40090461039,4.404122886291,
    -12.47775139692));
#7142 = CARTESIAN_POINT('',(-7.955407642013,10.677722013758,
    -12.704150017));
#7143 = CARTESIAN_POINT('',(-0.640776153176,12.186285851135,
    -12.93200236868));
#7144 = CARTESIAN_POINT('',(5.339583240349,9.51459285318,-13.15899081874
    ));
#7145 = CARTESIAN_POINT('',(8.328725687854,4.757354918145,
    -13.38636142555));
#7146 = CARTESIAN_POINT('',(8.328727978795,7.2316353616E-07,
    -13.6136128627));
#7147 = CARTESIAN_POINT('',(8.408553478515,8.5728770371E-07,
    -11.00292250081));
#7148 = CARTESIAN_POINT('',(8.408557370124,-4.802950080224,
    -11.23017503708));
#7149 = CARTESIAN_POINT('',(5.390741944581,-9.605787970892,
    -11.45754059094));
#7150 = CARTESIAN_POINT('',(-0.646862394536,-12.30306614006,
    -11.6845437164));
#7151 = CARTESIAN_POINT('',(-8.031751853585,-10.78009873755,
    -11.91236614576));
#7152 = CARTESIAN_POINT('',(-13.52921031254,-4.446298258241,
    -12.13880989087));
#7153 = CARTESIAN_POINT('',(-13.52938274761,4.446306345462,
    -12.36703085515));
#7154 = CARTESIAN_POINT('',(-8.031627340061,10.78007617946,
    -12.59347460107));
#7155 = CARTESIAN_POINT('',(-0.646932453499,12.303080639923,
    -12.82129702951));
#7156 = CARTESIAN_POINT('',(5.390765632558,9.60578468515,-13.04830015546
    ));
#7157 = CARTESIAN_POINT('',(8.408550401757,4.802951623341,
    -13.27566570922));
#7158 = CARTESIAN_POINT('',(8.408554195492,6.8582987001E-07,
    -13.50291824547));
#7159 = CARTESIAN_POINT('',(8.521830772657,7.9106511408E-07,
    -10.93751963314));
#7160 = CARTESIAN_POINT('',(8.52183552695,-4.867654331963,
    -11.16477372908));
#7161 = CARTESIAN_POINT('',(5.463360867104,-9.735195997268,
    -11.39213211246));
#7162 = CARTESIAN_POINT('',(-0.655568158154,-12.46879752216,
    -11.61915606355));
#7163 = CARTESIAN_POINT('',(-8.139968733326,-10.92535408261,
    -11.84693603068));
#7164 = CARTESIAN_POINT('',(-13.71145036888,-4.506153863674,
    -12.07344381137));
#7165 = CARTESIAN_POINT('',(-13.71166816923,4.506164940631,
    -12.30159152793));
#7166 = CARTESIAN_POINT('',(-8.139810584074,10.925326057326,
    -12.52809930966));
#7167 = CARTESIAN_POINT('',(-0.655655989918,12.468815900792,
    -12.75587927561));
#7168 = CARTESIAN_POINT('',(5.463391428164,9.735191503487,
    -12.98290322733));
#7169 = CARTESIAN_POINT('',(8.52182701544,4.86765575588,-13.21026161057)
  );
#7170 = CARTESIAN_POINT('',(8.52183167942,6.3285178276E-07,
    -13.4375157065));
#7171 = DEFINITIONAL_REPRESENTATION('',(#7172),#7175);
#7172 = B_SPLINE_CURVE_WITH_KNOTS('',1,(#7173,#7174),.UNSPECIFIED.,.F.,
  .F.,(2,2),(0.,6.762279024438),.PIECEWISE_BEZIER_KNOTS.);
#7173 = CARTESIAN_POINT('',(0.,0.));
#7174 = CARTESIAN_POINT('',(0.,6.762279024438));
#7175 = ( GEOMETRIC_REPRESENTATION_CONTEXT(2) 
PARAMETRIC_REPRESENTATION_CONTEXT() REPRESENTATION_CONTEXT('2D SPACE',''
  ) );
#7176 = ORIENTED_EDGE('',*,*,#6902,.F.);
#7177 = ADVANCED_FACE('',(#7178),#3752,.T.);
#7178 = FACE_BOUND('',#7179,.T.);
#7179 = EDGE_LOOP('',(#7180,#7181,#7202,#7316));
#7180 = ORIENTED_EDGE('',*,*,#3550,.F.);
#7181 = ORIENTED_EDGE('',*,*,#7182,.T.);
#7182 = EDGE_CURVE('',#3551,#7183,#7185,.T.);
#7183 = VERTEX_POINT('',#7184);
#7184 = CARTESIAN_POINT('',(8.521840747679,9.49274733E-07,
    -9.062523559685));
#7185 = SURFACE_CURVE('',#7186,(#7189,#7195),.PCURVE_S1.);
#7186 = B_SPLINE_CURVE_WITH_KNOTS('',1,(#7187,#7188),.UNSPECIFIED.,.F.,
  .F.,(2,2),(0.,1.75),.PIECEWISE_BEZIER_KNOTS.);
#7187 = CARTESIAN_POINT('',(10.037400438556,-1.1391941936E-07,
    -9.937497172652));
#7188 = CARTESIAN_POINT('',(8.521840747679,9.4927476634E-07,
    -9.062523559685));
#7189 = PCURVE('',#3752,#7190);
#7190 = DEFINITIONAL_REPRESENTATION('',(#7191),#7194);
#7191 = B_SPLINE_CURVE_WITH_KNOTS('',1,(#7192,#7193),.UNSPECIFIED.,.F.,
  .F.,(2,2),(0.,1.75),.PIECEWISE_BEZIER_KNOTS.);
#7192 = CARTESIAN_POINT('',(0.,0.));
#7193 = CARTESIAN_POINT('',(1.75,0.));
#7194 = ( GEOMETRIC_REPRESENTATION_CONTEXT(2) 
PARAMETRIC_REPRESENTATION_CONTEXT() REPRESENTATION_CONTEXT('2D SPACE',''
  ) );
#7195 = PCURVE('',#4062,#7196);
#7196 = DEFINITIONAL_REPRESENTATION('',(#7197),#7201);
#7197 = LINE('',#7198,#7199);
#7198 = CARTESIAN_POINT('',(0.,6.762279024438));
#7199 = VECTOR('',#7200,1.);
#7200 = DIRECTION('',(1.,0.));
#7201 = ( GEOMETRIC_REPRESENTATION_CONTEXT(2) 
PARAMETRIC_REPRESENTATION_CONTEXT() REPRESENTATION_CONTEXT('2D SPACE',''
  ) );
#7202 = ORIENTED_EDGE('',*,*,#7203,.T.);
#7203 = EDGE_CURVE('',#7183,#7043,#7204,.T.);
#7204 = SURFACE_CURVE('',#7205,(#7218,#7225),.PCURVE_S1.);
#7205 = B_SPLINE_CURVE_WITH_KNOTS('',11,(#7206,#7207,#7208,#7209,#7210,
    #7211,#7212,#7213,#7214,#7215,#7216,#7217),.UNSPECIFIED.,.F.,.F.,(12
    ,12),(0.,6.762279024438),.PIECEWISE_BEZIER_KNOTS.);
#7206 = CARTESIAN_POINT('',(8.521840747679,9.4927472896E-07,
    -9.062523559685));
#7207 = CARTESIAN_POINT('',(8.521836986872,-4.86765935352,
    -9.289777655746));
#7208 = CARTESIAN_POINT('',(5.463399051239,-9.735200848303,
    -9.517136038416));
#7209 = CARTESIAN_POINT('',(-0.655654378162,-12.46882929113,
    -9.744159991774));
#7210 = CARTESIAN_POINT('',(-8.139817207061,-10.92533919477,
    -9.97193995438));
#7211 = CARTESIAN_POINT('',(-13.71168193754,-4.506172278851,
    -10.19844774118));
#7212 = CARTESIAN_POINT('',(-13.71146578195,4.506156108927,
    -10.42659545187));
#7213 = CARTESIAN_POINT('',(-8.13997943386,10.925364201024,
    -10.65310323776));
#7214 = CARTESIAN_POINT('',(-0.655571165155,12.468810666723,
    -10.88088320141));
#7215 = CARTESIAN_POINT('',(5.463364871301,9.735207371388,
    -11.10790715421));
#7216 = CARTESIAN_POINT('',(8.521843691925,4.867661093856,-11.335265537)
  );
#7217 = CARTESIAN_POINT('',(8.521839840802,7.910630381E-07,
    -11.56251963307));
#7218 = PCURVE('',#3752,#7219);
#7219 = DEFINITIONAL_REPRESENTATION('',(#7220),#7224);
#7220 = LINE('',#7221,#7222);
#7221 = CARTESIAN_POINT('',(1.75,0.));
#7222 = VECTOR('',#7223,1.);
#7223 = DIRECTION('',(0.,1.));
#7224 = ( GEOMETRIC_REPRESENTATION_CONTEXT(2) 
PARAMETRIC_REPRESENTATION_CONTEXT() REPRESENTATION_CONTEXT('2D SPACE',''
  ) );
#7225 = PCURVE('',#7226,#7311);
#7226 = ( BOUNDED_SURFACE() B_SPLINE_SURFACE(6,11,(
    (#7227,#7228,#7229,#7230,#7231,#7232,#7233,#7234,#7235,#7236,#7237
      ,#7238)
    ,(#7239,#7240,#7241,#7242,#7243,#7244,#7245,#7246,#7247,#7248,#7249
      ,#7250)
    ,(#7251,#7252,#7253,#7254,#7255,#7256,#7257,#7258,#7259,#7260,#7261
      ,#7262)
    ,(#7263,#7264,#7265,#7266,#7267,#7268,#7269,#7270,#7271,#7272,#7273
      ,#7274)
    ,(#7275,#7276,#7277,#7278,#7279,#7280,#7281,#7282,#7283,#7284,#7285
      ,#7286)
    ,(#7287,#7288,#7289,#7290,#7291,#7292,#7293,#7294,#7295,#7296,#7297
      ,#7298)
    ,(#7299,#7300,#7301,#7302,#7303,#7304,#7305,#7306,#7307,#7308,#7309
,#7310
    )),.UNSPECIFIED.,.F.,.F.,.F.) B_SPLINE_SURFACE_WITH_KNOTS((7,7),(12,
    12),(0.,2.094395102393),(0.,6.762279024438),
.PIECEWISE_BEZIER_KNOTS.) GEOMETRIC_REPRESENTATION_ITEM() 
RATIONAL_B_SPLINE_SURFACE((
    (1.056590953773,1.056590953773,1.056590953773,1.056590953773
      ,1.056590953772,1.056590953774,1.056590953772,1.056590953774
      ,1.056590953773,1.056590953773,1.056590953773,1.056590953773)
    ,(1.017435169568,1.017435169568,1.017435169568,1.017435169568
      ,1.017435169568,1.017435169569,1.017435169568,1.017435169569
      ,1.017435169568,1.017435169568,1.017435169568,1.017435169568)
    ,(0.996326512422,0.996326512422,0.996326512422,0.996326512422
      ,0.996326512422,0.996326512423,0.996326512422,0.996326512423
      ,0.996326512422,0.996326512422,0.996326512422,0.996326512422)
    ,(0.989390034249,0.989390034249,0.989390034249,0.989390034249
      ,0.989390034248,0.989390034249,0.989390034248,0.989390034249
      ,0.989390034248,0.989390034249,0.989390034249,0.989390034249)
    ,(0.996326512422,0.996326512422,0.996326512422,0.996326512422
      ,0.996326512422,0.996326512423,0.996326512421,0.996326512423
      ,0.996326512422,0.996326512422,0.996326512422,0.996326512422)
    ,(1.017435169568,1.017435169568,1.017435169568,1.017435169568
      ,1.017435169568,1.017435169568,1.017435169568,1.017435169568
      ,1.017435169568,1.017435169568,1.017435169568,1.017435169568)
    ,(1.056590953773,1.056590953773,1.056590953773,1.056590953773
      ,1.056590953772,1.056590953774,1.056590953772,1.056590953774
      ,1.056590953773,1.056590953773,1.056590953773,1.056590953773
))) REPRESENTATION_ITEM('') SURFACE() );
#7227 = CARTESIAN_POINT('',(8.521840747679,9.4927472372E-07,
    -9.062523559685));
#7228 = CARTESIAN_POINT('',(8.521836986872,-4.86765935352,
    -9.289777655746));
#7229 = CARTESIAN_POINT('',(5.46339905124,-9.735200848303,
    -9.517136038418));
#7230 = CARTESIAN_POINT('',(-0.655654378163,-12.46882929113,
    -9.74415999177));
#7231 = CARTESIAN_POINT('',(-8.139817207065,-10.92533919477,
    -9.971939954389));
#7232 = CARTESIAN_POINT('',(-13.71168193753,-4.506172278851,
    -10.19844774117));
#7233 = CARTESIAN_POINT('',(-13.71146578196,4.506156108938,
    -10.42659545189));
#7234 = CARTESIAN_POINT('',(-8.139979433856,10.925364201011,
    -10.65310323775));
#7235 = CARTESIAN_POINT('',(-0.655571165154,12.468810666731,
    -10.88088320142));
#7236 = CARTESIAN_POINT('',(5.4633648713,9.735207371385,-11.10790715421)
  );
#7237 = CARTESIAN_POINT('',(8.521843691925,4.867661093856,-11.335265537)
  );
#7238 = CARTESIAN_POINT('',(8.521839840802,7.9106304329E-07,
    -11.56251963307));
#7239 = CARTESIAN_POINT('',(8.408561365944,1.02874239571E-06,
    -8.997124307839));
#7240 = CARTESIAN_POINT('',(8.40855855099,-4.802954004503,
    -9.224376844193));
#7241 = CARTESIAN_POINT('',(5.390772190418,-9.605791776975,
    -9.451742397503));
#7242 = CARTESIAN_POINT('',(-0.646930502419,-12.30309126391,
    -9.678745524732));
#7243 = CARTESIAN_POINT('',(-8.031631979617,-10.78008700975,
    -9.906567950561));
#7244 = CARTESIAN_POINT('',(-13.52939339351,-4.446312894037,
    -10.13301170046));
#7245 = CARTESIAN_POINT('',(-13.52922274086,4.446299287499,
    -10.36123266011));
#7246 = CARTESIAN_POINT('',(-8.031760912051,10.780106296077,
    -10.58767640933));
#7247 = CARTESIAN_POINT('',(-0.646865448857,12.303076497691,
    -10.81549883593));
#7248 = CARTESIAN_POINT('',(5.390744580612,9.605797261902,
    -11.04250196276));
#7249 = CARTESIAN_POINT('',(8.408563561675,4.802955890529,
    -11.26986751614));
#7250 = CARTESIAN_POINT('',(8.408560648843,8.5728603927E-07,
    -11.49712005251));
#7251 = CARTESIAN_POINT('',(8.328731937137,1.08474382166E-06,
    -8.88643200706));
#7252 = CARTESIAN_POINT('',(8.328730678258,-4.757355371209,
    -9.113683444268));
#7253 = CARTESIAN_POINT('',(5.339587845661,-9.51459621565,
    -9.341054050833));
#7254 = CARTESIAN_POINT('',(-0.64077381874,-12.18629178281,
    -9.568042501569));
#7255 = CARTESIAN_POINT('',(-7.955409093162,-10.6777288143,
    -9.795894851862));
#7256 = CARTESIAN_POINT('',(-13.4009100395,-4.404127887765,
    -10.02229347409));
#7257 = CARTESIAN_POINT('',(-13.40081632725,4.404118851467,
    -10.25056605314));
#7258 = CARTESIAN_POINT('',(-7.955481488331,10.677738556793,
    -10.47696467508));
#7259 = CARTESIAN_POINT('',(-0.640739290575,12.186283557857,
    -10.7048170257));
#7260 = CARTESIAN_POINT('',(5.339571520618,9.514599851166,
    -10.93180547628));
#7261 = CARTESIAN_POINT('',(8.328732903331,4.757357359904,
    -11.15917608286));
#7262 = CARTESIAN_POINT('',(8.328731541244,9.0395378294E-07,
    -11.38642752008));
#7263 = CARTESIAN_POINT('',(8.299876583836,1.10498557326E-06,
    -8.75002742422));
#7264 = CARTESIAN_POINT('',(8.299877214628,-4.740873250316,
    -8.977278464128));
#7265 = CARTESIAN_POINT('',(5.321081744146,-9.481633424165,
    -9.204650897276));
#7266 = CARTESIAN_POINT('',(-0.638535192887,-12.14407049112,
    -9.431634042927));
#7267 = CARTESIAN_POINT('',(-7.927882177921,-10.64073444645,
    -9.659497209933));
#7268 = CARTESIAN_POINT('',(-13.35443485958,-4.388877597537,
    -9.885879520118));
#7269 = CARTESIAN_POINT('',(-13.35443591259,4.38887433694,
    -10.11417075755));
#7270 = CARTESIAN_POINT('',(-7.927884788431,10.640732513612,
    -10.34055306791));
#7271 = CARTESIAN_POINT('',(-0.638538149891,12.144070333773,
    -10.56841623469));
#7272 = CARTESIAN_POINT('',(5.321079427282,9.481634723359,
    -10.79539938051));
#7273 = CARTESIAN_POINT('',(8.299876058105,4.740875276121,
    -11.02277181358));
#7274 = CARTESIAN_POINT('',(8.299876583763,9.2082174885E-07,
    -11.25002285351));
#7275 = CARTESIAN_POINT('',(8.328727187284,1.08474527294E-06,
    -8.613621836671));
#7276 = CARTESIAN_POINT('',(8.328729684639,-4.757352884179,
    -8.840873273814));
#7277 = CARTESIAN_POINT('',(5.339571003658,-9.51459360175,
    -9.068243880737));
#7278 = CARTESIAN_POINT('',(-0.640736052765,-12.18627734205,
    -9.295232330365));
#7279 = CARTESIAN_POINT('',(-7.955474766774,-10.67773487117,
    -9.523084682836));
#7280 = CARTESIAN_POINT('',(-13.40080828791,-4.404119751605,
    -9.74948330214));
#7281 = CARTESIAN_POINT('',(-13.4009040676,4.404122386161,
    -9.977755884005));
#7282 = CARTESIAN_POINT('',(-7.955407496977,10.677721333816,
    -10.20415450395));
#7283 = CARTESIAN_POINT('',(-0.640776386613,12.186285258056,
    -10.43200685565));
#7284 = CARTESIAN_POINT('',(5.339582779857,9.514592517025,
    -10.65899530574));
#7285 = CARTESIAN_POINT('',(8.328725188889,4.757354872876,
    -10.88636591251));
#7286 = CARTESIAN_POINT('',(8.328727583033,9.039546458E-07,
    -11.11361734968));
#7287 = CARTESIAN_POINT('',(8.40855276155,1.02874501473E-06,
    -8.502926756164));
#7288 = CARTESIAN_POINT('',(8.408556751043,-4.802949499231,-8.7301792924
    ));
#7289 = CARTESIAN_POINT('',(5.390741681009,-9.605787041877,
    -8.957544846359));
#7290 = CARTESIAN_POINT('',(-0.646862089085,-12.30306510438,
    -9.184547971578));
#7291 = CARTESIAN_POINT('',(-8.031750947831,-10.78009798181,
    -9.412370401357));
#7292 = CARTESIAN_POINT('',(-13.5292090698,-4.446298155323,
    -9.638814145946));
#7293 = CARTESIAN_POINT('',(-13.52938168313,4.446305690611,-9.8670351107
    ));
#7294 = CARTESIAN_POINT('',(-8.031626876187,10.780075096545,
    -10.0934788563));
#7295 = CARTESIAN_POINT('',(-0.646932648596,12.303079577606,
    -10.32130128488));
#7296 = CARTESIAN_POINT('',(5.390764976806,9.605783976057,
    -10.54830441081));
#7297 = CARTESIAN_POINT('',(8.408549586907,4.802951385261,
    -10.77566996455));
#7298 = CARTESIAN_POINT('',(8.408553478515,8.5728758625E-07,
    -11.00292250081));
#7299 = CARTESIAN_POINT('',(8.521829865905,9.4927803707E-07,
    -8.43752355978));
#7300 = CARTESIAN_POINT('',(8.521834710521,-4.867653655808,
    -8.664777655691));
#7301 = CARTESIAN_POINT('',(5.463360466711,-9.735194859937,
    -8.892136039182));
#7302 = CARTESIAN_POINT('',(-0.655567857434,-12.46879620778,
    -9.119159989995));
#7303 = CARTESIAN_POINT('',(-8.13996766336,-10.92535307089,
    -9.346939957606));
#7304 = CARTESIAN_POINT('',(-13.71144882766,-4.506153639142,
    -9.573447737672));
#7305 = CARTESIAN_POINT('',(-13.7116667925,4.506164206801,
    -9.801595454842));
#7306 = CARTESIAN_POINT('',(-8.139809921858,10.925324743697,
    -10.02810323614));
#7307 = CARTESIAN_POINT('',(-0.655656151078,12.468814561828,
    -10.2558832023));
#7308 = CARTESIAN_POINT('',(5.463390665884,9.73519056909,-10.48290715396
    ));
#7309 = CARTESIAN_POINT('',(8.521826018365,4.867655396149,
    -10.71026553719));
#7310 = CARTESIAN_POINT('',(8.521830772657,7.9106500173E-07,
    -10.93751963314));
#7311 = DEFINITIONAL_REPRESENTATION('',(#7312),#7315);
#7312 = B_SPLINE_CURVE_WITH_KNOTS('',1,(#7313,#7314),.UNSPECIFIED.,.F.,
  .F.,(2,2),(0.,6.762279024438),.PIECEWISE_BEZIER_KNOTS.);
#7313 = CARTESIAN_POINT('',(0.,0.));
#7314 = CARTESIAN_POINT('',(0.,6.762279024438));
#7315 = ( GEOMETRIC_REPRESENTATION_CONTEXT(2) 
PARAMETRIC_REPRESENTATION_CONTEXT() REPRESENTATION_CONTEXT('2D SPACE',''
  ) );
#7316 = ORIENTED_EDGE('',*,*,#7042,.F.);
#7317 = ADVANCED_FACE('',(#7318),#4062,.T.);
#7318 = FACE_BOUND('',#7319,.T.);
#7319 = EDGE_LOOP('',(#7320,#7321,#7340,#7369));
#7320 = ORIENTED_EDGE('',*,*,#3860,.F.);
#7321 = ORIENTED_EDGE('',*,*,#7322,.T.);
#7322 = EDGE_CURVE('',#3861,#6672,#7323,.T.);
#7323 = SURFACE_CURVE('',#7324,(#7327,#7333),.PCURVE_S1.);
#7324 = B_SPLINE_CURVE_WITH_KNOTS('',1,(#7325,#7326),.UNSPECIFIED.,.F.,
  .F.,(2,2),(0.,1.75),.PIECEWISE_BEZIER_KNOTS.);
#7325 = CARTESIAN_POINT('',(10.037403884443,-1.3290754057E-07,
    -7.437496701392));
#7326 = CARTESIAN_POINT('',(8.521841654568,1.10748740326E-06,
    -6.562527486291));
#7327 = PCURVE('',#4062,#7328);
#7328 = DEFINITIONAL_REPRESENTATION('',(#7329),#7332);
#7329 = B_SPLINE_CURVE_WITH_KNOTS('',1,(#7330,#7331),.UNSPECIFIED.,.F.,
  .F.,(2,2),(0.,1.75),.PIECEWISE_BEZIER_KNOTS.);
#7330 = CARTESIAN_POINT('',(0.,0.));
#7331 = CARTESIAN_POINT('',(1.75,0.));
#7332 = ( GEOMETRIC_REPRESENTATION_CONTEXT(2) 
PARAMETRIC_REPRESENTATION_CONTEXT() REPRESENTATION_CONTEXT('2D SPACE',''
  ) );
#7333 = PCURVE('',#4372,#7334);
#7334 = DEFINITIONAL_REPRESENTATION('',(#7335),#7339);
#7335 = LINE('',#7336,#7337);
#7336 = CARTESIAN_POINT('',(0.,6.762279024438));
#7337 = VECTOR('',#7338,1.);
#7338 = DIRECTION('',(1.,0.));
#7339 = ( GEOMETRIC_REPRESENTATION_CONTEXT(2) 
PARAMETRIC_REPRESENTATION_CONTEXT() REPRESENTATION_CONTEXT('2D SPACE',''
  ) );
#7340 = ORIENTED_EDGE('',*,*,#7341,.T.);
#7341 = EDGE_CURVE('',#6672,#7183,#7342,.T.);
#7342 = SURFACE_CURVE('',#7343,(#7356,#7363),.PCURVE_S1.);
#7343 = B_SPLINE_CURVE_WITH_KNOTS('',11,(#7344,#7345,#7346,#7347,#7348,
    #7349,#7350,#7351,#7352,#7353,#7354,#7355),.UNSPECIFIED.,.F.,.F.,(12
    ,12),(0.,6.762279024438),.PIECEWISE_BEZIER_KNOTS.);
#7344 = CARTESIAN_POINT('',(8.521841654568,1.10748725656E-06,
    -6.562527486291));
#7345 = CARTESIAN_POINT('',(8.521837984078,-4.867659713323,
    -6.789781582374));
#7346 = CARTESIAN_POINT('',(5.46339981359,-9.735201782856,
    -7.017139964963));
#7347 = CARTESIAN_POINT('',(-0.655654217002,-12.46883063026,
    -7.24416391853));
#7348 = CARTESIAN_POINT('',(-8.139817869409,-10.9253405086,
    -7.471943880741));
#7349 = CARTESIAN_POINT('',(-13.71168331447,-4.506173012701,
    -7.698451668105));
#7350 = CARTESIAN_POINT('',(-13.71146732336,4.506156333494,
    -7.926599378198));
#7351 = CARTESIAN_POINT('',(-8.13998050396,10.92536521293,
    -8.153107164571));
#7352 = CARTESIAN_POINT('',(-0.655571465869,12.468811981289,
    -8.380887127929));
#7353 = CARTESIAN_POINT('',(5.463365271767,9.735208508861,
    -8.607911080855));
#7354 = CARTESIAN_POINT('',(8.521844508486,4.867661770084,
    -8.835269463611));
#7355 = CARTESIAN_POINT('',(8.521840747679,9.4927476634E-07,
    -9.062523559685));
#7356 = PCURVE('',#4062,#7357);
#7357 = DEFINITIONAL_REPRESENTATION('',(#7358),#7362);
#7358 = LINE('',#7359,#7360);
#7359 = CARTESIAN_POINT('',(1.75,0.));
#7360 = VECTOR('',#7361,1.);
#7361 = DIRECTION('',(0.,1.));
#7362 = ( GEOMETRIC_REPRESENTATION_CONTEXT(2) 
PARAMETRIC_REPRESENTATION_CONTEXT() REPRESENTATION_CONTEXT('2D SPACE',''
  ) );
#7363 = PCURVE('',#6752,#7364);
#7364 = DEFINITIONAL_REPRESENTATION('',(#7365),#7368);
#7365 = B_SPLINE_CURVE_WITH_KNOTS('',1,(#7366,#7367),.UNSPECIFIED.,.F.,
  .F.,(2,2),(0.,6.762279024438),.PIECEWISE_BEZIER_KNOTS.);
#7366 = CARTESIAN_POINT('',(0.,0.));
#7367 = CARTESIAN_POINT('',(0.,6.762279024438));
#7368 = ( GEOMETRIC_REPRESENTATION_CONTEXT(2) 
PARAMETRIC_REPRESENTATION_CONTEXT() REPRESENTATION_CONTEXT('2D SPACE',''
  ) );
#7369 = ORIENTED_EDGE('',*,*,#7182,.F.);
#7370 = ADVANCED_FACE('',(#7371),#4372,.T.);
#7371 = FACE_BOUND('',#7372,.T.);
#7372 = EDGE_LOOP('',(#7373,#7374,#7375,#7376));
#7373 = ORIENTED_EDGE('',*,*,#4170,.F.);
#7374 = ORIENTED_EDGE('',*,*,#6648,.T.);
#7375 = ORIENTED_EDGE('',*,*,#6671,.T.);
#7376 = ORIENTED_EDGE('',*,*,#7322,.F.);
#7377 = ADVANCED_FACE('',(#7378),#5013,.T.);
#7378 = FACE_BOUND('',#7379,.T.);
#7379 = EDGE_LOOP('',(#7380,#7381,#7382,#7383));
#7380 = ORIENTED_EDGE('',*,*,#6703,.F.);
#7381 = ORIENTED_EDGE('',*,*,#6623,.T.);
#7382 = ORIENTED_EDGE('',*,*,#4818,.T.);
#7383 = ORIENTED_EDGE('',*,*,#7384,.F.);
#7384 = EDGE_CURVE('',#6704,#4819,#7385,.T.);
#7385 = SURFACE_CURVE('',#7386,(#7389,#7396),.PCURVE_S1.);
#7386 = B_SPLINE_CURVE_WITH_KNOTS('',1,(#7387,#7388),.UNSPECIFIED.,.F.,
  .F.,(2,2),(0.,1.75),.PIECEWISE_BEZIER_KNOTS.);
#7387 = CARTESIAN_POINT('',(8.521828959165,1.10749209348E-06,
    -5.93752748642));
#7388 = CARTESIAN_POINT('',(10.037355641909,-1.3288971567E-07,
    -5.062496701882));
#7389 = PCURVE('',#5013,#7390);
#7390 = DEFINITIONAL_REPRESENTATION('',(#7391),#7395);
#7391 = LINE('',#7392,#7393);
#7392 = CARTESIAN_POINT('',(0.,6.762279024438));
#7393 = VECTOR('',#7394,1.);
#7394 = DIRECTION('',(1.,0.));
#7395 = ( GEOMETRIC_REPRESENTATION_CONTEXT(2) 
PARAMETRIC_REPRESENTATION_CONTEXT() REPRESENTATION_CONTEXT('2D SPACE',''
  ) );
#7396 = PCURVE('',#5309,#7397);
#7397 = DEFINITIONAL_REPRESENTATION('',(#7398),#7401);
#7398 = B_SPLINE_CURVE_WITH_KNOTS('',1,(#7399,#7400),.UNSPECIFIED.,.F.,
  .F.,(2,2),(0.,1.75),.PIECEWISE_BEZIER_KNOTS.);
#7399 = CARTESIAN_POINT('',(0.,0.));
#7400 = CARTESIAN_POINT('',(1.75,0.));
#7401 = ( GEOMETRIC_REPRESENTATION_CONTEXT(2) 
PARAMETRIC_REPRESENTATION_CONTEXT() REPRESENTATION_CONTEXT('2D SPACE',''
  ) );
#7402 = ADVANCED_FACE('',(#7403),#5309,.T.);
#7403 = FACE_BOUND('',#7404,.T.);
#7404 = EDGE_LOOP('',(#7405,#7436,#7437,#7438));
#7405 = ORIENTED_EDGE('',*,*,#7406,.F.);
#7406 = EDGE_CURVE('',#6704,#7407,#7409,.T.);
#7407 = VERTEX_POINT('',#7408);
#7408 = CARTESIAN_POINT('',(8.521829865905,9.49278039E-07,-8.43752355978
    ));
#7409 = SURFACE_CURVE('',#7410,(#7423,#7429),.PCURVE_S1.);
#7410 = ( BOUNDED_CURVE() B_SPLINE_CURVE(11,(#7411,#7412,#7413,#7414,
    #7415,#7416,#7417,#7418,#7419,#7420,#7421,#7422),.UNSPECIFIED.,.F.,
.F.) B_SPLINE_CURVE_WITH_KNOTS((12,12),(0.,6.762279024438),
.PIECEWISE_BEZIER_KNOTS.) CURVE() GEOMETRIC_REPRESENTATION_ITEM() 
RATIONAL_B_SPLINE_CURVE((1.056590953773,1.056590953773,1.056590953773,
    1.056590953773,1.056590953772,1.056590953774,1.056590953772,
    1.056590953774,1.056590953773,1.056590953773,1.056590953773,
1.056590953773)) REPRESENTATION_ITEM('') );
#7411 = CARTESIAN_POINT('',(8.521828959165,1.10749194815E-06,
    -5.93752748642));
#7412 = CARTESIAN_POINT('',(8.521833894095,-4.867652979662,
    -6.164781582328));
#7413 = CARTESIAN_POINT('',(5.463360066348,-9.735193722606,
    -6.392139965853));
#7414 = CARTESIAN_POINT('',(-0.655567556755,-12.46879489344,
    -6.619163916542));
#7415 = CARTESIAN_POINT('',(-8.139966593356,-10.92535205913,
    -6.846943884436));
#7416 = CARTESIAN_POINT('',(-13.71144728649,-4.506153414682,
    -7.073451664038));
#7417 = CARTESIAN_POINT('',(-13.71166541579,4.506163473053,
    -7.301599381778));
#7418 = CARTESIAN_POINT('',(-8.139809259614,10.92532343001,
    -7.528107162544));
#7419 = CARTESIAN_POINT('',(-0.655656312276,12.468813222926,
    -7.755887129083));
#7420 = CARTESIAN_POINT('',(5.463389903632,9.735189634681,-7.98291108054
    ));
#7421 = CARTESIAN_POINT('',(8.521825021292,4.867655036431,
    -8.210269463857));
#7422 = CARTESIAN_POINT('',(8.521829865905,9.4927807548E-07,
    -8.43752355978));
#7423 = PCURVE('',#5309,#7424);
#7424 = DEFINITIONAL_REPRESENTATION('',(#7425),#7428);
#7425 = B_SPLINE_CURVE_WITH_KNOTS('',1,(#7426,#7427),.UNSPECIFIED.,.F.,
  .F.,(2,2),(0.,6.762279024438),.PIECEWISE_BEZIER_KNOTS.);
#7426 = CARTESIAN_POINT('',(0.,0.));
#7427 = CARTESIAN_POINT('',(0.,6.762279024438));
#7428 = ( GEOMETRIC_REPRESENTATION_CONTEXT(2) 
PARAMETRIC_REPRESENTATION_CONTEXT() REPRESENTATION_CONTEXT('2D SPACE',''
  ) );
#7429 = PCURVE('',#6752,#7430);
#7430 = DEFINITIONAL_REPRESENTATION('',(#7431),#7435);
#7431 = LINE('',#7432,#7433);
#7432 = CARTESIAN_POINT('',(2.094395102393,0.));
#7433 = VECTOR('',#7434,1.);
#7434 = DIRECTION('',(0.,1.));
#7435 = ( GEOMETRIC_REPRESENTATION_CONTEXT(2) 
PARAMETRIC_REPRESENTATION_CONTEXT() REPRESENTATION_CONTEXT('2D SPACE',''
  ) );
#7436 = ORIENTED_EDGE('',*,*,#7384,.T.);
#7437 = ORIENTED_EDGE('',*,*,#5114,.T.);
#7438 = ORIENTED_EDGE('',*,*,#7439,.F.);
#7439 = EDGE_CURVE('',#7407,#5115,#7440,.T.);
#7440 = SURFACE_CURVE('',#7441,(#7444,#7451),.PCURVE_S1.);
#7441 = B_SPLINE_CURVE_WITH_KNOTS('',1,(#7442,#7443),.UNSPECIFIED.,.F.,
  .F.,(2,2),(0.,1.75),.PIECEWISE_BEZIER_KNOTS.);
#7442 = CARTESIAN_POINT('',(8.521829865905,9.4927808435E-07,
    -8.43752355978));
#7443 = CARTESIAN_POINT('',(10.037359087814,-1.1390685268E-07,
    -7.562497173012));
#7444 = PCURVE('',#5309,#7445);
#7445 = DEFINITIONAL_REPRESENTATION('',(#7446),#7450);
#7446 = LINE('',#7447,#7448);
#7447 = CARTESIAN_POINT('',(0.,6.762279024438));
#7448 = VECTOR('',#7449,1.);
#7449 = DIRECTION('',(1.,0.));
#7450 = ( GEOMETRIC_REPRESENTATION_CONTEXT(2) 
PARAMETRIC_REPRESENTATION_CONTEXT() REPRESENTATION_CONTEXT('2D SPACE',''
  ) );
#7451 = PCURVE('',#5605,#7452);
#7452 = DEFINITIONAL_REPRESENTATION('',(#7453),#7456);
#7453 = B_SPLINE_CURVE_WITH_KNOTS('',1,(#7454,#7455),.UNSPECIFIED.,.F.,
  .F.,(2,2),(0.,1.75),.PIECEWISE_BEZIER_KNOTS.);
#7454 = CARTESIAN_POINT('',(0.,0.));
#7455 = CARTESIAN_POINT('',(1.75,0.));
#7456 = ( GEOMETRIC_REPRESENTATION_CONTEXT(2) 
PARAMETRIC_REPRESENTATION_CONTEXT() REPRESENTATION_CONTEXT('2D SPACE',''
  ) );
#7457 = ADVANCED_FACE('',(#7458),#5605,.T.);
#7458 = FACE_BOUND('',#7459,.T.);
#7459 = EDGE_LOOP('',(#7460,#7491,#7492,#7493));
#7460 = ORIENTED_EDGE('',*,*,#7461,.F.);
#7461 = EDGE_CURVE('',#7407,#7462,#7464,.T.);
#7462 = VERTEX_POINT('',#7463);
#7463 = CARTESIAN_POINT('',(8.521830772657,7.9106511E-07,-10.93751963314
    ));
#7464 = SURFACE_CURVE('',#7465,(#7478,#7484),.PCURVE_S1.);
#7465 = ( BOUNDED_CURVE() B_SPLINE_CURVE(11,(#7466,#7467,#7468,#7469,
    #7470,#7471,#7472,#7473,#7474,#7475,#7476,#7477),.UNSPECIFIED.,.F.,
.F.) B_SPLINE_CURVE_WITH_KNOTS((12,12),(0.,6.762279024438),
.PIECEWISE_BEZIER_KNOTS.) CURVE() GEOMETRIC_REPRESENTATION_ITEM() 
RATIONAL_B_SPLINE_CURVE((1.056590953773,1.056590953773,1.056590953773,
    1.056590953773,1.056590953772,1.056590953774,1.056590953772,
    1.056590953774,1.056590953773,1.056590953773,1.056590953773,
1.056590953773)) REPRESENTATION_ITEM('') );
#7466 = CARTESIAN_POINT('',(8.521829865905,9.4927803707E-07,
    -8.43752355978));
#7467 = CARTESIAN_POINT('',(8.521834710521,-4.867653655808,
    -8.664777655691));
#7468 = CARTESIAN_POINT('',(5.463360466711,-9.735194859937,
    -8.892136039182));
#7469 = CARTESIAN_POINT('',(-0.655567857434,-12.46879620778,
    -9.119159989995));
#7470 = CARTESIAN_POINT('',(-8.13996766336,-10.92535307089,
    -9.346939957606));
#7471 = CARTESIAN_POINT('',(-13.71144882766,-4.506153639142,
    -9.573447737672));
#7472 = CARTESIAN_POINT('',(-13.7116667925,4.506164206801,
    -9.801595454842));
#7473 = CARTESIAN_POINT('',(-8.139809921858,10.925324743697,
    -10.02810323614));
#7474 = CARTESIAN_POINT('',(-0.655656151078,12.468814561828,
    -10.2558832023));
#7475 = CARTESIAN_POINT('',(5.463390665884,9.73519056909,-10.48290715396
    ));
#7476 = CARTESIAN_POINT('',(8.521826018365,4.867655396149,
    -10.71026553719));
#7477 = CARTESIAN_POINT('',(8.521830772657,7.9106500173E-07,
    -10.93751963314));
#7478 = PCURVE('',#5605,#7479);
#7479 = DEFINITIONAL_REPRESENTATION('',(#7480),#7483);
#7480 = B_SPLINE_CURVE_WITH_KNOTS('',1,(#7481,#7482),.UNSPECIFIED.,.F.,
  .F.,(2,2),(0.,6.762279024438),.PIECEWISE_BEZIER_KNOTS.);
#7481 = CARTESIAN_POINT('',(0.,0.));
#7482 = CARTESIAN_POINT('',(0.,6.762279024438));
#7483 = ( GEOMETRIC_REPRESENTATION_CONTEXT(2) 
PARAMETRIC_REPRESENTATION_CONTEXT() REPRESENTATION_CONTEXT('2D SPACE',''
  ) );
#7484 = PCURVE('',#7226,#7485);
#7485 = DEFINITIONAL_REPRESENTATION('',(#7486),#7490);
#7486 = LINE('',#7487,#7488);
#7487 = CARTESIAN_POINT('',(2.094395102393,0.));
#7488 = VECTOR('',#7489,1.);
#7489 = DIRECTION('',(0.,1.));
#7490 = ( GEOMETRIC_REPRESENTATION_CONTEXT(2) 
PARAMETRIC_REPRESENTATION_CONTEXT() REPRESENTATION_CONTEXT('2D SPACE',''
  ) );
#7491 = ORIENTED_EDGE('',*,*,#7439,.T.);
#7492 = ORIENTED_EDGE('',*,*,#5410,.T.);
#7493 = ORIENTED_EDGE('',*,*,#7494,.F.);
#7494 = EDGE_CURVE('',#7462,#5411,#7495,.T.);
#7495 = SURFACE_CURVE('',#7496,(#7499,#7506),.PCURVE_S1.);
#7496 = B_SPLINE_CURVE_WITH_KNOTS('',1,(#7497,#7498),.UNSPECIFIED.,.F.,
  .F.,(2,2),(0.,1.75),.PIECEWISE_BEZIER_KNOTS.);
#7497 = CARTESIAN_POINT('',(8.521830772657,7.9106499922E-07,
    -10.93751963314));
#7498 = CARTESIAN_POINT('',(10.037362533717,-9.492408761E-08,
    -10.06249764415));
#7499 = PCURVE('',#5605,#7500);
#7500 = DEFINITIONAL_REPRESENTATION('',(#7501),#7505);
#7501 = LINE('',#7502,#7503);
#7502 = CARTESIAN_POINT('',(0.,6.762279024438));
#7503 = VECTOR('',#7504,1.);
#7504 = DIRECTION('',(1.,0.));
#7505 = ( GEOMETRIC_REPRESENTATION_CONTEXT(2) 
PARAMETRIC_REPRESENTATION_CONTEXT() REPRESENTATION_CONTEXT('2D SPACE',''
  ) );
#7506 = PCURVE('',#5901,#7507);
#7507 = DEFINITIONAL_REPRESENTATION('',(#7508),#7511);
#7508 = B_SPLINE_CURVE_WITH_KNOTS('',1,(#7509,#7510),.UNSPECIFIED.,.F.,
  .F.,(2,2),(0.,1.75),.PIECEWISE_BEZIER_KNOTS.);
#7509 = CARTESIAN_POINT('',(0.,0.));
#7510 = CARTESIAN_POINT('',(1.75,0.));
#7511 = ( GEOMETRIC_REPRESENTATION_CONTEXT(2) 
PARAMETRIC_REPRESENTATION_CONTEXT() REPRESENTATION_CONTEXT('2D SPACE',''
  ) );
#7512 = ADVANCED_FACE('',(#7513),#5901,.T.);
#7513 = FACE_BOUND('',#7514,.T.);
#7514 = EDGE_LOOP('',(#7515,#7546,#7547,#7548));
#7515 = ORIENTED_EDGE('',*,*,#7516,.F.);
#7516 = EDGE_CURVE('',#7462,#7517,#7519,.T.);
#7517 = VERTEX_POINT('',#7518);
#7518 = CARTESIAN_POINT('',(8.52183167942,6.32851622E-07,-13.4375157065)
  );
#7519 = SURFACE_CURVE('',#7520,(#7533,#7539),.PCURVE_S1.);
#7520 = ( BOUNDED_CURVE() B_SPLINE_CURVE(11,(#7521,#7522,#7523,#7524,
    #7525,#7526,#7527,#7528,#7529,#7530,#7531,#7532),.UNSPECIFIED.,.F.,
.F.) B_SPLINE_CURVE_WITH_KNOTS((12,12),(0.,6.762279024438),
.PIECEWISE_BEZIER_KNOTS.) CURVE() GEOMETRIC_REPRESENTATION_ITEM() 
RATIONAL_B_SPLINE_CURVE((1.056590953773,1.056590953773,1.056590953773,
    1.056590953773,1.056590953772,1.056590953774,1.056590953772,
    1.056590953774,1.056590953773,1.056590953773,1.056590953773,
1.056590953773)) REPRESENTATION_ITEM('') );
#7521 = CARTESIAN_POINT('',(8.521830772657,7.9106511408E-07,
    -10.93751963314));
#7522 = CARTESIAN_POINT('',(8.52183552695,-4.867654331963,
    -11.16477372908));
#7523 = CARTESIAN_POINT('',(5.463360867104,-9.735195997268,
    -11.39213211246));
#7524 = CARTESIAN_POINT('',(-0.655568158154,-12.46879752216,
    -11.61915606355));
#7525 = CARTESIAN_POINT('',(-8.139968733326,-10.92535408261,
    -11.84693603068));
#7526 = CARTESIAN_POINT('',(-13.71145036888,-4.506153863674,
    -12.07344381137));
#7527 = CARTESIAN_POINT('',(-13.71166816923,4.506164940631,
    -12.30159152793));
#7528 = CARTESIAN_POINT('',(-8.139810584074,10.925326057326,
    -12.52809930966));
#7529 = CARTESIAN_POINT('',(-0.655655989918,12.468815900792,
    -12.75587927561));
#7530 = CARTESIAN_POINT('',(5.463391428164,9.735191503487,
    -12.98290322733));
#7531 = CARTESIAN_POINT('',(8.52182701544,4.86765575588,-13.21026161057)
  );
#7532 = CARTESIAN_POINT('',(8.52183167942,6.3285178276E-07,
    -13.4375157065));
#7533 = PCURVE('',#5901,#7534);
#7534 = DEFINITIONAL_REPRESENTATION('',(#7535),#7538);
#7535 = B_SPLINE_CURVE_WITH_KNOTS('',1,(#7536,#7537),.UNSPECIFIED.,.F.,
  .F.,(2,2),(0.,6.762279024438),.PIECEWISE_BEZIER_KNOTS.);
#7536 = CARTESIAN_POINT('',(0.,0.));
#7537 = CARTESIAN_POINT('',(0.,6.762279024438));
#7538 = ( GEOMETRIC_REPRESENTATION_CONTEXT(2) 
PARAMETRIC_REPRESENTATION_CONTEXT() REPRESENTATION_CONTEXT('2D SPACE',''
  ) );
#7539 = PCURVE('',#7086,#7540);
#7540 = DEFINITIONAL_REPRESENTATION('',(#7541),#7545);
#7541 = LINE('',#7542,#7543);
#7542 = CARTESIAN_POINT('',(2.094395102393,0.));
#7543 = VECTOR('',#7544,1.);
#7544 = DIRECTION('',(0.,1.));
#7545 = ( GEOMETRIC_REPRESENTATION_CONTEXT(2) 
PARAMETRIC_REPRESENTATION_CONTEXT() REPRESENTATION_CONTEXT('2D SPACE',''
  ) );
#7546 = ORIENTED_EDGE('',*,*,#7494,.T.);
#7547 = ORIENTED_EDGE('',*,*,#5706,.T.);
#7548 = ORIENTED_EDGE('',*,*,#7549,.F.);
#7549 = EDGE_CURVE('',#7517,#5707,#7550,.T.);
#7550 = SURFACE_CURVE('',#7551,(#7554,#7561),.PCURVE_S1.);
#7551 = B_SPLINE_CURVE_WITH_KNOTS('',1,(#7552,#7553),.UNSPECIFIED.,.F.,
  .F.,(2,2),(0.,1.75),.PIECEWISE_BEZIER_KNOTS.);
#7552 = CARTESIAN_POINT('',(8.52183167942,6.3285177463E-07,
    -13.4375157065));
#7553 = CARTESIAN_POINT('',(10.037365979619,-7.593958842E-08,
    -12.5624981153));
#7554 = PCURVE('',#5901,#7555);
#7555 = DEFINITIONAL_REPRESENTATION('',(#7556),#7560);
#7556 = LINE('',#7557,#7558);
#7557 = CARTESIAN_POINT('',(0.,6.762279024438));
#7558 = VECTOR('',#7559,1.);
#7559 = DIRECTION('',(1.,0.));
#7560 = ( GEOMETRIC_REPRESENTATION_CONTEXT(2) 
PARAMETRIC_REPRESENTATION_CONTEXT() REPRESENTATION_CONTEXT('2D SPACE',''
  ) );
#7561 = PCURVE('',#6197,#7562);
#7562 = DEFINITIONAL_REPRESENTATION('',(#7563),#7566);
#7563 = B_SPLINE_CURVE_WITH_KNOTS('',1,(#7564,#7565),.UNSPECIFIED.,.F.,
  .F.,(2,2),(0.,1.75),.PIECEWISE_BEZIER_KNOTS.);
#7564 = CARTESIAN_POINT('',(0.,0.));
#7565 = CARTESIAN_POINT('',(1.75,0.));
#7566 = ( GEOMETRIC_REPRESENTATION_CONTEXT(2) 
PARAMETRIC_REPRESENTATION_CONTEXT() REPRESENTATION_CONTEXT('2D SPACE',''
  ) );
#7567 = ADVANCED_FACE('',(#7568),#6197,.T.);
#7568 = FACE_BOUND('',#7569,.T.);
#7569 = EDGE_LOOP('',(#7570,#7601,#7602,#7603));
#7570 = ORIENTED_EDGE('',*,*,#7571,.F.);
#7571 = EDGE_CURVE('',#7517,#7572,#7574,.T.);
#7572 = VERTEX_POINT('',#7573);
#7573 = CARTESIAN_POINT('',(8.521832586195,4.74638283E-07,
    -15.93751177987));
#7574 = SURFACE_CURVE('',#7575,(#7588,#7594),.PCURVE_S1.);
#7575 = ( BOUNDED_CURVE() B_SPLINE_CURVE(11,(#7576,#7577,#7578,#7579,
    #7580,#7581,#7582,#7583,#7584,#7585,#7586,#7587),.UNSPECIFIED.,.F.,
.F.) B_SPLINE_CURVE_WITH_KNOTS((12,12),(0.,6.762279024438),
.PIECEWISE_BEZIER_KNOTS.) CURVE() GEOMETRIC_REPRESENTATION_ITEM() 
RATIONAL_B_SPLINE_CURVE((1.056590953773,1.056590953773,1.056590953773,
    1.056590953773,1.056590953772,1.056590953774,1.056590953772,
    1.056590953774,1.056590953773,1.056590953773,1.056590953773,
1.056590953773)) REPRESENTATION_ITEM('') );
#7576 = CARTESIAN_POINT('',(8.52183167942,6.3285161889E-07,
    -13.4375157065));
#7577 = CARTESIAN_POINT('',(8.521836343398,-4.867655008125,
    -13.66476980245));
#7578 = CARTESIAN_POINT('',(5.463361267487,-9.735197134624,
    -13.8921281858));
#7579 = CARTESIAN_POINT('',(-0.655568458848,-12.46879883654,
    -14.119152137));
#7580 = CARTESIAN_POINT('',(-8.139969803333,-10.9253550944,
    -14.34693210386));
#7581 = CARTESIAN_POINT('',(-13.71145191011,-4.506154088144,
    -14.57343988501));
#7582 = CARTESIAN_POINT('',(-13.71166954597,4.506165674398,-14.801587601
    ));
#7583 = CARTESIAN_POINT('',(-8.139811246338,10.925327371027,
    -15.02809538327));
#7584 = CARTESIAN_POINT('',(-0.655655828726,12.468817239743,
    -15.25587534882));
#7585 = CARTESIAN_POINT('',(5.463392190434,9.735192437913,
    -15.48289930076));
#7586 = CARTESIAN_POINT('',(8.521828012535,4.867656115613,
    -15.71025768391));
#7587 = CARTESIAN_POINT('',(8.521832586195,4.7463837172E-07,
    -15.93751177987));
#7588 = PCURVE('',#6197,#7589);
#7589 = DEFINITIONAL_REPRESENTATION('',(#7590),#7593);
#7590 = B_SPLINE_CURVE_WITH_KNOTS('',1,(#7591,#7592),.UNSPECIFIED.,.F.,
  .F.,(2,2),(0.,6.762279024438),.PIECEWISE_BEZIER_KNOTS.);
#7591 = CARTESIAN_POINT('',(0.,0.));
#7592 = CARTESIAN_POINT('',(0.,6.762279024438));
#7593 = ( GEOMETRIC_REPRESENTATION_CONTEXT(2) 
PARAMETRIC_REPRESENTATION_CONTEXT() REPRESENTATION_CONTEXT('2D SPACE',''
  ) );
#7594 = PCURVE('',#6946,#7595);
#7595 = DEFINITIONAL_REPRESENTATION('',(#7596),#7600);
#7596 = LINE('',#7597,#7598);
#7597 = CARTESIAN_POINT('',(2.094395102393,0.));
#7598 = VECTOR('',#7599,1.);
#7599 = DIRECTION('',(0.,1.));
#7600 = ( GEOMETRIC_REPRESENTATION_CONTEXT(2) 
PARAMETRIC_REPRESENTATION_CONTEXT() REPRESENTATION_CONTEXT('2D SPACE',''
  ) );
#7601 = ORIENTED_EDGE('',*,*,#7549,.T.);
#7602 = ORIENTED_EDGE('',*,*,#6002,.T.);
#7603 = ORIENTED_EDGE('',*,*,#7604,.F.);
#7604 = EDGE_CURVE('',#7572,#6003,#7605,.T.);
#7605 = SURFACE_CURVE('',#7606,(#7609,#7616),.PCURVE_S1.);
#7606 = B_SPLINE_CURVE_WITH_KNOTS('',1,(#7607,#7608),.UNSPECIFIED.,.F.,
  .F.,(2,2),(0.,1.75),.PIECEWISE_BEZIER_KNOTS.);
#7607 = CARTESIAN_POINT('',(8.521832586195,4.7463837578E-07,
    -15.93751177987));
#7608 = CARTESIAN_POINT('',(10.03736942552,-5.695546307E-08,
    -15.06249858646));
#7609 = PCURVE('',#6197,#7610);
#7610 = DEFINITIONAL_REPRESENTATION('',(#7611),#7615);
#7611 = LINE('',#7612,#7613);
#7612 = CARTESIAN_POINT('',(0.,6.762279024438));
#7613 = VECTOR('',#7614,1.);
#7614 = DIRECTION('',(1.,0.));
#7615 = ( GEOMETRIC_REPRESENTATION_CONTEXT(2) 
PARAMETRIC_REPRESENTATION_CONTEXT() REPRESENTATION_CONTEXT('2D SPACE',''
  ) );
#7616 = PCURVE('',#6493,#7617);
#7617 = DEFINITIONAL_REPRESENTATION('',(#7618),#7621);
#7618 = B_SPLINE_CURVE_WITH_KNOTS('',1,(#7619,#7620),.UNSPECIFIED.,.F.,
  .F.,(2,2),(0.,1.75),.PIECEWISE_BEZIER_KNOTS.);
#7619 = CARTESIAN_POINT('',(0.,0.));
#7620 = CARTESIAN_POINT('',(1.75,0.));
#7621 = ( GEOMETRIC_REPRESENTATION_CONTEXT(2) 
PARAMETRIC_REPRESENTATION_CONTEXT() REPRESENTATION_CONTEXT('2D SPACE',''
  ) );
#7622 = ADVANCED_FACE('',(#7623),#6493,.T.);
#7623 = FACE_BOUND('',#7624,.T.);
#7624 = EDGE_LOOP('',(#7625,#7656,#7657,#7658,#7691));
#7625 = ORIENTED_EDGE('',*,*,#7626,.F.);
#7626 = EDGE_CURVE('',#7572,#7627,#7629,.T.);
#7627 = VERTEX_POINT('',#7628);
#7628 = CARTESIAN_POINT('',(8.521833492981,3.16425259E-07,
    -18.43750785324));
#7629 = SURFACE_CURVE('',#7630,(#7643,#7649),.PCURVE_S1.);
#7630 = ( BOUNDED_CURVE() B_SPLINE_CURVE(11,(#7631,#7632,#7633,#7634,
    #7635,#7636,#7637,#7638,#7639,#7640,#7641,#7642),.UNSPECIFIED.,.F.,
.F.) B_SPLINE_CURVE_WITH_KNOTS((12,12),(0.,6.762279024438),
.PIECEWISE_BEZIER_KNOTS.) CURVE() GEOMETRIC_REPRESENTATION_ITEM() 
RATIONAL_B_SPLINE_CURVE((1.056590953773,1.056590953773,1.056590953773,
    1.056590953773,1.056590953772,1.056590953774,1.056590953772,
    1.056590953774,1.056590953773,1.056590953773,1.056590953773,
1.056590953773)) REPRESENTATION_ITEM('') );
#7631 = CARTESIAN_POINT('',(8.521832586195,4.7463828268E-07,
    -15.93751177987));
#7632 = CARTESIAN_POINT('',(8.521837159853,-4.867655684291,
    -16.16476587584));
#7633 = CARTESIAN_POINT('',(5.463361667884,-9.735198271989,
    -16.39212425911));
#7634 = CARTESIAN_POINT('',(-0.65556875955,-12.46880015094,
    -16.61914821052));
#7635 = CARTESIAN_POINT('',(-8.139970873344,-10.92535610618,
    -16.84692817698));
#7636 = CARTESIAN_POINT('',(-13.71145345136,-4.506154312672,
    -17.07343595869));
#7637 = CARTESIAN_POINT('',(-13.71167092274,4.506166408226,
    -17.30158367409));
#7638 = CARTESIAN_POINT('',(-8.139811908594,10.925328684703,
    -17.52809145684));
#7639 = CARTESIAN_POINT('',(-0.655655667551,12.468818578725,
    -17.7558714221));
#7640 = CARTESIAN_POINT('',(5.463392952718,9.735193372348,
    -17.98289537416));
#7641 = CARTESIAN_POINT('',(8.521829009637,4.867656475354,
    -18.21025375728));
#7642 = CARTESIAN_POINT('',(8.521833492981,3.1642531795E-07,
    -18.43750785324));
#7643 = PCURVE('',#6493,#7644);
#7644 = DEFINITIONAL_REPRESENTATION('',(#7645),#7648);
#7645 = B_SPLINE_CURVE_WITH_KNOTS('',1,(#7646,#7647),.UNSPECIFIED.,.F.,
  .F.,(2,2),(0.,6.762279024438),.PIECEWISE_BEZIER_KNOTS.);
#7646 = CARTESIAN_POINT('',(0.,0.));
#7647 = CARTESIAN_POINT('',(0.,6.762279024438));
#7648 = ( GEOMETRIC_REPRESENTATION_CONTEXT(2) 
PARAMETRIC_REPRESENTATION_CONTEXT() REPRESENTATION_CONTEXT('2D SPACE',''
  ) );
#7649 = PCURVE('',#931,#7650);
#7650 = DEFINITIONAL_REPRESENTATION('',(#7651),#7655);
#7651 = LINE('',#7652,#7653);
#7652 = CARTESIAN_POINT('',(2.094395102393,0.));
#7653 = VECTOR('',#7654,1.);
#7654 = DIRECTION('',(0.,1.));
#7655 = ( GEOMETRIC_REPRESENTATION_CONTEXT(2) 
PARAMETRIC_REPRESENTATION_CONTEXT() REPRESENTATION_CONTEXT('2D SPACE',''
  ) );
#7656 = ORIENTED_EDGE('',*,*,#7604,.T.);
#7657 = ORIENTED_EDGE('',*,*,#6298,.T.);
#7658 = ORIENTED_EDGE('',*,*,#7659,.T.);
#7659 = EDGE_CURVE('',#6299,#400,#7660,.T.);
#7660 = SURFACE_CURVE('',#7661,(#7669,#7680),.PCURVE_S1.);
#7661 = B_SPLINE_CURVE_WITH_KNOTS('',6,(#7662,#7663,#7664,#7665,#7666,
    #7667,#7668),.UNSPECIFIED.,.F.,.F.,(7,7),(0.,1.),
  .PIECEWISE_BEZIER_KNOTS.);
#7662 = CARTESIAN_POINT('',(9.123493683115,3.778556339949,-17.5));
#7663 = CARTESIAN_POINT('',(9.310513819344,3.168775877825,
    -17.56053800504));
#7664 = CARTESIAN_POINT('',(9.44999146742,2.544654982522,-17.62149803041
    ));
#7665 = CARTESIAN_POINT('',(9.540109544379,1.910780960331,
    -17.68288196958));
#7666 = CARTESIAN_POINT('',(9.579667129426,1.271977598029,
    -17.74470116625));
#7667 = CARTESIAN_POINT('',(9.568033650237,0.633291116172,
    -17.80696634688));
#7668 = CARTESIAN_POINT('',(9.505310424747,1.32E-15,-17.86968957525));
#7669 = PCURVE('',#6493,#7670);
#7670 = DEFINITIONAL_REPRESENTATION('',(#7671),#7679);
#7671 = B_SPLINE_CURVE_WITH_KNOTS('',6,(#7672,#7673,#7674,#7675,#7676,
    #7677,#7678),.UNSPECIFIED.,.F.,.F.,(7,7),(0.,1.),
  .PIECEWISE_BEZIER_KNOTS.);
#7672 = CARTESIAN_POINT('',(1.562539317078,6.339689760586));
#7673 = CARTESIAN_POINT('',(1.492630010336,6.408889259654));
#7674 = CARTESIAN_POINT('',(1.422231233545,6.478568265217));
#7675 = CARTESIAN_POINT('',(1.351342378928,6.548730838382));
#7676 = CARTESIAN_POINT('',(1.279952370441,6.619393275611));
#7677 = CARTESIAN_POINT('',(1.208053581717,6.690573857093));
#7678 = CARTESIAN_POINT('',(1.135625157657,6.762279024438));
#7679 = ( GEOMETRIC_REPRESENTATION_CONTEXT(2) 
PARAMETRIC_REPRESENTATION_CONTEXT() REPRESENTATION_CONTEXT('2D SPACE',''
  ) );
#7680 = PCURVE('',#415,#7681);
#7681 = DEFINITIONAL_REPRESENTATION('',(#7682),#7690);
#7682 = B_SPLINE_CURVE_WITH_KNOTS('',6,(#7683,#7684,#7685,#7686,#7687,
    #7688,#7689),.UNSPECIFIED.,.F.,.F.,(7,7),(0.,1.),
  .PIECEWISE_BEZIER_KNOTS.);
#7683 = CARTESIAN_POINT('',(0.392650574064,0.));
#7684 = CARTESIAN_POINT('',(0.328353244116,-6.053800503756E-02));
#7685 = CARTESIAN_POINT('',(0.263610442375,-0.121498029422));
#7686 = CARTESIAN_POINT('',(0.198418428123,-0.1828819723));
#7687 = CARTESIAN_POINT('',(0.132762403879,-0.24470116323));
#7688 = CARTESIAN_POINT('',(6.662497991896E-02,-0.306966348323));
#7689 = CARTESIAN_POINT('',(0.,-0.369689575253));
#7690 = ( GEOMETRIC_REPRESENTATION_CONTEXT(2) 
PARAMETRIC_REPRESENTATION_CONTEXT() REPRESENTATION_CONTEXT('2D SPACE',''
  ) );
#7691 = ORIENTED_EDGE('',*,*,#7692,.F.);
#7692 = EDGE_CURVE('',#7627,#400,#7693,.T.);
#7693 = SURFACE_CURVE('',#7694,(#7697,#7704),.PCURVE_S1.);
#7694 = B_SPLINE_CURVE_WITH_KNOTS('',1,(#7695,#7696),.UNSPECIFIED.,.F.,
  .F.,(2,2),(0.,1.75),.PIECEWISE_BEZIER_KNOTS.);
#7695 = CARTESIAN_POINT('',(8.521833492981,3.1642531818E-07,
    -18.43750785324));
#7696 = CARTESIAN_POINT('',(10.037372871419,-3.797056501E-08,
    -17.56249905763));
#7697 = PCURVE('',#6493,#7698);
#7698 = DEFINITIONAL_REPRESENTATION('',(#7699),#7703);
#7699 = LINE('',#7700,#7701);
#7700 = CARTESIAN_POINT('',(0.,6.762279024438));
#7701 = VECTOR('',#7702,1.);
#7702 = DIRECTION('',(1.,0.));
#7703 = ( GEOMETRIC_REPRESENTATION_CONTEXT(2) 
PARAMETRIC_REPRESENTATION_CONTEXT() REPRESENTATION_CONTEXT('2D SPACE',''
  ) );
#7704 = PCURVE('',#465,#7705);
#7705 = DEFINITIONAL_REPRESENTATION('',(#7706),#7709);
#7706 = B_SPLINE_CURVE_WITH_KNOTS('',1,(#7707,#7708),.UNSPECIFIED.,.F.,
  .F.,(2,2),(0.,1.75),.PIECEWISE_BEZIER_KNOTS.);
#7707 = CARTESIAN_POINT('',(0.,0.));
#7708 = CARTESIAN_POINT('',(1.75,0.));
#7709 = ( GEOMETRIC_REPRESENTATION_CONTEXT(2) 
PARAMETRIC_REPRESENTATION_CONTEXT() REPRESENTATION_CONTEXT('2D SPACE',''
  ) );
#7710 = ADVANCED_FACE('',(#7711),#415,.T.);
#7711 = FACE_BOUND('',#7712,.F.);
#7712 = EDGE_LOOP('',(#7713,#7714,#7715));
#7713 = ORIENTED_EDGE('',*,*,#399,.F.);
#7714 = ORIENTED_EDGE('',*,*,#6594,.T.);
#7715 = ORIENTED_EDGE('',*,*,#7659,.T.);
#7716 = ADVANCED_FACE('',(#7717),#931,.T.);
#7717 = FACE_BOUND('',#7718,.T.);
#7718 = EDGE_LOOP('',(#7719,#7720,#7744,#7745,#7769));
#7719 = ORIENTED_EDGE('',*,*,#6868,.F.);
#7720 = ORIENTED_EDGE('',*,*,#7721,.T.);
#7721 = EDGE_CURVE('',#6848,#7572,#7722,.T.);
#7722 = SURFACE_CURVE('',#7723,(#7731,#7737),.PCURVE_S1.);
#7723 = ( BOUNDED_CURVE() B_SPLINE_CURVE(6,(#7724,#7725,#7726,#7727,
#7728,#7729,#7730),.UNSPECIFIED.,.F.,.F.) B_SPLINE_CURVE_WITH_KNOTS((7,7
),(0.,2.094395102393),.PIECEWISE_BEZIER_KNOTS.) CURVE() 
GEOMETRIC_REPRESENTATION_ITEM() RATIONAL_B_SPLINE_CURVE((1.056590953773,
    1.017435169568,0.996326512422,0.989390034249,0.996326512422,
1.017435169568,1.056590953773)) REPRESENTATION_ITEM('') );
#7724 = CARTESIAN_POINT('',(8.521838027081,4.7463781994E-07,
    -16.56251177985));
#7725 = CARTESIAN_POINT('',(8.408559214679,5.1437152959E-07,
    -16.49711154186));
#7726 = CARTESIAN_POINT('',(8.328730749498,5.4237202596E-07,
    -16.38641854614));
#7727 = CARTESIAN_POINT('',(8.299876583656,5.5249266717E-07,
    -16.2500137121));
#7728 = CARTESIAN_POINT('',(8.328728374571,5.4237228087E-07,
    -16.11360837572));
#7729 = CARTESIAN_POINT('',(8.408554912482,5.1437195725E-07,
    -16.00291399013));
#7730 = CARTESIAN_POINT('',(8.521832586195,4.7463837172E-07,
    -15.93751177987));
#7731 = PCURVE('',#931,#7732);
#7732 = DEFINITIONAL_REPRESENTATION('',(#7733),#7736);
#7733 = B_SPLINE_CURVE_WITH_KNOTS('',1,(#7734,#7735),.UNSPECIFIED.,.F.,
  .F.,(2,2),(0.,2.094395102393),.PIECEWISE_BEZIER_KNOTS.);
#7734 = CARTESIAN_POINT('',(0.,0.));
#7735 = CARTESIAN_POINT('',(2.094395102393,0.));
#7736 = ( GEOMETRIC_REPRESENTATION_CONTEXT(2) 
PARAMETRIC_REPRESENTATION_CONTEXT() REPRESENTATION_CONTEXT('2D SPACE',''
  ) );
#7737 = PCURVE('',#6946,#7738);
#7738 = DEFINITIONAL_REPRESENTATION('',(#7739),#7743);
#7739 = LINE('',#7740,#7741);
#7740 = CARTESIAN_POINT('',(0.,6.762279024438));
#7741 = VECTOR('',#7742,1.);
#7742 = DIRECTION('',(1.,0.));
#7743 = ( GEOMETRIC_REPRESENTATION_CONTEXT(2) 
PARAMETRIC_REPRESENTATION_CONTEXT() REPRESENTATION_CONTEXT('2D SPACE',''
  ) );
#7744 = ORIENTED_EDGE('',*,*,#7626,.T.);
#7745 = ORIENTED_EDGE('',*,*,#7746,.F.);
#7746 = EDGE_CURVE('',#509,#7627,#7747,.T.);
#7747 = SURFACE_CURVE('',#7748,(#7756,#7763),.PCURVE_S1.);
#7748 = ( BOUNDED_CURVE() B_SPLINE_CURVE(6,(#7749,#7750,#7751,#7752,
#7753,#7754,#7755),.UNSPECIFIED.,.F.,.F.) B_SPLINE_CURVE_WITH_KNOTS((7,7
),(0.,2.094395102393),.PIECEWISE_BEZIER_KNOTS.) CURVE() 
GEOMETRIC_REPRESENTATION_ITEM() RATIONAL_B_SPLINE_CURVE((1.056590953773,
    1.017435169568,0.996326512422,0.989390034249,0.996326512422,
1.017435169568,1.056590953773)) REPRESENTATION_ITEM('') );
#7749 = CARTESIAN_POINT('',(8.521837120238,3.1642510989E-07,
    -19.06250785323));
#7750 = CARTESIAN_POINT('',(8.408558497615,3.4291421547E-07,
    -18.99710728653));
#7751 = CARTESIAN_POINT('',(8.328730353644,3.61581177E-07,
    -18.88641405916));
#7752 = CARTESIAN_POINT('',(8.299876583623,3.6832822858E-07,
    -18.7500091414));
#7753 = CARTESIAN_POINT('',(8.32872877036,3.6158127181E-07,
    -18.61360388874));
#7754 = CARTESIAN_POINT('',(8.408555629484,3.4291437112E-07,
    -18.50290973479));
#7755 = CARTESIAN_POINT('',(8.521833492981,3.1642531795E-07,
    -18.43750785324));
#7756 = PCURVE('',#931,#7757);
#7757 = DEFINITIONAL_REPRESENTATION('',(#7758),#7762);
#7758 = LINE('',#7759,#7760);
#7759 = CARTESIAN_POINT('',(0.,6.762279024438));
#7760 = VECTOR('',#7761,1.);
#7761 = DIRECTION('',(1.,0.));
#7762 = ( GEOMETRIC_REPRESENTATION_CONTEXT(2) 
PARAMETRIC_REPRESENTATION_CONTEXT() REPRESENTATION_CONTEXT('2D SPACE',''
  ) );
#7763 = PCURVE('',#704,#7764);
#7764 = DEFINITIONAL_REPRESENTATION('',(#7765),#7768);
#7765 = B_SPLINE_CURVE_WITH_KNOTS('',1,(#7766,#7767),.UNSPECIFIED.,.F.,
  .F.,(2,2),(0.,2.094395102393),.PIECEWISE_BEZIER_KNOTS.);
#7766 = CARTESIAN_POINT('',(0.,0.));
#7767 = CARTESIAN_POINT('',(2.094395102393,0.));
#7768 = ( GEOMETRIC_REPRESENTATION_CONTEXT(2) 
PARAMETRIC_REPRESENTATION_CONTEXT() REPRESENTATION_CONTEXT('2D SPACE',''
  ) );
#7769 = ORIENTED_EDGE('',*,*,#909,.T.);
#7770 = ADVANCED_FACE('',(#7771),#704,.T.);
#7771 = FACE_BOUND('',#7772,.T.);
#7772 = EDGE_LOOP('',(#7773,#7774,#7775));
#7773 = ORIENTED_EDGE('',*,*,#508,.F.);
#7774 = ORIENTED_EDGE('',*,*,#7746,.T.);
#7775 = ORIENTED_EDGE('',*,*,#7776,.T.);
#7776 = EDGE_CURVE('',#7627,#428,#7777,.T.);
#7777 = SURFACE_CURVE('',#7778,(#7791,#7798),.PCURVE_S1.);
#7778 = ( BOUNDED_CURVE() B_SPLINE_CURVE(11,(#7779,#7780,#7781,#7782,
    #7783,#7784,#7785,#7786,#7787,#7788,#7789,#7790),.UNSPECIFIED.,.F.,
.F.) B_SPLINE_CURVE_WITH_KNOTS((12,12),(0.,6.762279024438),
.PIECEWISE_BEZIER_KNOTS.) CURVE() GEOMETRIC_REPRESENTATION_ITEM() 
RATIONAL_B_SPLINE_CURVE((1.056590953773,1.056590953773,1.056590953773,
    1.056590953773,1.056590953772,1.056590953774,1.056590953772,
    1.056590953774,1.056590953773,1.056590953773,1.056590953773,
1.056590953773)) REPRESENTATION_ITEM('') );
#7779 = CARTESIAN_POINT('',(8.521833492981,3.1642525777E-07,
    -18.43750785324));
#7780 = CARTESIAN_POINT('',(8.52183797632,-4.867656360464,
    -18.66476194924));
#7781 = CARTESIAN_POINT('',(5.463362068289,-9.735199409365,
    -18.89212033241));
#7782 = CARTESIAN_POINT('',(-0.655569060255,-12.46880146536,
    -19.11914428405));
#7783 = CARTESIAN_POINT('',(-8.139971943362,-10.92535711797,
    -19.3469242501));
#7784 = CARTESIAN_POINT('',(-13.71145499262,-4.506154537193,
    -19.57343203237));
#7785 = CARTESIAN_POINT('',(-13.71167229952,4.506167142041,
    -19.80157974718));
#7786 = CARTESIAN_POINT('',(-8.139812570861,10.925329998404,
    -20.02808753041));
#7787 = CARTESIAN_POINT('',(-0.655655506378,12.46881991772,
    -20.25586749538));
#7788 = CARTESIAN_POINT('',(5.463393715011,9.735194306794,
    -20.48289144757));
#7789 = CARTESIAN_POINT('',(8.52183000675,4.867656835102,-20.71024983065
    ));
#7790 = CARTESIAN_POINT('',(8.521834399778,1.5821230637E-07,
    -20.93750392662));
#7791 = PCURVE('',#704,#7792);
#7792 = DEFINITIONAL_REPRESENTATION('',(#7793),#7797);
#7793 = LINE('',#7794,#7795);
#7794 = CARTESIAN_POINT('',(2.094395102393,0.));
#7795 = VECTOR('',#7796,1.);
#7796 = DIRECTION('',(0.,1.));
#7797 = ( GEOMETRIC_REPRESENTATION_CONTEXT(2) 
PARAMETRIC_REPRESENTATION_CONTEXT() REPRESENTATION_CONTEXT('2D SPACE',''
  ) );
#7798 = PCURVE('',#465,#7799);
#7799 = DEFINITIONAL_REPRESENTATION('',(#7800),#7803);
#7800 = B_SPLINE_CURVE_WITH_KNOTS('',1,(#7801,#7802),.UNSPECIFIED.,.F.,
  .F.,(2,2),(0.,6.762279024438),.PIECEWISE_BEZIER_KNOTS.);
#7801 = CARTESIAN_POINT('',(0.,0.));
#7802 = CARTESIAN_POINT('',(0.,6.762279024438));
#7803 = ( GEOMETRIC_REPRESENTATION_CONTEXT(2) 
PARAMETRIC_REPRESENTATION_CONTEXT() REPRESENTATION_CONTEXT('2D SPACE',''
  ) );
#7804 = ADVANCED_FACE('',(#7805),#465,.T.);
#7805 = FACE_BOUND('',#7806,.T.);
#7806 = EDGE_LOOP('',(#7807,#7808,#7809));
#7807 = ORIENTED_EDGE('',*,*,#7776,.F.);
#7808 = ORIENTED_EDGE('',*,*,#7692,.T.);
#7809 = ORIENTED_EDGE('',*,*,#427,.T.);
#7810 = ADVANCED_FACE('',(#7811),#6752,.T.);
#7811 = FACE_BOUND('',#7812,.T.);
#7812 = EDGE_LOOP('',(#7813,#7814,#7815,#7816));
#7813 = ORIENTED_EDGE('',*,*,#7341,.F.);
#7814 = ORIENTED_EDGE('',*,*,#6734,.T.);
#7815 = ORIENTED_EDGE('',*,*,#7406,.T.);
#7816 = ORIENTED_EDGE('',*,*,#7817,.F.);
#7817 = EDGE_CURVE('',#7183,#7407,#7818,.T.);
#7818 = SURFACE_CURVE('',#7819,(#7827,#7834),.PCURVE_S1.);
#7819 = ( BOUNDED_CURVE() B_SPLINE_CURVE(6,(#7820,#7821,#7822,#7823,
#7824,#7825,#7826),.UNSPECIFIED.,.F.,.F.) B_SPLINE_CURVE_WITH_KNOTS((7,7
),(0.,2.094395102393),.PIECEWISE_BEZIER_KNOTS.) CURVE() 
GEOMETRIC_REPRESENTATION_ITEM() RATIONAL_B_SPLINE_CURVE((1.056590953773,
    1.017435169568,0.996326512422,0.989390034249,0.996326512422,
1.017435169568,1.056590953773)) REPRESENTATION_ITEM('') );
#7820 = CARTESIAN_POINT('',(8.521840747679,9.4927476768E-07,
    -9.062523559685));
#7821 = CARTESIAN_POINT('',(8.408561365944,1.02874243257E-06,
    -8.997124307839));
#7822 = CARTESIAN_POINT('',(8.328731937138,1.08474386029E-06,
    -8.88643200706));
#7823 = CARTESIAN_POINT('',(8.299876583836,1.10498561234E-06,
    -8.75002742422));
#7824 = CARTESIAN_POINT('',(8.328727187284,1.08474529958E-06,
    -8.613621836671));
#7825 = CARTESIAN_POINT('',(8.40855276155,1.02874505337E-06,
    -8.502926756164));
#7826 = CARTESIAN_POINT('',(8.521829865905,9.4927807548E-07,
    -8.43752355978));
#7827 = PCURVE('',#6752,#7828);
#7828 = DEFINITIONAL_REPRESENTATION('',(#7829),#7833);
#7829 = LINE('',#7830,#7831);
#7830 = CARTESIAN_POINT('',(0.,6.762279024438));
#7831 = VECTOR('',#7832,1.);
#7832 = DIRECTION('',(1.,0.));
#7833 = ( GEOMETRIC_REPRESENTATION_CONTEXT(2) 
PARAMETRIC_REPRESENTATION_CONTEXT() REPRESENTATION_CONTEXT('2D SPACE',''
  ) );
#7834 = PCURVE('',#7226,#7835);
#7835 = DEFINITIONAL_REPRESENTATION('',(#7836),#7839);
#7836 = B_SPLINE_CURVE_WITH_KNOTS('',1,(#7837,#7838),.UNSPECIFIED.,.F.,
  .F.,(2,2),(0.,2.094395102393),.PIECEWISE_BEZIER_KNOTS.);
#7837 = CARTESIAN_POINT('',(0.,0.));
#7838 = CARTESIAN_POINT('',(2.094395102393,0.));
#7839 = ( GEOMETRIC_REPRESENTATION_CONTEXT(2) 
PARAMETRIC_REPRESENTATION_CONTEXT() REPRESENTATION_CONTEXT('2D SPACE',''
  ) );
#7840 = ADVANCED_FACE('',(#7841),#6946,.T.);
#7841 = FACE_BOUND('',#7842,.T.);
#7842 = EDGE_LOOP('',(#7843,#7844,#7868,#7869));
#7843 = ORIENTED_EDGE('',*,*,#6923,.F.);
#7844 = ORIENTED_EDGE('',*,*,#7845,.T.);
#7845 = EDGE_CURVE('',#6903,#7517,#7846,.T.);
#7846 = SURFACE_CURVE('',#7847,(#7855,#7861),.PCURVE_S1.);
#7847 = ( BOUNDED_CURVE() B_SPLINE_CURVE(6,(#7848,#7849,#7850,#7851,
#7852,#7853,#7854),.UNSPECIFIED.,.F.,.F.) B_SPLINE_CURVE_WITH_KNOTS((7,7
),(0.,2.094395102393),.PIECEWISE_BEZIER_KNOTS.) CURVE() 
GEOMETRIC_REPRESENTATION_ITEM() RATIONAL_B_SPLINE_CURVE((1.056590953773,
    1.017435169568,0.996326512422,0.989390034249,0.996326512422,
1.017435169568,1.056590953773)) REPRESENTATION_ITEM('') );
#7848 = CARTESIAN_POINT('',(8.521838933936,6.3285052909E-07,
    -14.06251570646));
#7849 = CARTESIAN_POINT('',(8.408559931755,6.8582888235E-07,
    -13.99711579719));
#7850 = CARTESIAN_POINT('',(8.328731145365,7.2316299926E-07,
    -13.88642303311));
#7851 = CARTESIAN_POINT('',(8.299876583703,7.3665729472E-07,
    -13.75001828281));
#7852 = CARTESIAN_POINT('',(8.328727978795,7.2316353616E-07,
    -13.6136128627));
#7853 = CARTESIAN_POINT('',(8.408554195492,6.8582987001E-07,
    -13.50291824547));
#7854 = CARTESIAN_POINT('',(8.52183167942,6.3285178276E-07,
    -13.4375157065));
#7855 = PCURVE('',#6946,#7856);
#7856 = DEFINITIONAL_REPRESENTATION('',(#7857),#7860);
#7857 = B_SPLINE_CURVE_WITH_KNOTS('',1,(#7858,#7859),.UNSPECIFIED.,.F.,
  .F.,(2,2),(0.,2.094395102393),.PIECEWISE_BEZIER_KNOTS.);
#7858 = CARTESIAN_POINT('',(0.,0.));
#7859 = CARTESIAN_POINT('',(2.094395102393,0.));
#7860 = ( GEOMETRIC_REPRESENTATION_CONTEXT(2) 
PARAMETRIC_REPRESENTATION_CONTEXT() REPRESENTATION_CONTEXT('2D SPACE',''
  ) );
#7861 = PCURVE('',#7086,#7862);
#7862 = DEFINITIONAL_REPRESENTATION('',(#7863),#7867);
#7863 = LINE('',#7864,#7865);
#7864 = CARTESIAN_POINT('',(0.,6.762279024438));
#7865 = VECTOR('',#7866,1.);
#7866 = DIRECTION('',(1.,0.));
#7867 = ( GEOMETRIC_REPRESENTATION_CONTEXT(2) 
PARAMETRIC_REPRESENTATION_CONTEXT() REPRESENTATION_CONTEXT('2D SPACE',''
  ) );
#7868 = ORIENTED_EDGE('',*,*,#7571,.T.);
#7869 = ORIENTED_EDGE('',*,*,#7721,.F.);
#7870 = ADVANCED_FACE('',(#7871),#7086,.T.);
#7871 = FACE_BOUND('',#7872,.T.);
#7872 = EDGE_LOOP('',(#7873,#7874,#7898,#7899));
#7873 = ORIENTED_EDGE('',*,*,#7063,.F.);
#7874 = ORIENTED_EDGE('',*,*,#7875,.T.);
#7875 = EDGE_CURVE('',#7043,#7462,#7876,.T.);
#7876 = SURFACE_CURVE('',#7877,(#7885,#7891),.PCURVE_S1.);
#7877 = ( BOUNDED_CURVE() B_SPLINE_CURVE(6,(#7878,#7879,#7880,#7881,
#7882,#7883,#7884),.UNSPECIFIED.,.F.,.F.) B_SPLINE_CURVE_WITH_KNOTS((7,7
),(0.,2.094395102393),.PIECEWISE_BEZIER_KNOTS.) CURVE() 
GEOMETRIC_REPRESENTATION_ITEM() RATIONAL_B_SPLINE_CURVE((1.056590953773,
    1.017435169568,0.996326512422,0.989390034249,0.996326512422,
1.017435169568,1.056590953773)) REPRESENTATION_ITEM('') );
#7878 = CARTESIAN_POINT('',(8.521839840802,7.9106304329E-07,
    -11.56251963307));
#7879 = CARTESIAN_POINT('',(8.408560648843,8.5728603927E-07,
    -11.49712005251));
#7880 = CARTESIAN_POINT('',(8.328731541244,9.0395378294E-07,
    -11.38642752008));
#7881 = CARTESIAN_POINT('',(8.299876583763,9.2082174885E-07,
    -11.25002285351));
#7882 = CARTESIAN_POINT('',(8.328727583033,9.039546458E-07,
    -11.11361734968));
#7883 = CARTESIAN_POINT('',(8.408553478515,8.5728758625E-07,
    -11.00292250081));
#7884 = CARTESIAN_POINT('',(8.521830772657,7.9106500173E-07,
    -10.93751963314));
#7885 = PCURVE('',#7086,#7886);
#7886 = DEFINITIONAL_REPRESENTATION('',(#7887),#7890);
#7887 = B_SPLINE_CURVE_WITH_KNOTS('',1,(#7888,#7889),.UNSPECIFIED.,.F.,
  .F.,(2,2),(0.,2.094395102393),.PIECEWISE_BEZIER_KNOTS.);
#7888 = CARTESIAN_POINT('',(0.,0.));
#7889 = CARTESIAN_POINT('',(2.094395102393,0.));
#7890 = ( GEOMETRIC_REPRESENTATION_CONTEXT(2) 
PARAMETRIC_REPRESENTATION_CONTEXT() REPRESENTATION_CONTEXT('2D SPACE',''
  ) );
#7891 = PCURVE('',#7226,#7892);
#7892 = DEFINITIONAL_REPRESENTATION('',(#7893),#7897);
#7893 = LINE('',#7894,#7895);
#7894 = CARTESIAN_POINT('',(0.,6.762279024438));
#7895 = VECTOR('',#7896,1.);
#7896 = DIRECTION('',(1.,0.));
#7897 = ( GEOMETRIC_REPRESENTATION_CONTEXT(2) 
PARAMETRIC_REPRESENTATION_CONTEXT() REPRESENTATION_CONTEXT('2D SPACE',''
  ) );
#7898 = ORIENTED_EDGE('',*,*,#7516,.T.);
#7899 = ORIENTED_EDGE('',*,*,#7845,.F.);
#7900 = ADVANCED_FACE('',(#7901),#7226,.T.);
#7901 = FACE_BOUND('',#7902,.T.);
#7902 = EDGE_LOOP('',(#7903,#7904,#7905,#7906));
#7903 = ORIENTED_EDGE('',*,*,#7203,.F.);
#7904 = ORIENTED_EDGE('',*,*,#7817,.T.);
#7905 = ORIENTED_EDGE('',*,*,#7461,.T.);
#7906 = ORIENTED_EDGE('',*,*,#7875,.F.);
#7907 = ADVANCED_FACE('',(#7908),#74,.F.);
#7908 = FACE_BOUND('',#7909,.T.);
#7909 = EDGE_LOOP('',(#7910,#7911,#7931,#7932));
#7910 = ORIENTED_EDGE('',*,*,#57,.F.);
#7911 = ORIENTED_EDGE('',*,*,#7912,.F.);
#7912 = EDGE_CURVE('',#1067,#58,#7913,.T.);
#7913 = SEAM_CURVE('',#7914,(#7917,#7924),.PCURVE_S1.);
#7914 = B_SPLINE_CURVE_WITH_KNOTS('',1,(#7915,#7916),.UNSPECIFIED.,.F.,
  .F.,(2,2),(-65.,20.),.PIECEWISE_BEZIER_KNOTS.);
#7915 = CARTESIAN_POINT('',(3.3,-8.082668874373E-16,65.));
#7916 = CARTESIAN_POINT('',(3.3,-8.082668874373E-16,-20.));
#7917 = PCURVE('',#74,#7918);
#7918 = DEFINITIONAL_REPRESENTATION('',(#7919),#7923);
#7919 = LINE('',#7920,#7921);
#7920 = CARTESIAN_POINT('',(-0.,0.));
#7921 = VECTOR('',#7922,1.);
#7922 = DIRECTION('',(-0.,1.));
#7923 = ( GEOMETRIC_REPRESENTATION_CONTEXT(2) 
PARAMETRIC_REPRESENTATION_CONTEXT() REPRESENTATION_CONTEXT('2D SPACE',''
  ) );
#7924 = PCURVE('',#74,#7925);
#7925 = DEFINITIONAL_REPRESENTATION('',(#7926),#7930);
#7926 = LINE('',#7927,#7928);
#7927 = CARTESIAN_POINT('',(-6.28318530718,0.));
#7928 = VECTOR('',#7929,1.);
#7929 = DIRECTION('',(-0.,1.));
#7930 = ( GEOMETRIC_REPRESENTATION_CONTEXT(2) 
PARAMETRIC_REPRESENTATION_CONTEXT() REPRESENTATION_CONTEXT('2D SPACE',''
  ) );
#7931 = ORIENTED_EDGE('',*,*,#1066,.T.);
#7932 = ORIENTED_EDGE('',*,*,#7912,.T.);
#7933 = ( GEOMETRIC_REPRESENTATION_CONTEXT(3) 
GLOBAL_UNCERTAINTY_ASSIGNED_CONTEXT((#7937)) 
GLOBAL_UNIT_ASSIGNED_CONTEXT((#7934,#7935,#7936)) REPRESENTATION_CONTEXT
('Context #1','3D Context with UNIT and UNCERTAINTY') );
#7934 = ( LENGTH_UNIT() NAMED_UNIT(*) SI_UNIT(.MILLI.,.METRE.) );
#7935 = ( NAMED_UNIT(*) PLANE_ANGLE_UNIT() SI_UNIT($,.RADIAN.) );
#7936 = ( NAMED_UNIT(*) SI_UNIT($,.STERADIAN.) SOLID_ANGLE_UNIT() );
#7937 = UNCERTAINTY_MEASURE_WITH_UNIT(LENGTH_MEASURE(1.E-05),#7934,
  'distance_accuracy_value','confusion accuracy');
#7938 = PRODUCT_RELATED_PRODUCT_CATEGORY('part',$,(#7));
#7939 = MECHANICAL_DESIGN_GEOMETRIC_PRESENTATION_REPRESENTATION('',(
    #7940),#7933);
#7940 = STYLED_ITEM('color',(#7941),#15);
#7941 = PRESENTATION_STYLE_ASSIGNMENT((#7942,#7948));
#7942 = SURFACE_STYLE_USAGE(.BOTH.,#7943);
#7943 = SURFACE_SIDE_STYLE('',(#7944));
#7944 = SURFACE_STYLE_FILL_AREA(#7945);
#7945 = FILL_AREA_STYLE('',(#7946));
#7946 = FILL_AREA_STYLE_COLOUR('',#7947);
#7947 = COLOUR_RGB('',0.678431390124,0.709803936702,0.741176476869);
#7948 = CURVE_STYLE('',#7949,POSITIVE_LENGTH_MEASURE(0.1),#7950);
#7949 = DRAUGHTING_PRE_DEFINED_CURVE_FONT('continuous');
#7950 = COLOUR_RGB('',9.803921802644E-02,9.803921802644E-02,
  9.803921802644E-02);
ENDSEC;
END-ISO-10303-21;
